failure_id,amount,failure_reason,behavior_profile,account_age_days,historical_recovery_rate,payment_success_rate,engagement_score,ml_action,ml_est_prob,ml_true_prob,ml_cost,ml_net,ml_margin,rules_action,rules_net,oracle_action,oracle_net,oracle_regret,rules_regret,ml_equals_oracle,ml_equals_rules
FAIL_000414,2492.3,INSUFFICIENT_FUNDS,friction_prone,589,0.35,0.6316,0.45,WAIT_AND_RETRY,0.7716332634123798,0.337361,2.0,838.8048203000001,666.1729895703415,WAIT_AND_RETRY,838.8048203000001,PAYMENT_LINK,1284.7464870000001,445.94166670000004,0.0,False,True
FAIL_001062,2619.41,INSUFFICIENT_FUNDS,normal,993,0.6,0.7273,0.6,WAIT_AND_RETRY,0.7617346027528056,0.67331,2.0,1761.6749470999998,502.6636310893673,WAIT_AND_RETRY,1761.6749470999998,PAYMENT_LINK,2058.63807342,296.96312632000036,0.0,False,True
FAIL_002473,2414.17,NETWORK_ERROR,normal,30,0.6,0.0,0.6,RETRY_NOW,0.9057775449188916,0.268774,2.0,646.86612758,57.20438270010891,RETRY_NOW,646.86612758,PAYMENT_LINK,941.61885177,294.75272419,0.0,False,True
FAIL_000048,7397.62,BANK_DECLINED,high_value_loyal,160,0.82,0.6,0.9,UPDATE_PAYMENT_METHOD,0.5854985057169223,0.87524,3.0,6471.6929288,189.56158614223568,WAIT_AND_RETRY,6679.80409594,PAYMENT_LINK,6766.13300004,294.4400712400002,208.11116713999945,False,False
FAIL_001139,1961.94,BANK_DECLINED,friction_prone,960,0.35,0.7812,0.45,PAYMENT_LINK,0.6996849035529452,0.425371,3.0,831.55237974,89.53182417826747,WAIT_AND_RETRY,1122.8645654200002,WAIT_AND_RETRY,1122.8645654200002,291.3121856800002,291.3121856800002,False,False
FAIL_001186,1737.7,INSUFFICIENT_FUNDS,friction_prone,985,0.35,0.5625,0.45,WAIT_AND_RETRY,0.6953076543279523,0.288851,2.0,499.9363827000001,37.96606528982397,WAIT_AND_RETRY,499.9363827000001,SEND_REMINDER,759.5356836,259.5993008999999,0.0,False,True
FAIL_001144,3086.94,BANK_DECLINED,normal,576,0.6,0.6316,0.6,PAYMENT_LINK,0.7446567302367028,0.596354,3.0,1837.9090167600002,485.62094487472905,WAIT_AND_RETRY,2078.2271272000003,WAIT_AND_RETRY,2078.2271272000003,240.31811044000005,240.31811044000005,False,False
FAIL_000526,1170.85,NETWORK_ERROR,friction_prone,999,0.35,0.7576,0.45,RETRY_NOW,0.7636547035777856,0.515557,2.0,601.63991345,565.2260405714553,RETRY_NOW,601.63991345,WAIT_AND_RETRY,804.9427948999999,203.30288144999986,0.0,False,True
FAIL_002398,1893.79,INSUFFICIENT_FUNDS,friction_prone,132,0.35,0.5,0.45,PAYMENT_LINK,0.6587267653023018,0.21748,3.0,408.8614492,134.58351151299848,WAIT_AND_RETRY,608.96506085,WAIT_AND_RETRY,608.96506085,200.10361165,200.10361165,False,False
FAIL_001638,1633.25,BANK_DECLINED,friction_prone,658,0.35,0.8095,0.45,WAIT_AND_RETRY,0.5989688348950043,0.437501,2.0,712.5485082499999,17.298663621064634,WAIT_AND_RETRY,712.5485082499999,PAYMENT_LINK,911.02059725,198.4720890000001,0.0,False,True
FAIL_001578,2210.87,BANK_DECLINED,friction_prone,702,0.35,0.6957,0.45,WAIT_AND_RETRY,0.701131495669821,0.337958,2.0,745.1812034599999,300.6783686793192,WAIT_AND_RETRY,745.1812034599999,PAYMENT_LINK,943.5906231099999,198.40941965000002,0.0,False,True
FAIL_001945,1784.87,BANK_DECLINED,friction_prone,893,0.35,0.7931,0.45,PAYMENT_LINK,0.6396081324338634,0.550007,3.0,978.69099409,26.83389551912319,WAIT_AND_RETRY,1167.27369161,WAIT_AND_RETRY,1167.27369161,188.58269752,188.58269752,False,False
FAIL_001553,11684.35,INSUFFICIENT_FUNDS,high_value_loyal,906,0.82,0.8,0.9,WAIT_AND_RETRY,0.832889192416069,0.93419,2.0,10913.4029265,464.4006722209815,WAIT_AND_RETRY,10913.4029265,SEND_REMINDER,11099.1325,185.72957349999888,0.0,False,True
FAIL_002260,5745.9,BANK_DECLINED,high_value_loyal,421,0.82,0.8571,0.9,WAIT_AND_RETRY,0.5284431118472696,0.919123,2.0,5279.1888457,17.83700562484819,WAIT_AND_RETRY,5279.1888457,PAYMENT_LINK,5455.605,176.41615430000002,0.0,False,True
FAIL_000410,985.5,INSUFFICIENT_FUNDS,friction_prone,781,0.35,0.5,0.45,WAIT_AND_RETRY,0.7420773522325309,0.235511,2.0,230.0960905,184.90067019295157,WAIT_AND_RETRY,230.0960905,UPDATE_PAYMENT_METHOD,402.968841,172.8727505,0.0,False,True
FAIL_000007,11574.78,LIMIT_EXCEEDED,high_value_loyal,400,0.82,0.8462,0.9,UPDATE_PAYMENT_METHOD,0.577933035204765,0.935191,3.0,10821.63008298,599.6416863705035,PAYMENT_LINK,10993.041,PAYMENT_LINK,10993.041,171.41091701999903,171.41091701999903,False,False
FAIL_001766,1595.24,BANK_DECLINED,friction_prone,758,0.35,0.64,0.45,PAYMENT_LINK,0.6320193428450743,0.362331,3.0,575.00490444,64.22850922315092,WAIT_AND_RETRY,680.79781528,UPDATE_PAYMENT_METHOD,744.82298816,169.81808372,105.79291083999999,False,False
FAIL_000882,1451.55,INSUFFICIENT_FUNDS,normal,153,0.6,0.6,0.6,WAIT_AND_RETRY,0.7114543081060494,0.558571,2.0,808.79373505,74.5257769922755,WAIT_AND_RETRY,808.79373505,UPDATE_PAYMENT_METHOD,973.051251,164.25751594999997,0.0,False,True
FAIL_001880,1097.17,INSUFFICIENT_FUNDS,normal,938,0.6,0.8065,0.6,SEND_REMINDER,0.5936141141149882,0.657936,1.0,720.86764112,17.546444718201997,WAIT_AND_RETRY,872.30624658,PAYMENT_LINK,883.51445717,162.64681604999998,151.43860545999996,False,False
FAIL_000293,1714.93,BANK_DECLINED,friction_prone,864,0.35,0.6071,0.45,PAYMENT_LINK,0.6273877108930873,0.345495,3.0,589.49974035,153.9271420859567,WAIT_AND_RETRY,746.3422891700001,WAIT_AND_RETRY,746.3422891700001,156.84254882000005,156.84254882000005,False,False
FAIL_002443,1368.01,INSUFFICIENT_FUNDS,friction_prone,860,0.35,0.5714,0.45,PAYMENT_LINK,0.732553265186792,0.280993,3.0,381.40123393,110.40702477676405,WAIT_AND_RETRY,532.71954074,WAIT_AND_RETRY,532.71954074,151.31830680999997,151.31830680999997,False,False
FAIL_002094,2075.84,BANK_DECLINED,normal,651,0.6,0.8571,0.6,WAIT_AND_RETRY,0.6655439530839771,0.75872,2.0,1572.9813248,340.29807447036,WAIT_AND_RETRY,1572.9813248,PAYMENT_LINK,1722.6561712,149.67484639999998,0.0,False,True
FAIL_001767,1595.24,INSUFFICIENT_FUNDS,friction_prone,758,0.35,0.64,0.45,PAYMENT_LINK,0.5790129310247635,0.369522,3.0,586.47627528,32.26892611903452,WAIT_AND_RETRY,673.544259,UPDATE_PAYMENT_METHOD,729.4959222399999,143.01964695999993,87.06798372000003,False,False
FAIL_002411,1083.08,BANK_DECLINED,friction_prone,768,0.35,0.52,0.45,WAIT_AND_RETRY,0.521603005892402,0.252511,2.0,271.48961388,13.254667627720892,WAIT_AND_RETRY,271.48961388,PAYMENT_LINK,406.31326127999995,134.82364739999997,0.0,False,True
FAIL_001567,1621.46,BANK_DECLINED,friction_prone,662,0.35,0.5909,0.45,PAYMENT_LINK,0.668030717572203,0.296384,3.0,477.57480064,74.2494709829557,WAIT_AND_RETRY,608.82343952,WAIT_AND_RETRY,608.82343952,131.24863888,131.24863888,False,False
FAIL_001373,11601.39,BANK_DECLINED,high_value_loyal,423,0.82,0.9286,0.9,WAIT_AND_RETRY,0.6718193588849363,0.938667,2.0,10887.84194713,1042.6827911309183,WAIT_AND_RETRY,10887.84194713,UPDATE_PAYMENT_METHOD,11018.3205,130.47855286999948,0.0,False,True
FAIL_002501,3422.48,CARD_EXPIRED,normal,893,0.6,0.8621,0.6,UPDATE_PAYMENT_METHOD,0.8930571413434154,0.795025,3.0,2717.957162,1476.3751148035703,UPDATE_PAYMENT_METHOD,2717.957162,PAYMENT_LINK,2848.268088,130.31092599999965,0.0,False,True
FAIL_001555,11684.35,INSUFFICIENT_FUNDS,high_value_loyal,906,0.82,0.8,0.9,WAIT_AND_RETRY,0.832889192416069,0.938809,2.0,10967.37293915,464.4006722209815,WAIT_AND_RETRY,10967.37293915,PAYMENT_LINK,11097.1325,129.75956084999962,0.0,False,True
FAIL_002393,1152.64,BANK_DECLINED,friction_prone,882,0.35,0.5517,0.45,PAYMENT_LINK,0.6139242261754412,0.250999,3.0,286.31148736000006,33.58537650702294,WAIT_AND_RETRY,327.32423232,SEND_REMINDER,414.20974400000006,127.89825664,41.012744959999964,False,False
FAIL_000398,985.5,BANK_DECLINED,friction_prone,781,0.35,0.5,0.45,WAIT_AND_RETRY,0.6443511745187043,0.27555,2.0,269.554525,76.80275868904005,WAIT_AND_RETRY,269.554525,UPDATE_PAYMENT_METHOD,396.9109725,127.3564475,0.0,False,True
FAIL_001886,1097.17,INSUFFICIENT_FUNDS,normal,938,0.6,0.8065,0.6,SEND_REMINDER,0.5936141141149882,0.686695,1.0,752.4211531500001,17.546444718201997,WAIT_AND_RETRY,877.8667041400001,WAIT_AND_RETRY,877.8667041400001,125.44555099000002,125.44555099000002,False,False
FAIL_001140,3086.94,INSUFFICIENT_FUNDS,normal,576,0.6,0.6316,0.6,PAYMENT_LINK,0.7015912745822832,0.702921,3.0,2166.87495174,514.6019770946509,WAIT_AND_RETRY,2265.90999226,SEND_REMINDER,2291.21655782,124.34160608000002,99.03504051999971,False,False
FAIL_000387,663.98,INSUFFICIENT_FUNDS,friction_prone,969,0.35,0.6875,0.45,WAIT_AND_RETRY,0.6854560017425998,0.374029,2.0,246.34777542,27.14251446314512,WAIT_AND_RETRY,246.34777542,UPDATE_PAYMENT_METHOD,365.84553786,119.49776243999997,0.0,False,True
FAIL_002372,763.19,BANK_DECLINED,low_engagement,891,0.3,0.7931,0.25,PAYMENT_LINK,0.5748059303784174,0.225125,3.0,168.81314875,1.7786361660761258,WAIT_AND_RETRY,282.55997064,WAIT_AND_RETRY,282.55997064,113.74682189,113.74682189,False,False
FAIL_000291,1714.93,INSUFFICIENT_FUNDS,friction_prone,864,0.35,0.6071,0.45,WAIT_AND_RETRY,0.6709980926243705,0.39648,2.0,677.9354464,17.17424444114772,WAIT_AND_RETRY,677.9354464,SEND_REMINDER,787.2092668800001,109.27382048000004,0.0,False,True
FAIL_001637,1633.25,INSUFFICIENT_FUNDS,friction_prone,658,0.35,0.8095,0.45,WAIT_AND_RETRY,0.7514273769334102,0.415995,2.0,677.42383375,182.8247800077404,WAIT_AND_RETRY,677.42383375,PAYMENT_LINK,785.1835845,107.75975075000008,0.0,False,True
FAIL_002601,2080.35,BANK_DECLINED,normal,993,0.6,0.9394,0.6,WAIT_AND_RETRY,0.7798166489344991,0.778385,2.0,1617.31323475,131.28197484367524,WAIT_AND_RETRY,1617.31323475,PAYMENT_LINK,1723.2161801999998,105.90294544999983,0.0,False,True
FAIL_000023,1187.03,INSUFFICIENT_FUNDS,friction_prone,849,0.35,0.6429,0.45,WAIT_AND_RETRY,0.6219551544418,0.380866,2.0,450.09936797999995,19.987278670485694,WAIT_AND_RETRY,450.09936797999995,UPDATE_PAYMENT_METHOD,549.91382588,99.81445790000004,0.0,False,True
FAIL_000653,1739.87,LIMIT_EXCEEDED,reliable,806,0.8,0.8846,0.85,SEND_REMINDER,0.5874164888914143,0.891758,1.0,1550.54299146,22.721375678206755,PAYMENT_LINK,1649.8764999999999,PAYMENT_LINK,1649.8764999999999,99.33350853999991,99.33350853999991,False,False
FAIL_002300,741.13,BANK_DECLINED,normal,529,0.6,0.7059,0.6,PAYMENT_LINK,0.6336063974971525,0.614472,3.0,452.40363336,31.285799105852107,WAIT_AND_RETRY,503.54923028999997,SEND_REMINDER,551.34269623,98.93906286999999,51.145596929999954,False,False
FAIL_002668,1091.43,BANK_DECLINED,friction_prone,859,0.35,0.5714,0.45,WAIT_AND_RETRY,0.5865786222970202,0.30003,2.0,325.46174290000005,4.302529941557395,WAIT_AND_RETRY,325.46174290000005,PAYMENT_LINK,424.36251366000005,98.90077076,0.0,False,True
FAIL_002525,2077.0,BANK_DECLINED,normal,991,0.6,0.8788,0.6,WAIT_AND_RETRY,0.7994038473204977,0.824551,2.0,1710.592427,228.09243082384342,WAIT_AND_RETRY,1710.592427,PAYMENT_LINK,1805.373282,94.78085499999997,0.0,False,True
FAIL_000436,1204.32,INSUFFICIENT_FUNDS,normal,692,0.6,0.7826,0.6,WAIT_AND_RETRY,0.7485906380057091,0.695968,2.0,836.16818176,156.69854678647118,WAIT_AND_RETRY,836.16818176,RETRY_NOW,928.9815112,92.81332943999996,0.0,False,True
FAIL_002294,951.12,BANK_DECLINED,low_engagement,306,0.3,0.6,0.25,PAYMENT_LINK,0.39163301095176994,0.176597,3.0,164.96493864,131.28873057206633,WAIT_AND_RETRY,239.87552272,UPDATE_PAYMENT_METHOD,257.45660304,92.49166439999999,74.91058407999998,False,False
FAIL_001260,929.62,BANK_DECLINED,friction_prone,344,0.35,0.5455,0.45,WAIT_AND_RETRY,0.6755174494119993,0.263717,2.0,243.15659753999998,124.06088126388283,WAIT_AND_RETRY,243.15659753999998,UPDATE_PAYMENT_METHOD,334.88898140000003,91.73238386000006,0.0,False,True
FAIL_001430,1271.26,INSUFFICIENT_FUNDS,friction_prone,706,0.35,0.6522,0.45,WAIT_AND_RETRY,0.5988821069061082,0.3906,2.0,494.554156,119.31040610210505,WAIT_AND_RETRY,494.554156,PAYMENT_LINK,586.09044266,91.53628666000003,0.0,False,True
FAIL_002412,1083.08,BANK_DECLINED,friction_prone,768,0.35,0.52,0.45,WAIT_AND_RETRY,0.521603005892402,0.305704,2.0,329.10188831999994,13.254667627720892,WAIT_AND_RETRY,329.10188831999994,UPDATE_PAYMENT_METHOD,420.41712903999996,91.31524072000002,0.0,False,True
FAIL_002438,14993.1,INSUFFICIENT_FUNDS,high_value_loyal,453,0.82,0.8667,0.9,WAIT_AND_RETRY,0.7120931947275058,0.943881,2.0,14149.7022211,2770.4717473115243,WAIT_AND_RETRY,14149.7022211,PAYMENT_LINK,14240.445,90.7427788999994,0.0,False,True
FAIL_001285,540.07,NETWORK_ERROR,friction_prone,978,0.35,0.6875,0.45,RETRY_NOW,0.9104242806490516,0.403847,2.0,216.10564929000003,45.44652735916753,RETRY_NOW,216.10564929000003,WAIT_AND_RETRY,306.83254866,90.72689936999996,0.0,False,True
FAIL_001085,829.5,BANK_DECLINED,friction_prone,751,0.35,0.48,0.45,PAYMENT_LINK,0.5584764363324869,0.235658,3.0,192.47831100000002,102.6092747647437,WAIT_AND_RETRY,280.6230925,WAIT_AND_RETRY,280.6230925,88.14478149999997,88.14478149999997,False,False
FAIL_002334,1374.15,BANK_DECLINED,friction_prone,816,0.35,0.7037,0.45,WAIT_AND_RETRY,0.6013945633808431,0.408896,2.0,559.8844384,61.46106593654872,WAIT_AND_RETRY,559.8844384,PAYMENT_LINK,647.5968141000001,87.71237570000005,0.0,False,True
FAIL_002080,772.21,LIMIT_EXCEEDED,reliable,676,0.8,0.8182,0.85,WAIT_AND_RETRY,0.5825348259277604,0.840651,2.0,647.15910871,21.200174298322167,PAYMENT_LINK,730.5995,PAYMENT_LINK,730.5995,83.44039128999998,83.44039128999998,False,False
FAIL_002182,1736.57,INSUFFICIENT_FUNDS,friction_prone,818,0.35,0.7407,0.45,WAIT_AND_RETRY,0.722840391043417,0.428607,2.0,742.30605799,273.35558709011184,WAIT_AND_RETRY,742.30605799,UPDATE_PAYMENT_METHOD,823.33467851,81.02862052,0.0,False,True
FAIL_002534,1397.1,BANK_DECLINED,low_engagement,742,0.3,0.8333,0.25,WAIT_AND_RETRY,0.6463055133683671,0.311487,2.0,433.1784877,256.2956868800353,WAIT_AND_RETRY,433.1784877,PAYMENT_LINK,513.2522006999999,80.07371299999988,0.0,False,True
FAIL_001263,929.62,INSUFFICIENT_FUNDS,friction_prone,344,0.35,0.5455,0.45,WAIT_AND_RETRY,0.5649306301615169,0.28103,2.0,259.2511086,0.4225159051480887,WAIT_AND_RETRY,259.2511086,SEND_REMINDER,338.02590666,78.77479805999997,0.0,False,True
FAIL_001802,1377.46,BANK_DECLINED,friction_prone,583,0.35,0.4737,0.45,SEND_REMINDER,0.5597203445717233,0.301718,1.0,414.60447628,70.21920078797041,WAIT_AND_RETRY,467.77860062,PAYMENT_LINK,493.1886412,78.58416492000003,53.17412434000005,False,False
FAIL_001094,1106.29,INSUFFICIENT_FUNDS,normal,978,0.6,0.9062,0.6,WAIT_AND_RETRY,0.7041673527722405,0.780249,2.0,861.1816662099999,99.19056581828931,WAIT_AND_RETRY,861.1816662099999,PAYMENT_LINK,938.5457183599999,77.36405215000002,0.0,False,True
FAIL_002678,1091.43,LIMIT_EXCEEDED,friction_prone,859,0.35,0.5714,0.45,PAYMENT_LINK,0.6566488403127948,0.290103,3.0,313.62711729,160.73587204103342,PAYMENT_LINK,313.62711729,UPDATE_PAYMENT_METHOD,389.86786851000005,76.24075122000005,0.0,False,True
FAIL_001084,829.5,BANK_DECLINED,friction_prone,751,0.35,0.48,0.45,PAYMENT_LINK,0.5584764363324869,0.270172,3.0,221.10767400000003,102.6092747647437,WAIT_AND_RETRY,218.3691175,UPDATE_PAYMENT_METHOD,297.2466495,76.13897549999996,-2.738556500000044,False,False
FAIL_002060,880.92,AUTHENTICATION_FAILED,low_engagement,759,0.3,0.84,0.25,UPDATE_PAYMENT_METHOD,0.641003042594409,0.329954,3.0,287.66307768,206.8721495100795,UPDATE_PAYMENT_METHOD,287.66307768,PAYMENT_LINK,363.79482684,76.13174915999997,0.0,False,True
FAIL_000397,985.5,BANK_DECLINED,friction_prone,781,0.35,0.5,0.45,WAIT_AND_RETRY,0.6443511745187043,0.308166,2.0,301.697593,76.80275868904005,WAIT_AND_RETRY,301.697593,UPDATE_PAYMENT_METHOD,377.704563,76.00697000000002,0.0,False,True
FAIL_000779,676.83,BANK_DECLINED,friction_prone,625,0.35,0.8,0.45,WAIT_AND_RETRY,0.5793857055277101,0.413106,2.0,277.60253398,1.3292824612039453,WAIT_AND_RETRY,277.60253398,PAYMENT_LINK,353.34490353000007,75.74236955000009,0.0,False,True
FAIL_000934,929.32,INSUFFICIENT_FUNDS,normal,758,0.6,0.84,0.6,WAIT_AND_RETRY,0.7907116955496519,0.715928,2.0,663.32620896,74.5804227090108,WAIT_AND_RETRY,663.32620896,PAYMENT_LINK,737.50912628,74.18291732,0.0,False,True
FAIL_001643,1249.65,INSUFFICIENT_FUNDS,friction_prone,852,0.35,0.5357,0.45,WAIT_AND_RETRY,0.7738911370217232,0.350289,2.0,435.73864885000006,195.05943141194564,WAIT_AND_RETRY,435.73864885000006,PAYMENT_LINK,509.76263625,74.02398739999995,0.0,False,True
FAIL_000193,1152.82,INSUFFICIENT_FUNDS,friction_prone,795,0.35,0.6538,0.45,WAIT_AND_RETRY,0.6201467788848793,0.355256,2.0,407.54622192,24.688822297020693,WAIT_AND_RETRY,407.54622192,SEND_REMINDER,480.81881336,73.27259143999999,0.0,False,True
FAIL_002087,1859.33,BANK_DECLINED,normal,870,0.6,0.7931,0.6,WAIT_AND_RETRY,0.6138363788196151,0.747083,2.0,1387.07383439,94.23346353295346,WAIT_AND_RETRY,1387.07383439,PAYMENT_LINK,1460.22763345,73.15379905999998,0.0,False,True
FAIL_000040,641.27,BANK_DECLINED,friction_prone,984,0.35,0.7188,0.45,WAIT_AND_RETRY,0.6883120988041177,0.424786,2.0,270.40251822,78.06705016172776,WAIT_AND_RETRY,270.40251822,PAYMENT_LINK,343.33517779,72.93265957,0.0,False,True
FAIL_002695,10771.74,BANK_DECLINED,high_value_loyal,970,0.82,0.9062,0.9,WAIT_AND_RETRY,0.7661192547488221,0.94335,2.0,10159.520929,577.570185865743,WAIT_AND_RETRY,10159.520929,PAYMENT_LINK,10230.152999999998,70.63207099999818,0.0,False,True
FAIL_002206,10550.69,BANK_DECLINED,high_value_loyal,807,0.82,0.9615,0.9,SEND_REMINDER,0.5721887453084253,0.943305,1.0,9951.51863045,127.68646848867866,WAIT_AND_RETRY,10021.1555,RETRY_NOW,10021.1555,69.63686955000048,69.63686955000048,False,False
FAIL_000437,1204.32,INSUFFICIENT_FUNDS,normal,692,0.6,0.7826,0.6,WAIT_AND_RETRY,0.7485906380057091,0.766015,2.0,920.5271848,156.69854678647118,WAIT_AND_RETRY,920.5271848,PAYMENT_LINK,990.14730528,69.62012047999997,0.0,False,True
FAIL_001564,469.95,INSUFFICIENT_FUNDS,normal,583,0.6,0.5263,0.6,WAIT_AND_RETRY,0.821071516039079,0.485247,2.0,226.04182765,48.71574439934426,WAIT_AND_RETRY,226.04182765,PAYMENT_LINK,295.57944284999996,69.53761519999998,0.0,False,True
FAIL_001466,557.68,INSUFFICIENT_FUNDS,friction_prone,758,0.35,0.68,0.45,WAIT_AND_RETRY,0.6230486932386757,0.382602,2.0,211.36948335999998,28.564908596001658,WAIT_AND_RETRY,211.36948335999998,PAYMENT_LINK,280.6109524,69.24146904,0.0,False,True
FAIL_002391,1152.64,INSUFFICIENT_FUNDS,friction_prone,882,0.35,0.5517,0.45,PAYMENT_LINK,0.7678245789662826,0.287221,3.0,328.06241344000006,2.229282857671592,WAIT_AND_RETRY,347.74901312000003,SEND_REMINDER,393.94518016000006,65.88276672,19.686599679999972,False,False
FAIL_000859,1421.41,INSUFFICIENT_FUNDS,normal,999,0.6,0.8485,0.6,WAIT_AND_RETRY,0.6207231982720258,0.771506,2.0,1094.62634346,104.19534826416964,WAIT_AND_RETRY,1094.62634346,PAYMENT_LINK,1159.30401392,64.67767045999994,0.0,False,True
FAIL_000523,1170.85,BANK_DECLINED,friction_prone,999,0.35,0.7576,0.45,WAIT_AND_RETRY,0.6375390283370618,0.375142,2.0,437.2350106999999,140.05916053954263,WAIT_AND_RETRY,437.2350106999999,PAYMENT_LINK,499.58150824999996,62.34649755000004,0.0,False,True
FAIL_002299,741.13,BANK_DECLINED,normal,529,0.6,0.7059,0.6,PAYMENT_LINK,0.6336063974971525,0.697885,3.0,514.22351005,31.285799105852107,WAIT_AND_RETRY,575.62115827,WAIT_AND_RETRY,575.62115827,61.397648220000065,61.397648220000065,False,False
FAIL_002630,568.27,INSUFFICIENT_FUNDS,friction_prone,941,0.35,0.6452,0.45,WAIT_AND_RETRY,0.7788904685789334,0.338166,2.0,190.16959282000002,122.19322882860433,WAIT_AND_RETRY,190.16959282000002,SEND_REMINDER,248.75864288999998,58.589050069999956,0.0,False,True
FAIL_002620,568.27,AUTHENTICATION_FAILED,friction_prone,941,0.35,0.6452,0.45,UPDATE_PAYMENT_METHOD,0.7244845490296803,0.40016,3.0,224.3989232,33.47557421380537,UPDATE_PAYMENT_METHOD,224.3989232,PAYMENT_LINK,281.22137704,56.82245383999998,0.0,False,True
FAIL_001030,1157.68,INSUFFICIENT_FUNDS,reliable,759,0.8,0.8,0.85,SEND_REMINDER,0.7224173124260578,0.888438,1.0,1027.52690384,7.812157581689576,WAIT_AND_RETRY,1079.50234064,PAYMENT_LINK,1083.1527412,55.625837360000105,51.975436800000125,False,False
FAIL_000039,2269.23,AUTHENTICATION_FAILED,reliable,499,0.8,0.9375,0.85,SEND_REMINDER,0.6880335742500143,0.925547,1.0,2099.2790188100003,183.09021754961122,UPDATE_PAYMENT_METHOD,2120.4387801899998,PAYMENT_LINK,2152.7685,53.48948118999988,21.15976137999951,False,False
FAIL_001176,1737.7,NETWORK_ERROR,friction_prone,985,0.35,0.5625,0.45,RETRY_NOW,0.864463430406831,0.423543,2.0,733.9906711,52.67284041003518,RETRY_NOW,733.9906711,WAIT_AND_RETRY,787.1834058000001,53.192734700000074,0.0,False,True
FAIL_002252,609.78,BANK_DECLINED,friction_prone,617,0.35,0.65,0.45,WAIT_AND_RETRY,0.5559630910854932,0.405417,2.0,245.21517826000002,10.691071203229967,WAIT_AND_RETRY,245.21517826000002,PAYMENT_LINK,298.19961144,52.984433179999996,0.0,False,True
FAIL_002454,251.0,INSUFFICIENT_FUNDS,normal,632,0.6,0.7143,0.6,WAIT_AND_RETRY,0.6359441516432573,0.589924,2.0,146.070924,3.5026502871497485,WAIT_AND_RETRY,146.070924,PAYMENT_LINK,197.992517,51.921593,0.0,False,True
FAIL_001439,404.63,NETWORK_ERROR,low_engagement,971,0.3,0.875,0.25,WAIT_AND_RETRY,0.8534752456365124,0.397203,2.0,158.72024989,8.370713480506879,RETRY_NOW,210.40889998,RETRY_NOW,210.40889998,51.68865009000001,51.68865009000001,False,False
FAIL_000240,247.97,NETWORK_ERROR,low_engagement,986,0.3,0.8125,0.25,WAIT_AND_RETRY,0.8696857162504463,0.353702,2.0,85.70748494,31.193770940098204,RETRY_NOW,137.13745482,RETRY_NOW,137.13745482,51.42996987999999,51.42996987999999,False,False
FAIL_001870,933.74,INSUFFICIENT_FUNDS,friction_prone,986,0.35,0.6875,0.45,WAIT_AND_RETRY,0.7277720158233255,0.446091,2.0,414.53301034000003,16.499396818115883,WAIT_AND_RETRY,414.53301034000003,PAYMENT_LINK,465.66091331999996,51.12790297999993,0.0,False,True
FAIL_002095,2075.84,INSUFFICIENT_FUNDS,normal,651,0.6,0.8571,0.6,WAIT_AND_RETRY,0.757232601073572,0.759671,2.0,1574.95544864,95.43514822562406,WAIT_AND_RETRY,1574.95544864,PAYMENT_LINK,1625.67915392,50.723705280000104,0.0,False,True
FAIL_001636,666.71,INSUFFICIENT_FUNDS,friction_prone,788,0.35,0.5385,0.45,SEND_REMINDER,0.5925673589893713,0.308116,1.0,204.42401836000002,30.58898780765969,WAIT_AND_RETRY,254.47066951,WAIT_AND_RETRY,254.47066951,50.046651149999974,50.046651149999974,False,False
FAIL_001730,1090.5,INSUFFICIENT_FUNDS,friction_prone,758,0.35,0.64,0.45,WAIT_AND_RETRY,0.599970282081902,0.475612,2.0,516.654886,21.335351429971297,WAIT_AND_RETRY,516.654886,PAYMENT_LINK,566.4100275000001,49.755141500000036,0.0,False,True
FAIL_001573,1621.46,BANK_DECLINED,friction_prone,662,0.35,0.5909,0.45,PAYMENT_LINK,0.668030717572203,0.386698,3.0,624.01533908,74.2494709829557,WAIT_AND_RETRY,673.3218754000001,WAIT_AND_RETRY,673.3218754000001,49.30653632000008,49.30653632000008,False,False
FAIL_001514,278.46,LIMIT_EXCEEDED,low_engagement,612,0.3,0.65,0.25,WAIT_AND_RETRY,0.6152429420408793,0.137009,2.0,36.151526139999994,20.162698659565535,PAYMENT_LINK,83.94690732,PAYMENT_LINK,83.94690732,47.79538118,47.79538118,False,False
FAIL_001201,1039.13,CARD_EXPIRED,friction_prone,692,0.35,0.8261,0.45,UPDATE_PAYMENT_METHOD,0.8104094949199643,0.490792,3.0,506.9966909600001,612.2071380676152,UPDATE_PAYMENT_METHOD,506.9966909600001,PAYMENT_LINK,554.4838928300001,47.48720186999998,0.0,False,True
FAIL_001155,1652.19,BANK_DECLINED,friction_prone,595,0.35,0.6842,0.45,PAYMENT_LINK,0.5995241239657664,0.402464,3.0,661.94699616,127.72060060091417,WAIT_AND_RETRY,707.8535203600001,WAIT_AND_RETRY,707.8535203600001,45.906524200000035,45.906524200000035,False,False
FAIL_001755,1699.94,INSUFFICIENT_FUNDS,normal,961,0.6,0.8125,0.6,WAIT_AND_RETRY,0.6702352608601078,0.768691,2.0,1304.7285785400002,211.54913562601996,WAIT_AND_RETRY,1304.7285785400002,PAYMENT_LINK,1350.03834402,45.309765479999896,0.0,False,True
FAIL_001088,829.5,BANK_DECLINED,friction_prone,751,0.35,0.48,0.45,PAYMENT_LINK,0.5584764363324869,0.298686,3.0,244.760037,102.6092747647437,WAIT_AND_RETRY,289.21090599999997,WAIT_AND_RETRY,289.21090599999997,44.450868999999955,44.450868999999955,False,False
FAIL_002122,694.22,BANK_DECLINED,normal,856,0.6,0.8571,0.6,WAIT_AND_RETRY,0.6841412851581404,0.716763,2.0,495.59120986000005,102.36769985088495,WAIT_AND_RETRY,495.59120986000005,RETRY_NOW,539.8137180800001,44.22250822000001,0.0,False,True
FAIL_000101,1015.59,INSUFFICIENT_FUNDS,normal,339,0.6,0.7273,0.6,WAIT_AND_RETRY,0.7143308702220145,0.710604,2.0,719.6823163600001,44.61260385347066,WAIT_AND_RETRY,719.6823163600001,PAYMENT_LINK,763.8933363900001,44.211020029999986,0.0,False,True
FAIL_001357,412.94,INSUFFICIENT_FUNDS,friction_prone,471,0.35,0.7333,0.45,WAIT_AND_RETRY,0.7960938923559284,0.392179,2.0,159.94639626,97.83311170531684,WAIT_AND_RETRY,159.94639626,SEND_REMINDER,203.93014674,43.98375048,0.0,False,True
FAIL_000969,524.81,NETWORK_ERROR,low_engagement,606,0.3,0.6,0.25,RETRY_NOW,0.9050795965231587,0.240914,2.0,124.43407633999998,70.55569022892507,RETRY_NOW,124.43407633999998,WAIT_AND_RETRY,167.08695946999998,42.652883130000006,0.0,False,True
FAIL_001644,1249.65,INSUFFICIENT_FUNDS,friction_prone,852,0.35,0.5357,0.45,WAIT_AND_RETRY,0.7738911370217232,0.358588,2.0,446.10949420000003,195.05943141194564,WAIT_AND_RETRY,446.10949420000003,SEND_REMINDER,488.60162315,42.492128949999994,0.0,False,True
FAIL_002200,1986.45,BANK_DECLINED,reliable,690,0.8,0.8696,0.85,WAIT_AND_RETRY,0.5807508526408549,0.928434,2.0,1842.2877193,78.95107804066424,WAIT_AND_RETRY,1842.2877193,PAYMENT_LINK,1884.1275,41.83978070000012,0.0,False,True
FAIL_000109,781.5,BANK_DECLINED,reliable,821,0.8,0.8889,0.85,WAIT_AND_RETRY,0.7231824252139785,0.89555,2.0,697.8723249999999,179.90227625478042,WAIT_AND_RETRY,697.8723249999999,PAYMENT_LINK,739.425,41.55267500000002,0.0,False,True
FAIL_000667,462.89,NETWORK_ERROR,friction_prone,307,0.35,0.9,0.45,RETRY_NOW,0.9348966027253003,0.602272,2.0,276.78568608,50.54308037184097,RETRY_NOW,276.78568608,WAIT_AND_RETRY,317.96114024999997,41.175454169999966,0.0,False,True
FAIL_000309,746.25,AUTHENTICATION_FAILED,low_engagement,956,0.3,0.8065,0.25,UPDATE_PAYMENT_METHOD,0.8126144236401571,0.283744,3.0,208.74396,195.73229661448096,UPDATE_PAYMENT_METHOD,208.74396,PAYMENT_LINK,249.87129,41.12733,0.0,False,True
FAIL_000014,1603.39,INSUFFICIENT_FUNDS,friction_prone,275,0.35,0.5556,0.45,PAYMENT_LINK,0.6276400448577799,0.326756,3.0,520.91730284,278.8785694501652,WAIT_AND_RETRY,538.6486774900001,UPDATE_PAYMENT_METHOD,561.08222234,40.164919499999996,17.73137465000002,False,False
FAIL_002088,1859.33,NETWORK_ERROR,normal,870,0.6,0.7931,0.6,WAIT_AND_RETRY,0.9188487406270561,0.803205,2.0,1491.4231526499998,42.18114278833855,RETRY_NOW,1531.06964624,RETRY_NOW,1531.06964624,39.64649359000032,39.64649359000032,False,False
FAIL_001600,1735.47,INSUFFICIENT_FUNDS,normal,781,0.6,0.8077,0.6,WAIT_AND_RETRY,0.7797778560140877,0.775533,2.0,1343.91425551,372.59345510390233,WAIT_AND_RETRY,1343.91425551,PAYMENT_LINK,1382.8508911499998,38.93663563999985,0.0,False,True
FAIL_001938,1036.92,INSUFFICIENT_FUNDS,friction_prone,855,0.35,0.7143,0.45,WAIT_AND_RETRY,0.7075907192980588,0.412531,2.0,425.76164452,123.50291745726747,WAIT_AND_RETRY,425.76164452,UPDATE_PAYMENT_METHOD,464.5420434,38.78039888000001,0.0,False,True
FAIL_001223,580.5,BANK_DECLINED,friction_prone,811,0.35,0.6296,0.45,PAYMENT_LINK,0.606414449266513,0.418514,3.0,239.947377,38.64418263648548,WAIT_AND_RETRY,239.7730255,UPDATE_PAYMENT_METHOD,278.17098,38.223603,-0.17435150000000021,False,False
FAIL_000178,1637.14,BANK_DECLINED,friction_prone,502,0.35,0.625,0.45,WAIT_AND_RETRY,0.5471631538645546,0.394993,2.0,644.65884002,19.347891871664956,WAIT_AND_RETRY,644.65884002,UPDATE_PAYMENT_METHOD,681.27376866,36.61492864000002,0.0,False,True
FAIL_002068,1882.53,BANK_DECLINED,friction_prone,501,0.35,0.5625,0.45,WAIT_AND_RETRY,0.5522110421926779,0.33942,2.0,636.9683325999999,18.606182258744752,WAIT_AND_RETRY,636.9683325999999,PAYMENT_LINK,672.68331519,35.71498259000009,0.0,False,True
FAIL_000164,961.34,AUTHENTICATION_FAILED,normal,897,0.6,0.8966,0.6,UPDATE_PAYMENT_METHOD,0.7907478371519202,0.770379,3.0,737.5961478600001,15.667979740993815,UPDATE_PAYMENT_METHOD,737.5961478600001,PAYMENT_LINK,773.25897784,35.662829979999856,0.0,False,True
FAIL_002496,1011.26,INSUFFICIENT_FUNDS,friction_prone,278,0.35,0.6667,0.45,WAIT_AND_RETRY,0.7197329665519117,0.362092,2.0,364.16915592000004,194.2926998273756,WAIT_AND_RETRY,364.16915592000004,PAYMENT_LINK,399.67665318,35.50749725999998,0.0,False,True
FAIL_001073,699.79,BANK_DECLINED,friction_prone,255,0.35,0.625,0.45,WAIT_AND_RETRY,0.6316688524131964,0.38488,2.0,267.3351752,116.19415220526241,WAIT_AND_RETRY,267.3351752,PAYMENT_LINK,302.77464008,35.43946488,0.0,False,True
FAIL_000157,1656.39,BANK_DECLINED,reliable,835,0.8,0.8889,0.85,WAIT_AND_RETRY,0.7267214701493002,0.919469,2.0,1520.99925691,102.83762698182204,WAIT_AND_RETRY,1520.99925691,PAYMENT_LINK,1556.0770875,35.077830590000076,0.0,False,True
FAIL_001212,332.6,NETWORK_ERROR,low_engagement,845,0.3,0.6786,0.25,WAIT_AND_RETRY,0.8493535965170546,0.357017,2.0,116.7438542,12.474803751101888,RETRY_NOW,151.79091400000001,RETRY_NOW,151.79091400000001,35.047059800000014,35.047059800000014,False,False
FAIL_002555,881.56,BANK_DECLINED,low_engagement,151,0.3,0.6,0.25,WAIT_AND_RETRY,0.6101451114535424,0.169196,2.0,147.15642576,87.57209668429914,WAIT_AND_RETRY,147.15642576,UPDATE_PAYMENT_METHOD,181.77409444,34.61766868000001,0.0,False,True
FAIL_001882,1097.17,BANK_DECLINED,normal,938,0.6,0.8065,0.6,WAIT_AND_RETRY,0.6640018060921915,0.737112,2.0,806.73717304,189.97700314943575,WAIT_AND_RETRY,806.73717304,PAYMENT_LINK,840.75115925,34.013986209999985,0.0,False,True
FAIL_000896,376.34,INSUFFICIENT_FUNDS,friction_prone,891,0.35,0.5862,0.45,WAIT_AND_RETRY,0.7378223746867617,0.356054,2.0,131.99736235999998,24.381856882866316,WAIT_AND_RETRY,131.99736235999998,PAYMENT_LINK,165.64284641999998,33.64548406,0.0,False,True
FAIL_000874,533.16,INSUFFICIENT_FUNDS,normal,884,0.6,0.8276,0.6,WAIT_AND_RETRY,0.7435854149544209,0.745455,2.0,395.4467878,7.226484605605208,WAIT_AND_RETRY,395.4467878,PAYMENT_LINK,428.94010715999997,33.49331935999999,0.0,False,True
FAIL_002761,1096.67,BANK_DECLINED,normal,761,0.6,0.84,0.6,PAYMENT_LINK,0.5883120452761427,0.81551,3.0,891.3453517,14.257380372908301,WAIT_AND_RETRY,924.6883433400001,WAIT_AND_RETRY,924.6883433400001,33.34299164000004,33.34299164000004,False,False
FAIL_002226,636.05,INSUFFICIENT_FUNDS,low_engagement,768,0.3,0.92,0.25,WAIT_AND_RETRY,0.7237742369262388,0.38782,2.0,244.67291099999997,130.33999753610033,WAIT_AND_RETRY,244.67291099999997,RETRY_NOW,277.99620655,33.32329555000004,0.0,False,True
FAIL_002476,397.37,INSUFFICIENT_FUNDS,friction_prone,847,0.35,0.6429,0.45,WAIT_AND_RETRY,0.6585625467962701,0.387984,2.0,152.17320208,3.3877137494741305,WAIT_AND_RETRY,152.17320208,SEND_REMINDER,184.34648121,32.17327913,0.0,False,True
FAIL_002045,372.35,NETWORK_ERROR,friction_prone,630,0.35,0.9048,0.45,WAIT_AND_RETRY,0.9196203694817088,0.580516,2.0,214.15513260000003,65.29776535921008,RETRY_NOW,246.09717735000004,RETRY_NOW,246.09717735000004,31.942044750000008,31.942044750000008,False,False
FAIL_000383,979.43,INSUFFICIENT_FUNDS,normal,688,0.6,0.7727,0.6,WAIT_AND_RETRY,0.7753187923341421,0.748408,2.0,731.0132474399999,153.77616565236485,WAIT_AND_RETRY,731.0132474399999,PAYMENT_LINK,762.40691526,31.393667820000132,0.0,False,True
FAIL_000975,814.36,BANK_DECLINED,low_engagement,718,0.3,0.7826,0.25,WAIT_AND_RETRY,0.6272514946536422,0.267528,2.0,215.86410207999998,103.38549546203728,WAIT_AND_RETRY,215.86410207999998,UPDATE_PAYMENT_METHOD,246.57039432000002,30.70629224000004,0.0,False,True
FAIL_000027,1187.03,INSUFFICIENT_FUNDS,friction_prone,849,0.35,0.6429,0.45,WAIT_AND_RETRY,0.6219551544418,0.42494,2.0,502.41652819999996,19.987278670485694,WAIT_AND_RETRY,502.41652819999996,SEND_REMINDER,532.75634871,30.339820510000038,0.0,False,True
FAIL_002106,1990.77,LIMIT_EXCEEDED,friction_prone,492,0.35,0.6875,0.45,PAYMENT_LINK,0.6184748528074968,0.497877,3.0,988.15859529,462.933548380636,PAYMENT_LINK,988.15859529,UPDATE_PAYMENT_METHOD,1018.16348073,30.004885439999953,0.0,False,True
FAIL_001227,580.5,NETWORK_ERROR,friction_prone,811,0.35,0.6296,0.45,RETRY_NOW,0.8593638408510822,0.397145,2.0,228.5426725,5.386527536225117,RETRY_NOW,228.5426725,UPDATE_PAYMENT_METHOD,258.28363049999996,29.74095799999995,0.0,False,True
FAIL_001452,950.44,INSUFFICIENT_FUNDS,low_engagement,761,0.3,0.88,0.25,WAIT_AND_RETRY,0.8673298159899215,0.393792,2.0,372.27566848,224.25446995359437,WAIT_AND_RETRY,372.27566848,RETRY_NOW,401.88757712,29.611908640000024,0.0,False,True
FAIL_000953,978.94,LIMIT_EXCEEDED,normal,580,0.6,0.7368,0.6,PAYMENT_LINK,0.7478561660725677,0.731254,3.0,712.85379076,271.99810340538306,PAYMENT_LINK,712.85379076,UPDATE_PAYMENT_METHOD,741.3615025,28.50771173999999,0.0,False,True
FAIL_001251,1120.08,BANK_DECLINED,normal,948,0.6,0.7419,0.6,WAIT_AND_RETRY,0.5492990756600099,0.730955,2.0,816.7280764,87.53022211763368,WAIT_AND_RETRY,816.7280764,PAYMENT_LINK,845.21194224,28.48386584000002,0.0,False,True
FAIL_000815,997.42,BANK_DECLINED,friction_prone,531,0.35,0.7647,0.45,WAIT_AND_RETRY,0.6411255899564865,0.452967,2.0,449.79834514,51.39022881120604,WAIT_AND_RETRY,449.79834514,UPDATE_PAYMENT_METHOD,477.57490956,27.77656442,0.0,False,True
FAIL_000634,609.3,INSUFFICIENT_FUNDS,low_engagement,724,0.3,0.6667,0.25,WAIT_AND_RETRY,0.7027986157376762,0.254594,2.0,153.12412419999998,84.92460256798546,WAIT_AND_RETRY,153.12412419999998,PAYMENT_LINK,180.62778749999998,27.5036633,0.0,False,True
FAIL_002662,1863.63,INSUFFICIENT_FUNDS,normal,830,0.6,0.8519,0.6,WAIT_AND_RETRY,0.8234580213340641,0.788014,2.0,1466.56653082,176.3075035650188,WAIT_AND_RETRY,1466.56653082,PAYMENT_LINK,1493.58434424,27.01781342000004,0.0,False,True
FAIL_002755,997.84,LIMIT_EXCEEDED,friction_prone,387,0.35,0.5,0.45,UPDATE_PAYMENT_METHOD,0.5076426171913382,0.295263,3.0,291.62523192000003,60.60145858716476,PAYMENT_LINK,317.94425976,PAYMENT_LINK,317.94425976,26.31902783999999,26.31902783999999,False,False
FAIL_002271,471.41,INSUFFICIENT_FUNDS,friction_prone,127,0.35,0.25,0.45,SEND_REMINDER,0.7434206370446976,0.194362,1.0,90.62419042,34.018546560667914,WAIT_AND_RETRY,102.76191571000001,PAYMENT_LINK,116.92010426,26.295913839999997,12.137725290000006,False,False
FAIL_000009,2904.8,BANK_DECLINED,reliable,726,0.8,0.9583,0.85,WAIT_AND_RETRY,0.6787439791535979,0.94064,2.0,2730.3710720000004,345.2337347654693,WAIT_AND_RETRY,2730.3710720000004,PAYMENT_LINK,2756.56,26.188927999999578,0.0,False,True
FAIL_001850,685.76,INSUFFICIENT_FUNDS,friction_prone,972,0.35,0.75,0.45,WAIT_AND_RETRY,0.7104349395416988,0.487375,2.0,332.22228,39.36172172220205,WAIT_AND_RETRY,332.22228,SEND_REMINDER,358.34441183999996,26.122131839999952,0.0,False,True
FAIL_001127,688.54,AUTHENTICATION_FAILED,low_engagement,489,0.3,0.6875,0.25,UPDATE_PAYMENT_METHOD,0.7077148926135408,0.286703,3.0,194.40648362,96.23586560099841,UPDATE_PAYMENT_METHOD,194.40648362,PAYMENT_LINK,220.27699704,25.87051342000001,0.0,False,True
FAIL_001838,360.66,BANK_DECLINED,friction_prone,928,0.35,0.7333,0.45,WAIT_AND_RETRY,0.6112095086279076,0.346682,2.0,123.03433012,57.921128217320614,WAIT_AND_RETRY,123.03433012,PAYMENT_LINK,148.84254858000003,25.80821846000002,0.0,False,True
FAIL_002361,848.64,CARD_EXPIRED,friction_prone,297,0.35,0.7778,0.45,UPDATE_PAYMENT_METHOD,0.835192784767523,0.463206,3.0,390.09513984,350.9155941766004,UPDATE_PAYMENT_METHOD,390.09513984,PAYMENT_LINK,415.36763904,25.27249919999997,0.0,False,True
FAIL_001918,566.77,BANK_DECLINED,friction_prone,835,0.35,0.7407,0.45,PAYMENT_LINK,0.6183047526127442,0.456966,3.0,255.99461981999997,67.51714415045302,WAIT_AND_RETRY,265.02575072,UPDATE_PAYMENT_METHOD,280.74093156,24.74631174000001,9.03113090000005,False,False
FAIL_002120,1672.99,BANK_DECLINED,reliable,886,0.8,0.9655,0.85,WAIT_AND_RETRY,0.6935029367063205,0.935184,2.0,1562.55348016,8.157082298905607,WAIT_AND_RETRY,1562.55348016,SEND_REMINDER,1586.69093186,24.137451700000156,0.0,False,True
FAIL_000900,1420.91,BANK_DECLINED,normal,701,0.6,0.7826,0.6,PAYMENT_LINK,0.6376223992155953,0.723106,3.0,1024.4685464600002,152.82662412793582,WAIT_AND_RETRY,1048.2286828400001,WAIT_AND_RETRY,1048.2286828400001,23.76013637999995,23.76013637999995,False,False
FAIL_001017,449.29,INSUFFICIENT_FUNDS,low_engagement,930,0.3,0.7097,0.25,WAIT_AND_RETRY,0.7270928215171351,0.236176,2.0,104.11151504,68.74990724705987,WAIT_AND_RETRY,104.11151504,UPDATE_PAYMENT_METHOD,127.33184036,23.22032532,0.0,False,True
FAIL_000159,1656.39,INSUFFICIENT_FUNDS,reliable,835,0.8,0.8889,0.85,WAIT_AND_RETRY,0.7823409794061938,0.931868,2.0,1541.5368365200002,86.77418666705967,WAIT_AND_RETRY,1541.5368365200002,SEND_REMINDER,1564.40946647,22.87262994999992,0.0,False,True
FAIL_001019,449.29,INSUFFICIENT_FUNDS,low_engagement,930,0.3,0.7097,0.25,WAIT_AND_RETRY,0.7270928215171351,0.294846,2.0,130.47135934,68.74990724705987,WAIT_AND_RETRY,130.47135934,PAYMENT_LINK,152.72975477,22.258395430000007,0.0,False,True
FAIL_000272,553.77,INSUFFICIENT_FUNDS,friction_prone,692,0.35,0.6957,0.45,WAIT_AND_RETRY,0.6183113460751026,0.435345,2.0,239.08100065,6.3836688831745505,WAIT_AND_RETRY,239.08100065,PAYMENT_LINK,260.92733577,21.84633512000002,0.0,False,True
FAIL_001021,449.29,INSUFFICIENT_FUNDS,low_engagement,930,0.3,0.7097,0.25,WAIT_AND_RETRY,0.7270928215171351,0.255987,2.0,113.01239923000001,68.74990724705987,WAIT_AND_RETRY,113.01239923000001,SEND_REMINDER,133.94380221,20.931402979999987,0.0,False,True
FAIL_000537,404.59,INSUFFICIENT_FUNDS,low_engagement,877,0.3,0.7586,0.25,WAIT_AND_RETRY,0.7434005082028333,0.305125,2.0,121.45052374999999,15.76155974971482,WAIT_AND_RETRY,121.45052374999999,PAYMENT_LINK,140.06949744,18.618973690000004,0.0,False,True
FAIL_000662,648.75,INSUFFICIENT_FUNDS,normal,817,0.6,0.8519,0.6,WAIT_AND_RETRY,0.7711522797628496,0.766659,2.0,495.37002624999997,45.9232230008638,WAIT_AND_RETRY,495.37002624999997,PAYMENT_LINK,513.74559375,18.375567500000045,0.0,False,True
FAIL_000512,213.4,BANK_DECLINED,low_engagement,444,0.3,0.7857,0.25,PAYMENT_LINK,0.49328976437499183,0.257338,3.0,51.9159292,21.12456087776151,WAIT_AND_RETRY,70.1949272,WAIT_AND_RETRY,70.1949272,18.278997999999994,18.278997999999994,False,False
FAIL_000522,799.69,BANK_DECLINED,reliable,523,0.8,0.9412,0.85,WAIT_AND_RETRY,0.7879390134632245,0.921673,2.0,735.0526813700001,72.3996501822952,WAIT_AND_RETRY,735.0526813700001,RETRY_NOW,753.2056443700001,18.152963,0.0,False,True
FAIL_002269,638.25,LIMIT_EXCEEDED,low_engagement,715,0.3,0.6522,0.25,PAYMENT_LINK,0.6264198225963938,0.230916,3.0,144.382137,82.40756813460138,PAYMENT_LINK,144.382137,UPDATE_PAYMENT_METHOD,162.47205675,18.089919750000007,0.0,False,True
FAIL_000792,998.82,BANK_DECLINED,normal,905,0.6,0.8667,0.6,WAIT_AND_RETRY,0.6248477982361723,0.810295,2.0,807.3388519,94.05400145574879,WAIT_AND_RETRY,807.3388519,PAYMENT_LINK,825.2355274800001,17.89667558000008,0.0,False,True
FAIL_002608,295.63,NETWORK_ERROR,low_engagement,900,0.3,0.7333,0.25,RETRY_NOW,0.8737106231488551,0.333193,2.0,96.50184659,6.294014286772182,RETRY_NOW,96.50184659,WAIT_AND_RETRY,114.359968,17.858121409999995,0.0,False,True
FAIL_001878,1097.17,INSUFFICIENT_FUNDS,normal,938,0.6,0.8065,0.6,SEND_REMINDER,0.5936141141149882,0.738606,1.0,809.37634502,17.546444718201997,WAIT_AND_RETRY,796.06609762,UPDATE_PAYMENT_METHOD,826.9235257400001,17.54718072000003,-13.31024739999998,False,False
FAIL_001687,300.09,LIMIT_EXCEEDED,friction_prone,727,0.35,0.5,0.45,PAYMENT_LINK,0.4874558333784966,0.362133,3.0,105.67249196999998,23.024917259567943,PAYMENT_LINK,105.67249196999998,UPDATE_PAYMENT_METHOD,122.31038183999999,16.63788987000001,0.0,False,True
FAIL_000786,726.01,AUTHENTICATION_FAILED,low_engagement,749,0.3,0.75,0.25,UPDATE_PAYMENT_METHOD,0.7025003441281696,0.312494,3.0,223.87376894,191.86547937684128,UPDATE_PAYMENT_METHOD,223.87376894,PAYMENT_LINK,240.07395608,16.200187139999997,0.0,False,True
FAIL_001328,418.75,INSUFFICIENT_FUNDS,low_engagement,326,0.3,0.9,0.25,WAIT_AND_RETRY,0.8357347804197757,0.332587,2.0,137.27080625000002,77.19696536956366,WAIT_AND_RETRY,137.27080625000002,UPDATE_PAYMENT_METHOD,152.96050625,15.689699999999988,0.0,False,True
FAIL_000003,406.32,INSUFFICIENT_FUNDS,normal,744,0.6,0.8333,0.6,PAYMENT_LINK,0.7624076168424005,0.782679,3.0,315.01813128,14.180438911181398,WAIT_AND_RETRY,330.63346168,WAIT_AND_RETRY,330.63346168,15.615330400000005,15.615330400000005,False,False
FAIL_001989,200.0,INSUFFICIENT_FUNDS,low_engagement,824,0.3,0.7037,0.25,PAYMENT_LINK,0.7150434009332451,0.262294,3.0,49.458800000000004,11.004088288644681,WAIT_AND_RETRY,64.9964,WAIT_AND_RETRY,64.9964,15.53759999999999,15.53759999999999,False,False
FAIL_001994,200.0,AUTHENTICATION_FAILED,low_engagement,824,0.3,0.7037,0.25,UPDATE_PAYMENT_METHOD,0.5817049304724949,0.284112,3.0,53.822399999999995,18.993371994101423,UPDATE_PAYMENT_METHOD,53.822399999999995,PAYMENT_LINK,69.30959999999999,15.487199999999994,0.0,False,True
FAIL_002051,580.18,INSUFFICIENT_FUNDS,low_engagement,950,0.3,0.7419,0.25,WAIT_AND_RETRY,0.8574581014333196,0.299616,2.0,171.83121088,185.99217576519027,WAIT_AND_RETRY,171.83121088,PAYMENT_LINK,187.23580037999997,15.404589499999986,0.0,False,True
FAIL_001732,651.62,NETWORK_ERROR,low_engagement,62,0.3,0.5,0.25,RETRY_NOW,0.9361013542861235,0.237332,2.0,152.65027784,110.66308684739448,RETRY_NOW,152.65027784,WAIT_AND_RETRY,168.04154224,15.391264400000011,0.0,False,True
FAIL_002485,994.96,INSUFFICIENT_FUNDS,normal,736,0.6,0.8333,0.6,PAYMENT_LINK,0.7664899577813311,0.801578,3.0,794.53804688,71.51028185553321,WAIT_AND_RETRY,809.55205848,WAIT_AND_RETRY,809.55205848,15.014011600000003,15.014011600000003,False,False
FAIL_002652,319.2,INSUFFICIENT_FUNDS,low_engagement,788,0.3,0.7308,0.25,WAIT_AND_RETRY,0.7545141256037237,0.290041,2.0,90.5810872,71.21447444313813,WAIT_AND_RETRY,90.5810872,UPDATE_PAYMENT_METHOD,105.50150640000001,14.920419200000012,0.0,False,True
FAIL_000190,622.31,BANK_DECLINED,low_engagement,578,0.3,0.8947,0.25,WAIT_AND_RETRY,0.5055211044545825,0.411975,2.0,254.37616225,45.84653709998554,WAIT_AND_RETRY,254.37616225,PAYMENT_LINK,269.28925125999996,14.913089009999965,0.0,False,True
FAIL_000277,553.77,INSUFFICIENT_FUNDS,friction_prone,692,0.35,0.6957,0.45,WAIT_AND_RETRY,0.6183113460751026,0.394336,2.0,216.37144672,6.3836688831745505,WAIT_AND_RETRY,216.37144672,UPDATE_PAYMENT_METHOD,231.06694983,14.695503110000004,0.0,False,True
FAIL_001894,200.0,NETWORK_ERROR,low_engagement,798,0.3,0.8462,0.25,RETRY_NOW,0.8771856696401404,0.445042,2.0,87.0084,23.75198206720239,RETRY_NOW,87.0084,WAIT_AND_RETRY,101.4116,14.403200000000012,0.0,False,True
FAIL_002298,741.13,CARD_EXPIRED,normal,529,0.6,0.7059,0.6,UPDATE_PAYMENT_METHOD,0.9246583229799663,0.729041,3.0,537.3141563300001,280.7790006095422,UPDATE_PAYMENT_METHOD,537.3141563300001,PAYMENT_LINK,551.3993319799999,14.085175649999883,0.0,False,True
FAIL_001492,1096.45,BANK_DECLINED,low_engagement,952,0.3,0.7742,0.25,WAIT_AND_RETRY,0.5932312590163137,0.314821,2.0,343.18548545000004,177.1802264774696,WAIT_AND_RETRY,343.18548545000004,RETRY_NOW,356.83080570000004,13.645320249999997,0.0,False,True
FAIL_000871,533.16,BANK_DECLINED,normal,884,0.6,0.8276,0.6,WAIT_AND_RETRY,0.6655988908648106,0.766049,2.0,406.42668483999995,21.299617747195157,WAIT_AND_RETRY,406.42668483999995,RETRY_NOW,419.83405935999997,13.407374520000019,0.0,False,True
FAIL_002245,468.26,INSUFFICIENT_FUNDS,friction_prone,521,0.35,0.7059,0.45,WAIT_AND_RETRY,0.6897006909526452,0.386194,2.0,178.83920243999998,67.7658510501729,WAIT_AND_RETRY,178.83920243999998,SEND_REMINDER,192.12540832000002,13.28620588000004,0.0,False,True
FAIL_001416,507.97,BANK_DECLINED,low_engagement,930,0.3,0.6452,0.25,WAIT_AND_RETRY,0.6848101047330619,0.234786,2.0,117.26424442,57.903097086782,WAIT_AND_RETRY,117.26424442,UPDATE_PAYMENT_METHOD,129.99518149000002,12.730937070000024,0.0,False,True
FAIL_001069,745.87,BANK_DECLINED,low_engagement,843,0.3,0.7143,0.25,WAIT_AND_RETRY,0.6152263633535878,0.307545,2.0,227.38858915,66.98534544166893,WAIT_AND_RETRY,227.38858915,UPDATE_PAYMENT_METHOD,240.00444599999997,12.615856849999972,0.0,False,True
FAIL_000250,200.0,INSUFFICIENT_FUNDS,friction_prone,942,0.35,0.7097,0.45,PAYMENT_LINK,0.6972792818488789,0.489425,3.0,94.885,10.48554596543309,WAIT_AND_RETRY,107.15159999999999,WAIT_AND_RETRY,107.15159999999999,12.266599999999983,12.266599999999983,False,False
FAIL_000607,928.54,BANK_DECLINED,friction_prone,452,0.35,0.5333,0.45,PAYMENT_LINK,0.5704579313625434,0.335093,3.0,308.14725422,10.802318152316388,WAIT_AND_RETRY,319.88674785999996,WAIT_AND_RETRY,319.88674785999996,11.739493639999978,11.739493639999978,False,False
FAIL_001723,374.12,BANK_DECLINED,low_engagement,382,0.3,0.5,0.25,PAYMENT_LINK,0.46263376609741375,0.169158,3.0,60.28539096,18.270523111976672,WAIT_AND_RETRY,71.97699232,WAIT_AND_RETRY,71.97699232,11.691601359999993,11.691601359999993,False,False
FAIL_002022,200.0,AUTHENTICATION_FAILED,low_engagement,139,0.3,0.75,0.25,PAYMENT_LINK,0.7664289695476418,0.229581,3.0,42.9162,41.15188897869943,UPDATE_PAYMENT_METHOD,54.267199999999995,UPDATE_PAYMENT_METHOD,54.267199999999995,11.350999999999992,11.350999999999992,False,False
FAIL_000241,689.76,BANK_DECLINED,reliable,593,0.8,0.9474,0.85,WAIT_AND_RETRY,0.8114728057168845,0.932752,2.0,641.37501952,65.17580492528344,WAIT_AND_RETRY,641.37501952,PAYMENT_LINK,652.2719999999999,10.896980479999911,0.0,False,True
FAIL_001904,799.44,INSUFFICIENT_FUNDS,low_engagement,759,0.3,0.8,0.25,WAIT_AND_RETRY,0.8087803283179391,0.268468,2.0,212.62405792,167.15134867891112,WAIT_AND_RETRY,212.62405792,RETRY_NOW,223.26060712,10.63654919999999,0.0,False,True
FAIL_001668,232.1,BANK_DECLINED,low_engagement,182,0.3,0.3333,0.25,WAIT_AND_RETRY,0.6758307661597066,0.087935,2.0,18.4097135,75.27087867189584,WAIT_AND_RETRY,18.4097135,SEND_REMINDER,28.476235799999998,10.066522299999999,0.0,False,True
FAIL_001379,547.66,BANK_DECLINED,low_engagement,427,0.3,0.5714,0.25,WAIT_AND_RETRY,0.351659015469747,0.238897,2.0,128.83433101999998,3.8441126979249987,WAIT_AND_RETRY,128.83433101999998,PAYMENT_LINK,138.84448765999997,10.010156639999991,0.0,False,True
FAIL_002466,429.37,BANK_DECLINED,friction_prone,778,0.35,0.72,0.45,WAIT_AND_RETRY,0.5840980837550256,0.422493,2.0,179.40581941,14.181125060465519,WAIT_AND_RETRY,179.40581941,PAYMENT_LINK,189.20061058,9.794791169999996,0.0,False,True
FAIL_001840,360.66,LIMIT_EXCEEDED,friction_prone,928,0.35,0.7333,0.45,UPDATE_PAYMENT_METHOD,0.6962144043721955,0.467086,3.0,165.45923676,6.238611357731656,PAYMENT_LINK,174.94279146000002,PAYMENT_LINK,174.94279146000002,9.483554700000013,9.483554700000013,False,False
FAIL_000002,406.32,INSUFFICIENT_FUNDS,normal,744,0.6,0.8333,0.6,PAYMENT_LINK,0.7624076168424005,0.770755,3.0,310.1731716,14.180438911181398,WAIT_AND_RETRY,319.5128896,WAIT_AND_RETRY,319.5128896,9.339718000000005,9.339718000000005,False,False
FAIL_002235,2452.06,INSUFFICIENT_FUNDS,normal,827,0.6,0.7778,0.6,WAIT_AND_RETRY,0.730137791365399,0.747431,2.0,1830.74565786,598.9934072673907,WAIT_AND_RETRY,1830.74565786,PAYMENT_LINK,1840.0295975,9.283939639999971,0.0,False,True
FAIL_001495,369.27,LIMIT_EXCEEDED,friction_prone,621,0.35,0.5,0.45,PAYMENT_LINK,0.5554907912084023,0.302081,3.0,108.54945086999999,14.795403312797049,PAYMENT_LINK,108.54945086999999,UPDATE_PAYMENT_METHOD,117.69516096000001,9.145710090000023,0.0,False,True
FAIL_001810,671.72,AUTHENTICATION_FAILED,normal,763,0.6,0.92,0.6,UPDATE_PAYMENT_METHOD,0.8621672166203131,0.803051,3.0,536.42541772,135.70380628770175,UPDATE_PAYMENT_METHOD,536.42541772,PAYMENT_LINK,545.3485462000001,8.92312848000006,0.0,False,True
FAIL_002709,401.23,BANK_DECLINED,friction_prone,767,0.35,0.6,0.45,PAYMENT_LINK,0.6787795594102928,0.350196,3.0,137.50914108,42.812259812223886,WAIT_AND_RETRY,132.33541507,UPDATE_PAYMENT_METHOD,146.11512335,8.605982269999998,-5.173726009999996,False,False
FAIL_002173,642.76,INSUFFICIENT_FUNDS,low_engagement,358,0.3,0.7273,0.25,WAIT_AND_RETRY,0.5755757814488419,0.281691,2.0,179.05970716000002,28.573085941638567,WAIT_AND_RETRY,179.05970716000002,UPDATE_PAYMENT_METHOD,187.15540392,8.095696759999981,0.0,False,True
FAIL_001985,1245.07,INSUFFICIENT_FUNDS,low_engagement,228,0.3,0.5714,0.25,WAIT_AND_RETRY,0.7610380246255264,0.271349,2.0,335.84849943,511.1492597428607,WAIT_AND_RETRY,335.84849943,PAYMENT_LINK,343.7893471,7.940847669999982,0.0,False,True
FAIL_000473,1171.97,BANK_DECLINED,normal,709,0.6,0.7826,0.6,PAYMENT_LINK,0.6053264796916681,0.726509,3.0,848.44675273,73.9226576586102,WAIT_AND_RETRY,806.56085452,UPDATE_PAYMENT_METHOD,856.33411083,7.887358100000029,-41.88589820999994,False,False
FAIL_001077,418.23,NETWORK_ERROR,normal,984,0.6,0.8438,0.6,RETRY_NOW,0.9471376619354115,0.840547,2.0,349.54197181,39.69790616140574,RETRY_NOW,349.54197181,WAIT_AND_RETRY,357.2386585,7.696686689999979,0.0,False,True
FAIL_002459,251.0,CARD_EXPIRED,normal,632,0.6,0.7143,0.6,UPDATE_PAYMENT_METHOD,0.8725470808671071,0.732874,3.0,180.95137400000002,142.3238918178111,UPDATE_PAYMENT_METHOD,180.95137400000002,PAYMENT_LINK,188.485641,7.534266999999971,0.0,False,True
FAIL_002622,568.27,BANK_DECLINED,friction_prone,941,0.35,0.6452,0.45,PAYMENT_LINK,0.6501564533121666,0.380359,3.0,213.14660892999999,17.776316117650765,WAIT_AND_RETRY,219.86340513,WAIT_AND_RETRY,219.86340513,6.7167962000000045,6.7167962000000045,False,False
FAIL_002595,329.53,NETWORK_ERROR,friction_prone,820,0.35,0.8519,0.45,RETRY_NOW,0.8922273157751938,0.56146,2.0,183.01791379999997,30.678809077470078,RETRY_NOW,183.01791379999997,WAIT_AND_RETRY,189.46187294999996,6.4439591499999835,0.0,False,True
FAIL_000163,438.99,INSUFFICIENT_FUNDS,low_engagement,367,0.3,0.75,0.25,WAIT_AND_RETRY,0.8171005899026652,0.321684,2.0,139.21605916000001,176.88114693913786,WAIT_AND_RETRY,139.21605916000001,PAYMENT_LINK,145.56080085000002,6.344741690000006,0.0,False,True
FAIL_000348,771.04,INSUFFICIENT_FUNDS,friction_prone,945,0.35,0.8065,0.45,WAIT_AND_RETRY,0.6920090176293247,0.54152,2.0,415.5335808,6.367246213514818,WAIT_AND_RETRY,415.5335808,PAYMENT_LINK,421.74897311999996,6.215392319999978,0.0,False,True
FAIL_002744,622.68,NETWORK_ERROR,friction_prone,315,0.35,0.7,0.45,RETRY_NOW,0.9303638673878167,0.45052,2.0,278.52979359999995,55.41347080339369,RETRY_NOW,278.52979359999995,WAIT_AND_RETRY,284.52807004,5.998276440000041,0.0,False,True
FAIL_002794,307.85,INSUFFICIENT_FUNDS,low_engagement,888,0.3,0.7241,0.25,WAIT_AND_RETRY,0.7911207741146421,0.303268,2.0,91.36105380000001,75.69883968223257,WAIT_AND_RETRY,91.36105380000001,PAYMENT_LINK,97.10235310000002,5.7412993000000085,0.0,False,True
FAIL_001203,468.79,NETWORK_ERROR,reliable,395,0.8,0.9231,0.85,WAIT_AND_RETRY,0.8905125750039411,0.937993,2.0,437.72173847,37.64278774309207,RETRY_NOW,443.3505,RETRY_NOW,443.3505,5.62876153000002,5.62876153000002,False,False
FAIL_002267,638.25,AUTHENTICATION_FAILED,low_engagement,715,0.3,0.6522,0.25,UPDATE_PAYMENT_METHOD,0.7995506581459872,0.273909,3.0,171.82241925,194.23858168062077,UPDATE_PAYMENT_METHOD,171.82241925,PAYMENT_LINK,177.19967549999998,5.377256249999988,0.0,False,True
FAIL_000131,706.77,INSUFFICIENT_FUNDS,friction_prone,631,0.35,0.5714,0.45,WAIT_AND_RETRY,0.6116944961749822,0.370067,2.0,259.55225358999996,6.807592367682787,WAIT_AND_RETRY,259.55225358999996,SEND_REMINDER,264.82467823999997,5.272424650000005,0.0,False,True
FAIL_001449,200.0,BANK_DECLINED,friction_prone,735,0.35,0.6667,0.45,WAIT_AND_RETRY,0.6015603583253255,0.376336,2.0,73.2672,4.4746832315580605,WAIT_AND_RETRY,73.2672,PAYMENT_LINK,78.3658,5.0985999999999905,0.0,False,True
FAIL_000611,1067.83,NETWORK_ERROR,normal,941,0.6,0.871,0.6,RETRY_NOW,0.8658709618785287,0.833978,2.0,888.5467277399999,9.96082536876554,RETRY_NOW,888.5467277399999,WAIT_AND_RETRY,893.5751392099999,5.028411469999924,0.0,False,True
FAIL_002618,368.13,BANK_DECLINED,low_engagement,386,0.3,0.8333,0.25,WAIT_AND_RETRY,0.5659815041059885,0.336985,2.0,122.05428805,48.257616531507296,WAIT_AND_RETRY,122.05428805,RETRY_NOW,127.05570223000001,5.001414180000012,0.0,False,True
FAIL_000222,722.92,BANK_DECLINED,friction_prone,539,0.35,0.5882,0.45,PAYMENT_LINK,0.583529777303682,0.315924,3.0,225.38777807999998,66.36171343106429,WAIT_AND_RETRY,230.26552096,WAIT_AND_RETRY,230.26552096,4.877742880000028,4.877742880000028,False,False
FAIL_001664,289.39,INSUFFICIENT_FUNDS,low_engagement,747,0.3,0.8333,0.25,WAIT_AND_RETRY,0.6551859757814376,0.352311,2.0,99.95528028999999,42.92790693632875,WAIT_AND_RETRY,99.95528028999999,PAYMENT_LINK,104.58304761999999,4.6277673299999975,0.0,False,True
FAIL_001665,289.39,BANK_DECLINED,low_engagement,747,0.3,0.8333,0.25,WAIT_AND_RETRY,0.610564892155014,0.345064,2.0,97.85807095999999,58.45934575142691,WAIT_AND_RETRY,97.85807095999999,PAYMENT_LINK,102.47194756999998,4.613876609999991,0.0,False,True
FAIL_002736,445.63,INSUFFICIENT_FUNDS,friction_prone,897,0.35,0.7586,0.45,PAYMENT_LINK,0.6984792166895604,0.503093,3.0,221.19333359,7.5044046217425375,WAIT_AND_RETRY,225.38627254,WAIT_AND_RETRY,225.38627254,4.192938949999984,4.192938949999984,False,False
FAIL_001044,542.66,BANK_DECLINED,friction_prone,743,0.35,0.75,0.45,WAIT_AND_RETRY,0.653912472235501,0.474358,2.0,255.41511227999996,92.38947281797391,WAIT_AND_RETRY,255.41511227999996,PAYMENT_LINK,258.93709806,3.5219857800000227,0.0,False,True
FAIL_000788,726.01,INSUFFICIENT_FUNDS,low_engagement,749,0.3,0.75,0.25,WAIT_AND_RETRY,0.7633119248827371,0.341524,2.0,245.94983924,115.69361508656135,WAIT_AND_RETRY,245.94983924,PAYMENT_LINK,249.14036896,3.1905297200000007,0.0,False,True
FAIL_000209,333.96,BANK_DECLINED,low_engagement,767,0.3,0.76,0.25,WAIT_AND_RETRY,0.5958273079065728,0.258861,2.0,84.44921956,11.09908738139373,WAIT_AND_RETRY,84.44921956,UPDATE_PAYMENT_METHOD,87.43837176,2.9891521999999924,0.0,False,True
FAIL_002282,518.72,BANK_DECLINED,low_engagement,326,0.3,0.4,0.25,WAIT_AND_RETRY,0.7308578868718034,0.142374,2.0,71.85224128,76.46837091525583,WAIT_AND_RETRY,71.85224128,SEND_REMINDER,74.66828000000001,2.8160387200000088,0.0,False,True
FAIL_000964,524.81,AUTHENTICATION_FAILED,low_engagement,606,0.3,0.6,0.25,UPDATE_PAYMENT_METHOD,0.624028309019147,0.217837,3.0,111.32303596999999,70.32560474207443,UPDATE_PAYMENT_METHOD,111.32303596999999,PAYMENT_LINK,113.73663715999999,2.4136011899999943,0.0,False,True
FAIL_000448,14917.0,BANK_DECLINED,high_value_loyal,958,0.82,0.9355,0.9,PAYMENT_LINK,0.7779407093694058,0.95,3.0,14168.15,1247.3314648099258,WAIT_AND_RETRY,14169.15,SEND_REMINDER,14170.15,2.0,1.0,False,False
FAIL_001409,7064.05,INSUFFICIENT_FUNDS,high_value_loyal,746,0.82,0.9167,0.9,PAYMENT_LINK,0.7803604739573916,0.95,3.0,6707.8475,125.82774570231504,WAIT_AND_RETRY,6708.8475,SEND_REMINDER,6709.8475,2.0,1.0,False,False
FAIL_000087,10611.56,LIMIT_EXCEEDED,high_value_loyal,365,0.82,0.9167,0.9,UPDATE_PAYMENT_METHOD,0.7197579988945392,0.95,3.0,10077.981999999998,183.50160762377163,PAYMENT_LINK,10077.981999999998,SEND_REMINDER,10079.981999999998,2.0,0.0,False,False
FAIL_000080,15000.0,INSUFFICIENT_FUNDS,high_value_loyal,723,0.82,0.9167,0.9,PAYMENT_LINK,0.8275716084133199,0.95,3.0,14247.0,734.8593830414793,WAIT_AND_RETRY,14146.975,SEND_REMINDER,14249.0,2.0,-100.02499999999964,False,False
FAIL_002339,9301.15,AUTHENTICATION_FAILED,high_value_loyal,932,0.82,0.9032,0.9,UPDATE_PAYMENT_METHOD,0.8274778970121329,0.95,3.0,8833.092499999999,664.9509367032997,UPDATE_PAYMENT_METHOD,8833.092499999999,SEND_REMINDER,8835.092499999999,2.0,0.0,False,True
FAIL_000996,7063.31,INSUFFICIENT_FUNDS,high_value_loyal,927,0.82,0.9333,0.9,PAYMENT_LINK,0.856704034151391,0.95,3.0,6707.1445,1283.9646678213485,WAIT_AND_RETRY,6684.2846388200005,SEND_REMINDER,6709.1445,2.0,-22.859861179999825,False,False
FAIL_000299,15000.0,INSUFFICIENT_FUNDS,high_value_loyal,981,0.82,0.8438,0.9,PAYMENT_LINK,0.8333248119597095,0.95,3.0,14247.0,837.914366298648,WAIT_AND_RETRY,14110.075,SEND_REMINDER,14249.0,2.0,-136.92499999999927,False,False
FAIL_001621,13569.88,BANK_DECLINED,high_value_loyal,715,0.82,0.9565,0.9,PAYMENT_LINK,0.6257200245772141,0.95,3.0,12888.385999999999,78.61148779443647,WAIT_AND_RETRY,12889.385999999999,SEND_REMINDER,12890.385999999999,2.0,1.0,False,False
FAIL_000575,9730.73,INSUFFICIENT_FUNDS,high_value_loyal,671,0.82,0.9091,0.9,PAYMENT_LINK,0.8415486601585237,0.95,3.0,9241.1935,678.7499557409719,WAIT_AND_RETRY,9102.91756151,SEND_REMINDER,9243.1935,2.0,-138.27593849000004,False,False
FAIL_002499,5512.84,CARD_EXPIRED,high_value_loyal,372,0.82,0.8333,0.9,UPDATE_PAYMENT_METHOD,0.939083649416764,0.95,3.0,5234.198,891.6101276345371,UPDATE_PAYMENT_METHOD,5234.198,SEND_REMINDER,5236.198,2.0,0.0,False,True
FAIL_002590,706.67,BANK_DECLINED,reliable,802,0.8,0.9231,0.85,PAYMENT_LINK,0.7021245317770497,0.947374,3.0,666.48078458,0.9578653331795408,WAIT_AND_RETRY,655.8016494899999,UPDATE_PAYMENT_METHOD,668.3364999999999,1.8557154199999104,-10.679135090000045,False,False
FAIL_000450,14917.0,NETWORK_ERROR,high_value_loyal,958,0.82,0.9355,0.9,RETRY_NOW,0.9224601742413321,0.95,2.0,14169.15,1501.2521289659835,RETRY_NOW,14169.15,SEND_REMINDER,14170.15,1.0,0.0,False,True
FAIL_000318,10848.47,NETWORK_ERROR,high_value_loyal,769,0.82,0.92,0.9,WAIT_AND_RETRY,0.9062040425790187,0.95,2.0,10304.046499999999,279.13128324140234,RETRY_NOW,10304.046499999999,SEND_REMINDER,10305.046499999999,1.0,0.0,False,False
FAIL_000419,9716.42,LIMIT_EXCEEDED,high_value_loyal,946,0.82,0.9677,0.9,PAYMENT_LINK,0.7622497895677912,0.95,3.0,9227.599,2192.7937954815234,PAYMENT_LINK,9227.599,RETRY_NOW,9228.599,1.0,0.0,False,True
FAIL_001361,8636.92,INSUFFICIENT_FUNDS,high_value_loyal,748,0.82,0.9167,0.9,PAYMENT_LINK,0.7843994867912768,0.95,3.0,8202.074,38.50585669839802,WAIT_AND_RETRY,8192.45922532,RETRY_NOW,8203.074,1.0,-9.614774679999755,False,False
FAIL_001267,15000.0,BANK_DECLINED,high_value_loyal,955,0.82,0.9355,0.9,PAYMENT_LINK,0.7505074661354796,0.95,3.0,14247.0,1061.95068356921,WAIT_AND_RETRY,14248.0,WAIT_AND_RETRY,14248.0,1.0,1.0,False,False
FAIL_000865,8418.6,INSUFFICIENT_FUNDS,high_value_loyal,922,0.82,0.9,0.9,WAIT_AND_RETRY,0.7589637588232157,0.95,2.0,7995.67,282.48509799377644,WAIT_AND_RETRY,7995.67,SEND_REMINDER,7996.67,1.0,0.0,False,True
FAIL_002215,8971.98,INSUFFICIENT_FUNDS,high_value_loyal,690,0.82,0.913,0.9,PAYMENT_LINK,0.8276411930749904,0.95,3.0,8520.381,695.3666482229182,WAIT_AND_RETRY,8521.381,WAIT_AND_RETRY,8521.381,1.0,1.0,False,False
FAIL_001471,918.08,LIMIT_EXCEEDED,reliable,962,0.8,0.9375,0.85,PAYMENT_LINK,0.6745725457924795,0.95,3.0,869.176,59.01036707560911,PAYMENT_LINK,869.176,RETRY_NOW,870.176,1.0,0.0,False,True
FAIL_000543,12636.68,INSUFFICIENT_FUNDS,high_value_loyal,831,0.82,0.8889,0.9,WAIT_AND_RETRY,0.8325255972790981,0.95,2.0,12002.846,137.28095930620475,WAIT_AND_RETRY,12002.846,SEND_REMINDER,12003.846,1.0,0.0,False,True
FAIL_000981,5752.09,INSUFFICIENT_FUNDS,high_value_loyal,857,0.82,0.8929,0.9,WAIT_AND_RETRY,0.7873062037211814,0.95,2.0,5462.4855,546.259425628104,WAIT_AND_RETRY,5462.4855,SEND_REMINDER,5463.4855,1.0,0.0,False,True
FAIL_000357,1037.22,LIMIT_EXCEEDED,reliable,399,0.8,0.9231,0.85,PAYMENT_LINK,0.6585448104561029,0.95,3.0,982.3589999999999,58.362095580054074,PAYMENT_LINK,982.3589999999999,RETRY_NOW,983.3589999999999,1.0,0.0,False,True
FAIL_000443,14872.16,NETWORK_ERROR,high_value_loyal,628,0.82,0.95,0.9,RETRY_NOW,0.9042269937480303,0.95,2.0,14126.552,1140.7096207707036,RETRY_NOW,14126.552,SEND_REMINDER,14127.552,1.0,0.0,False,True
FAIL_002441,14993.1,INSUFFICIENT_FUNDS,high_value_loyal,453,0.82,0.8667,0.9,WAIT_AND_RETRY,0.7120931947275058,0.95,2.0,14241.445,2770.4717473115243,WAIT_AND_RETRY,14241.445,SEND_REMINDER,14242.445,1.0,0.0,False,True
FAIL_000834,10125.65,BANK_DECLINED,high_value_loyal,831,0.82,0.8519,0.9,PAYMENT_LINK,0.6919986758112654,0.95,3.0,9616.367499999998,62.05204863362633,WAIT_AND_RETRY,9617.367499999998,WAIT_AND_RETRY,9617.367499999998,1.0,1.0,False,False
FAIL_002395,1152.64,BANK_DECLINED,friction_prone,882,0.35,0.5517,0.45,PAYMENT_LINK,0.6139242261754412,0.392121,3.0,448.97434944,33.58537650702294,WAIT_AND_RETRY,449.80145344000005,WAIT_AND_RETRY,449.80145344000005,0.8271040000000198,0.8271040000000198,False,False
FAIL_002167,200.0,BANK_DECLINED,low_engagement,986,0.3,0.7188,0.25,WAIT_AND_RETRY,0.6905599411823836,0.307234,2.0,59.4468,45.34939296434206,WAIT_AND_RETRY,59.4468,PAYMENT_LINK,60.0956,0.6487999999999943,0.0,False,True
FAIL_000808,1523.74,INSUFFICIENT_FUNDS,friction_prone,235,0.35,0.4286,0.45,PAYMENT_LINK,0.6364426074246597,0.31297,3.0,473.88490780000006,189.15566863061065,WAIT_AND_RETRY,377.68248572000005,UPDATE_PAYMENT_METHOD,474.34050606000005,0.45559825999998793,-96.20242208000002,False,False
FAIL_001231,580.5,BANK_DECLINED,friction_prone,811,0.35,0.6296,0.45,PAYMENT_LINK,0.606414449266513,0.37622,3.0,215.39571,38.64418263648548,WAIT_AND_RETRY,215.78212150000002,WAIT_AND_RETRY,215.78212150000002,0.38641150000000835,0.38641150000000835,False,False
FAIL_001029,850.96,INSUFFICIENT_FUNDS,friction_prone,960,0.35,0.8125,0.45,WAIT_AND_RETRY,0.7686868621220295,0.532995,2.0,451.5574252,263.904006454178,WAIT_AND_RETRY,451.5574252,WAIT_AND_RETRY,451.5574252,0.0,0.0,True,True
FAIL_001024,449.29,BANK_DECLINED,low_engagement,930,0.3,0.7097,0.25,WAIT_AND_RETRY,0.5937908495322801,0.300993,2.0,133.23314497,25.584604740971315,WAIT_AND_RETRY,133.23314497,WAIT_AND_RETRY,133.23314497,0.0,0.0,True,True
FAIL_001023,449.29,AUTHENTICATION_FAILED,low_engagement,930,0.3,0.7097,0.25,UPDATE_PAYMENT_METHOD,0.7220135733363684,0.361419,3.0,159.38194251000002,71.61390662234669,UPDATE_PAYMENT_METHOD,159.38194251000002,UPDATE_PAYMENT_METHOD,159.38194251000002,0.0,0.0,True,True
FAIL_001016,449.29,INSUFFICIENT_FUNDS,low_engagement,930,0.3,0.7097,0.25,WAIT_AND_RETRY,0.7270928215171351,0.336556,2.0,149.21124524,68.74990724705987,WAIT_AND_RETRY,149.21124524,WAIT_AND_RETRY,149.21124524,0.0,0.0,True,True
FAIL_001013,432.26,NETWORK_ERROR,low_engagement,965,0.3,0.8438,0.25,RETRY_NOW,0.8661406452691212,0.646456,2.0,277.43707056,8.66683777173455,RETRY_NOW,277.43707056,RETRY_NOW,277.43707056,0.0,0.0,True,True
FAIL_001011,432.26,CARD_EXPIRED,low_engagement,965,0.3,0.8438,0.25,UPDATE_PAYMENT_METHOD,0.7609312092223846,0.399586,3.0,169.72504436,128.33835317420647,UPDATE_PAYMENT_METHOD,169.72504436,UPDATE_PAYMENT_METHOD,169.72504436,0.0,0.0,True,True
FAIL_001009,1572.78,CARD_EXPIRED,friction_prone,377,0.35,0.6667,0.45,UPDATE_PAYMENT_METHOD,0.8898116764346954,0.471486,3.0,738.54375108,754.3787694656738,UPDATE_PAYMENT_METHOD,738.54375108,UPDATE_PAYMENT_METHOD,738.54375108,0.0,0.0,True,True
FAIL_000797,998.82,BANK_DECLINED,normal,905,0.6,0.8667,0.6,WAIT_AND_RETRY,0.6248477982361723,0.760667,2.0,757.76941294,94.05400145574879,WAIT_AND_RETRY,757.76941294,WAIT_AND_RETRY,757.76941294,0.0,0.0,True,True
FAIL_000785,726.01,INSUFFICIENT_FUNDS,low_engagement,749,0.3,0.75,0.25,WAIT_AND_RETRY,0.7633119248827371,0.315746,2.0,227.23475346,115.69361508656135,WAIT_AND_RETRY,227.23475346,WAIT_AND_RETRY,227.23475346,0.0,0.0,True,True
FAIL_000780,262.8,INSUFFICIENT_FUNDS,low_engagement,684,0.3,0.7727,0.25,WAIT_AND_RETRY,0.82344999029733,0.401568,2.0,103.5320704,74.04288894415117,WAIT_AND_RETRY,103.5320704,WAIT_AND_RETRY,103.5320704,0.0,0.0,True,True
FAIL_000778,676.83,AUTHENTICATION_FAILED,friction_prone,625,0.35,0.8,0.45,UPDATE_PAYMENT_METHOD,0.7256385574193724,0.465083,3.0,311.78212689000003,14.341953083372573,UPDATE_PAYMENT_METHOD,311.78212689000003,UPDATE_PAYMENT_METHOD,311.78212689000003,0.0,0.0,True,True
FAIL_000762,13871.79,NETWORK_ERROR,high_value_loyal,498,0.82,0.875,0.9,WAIT_AND_RETRY,0.8797088683614943,0.95,2.0,13176.2005,622.0167657576185,RETRY_NOW,13176.2005,RETRY_NOW,13176.2005,0.0,0.0,False,False
FAIL_000752,2288.88,LIMIT_EXCEEDED,friction_prone,671,0.35,0.5909,0.45,PAYMENT_LINK,0.7183532571740653,0.457003,3.0,1043.02502664,497.9177812245871,PAYMENT_LINK,1043.02502664,PAYMENT_LINK,1043.02502664,0.0,0.0,True,True
FAIL_000648,893.84,NETWORK_ERROR,low_engagement,531,0.3,0.7647,0.25,RETRY_NOW,0.905471362186985,0.484735,2.0,431.27553240000003,51.982107325961465,RETRY_NOW,431.27553240000003,RETRY_NOW,431.27553240000003,0.0,0.0,True,True
FAIL_000647,893.84,AUTHENTICATION_FAILED,low_engagement,531,0.3,0.7647,0.25,UPDATE_PAYMENT_METHOD,0.6919446125255245,0.482275,3.0,428.07668600000005,204.45068502796136,UPDATE_PAYMENT_METHOD,428.07668600000005,UPDATE_PAYMENT_METHOD,428.07668600000005,0.0,0.0,True,True
FAIL_000645,893.84,AUTHENTICATION_FAILED,low_engagement,531,0.3,0.7647,0.25,UPDATE_PAYMENT_METHOD,0.6919446125255245,0.326114,3.0,288.49373776000004,204.45068502796136,UPDATE_PAYMENT_METHOD,288.49373776000004,UPDATE_PAYMENT_METHOD,288.49373776000004,0.0,0.0,True,True
FAIL_001134,1961.94,INSUFFICIENT_FUNDS,friction_prone,960,0.35,0.7812,0.45,WAIT_AND_RETRY,0.6667806603820324,0.573331,2.0,1122.8410221400002,65.21407124657799,WAIT_AND_RETRY,1122.8410221400002,WAIT_AND_RETRY,1122.8410221400002,0.0,0.0,True,True
FAIL_001125,688.54,CARD_EXPIRED,low_engagement,489,0.3,0.6875,0.25,UPDATE_PAYMENT_METHOD,0.872254015668298,0.377907,3.0,257.20408577999996,379.09593554381934,UPDATE_PAYMENT_METHOD,257.20408577999996,UPDATE_PAYMENT_METHOD,257.20408577999996,0.0,0.0,True,True
FAIL_001116,1927.55,CARD_EXPIRED,friction_prone,826,0.35,0.5926,0.45,UPDATE_PAYMENT_METHOD,0.7245994829383845,0.45568,3.0,875.3459839999999,553.0727173748971,UPDATE_PAYMENT_METHOD,875.3459839999999,UPDATE_PAYMENT_METHOD,875.3459839999999,0.0,0.0,True,True
FAIL_001106,791.33,CARD_EXPIRED,friction_prone,402,0.35,0.6923,0.45,UPDATE_PAYMENT_METHOD,0.8875150741489548,0.500914,3.0,393.38827562,321.33085566693967,UPDATE_PAYMENT_METHOD,393.38827562,UPDATE_PAYMENT_METHOD,393.38827562,0.0,0.0,True,True
FAIL_001097,694.64,AUTHENTICATION_FAILED,low_engagement,616,0.3,0.8,0.25,UPDATE_PAYMENT_METHOD,0.6743997252854088,0.404543,3.0,278.01174951999997,162.17329384109763,UPDATE_PAYMENT_METHOD,278.01174951999997,UPDATE_PAYMENT_METHOD,278.01174951999997,0.0,0.0,True,True
FAIL_001093,1516.92,CARD_EXPIRED,normal,747,0.6,0.875,0.6,UPDATE_PAYMENT_METHOD,0.7714422987641244,0.85832,3.0,1299.0027744,214.7457433354316,UPDATE_PAYMENT_METHOD,1299.0027744,UPDATE_PAYMENT_METHOD,1299.0027744,0.0,0.0,True,True
FAIL_001087,829.5,BANK_DECLINED,friction_prone,751,0.35,0.48,0.45,PAYMENT_LINK,0.5584764363324869,0.364686,3.0,299.507037,102.6092747647437,WAIT_AND_RETRY,245.285563,PAYMENT_LINK,299.507037,0.0,-54.22147400000003,True,False
FAIL_001086,829.5,INSUFFICIENT_FUNDS,friction_prone,751,0.35,0.48,0.45,WAIT_AND_RETRY,0.7793951362825796,0.346582,2.0,285.489769,151.1789420949599,WAIT_AND_RETRY,285.489769,WAIT_AND_RETRY,285.489769,0.0,0.0,True,True
FAIL_001082,829.5,INSUFFICIENT_FUNDS,friction_prone,751,0.35,0.48,0.45,WAIT_AND_RETRY,0.7793951362825796,0.388402,2.0,320.179459,151.1789420949599,WAIT_AND_RETRY,320.179459,WAIT_AND_RETRY,320.179459,0.0,0.0,True,True
FAIL_001079,779.11,CARD_EXPIRED,low_engagement,709,0.3,0.7391,0.25,UPDATE_PAYMENT_METHOD,0.783923226314772,0.380653,3.0,293.57055883000004,308.61711054201953,UPDATE_PAYMENT_METHOD,293.57055883000004,UPDATE_PAYMENT_METHOD,293.57055883000004,0.0,0.0,True,True
FAIL_001070,745.87,LIMIT_EXCEEDED,low_engagement,843,0.3,0.7143,0.25,PAYMENT_LINK,0.663572615154433,0.378659,3.0,279.43038833,64.55870192895145,PAYMENT_LINK,279.43038833,PAYMENT_LINK,279.43038833,0.0,0.0,True,True
FAIL_001169,2634.12,INSUFFICIENT_FUNDS,reliable,964,0.8,0.9375,0.85,WAIT_AND_RETRY,0.8549244457476503,0.95,2.0,2500.4139999999998,417.58867725555865,WAIT_AND_RETRY,2500.4139999999998,RETRY_NOW,2500.4139999999998,0.0,0.0,False,True
FAIL_001168,200.0,NETWORK_ERROR,low_engagement,43,0.3,0.0,0.25,RETRY_NOW,0.931635276299146,0.063357,2.0,10.671399999999998,27.04501002445889,RETRY_NOW,10.671399999999998,RETRY_NOW,10.671399999999998,0.0,0.0,True,True
FAIL_001163,1399.49,NETWORK_ERROR,friction_prone,769,0.35,0.72,0.45,RETRY_NOW,0.844860944831416,0.537035,2.0,749.5751121500001,126.9201053585848,RETRY_NOW,749.5751121500001,RETRY_NOW,749.5751121500001,0.0,0.0,True,True
FAIL_001142,3086.94,INSUFFICIENT_FUNDS,normal,576,0.6,0.6316,0.6,PAYMENT_LINK,0.7015912745822832,0.692202,3.0,2133.78604188,514.6019770946509,WAIT_AND_RETRY,2065.62932506,PAYMENT_LINK,2133.78604188,0.0,-68.15671681999993,True,False
FAIL_001141,3086.94,CARD_EXPIRED,normal,576,0.6,0.6316,0.6,UPDATE_PAYMENT_METHOD,0.8692507260901022,0.766828,3.0,2364.15202632,1270.1062038866498,UPDATE_PAYMENT_METHOD,2364.15202632,UPDATE_PAYMENT_METHOD,2364.15202632,0.0,0.0,True,True
FAIL_001136,1961.94,BANK_DECLINED,friction_prone,960,0.35,0.7812,0.45,PAYMENT_LINK,0.6996849035529452,0.535755,3.0,1048.1191647,89.53182417826747,WAIT_AND_RETRY,848.0281624600001,PAYMENT_LINK,1048.1191647,0.0,-200.09100223999997,True,False
FAIL_000701,472.43,NETWORK_ERROR,normal,547,0.6,0.9444,0.6,RETRY_NOW,0.9020773375091571,0.898422,2.0,422.44150546000003,22.830485467614324,RETRY_NOW,422.44150546000003,RETRY_NOW,422.44150546000003,0.0,0.0,True,True
FAIL_000696,913.36,NETWORK_ERROR,normal,759,0.6,0.8,0.6,RETRY_NOW,0.8641290189415015,0.799846,2.0,728.54734256,16.24448680868045,RETRY_NOW,728.54734256,RETRY_NOW,728.54734256,0.0,0.0,True,True
FAIL_000682,470.05,INSUFFICIENT_FUNDS,low_engagement,621,0.3,0.5,0.25,WAIT_AND_RETRY,0.7032151599004375,0.249416,2.0,115.2379908,52.61871638849749,WAIT_AND_RETRY,115.2379908,WAIT_AND_RETRY,115.2379908,0.0,0.0,True,True
FAIL_000677,470.05,CARD_EXPIRED,low_engagement,621,0.3,0.5,0.25,UPDATE_PAYMENT_METHOD,0.7975486168994618,0.246293,3.0,112.77002465000001,258.8063270132523,UPDATE_PAYMENT_METHOD,112.77002465000001,UPDATE_PAYMENT_METHOD,112.77002465000001,0.0,0.0,True,True
FAIL_000675,470.05,NETWORK_ERROR,low_engagement,621,0.3,0.5,0.25,RETRY_NOW,0.8060358909000528,0.293695,2.0,136.05133475,54.7024896607075,RETRY_NOW,136.05133475,RETRY_NOW,136.05133475,0.0,0.0,True,True
FAIL_000670,382.33,BANK_DECLINED,low_engagement,640,0.3,0.7143,0.25,PAYMENT_LINK,0.5648223373569844,0.366806,3.0,137.24093798,15.988713360835106,WAIT_AND_RETRY,94.12120297,PAYMENT_LINK,137.24093798,0.0,-43.119735010000014,True,False
FAIL_000666,1477.76,BANK_DECLINED,friction_prone,182,0.35,0.8333,0.45,WAIT_AND_RETRY,0.5986960138268409,0.520815,2.0,767.6395744,506.1405675857391,WAIT_AND_RETRY,767.6395744,WAIT_AND_RETRY,767.6395744,0.0,0.0,True,True
FAIL_000656,1739.87,BANK_DECLINED,reliable,806,0.8,0.8846,0.85,PAYMENT_LINK,0.6506566116763145,0.95,3.0,1649.8764999999999,122.2322924846967,WAIT_AND_RETRY,1634.69744887,PAYMENT_LINK,1649.8764999999999,0.0,-15.179051129999834,True,False
FAIL_000654,1739.87,BANK_DECLINED,reliable,806,0.8,0.8846,0.85,PAYMENT_LINK,0.6506566116763145,0.95,3.0,1649.8764999999999,122.2322924846967,WAIT_AND_RETRY,1568.8416295,PAYMENT_LINK,1649.8764999999999,0.0,-81.0348704999999,True,False
FAIL_000652,768.63,INSUFFICIENT_FUNDS,low_engagement,211,0.3,0.7143,0.25,WAIT_AND_RETRY,0.7580673699770107,0.356497,2.0,272.01428911,151.69723440401685,WAIT_AND_RETRY,272.01428911,WAIT_AND_RETRY,272.01428911,0.0,0.0,True,True
FAIL_001296,14846.24,NETWORK_ERROR,high_value_loyal,728,0.82,0.9167,0.9,RETRY_NOW,0.8777637465548183,0.95,2.0,14101.928,615.4767768813053,RETRY_NOW,14101.928,RETRY_NOW,14101.928,0.0,0.0,True,True
FAIL_001293,489.64,LIMIT_EXCEEDED,low_engagement,876,0.3,0.8276,0.25,PAYMENT_LINK,0.6582240873670572,0.403646,3.0,194.64122744,117.45434563794828,PAYMENT_LINK,194.64122744,PAYMENT_LINK,194.64122744,0.0,0.0,True,True
FAIL_001289,489.64,BANK_DECLINED,low_engagement,876,0.3,0.8276,0.25,WAIT_AND_RETRY,0.726981034759467,0.403446,2.0,195.54329944,56.431524789310686,WAIT_AND_RETRY,195.54329944,WAIT_AND_RETRY,195.54329944,0.0,0.0,True,True
FAIL_001287,489.64,AUTHENTICATION_FAILED,low_engagement,876,0.3,0.8276,0.25,UPDATE_PAYMENT_METHOD,0.7633915176640742,0.373225,3.0,179.74588899999998,76.3634856628126,UPDATE_PAYMENT_METHOD,179.74588899999998,UPDATE_PAYMENT_METHOD,179.74588899999998,0.0,0.0,True,True
FAIL_001286,489.64,CARD_EXPIRED,low_engagement,876,0.3,0.8276,0.25,UPDATE_PAYMENT_METHOD,0.8525573571022718,0.530785,3.0,256.8935674,141.80280386241822,UPDATE_PAYMENT_METHOD,256.8935674,UPDATE_PAYMENT_METHOD,256.8935674,0.0,0.0,True,True
FAIL_001277,540.07,INSUFFICIENT_FUNDS,friction_prone,978,0.35,0.6875,0.45,WAIT_AND_RETRY,0.7546935441547482,0.414797,2.0,222.01941579000004,38.91262599305435,WAIT_AND_RETRY,222.01941579000004,WAIT_AND_RETRY,222.01941579000004,0.0,0.0,True,True
FAIL_001272,8583.5,NETWORK_ERROR,high_value_loyal,414,0.82,0.9231,0.9,WAIT_AND_RETRY,0.9053226377459113,0.95,2.0,8152.325,248.41275576446333,RETRY_NOW,8152.325,RETRY_NOW,8152.325,0.0,0.0,False,False
FAIL_001245,1120.08,INSUFFICIENT_FUNDS,normal,948,0.6,0.7419,0.6,WAIT_AND_RETRY,0.7509353657781392,0.754467,2.0,843.06339736,35.25389410871571,WAIT_AND_RETRY,843.06339736,WAIT_AND_RETRY,843.06339736,0.0,0.0,True,True
FAIL_001240,3208.7,INSUFFICIENT_FUNDS,high_value_loyal,922,0.82,0.9,0.9,WAIT_AND_RETRY,0.7478391598133202,0.95,2.0,3046.265,323.4867913604562,WAIT_AND_RETRY,3046.265,WAIT_AND_RETRY,3046.265,0.0,0.0,True,True
FAIL_001233,493.48,NETWORK_ERROR,low_engagement,951,0.3,0.7742,0.25,RETRY_NOW,0.9201097308080928,0.429114,2.0,209.75917672,11.924893317028818,RETRY_NOW,209.75917672,RETRY_NOW,209.75917672,0.0,0.0,True,True
FAIL_001229,580.5,BANK_DECLINED,friction_prone,811,0.35,0.6296,0.45,PAYMENT_LINK,0.606414449266513,0.411157,3.0,235.6766385,38.64418263648548,WAIT_AND_RETRY,217.9427425,PAYMENT_LINK,235.6766385,0.0,-17.733895999999987,True,False
FAIL_001216,457.08,AUTHENTICATION_FAILED,low_engagement,651,0.3,0.7619,0.25,UPDATE_PAYMENT_METHOD,0.7037906745142581,0.447423,3.0,201.50810484,113.1537330465226,UPDATE_PAYMENT_METHOD,201.50810484,UPDATE_PAYMENT_METHOD,201.50810484,0.0,0.0,True,True
FAIL_001171,1737.7,INSUFFICIENT_FUNDS,friction_prone,985,0.35,0.5625,0.45,WAIT_AND_RETRY,0.6953076543279523,0.463973,2.0,804.2458821,37.96606528982397,WAIT_AND_RETRY,804.2458821,WAIT_AND_RETRY,804.2458821,0.0,0.0,True,True
FAIL_001405,2231.07,BANK_DECLINED,friction_prone,603,0.35,0.8,0.45,WAIT_AND_RETRY,0.6621324093360079,0.526776,2.0,1173.27413032,324.378709274376,WAIT_AND_RETRY,1173.27413032,WAIT_AND_RETRY,1173.27413032,0.0,0.0,True,True
FAIL_001394,321.75,INSUFFICIENT_FUNDS,low_engagement,759,0.3,0.8,0.25,WAIT_AND_RETRY,0.7134198945984705,0.440567,2.0,139.75243225,54.0728221301803,WAIT_AND_RETRY,139.75243225,WAIT_AND_RETRY,139.75243225,0.0,0.0,True,True
FAIL_001390,601.97,CARD_EXPIRED,low_engagement,765,0.3,0.84,0.25,UPDATE_PAYMENT_METHOD,0.822382316686245,0.330068,3.0,195.69103396,157.4551199935679,UPDATE_PAYMENT_METHOD,195.69103396,UPDATE_PAYMENT_METHOD,195.69103396,0.0,0.0,True,True
FAIL_001385,2023.63,INSUFFICIENT_FUNDS,friction_prone,831,0.35,0.7778,0.45,WAIT_AND_RETRY,0.7265941972081039,0.512844,2.0,1035.80650372,88.19225620727252,WAIT_AND_RETRY,1035.80650372,WAIT_AND_RETRY,1035.80650372,0.0,0.0,True,True
FAIL_001367,444.14,AUTHENTICATION_FAILED,low_engagement,700,0.3,0.6522,0.25,UPDATE_PAYMENT_METHOD,0.7527486391797241,0.279914,3.0,121.32100396,150.77473021856696,UPDATE_PAYMENT_METHOD,121.32100396,UPDATE_PAYMENT_METHOD,121.32100396,0.0,0.0,True,True
FAIL_001354,2315.15,CARD_EXPIRED,normal,535,0.6,0.7059,0.6,UPDATE_PAYMENT_METHOD,0.9209056911204484,0.793805,3.0,1834.77764575,1263.511550998883,UPDATE_PAYMENT_METHOD,1834.77764575,UPDATE_PAYMENT_METHOD,1834.77764575,0.0,0.0,True,True
FAIL_001353,633.24,LIMIT_EXCEEDED,friction_prone,429,0.35,0.6429,0.45,PAYMENT_LINK,0.5298185914120837,0.419021,3.0,262.34085804,39.96289035694525,PAYMENT_LINK,262.34085804,PAYMENT_LINK,262.34085804,0.0,0.0,True,True
FAIL_001345,1492.87,CARD_EXPIRED,normal,137,0.6,0.5,0.6,UPDATE_PAYMENT_METHOD,0.750044603852642,0.651071,3.0,968.9643637699999,137.65825484480683,UPDATE_PAYMENT_METHOD,968.9643637699999,UPDATE_PAYMENT_METHOD,968.9643637699999,0.0,0.0,True,True
FAIL_001337,1196.46,BANK_DECLINED,friction_prone,542,0.35,0.6111,0.45,WAIT_AND_RETRY,0.5672092793119268,0.378722,2.0,451.12572412000003,63.44115382933819,WAIT_AND_RETRY,451.12572412000003,WAIT_AND_RETRY,451.12572412000003,0.0,0.0,True,True
FAIL_001329,2720.0,CARD_EXPIRED,reliable,470,0.8,0.8667,0.85,UPDATE_PAYMENT_METHOD,0.8952902252905051,0.95,3.0,2581.0,617.2666965699182,UPDATE_PAYMENT_METHOD,2581.0,UPDATE_PAYMENT_METHOD,2581.0,0.0,0.0,True,True
FAIL_001320,676.53,CARD_EXPIRED,normal,705,0.6,0.6957,0.6,UPDATE_PAYMENT_METHOD,0.9426326713671004,0.776758,3.0,522.5000897399999,231.47022236531865,UPDATE_PAYMENT_METHOD,522.5000897399999,UPDATE_PAYMENT_METHOD,522.5000897399999,0.0,0.0,True,True
FAIL_001300,878.95,NETWORK_ERROR,friction_prone,745,0.35,0.7083,0.45,RETRY_NOW,0.8335504908153671,0.533527,2.0,466.94355665,36.204922688814236,RETRY_NOW,466.94355665,RETRY_NOW,466.94355665,0.0,0.0,True,True
FAIL_000605,928.54,NETWORK_ERROR,friction_prone,452,0.35,0.5333,0.45,RETRY_NOW,0.8856481148752005,0.376883,2.0,347.95094082,121.8532886589461,RETRY_NOW,347.95094082,RETRY_NOW,347.95094082,0.0,0.0,True,True
FAIL_000604,408.16,CARD_EXPIRED,low_engagement,396,0.3,0.7692,0.25,UPDATE_PAYMENT_METHOD,0.8985310691537428,0.378471,3.0,151.47672336000002,233.210438009784,UPDATE_PAYMENT_METHOD,151.47672336000002,UPDATE_PAYMENT_METHOD,151.47672336000002,0.0,0.0,True,True
FAIL_000586,992.15,INSUFFICIENT_FUNDS,normal,947,0.6,0.871,0.6,WAIT_AND_RETRY,0.6945143853479723,0.806907,2.0,798.57278005,95.4772527452252,WAIT_AND_RETRY,798.57278005,WAIT_AND_RETRY,798.57278005,0.0,0.0,True,True
FAIL_000572,1274.95,BANK_DECLINED,low_engagement,233,0.3,0.8571,0.25,WAIT_AND_RETRY,0.6116921997450196,0.360612,2.0,457.7622694,403.6596606822065,WAIT_AND_RETRY,457.7622694,WAIT_AND_RETRY,457.7622694,0.0,0.0,True,True
FAIL_000567,1605.38,INSUFFICIENT_FUNDS,friction_prone,491,0.35,0.8125,0.45,WAIT_AND_RETRY,0.6693718557757695,0.558996,2.0,895.4009984800001,127.16444684176213,WAIT_AND_RETRY,895.4009984800001,WAIT_AND_RETRY,895.4009984800001,0.0,0.0,True,True
FAIL_000551,437.85,CARD_EXPIRED,low_engagement,862,0.3,0.8214,0.25,UPDATE_PAYMENT_METHOD,0.885147902540739,0.423044,3.0,182.2298154,155.99445176260093,UPDATE_PAYMENT_METHOD,182.2298154,UPDATE_PAYMENT_METHOD,182.2298154,0.0,0.0,True,True
FAIL_000547,7312.97,LIMIT_EXCEEDED,high_value_loyal,479,0.82,0.8667,0.9,PAYMENT_LINK,0.7381463121643154,0.95,3.0,6944.3215,1925.294088909944,PAYMENT_LINK,6944.3215,PAYMENT_LINK,6944.3215,0.0,0.0,True,True
FAIL_000542,12636.68,LIMIT_EXCEEDED,high_value_loyal,831,0.82,0.8889,0.9,PAYMENT_LINK,0.6262659914794235,0.95,3.0,12001.846,553.0868052894875,PAYMENT_LINK,12001.846,UPDATE_PAYMENT_METHOD,12001.846,0.0,0.0,False,True
FAIL_001482,576.58,BANK_DECLINED,low_engagement,982,0.3,0.8438,0.25,WAIT_AND_RETRY,0.6798455931320504,0.435576,2.0,249.14441008000003,25.28724116065763,WAIT_AND_RETRY,249.14441008000003,WAIT_AND_RETRY,249.14441008000003,0.0,0.0,True,True
FAIL_001456,12441.81,LIMIT_EXCEEDED,high_value_loyal,465,0.82,0.8667,0.9,PAYMENT_LINK,0.5775189153601018,0.95,3.0,11816.7195,887.9311766613437,PAYMENT_LINK,11816.7195,PAYMENT_LINK,11816.7195,0.0,0.0,True,True
FAIL_001433,1271.26,NETWORK_ERROR,friction_prone,706,0.35,0.6522,0.45,RETRY_NOW,0.9079008268011226,0.463427,2.0,587.1362080199999,120.94913571729171,RETRY_NOW,587.1362080199999,RETRY_NOW,587.1362080199999,0.0,0.0,True,True
FAIL_000457,655.36,CARD_EXPIRED,low_engagement,812,0.3,0.8148,0.25,UPDATE_PAYMENT_METHOD,0.7895956187736616,0.466817,3.0,302.93318912,111.90444004276668,UPDATE_PAYMENT_METHOD,302.93318912,UPDATE_PAYMENT_METHOD,302.93318912,0.0,0.0,True,True
FAIL_001557,11684.35,INSUFFICIENT_FUNDS,high_value_loyal,906,0.82,0.8,0.9,WAIT_AND_RETRY,0.832889192416069,0.95,2.0,11098.1325,464.4006722209815,WAIT_AND_RETRY,11098.1325,WAIT_AND_RETRY,11098.1325,0.0,0.0,True,True
FAIL_001551,1520.27,CARD_EXPIRED,friction_prone,774,0.35,0.64,0.45,UPDATE_PAYMENT_METHOD,0.8811736005105895,0.52068,3.0,788.5741836000001,765.1197496373846,UPDATE_PAYMENT_METHOD,788.5741836000001,UPDATE_PAYMENT_METHOD,788.5741836000001,0.0,0.0,True,True
FAIL_001532,1262.66,AUTHENTICATION_FAILED,normal,300,0.6,0.9,0.6,UPDATE_PAYMENT_METHOD,0.8671760421226267,0.843798,3.0,1062.4299826800002,490.288543687671,UPDATE_PAYMENT_METHOD,1062.4299826800002,UPDATE_PAYMENT_METHOD,1062.4299826800002,0.0,0.0,True,True
FAIL_001530,12778.74,LIMIT_EXCEEDED,high_value_loyal,102,0.82,0.6667,0.9,PAYMENT_LINK,0.7391301040771497,0.943808,3.0,12057.67704192,2204.175013787946,PAYMENT_LINK,12057.67704192,PAYMENT_LINK,12057.67704192,0.0,0.0,True,True
FAIL_001517,998.51,BANK_DECLINED,normal,614,0.6,0.9,0.6,WAIT_AND_RETRY,0.7303921315101901,0.841808,2.0,838.55370608,321.61459663432413,WAIT_AND_RETRY,838.55370608,WAIT_AND_RETRY,838.55370608,0.0,0.0,True,True
FAIL_001513,278.46,CARD_EXPIRED,low_engagement,612,0.3,0.65,0.25,UPDATE_PAYMENT_METHOD,0.7712660873080354,0.297937,3.0,79.96353701999999,103.25398602792896,UPDATE_PAYMENT_METHOD,79.96353701999999,UPDATE_PAYMENT_METHOD,79.96353701999999,0.0,0.0,True,True
FAIL_001494,369.27,INSUFFICIENT_FUNDS,friction_prone,621,0.35,0.5,0.45,SEND_REMINDER,0.6469461286042905,0.377163,1.0,138.27498101,7.260165420574225,WAIT_AND_RETRY,138.09512967999999,SEND_REMINDER,138.27498101,0.0,-0.17985133000001952,True,False
FAIL_001487,1586.51,BANK_DECLINED,friction_prone,622,0.35,0.7,0.45,WAIT_AND_RETRY,0.6058835148976706,0.432088,2.0,683.51193288,29.38354084701541,WAIT_AND_RETRY,683.51193288,WAIT_AND_RETRY,683.51193288,0.0,0.0,True,True
FAIL_001483,576.58,INSUFFICIENT_FUNDS,low_engagement,982,0.3,0.8438,0.25,WAIT_AND_RETRY,0.8603118676804777,0.371841,2.0,212.39608378,231.5753617462455,WAIT_AND_RETRY,212.39608378,WAIT_AND_RETRY,212.39608378,0.0,0.0,True,True
FAIL_000637,609.3,INSUFFICIENT_FUNDS,low_engagement,724,0.3,0.6667,0.25,WAIT_AND_RETRY,0.7027986157376762,0.274765,2.0,165.4143145,84.92460256798546,WAIT_AND_RETRY,165.4143145,WAIT_AND_RETRY,165.4143145,0.0,0.0,True,True
FAIL_000635,609.3,INSUFFICIENT_FUNDS,low_engagement,724,0.3,0.6667,0.25,WAIT_AND_RETRY,0.7027986157376762,0.281686,2.0,169.6312798,84.92460256798546,WAIT_AND_RETRY,169.6312798,WAIT_AND_RETRY,169.6312798,0.0,0.0,True,True
FAIL_000627,200.0,INSUFFICIENT_FUNDS,low_engagement,701,0.3,0.6522,0.25,WAIT_AND_RETRY,0.6691197370286491,0.29112,2.0,56.224,24.4822388144768,WAIT_AND_RETRY,56.224,WAIT_AND_RETRY,56.224,0.0,0.0,True,True
FAIL_001649,1249.65,INSUFFICIENT_FUNDS,friction_prone,852,0.35,0.5357,0.45,WAIT_AND_RETRY,0.7738911370217232,0.399376,2.0,497.08021840000004,195.05943141194564,WAIT_AND_RETRY,497.08021840000004,WAIT_AND_RETRY,497.08021840000004,0.0,0.0,True,True
FAIL_001635,666.71,LIMIT_EXCEEDED,friction_prone,788,0.35,0.5385,0.45,PAYMENT_LINK,0.6054395689587444,0.356809,3.0,234.88812839,72.04054688885441,PAYMENT_LINK,234.88812839,PAYMENT_LINK,234.88812839,0.0,0.0,True,True
FAIL_001633,666.71,NETWORK_ERROR,friction_prone,788,0.35,0.5385,0.45,WAIT_AND_RETRY,0.7539602742163198,0.378332,2.0,250.23772772,55.74359551490778,RETRY_NOW,225.70546656000002,WAIT_AND_RETRY,250.23772772,0.0,-24.53226115999999,True,False
FAIL_001622,666.71,CARD_EXPIRED,friction_prone,788,0.35,0.5385,0.45,UPDATE_PAYMENT_METHOD,0.8890545346490634,0.44681,3.0,294.8926951,301.79678966971164,UPDATE_PAYMENT_METHOD,294.8926951,UPDATE_PAYMENT_METHOD,294.8926951,0.0,0.0,True,True
FAIL_001577,2210.87,NETWORK_ERROR,friction_prone,702,0.35,0.6957,0.45,RETRY_NOW,0.8980268632502906,0.495866,2.0,1094.2952634199999,114.43537950905466,RETRY_NOW,1094.2952634199999,RETRY_NOW,1094.2952634199999,0.0,0.0,True,True
FAIL_000536,404.59,CARD_EXPIRED,low_engagement,877,0.3,0.7586,0.25,UPDATE_PAYMENT_METHOD,0.8242726677569628,0.376459,3.0,149.31154680999998,127.792585650393,UPDATE_PAYMENT_METHOD,149.31154680999998,UPDATE_PAYMENT_METHOD,149.31154680999998,0.0,0.0,True,True
FAIL_000516,1213.6,CARD_EXPIRED,friction_prone,408,0.35,0.6923,0.45,UPDATE_PAYMENT_METHOD,0.8945000537304264,0.628534,3.0,759.7888624,500.38072245503156,UPDATE_PAYMENT_METHOD,759.7888624,UPDATE_PAYMENT_METHOD,759.7888624,0.0,0.0,True,True
FAIL_000511,324.57,INSUFFICIENT_FUNDS,low_engagement,141,0.3,0.5,0.25,WAIT_AND_RETRY,0.7709221857731842,0.174029,2.0,54.48459252999999,84.90161336974245,WAIT_AND_RETRY,54.48459252999999,WAIT_AND_RETRY,54.48459252999999,0.0,0.0,True,True
FAIL_000498,378.71,INSUFFICIENT_FUNDS,friction_prone,489,0.35,0.9375,0.45,WAIT_AND_RETRY,0.7959215838332814,0.674013,2.0,253.25546322999998,72.91999456097048,WAIT_AND_RETRY,253.25546322999998,WAIT_AND_RETRY,253.25546322999998,0.0,0.0,True,True
FAIL_000496,221.49,CARD_EXPIRED,low_engagement,677,0.3,0.7727,0.25,UPDATE_PAYMENT_METHOD,0.7684800425828328,0.404172,3.0,86.52005627999999,72.46443554776893,UPDATE_PAYMENT_METHOD,86.52005627999999,UPDATE_PAYMENT_METHOD,86.52005627999999,0.0,0.0,True,True
FAIL_000492,221.49,INSUFFICIENT_FUNDS,low_engagement,677,0.3,0.7727,0.25,WAIT_AND_RETRY,0.8209126989428588,0.355437,2.0,76.72574113,55.95865647460512,WAIT_AND_RETRY,76.72574113,WAIT_AND_RETRY,76.72574113,0.0,0.0,True,True
FAIL_000474,1171.97,INSUFFICIENT_FUNDS,normal,709,0.6,0.7826,0.6,WAIT_AND_RETRY,0.7446514398295051,0.766177,2.0,895.93645869,144.16373882224138,WAIT_AND_RETRY,895.93645869,WAIT_AND_RETRY,895.93645869,0.0,0.0,True,True
FAIL_000470,1171.97,INSUFFICIENT_FUNDS,normal,709,0.6,0.7826,0.6,WAIT_AND_RETRY,0.7446514398295051,0.817922,2.0,956.5800463400001,144.16373882224138,WAIT_AND_RETRY,956.5800463400001,WAIT_AND_RETRY,956.5800463400001,0.0,0.0,True,True
FAIL_000459,623.9,CARD_EXPIRED,low_engagement,640,0.3,0.7619,0.25,UPDATE_PAYMENT_METHOD,0.7187636924402143,0.364098,3.0,224.1607422,204.50759990495325,UPDATE_PAYMENT_METHOD,224.1607422,UPDATE_PAYMENT_METHOD,224.1607422,0.0,0.0,True,True
FAIL_001734,891.7,INSUFFICIENT_FUNDS,normal,626,0.6,0.85,0.6,WAIT_AND_RETRY,0.7712368789132514,0.782482,2.0,695.7391994000001,114.6818079647951,WAIT_AND_RETRY,695.7391994000001,WAIT_AND_RETRY,695.7391994000001,0.0,0.0,True,True
FAIL_001733,1279.62,CARD_EXPIRED,reliable,782,0.8,0.9615,0.85,UPDATE_PAYMENT_METHOD,0.8924083987000356,0.95,3.0,1212.639,193.13960052787888,UPDATE_PAYMENT_METHOD,1212.639,UPDATE_PAYMENT_METHOD,1212.639,0.0,0.0,True,True
FAIL_001729,1090.5,BANK_DECLINED,friction_prone,758,0.35,0.64,0.45,WAIT_AND_RETRY,0.6238085397905746,0.461052,2.0,500.77720600000004,15.10610167027437,WAIT_AND_RETRY,500.77720600000004,WAIT_AND_RETRY,500.77720600000004,0.0,0.0,True,True
FAIL_001719,8298.83,AUTHENTICATION_FAILED,high_value_loyal,989,0.82,0.9375,0.9,UPDATE_PAYMENT_METHOD,0.7318351985149963,0.95,3.0,7880.888499999999,259.5808957104655,UPDATE_PAYMENT_METHOD,7880.888499999999,UPDATE_PAYMENT_METHOD,7880.888499999999,0.0,0.0,True,True
FAIL_001718,8298.83,NETWORK_ERROR,high_value_loyal,989,0.82,0.9375,0.9,RETRY_NOW,0.8979315801311331,0.95,2.0,7881.888499999999,1348.4478721929854,RETRY_NOW,7881.888499999999,RETRY_NOW,7881.888499999999,0.0,0.0,True,True
FAIL_001698,1314.12,INSUFFICIENT_FUNDS,normal,175,0.6,0.8,0.6,WAIT_AND_RETRY,0.8248070716826227,0.754421,2.0,989.39972452,128.1369507984018,WAIT_AND_RETRY,989.39972452,WAIT_AND_RETRY,989.39972452,0.0,0.0,True,True
FAIL_001689,300.09,CARD_EXPIRED,friction_prone,727,0.35,0.5,0.45,UPDATE_PAYMENT_METHOD,0.8255847579932101,0.379875,3.0,110.99668874999999,140.79891179238754,UPDATE_PAYMENT_METHOD,110.99668874999999,UPDATE_PAYMENT_METHOD,110.99668874999999,0.0,0.0,True,True
FAIL_001684,1055.34,LIMIT_EXCEEDED,friction_prone,987,0.35,0.625,0.45,PAYMENT_LINK,0.6451710761529249,0.537931,3.0,564.70010154,264.01511741641826,PAYMENT_LINK,564.70010154,PAYMENT_LINK,564.70010154,0.0,0.0,True,True
FAIL_001673,1055.34,NETWORK_ERROR,friction_prone,987,0.35,0.625,0.45,WAIT_AND_RETRY,0.9030888174428605,0.476253,2.0,500.60884101999994,140.459953253928,RETRY_NOW,480.77583639999995,WAIT_AND_RETRY,500.60884101999994,0.0,-19.833004619999997,True,False
FAIL_000061,1192.85,LIMIT_EXCEEDED,normal,866,0.6,0.7857,0.6,PAYMENT_LINK,0.7611993744744466,0.768532,3.0,913.7433961999999,134.97619218664772,PAYMENT_LINK,913.7433961999999,PAYMENT_LINK,913.7433961999999,0.0,0.0,True,True
FAIL_000097,9606.42,LIMIT_EXCEEDED,high_value_loyal,841,0.82,0.8929,0.9,PAYMENT_LINK,0.7167137909072377,0.95,3.0,9123.099,1456.4196516397733,PAYMENT_LINK,9123.099,UPDATE_PAYMENT_METHOD,9123.099,0.0,0.0,False,True
FAIL_002641,974.33,INSUFFICIENT_FUNDS,low_engagement,830,0.3,0.8148,0.25,WAIT_AND_RETRY,0.7201707942231377,0.449964,2.0,436.41342412,159.0494928161013,WAIT_AND_RETRY,436.41342412,WAIT_AND_RETRY,436.41342412,0.0,0.0,True,True
FAIL_001654,1249.65,BANK_DECLINED,friction_prone,852,0.35,0.5357,0.45,WAIT_AND_RETRY,0.5836701033187002,0.346717,2.0,431.27489905000004,11.210037863668845,WAIT_AND_RETRY,431.27489905000004,WAIT_AND_RETRY,431.27489905000004,0.0,0.0,True,True
FAIL_001650,1249.65,INSUFFICIENT_FUNDS,friction_prone,852,0.35,0.5357,0.45,WAIT_AND_RETRY,0.7738911370217232,0.31332,2.0,389.540338,195.05943141194564,WAIT_AND_RETRY,389.540338,WAIT_AND_RETRY,389.540338,0.0,0.0,True,True
FAIL_000420,293.46,INSUFFICIENT_FUNDS,low_engagement,952,0.3,0.7419,0.25,WAIT_AND_RETRY,0.759986329617006,0.36153,2.0,104.0945938,69.61743587784423,WAIT_AND_RETRY,104.0945938,WAIT_AND_RETRY,104.0945938,0.0,0.0,True,True
FAIL_002655,319.2,INSUFFICIENT_FUNDS,low_engagement,788,0.3,0.7308,0.25,WAIT_AND_RETRY,0.7545141256037237,0.290353,2.0,90.68067760000001,71.21447444313813,WAIT_AND_RETRY,90.68067760000001,WAIT_AND_RETRY,90.68067760000001,0.0,0.0,True,True
FAIL_000404,985.5,AUTHENTICATION_FAILED,friction_prone,781,0.35,0.5,0.45,UPDATE_PAYMENT_METHOD,0.7622368581891815,0.463498,3.0,453.777279,92.87950732931404,UPDATE_PAYMENT_METHOD,453.777279,UPDATE_PAYMENT_METHOD,453.777279,0.0,0.0,True,True
FAIL_000402,985.5,INSUFFICIENT_FUNDS,friction_prone,781,0.35,0.5,0.45,WAIT_AND_RETRY,0.7420773522325309,0.396371,2.0,388.62362049999996,184.90067019295157,WAIT_AND_RETRY,388.62362049999996,WAIT_AND_RETRY,388.62362049999996,0.0,0.0,True,True
FAIL_001812,671.72,LIMIT_EXCEEDED,normal,763,0.6,0.92,0.6,PAYMENT_LINK,0.8461614252649751,0.864819,3.0,577.91621868,184.14050005666712,PAYMENT_LINK,577.91621868,PAYMENT_LINK,577.91621868,0.0,0.0,True,True
FAIL_002656,319.2,AUTHENTICATION_FAILED,low_engagement,788,0.3,0.7308,0.25,UPDATE_PAYMENT_METHOD,0.6459772573409592,0.307785,3.0,95.24497199999999,25.304418594723643,UPDATE_PAYMENT_METHOD,95.24497199999999,UPDATE_PAYMENT_METHOD,95.24497199999999,0.0,0.0,True,True
FAIL_001795,1009.84,CARD_EXPIRED,low_engagement,447,0.3,0.7857,0.25,UPDATE_PAYMENT_METHOD,0.9012759162789634,0.429577,3.0,430.80403768,654.202357769503,UPDATE_PAYMENT_METHOD,430.80403768,UPDATE_PAYMENT_METHOD,430.80403768,0.0,0.0,True,True
FAIL_001788,703.54,INSUFFICIENT_FUNDS,friction_prone,485,0.35,0.75,0.45,WAIT_AND_RETRY,0.737097306602977,0.517251,2.0,361.90676854,76.14548571600943,WAIT_AND_RETRY,361.90676854,WAIT_AND_RETRY,361.90676854,0.0,0.0,True,True
FAIL_001787,703.54,NETWORK_ERROR,friction_prone,485,0.35,0.75,0.45,RETRY_NOW,0.8080512493590065,0.623904,2.0,436.94142016,30.766684507314153,RETRY_NOW,436.94142016,RETRY_NOW,436.94142016,0.0,0.0,True,True
FAIL_001781,345.77,LIMIT_EXCEEDED,normal,937,0.6,0.6774,0.6,PAYMENT_LINK,0.6598596002151018,0.80478,3.0,275.2687806,0.40478620734137394,PAYMENT_LINK,275.2687806,PAYMENT_LINK,275.2687806,0.0,0.0,True,True
FAIL_001780,345.77,BANK_DECLINED,normal,937,0.6,0.6774,0.6,WAIT_AND_RETRY,0.6074370389946318,0.761341,2.0,261.24887757,61.92258407346904,WAIT_AND_RETRY,261.24887757,WAIT_AND_RETRY,261.24887757,0.0,0.0,True,True
FAIL_001761,1595.24,BANK_DECLINED,friction_prone,758,0.35,0.64,0.45,PAYMENT_LINK,0.6320193428450743,0.403831,3.0,641.20736444,64.22850922315092,WAIT_AND_RETRY,601.4059109599999,PAYMENT_LINK,641.20736444,0.0,-39.80145348000008,True,False
FAIL_001752,208.63,CARD_EXPIRED,low_engagement,998,0.3,0.8182,0.25,UPDATE_PAYMENT_METHOD,0.7561537543798723,0.535861,3.0,108.79668043000001,69.83442081391053,UPDATE_PAYMENT_METHOD,108.79668043000001,UPDATE_PAYMENT_METHOD,108.79668043000001,0.0,0.0,True,True
FAIL_001748,208.63,INSUFFICIENT_FUNDS,low_engagement,998,0.3,0.8182,0.25,WAIT_AND_RETRY,0.7891472863861364,0.401218,2.0,81.70611134,55.82525899944132,WAIT_AND_RETRY,81.70611134,WAIT_AND_RETRY,81.70611134,0.0,0.0,True,True
FAIL_001742,859.71,NETWORK_ERROR,friction_prone,811,0.35,0.5556,0.45,RETRY_NOW,0.8534892595621256,0.433994,2.0,371.10898174,91.17566673565557,RETRY_NOW,371.10898174,RETRY_NOW,371.10898174,0.0,0.0,True,True
FAIL_001735,891.7,NETWORK_ERROR,normal,626,0.6,0.85,0.6,RETRY_NOW,0.9003389751063254,0.873684,2.0,777.0640228000001,27.50610809713396,RETRY_NOW,777.0640228000001,RETRY_NOW,777.0640228000001,0.0,0.0,True,True
FAIL_001866,933.74,INSUFFICIENT_FUNDS,friction_prone,986,0.35,0.6875,0.45,WAIT_AND_RETRY,0.7277720158233255,0.512387,2.0,476.43623738,16.499396818115883,WAIT_AND_RETRY,476.43623738,WAIT_AND_RETRY,476.43623738,0.0,0.0,True,True
FAIL_001864,937.29,CARD_EXPIRED,low_engagement,886,0.3,0.7586,0.25,UPDATE_PAYMENT_METHOD,0.8284421818534249,0.393806,3.0,366.11042574,382.9142939766563,UPDATE_PAYMENT_METHOD,366.11042574,UPDATE_PAYMENT_METHOD,366.11042574,0.0,0.0,True,True
FAIL_001859,937.29,AUTHENTICATION_FAILED,low_engagement,886,0.3,0.7586,0.25,UPDATE_PAYMENT_METHOD,0.7140373636868032,0.290944,3.0,269.69890175999996,140.55205719068647,UPDATE_PAYMENT_METHOD,269.69890175999996,UPDATE_PAYMENT_METHOD,269.69890175999996,0.0,0.0,True,True
FAIL_001858,937.29,INSUFFICIENT_FUNDS,low_engagement,886,0.3,0.7586,0.25,WAIT_AND_RETRY,0.7319368871589339,0.324208,2.0,301.87691631999996,140.49988225384163,WAIT_AND_RETRY,301.87691631999996,WAIT_AND_RETRY,301.87691631999996,0.0,0.0,True,True
FAIL_001844,685.76,BANK_DECLINED,friction_prone,972,0.35,0.75,0.45,PAYMENT_LINK,0.6396766621254681,0.47971,3.0,325.96592960000004,12.54676128581707,WAIT_AND_RETRY,255.47270656,PAYMENT_LINK,325.96592960000004,0.0,-70.49322304000003,True,False
FAIL_002667,1165.14,INSUFFICIENT_FUNDS,low_engagement,521,0.3,0.8824,0.25,WAIT_AND_RETRY,0.6892787067240762,0.384115,2.0,445.5477511,317.9819349821233,WAIT_AND_RETRY,445.5477511,WAIT_AND_RETRY,445.5477511,0.0,0.0,True,True
FAIL_001827,618.03,AUTHENTICATION_FAILED,normal,821,0.6,0.8519,0.6,UPDATE_PAYMENT_METHOD,0.8952783216038847,0.805502,3.0,494.82440106,83.60345700861876,UPDATE_PAYMENT_METHOD,494.82440106,UPDATE_PAYMENT_METHOD,494.82440106,0.0,0.0,True,True
FAIL_001816,636.44,LIMIT_EXCEEDED,friction_prone,427,0.35,0.7143,0.45,PAYMENT_LINK,0.5188242843839205,0.518806,3.0,327.18889064,9.731412049686014,PAYMENT_LINK,327.18889064,PAYMENT_LINK,327.18889064,0.0,0.0,True,True
FAIL_001813,636.44,AUTHENTICATION_FAILED,friction_prone,427,0.35,0.7143,0.45,UPDATE_PAYMENT_METHOD,0.7729990234946159,0.571441,3.0,360.68791004,44.74118027287125,UPDATE_PAYMENT_METHOD,360.68791004,UPDATE_PAYMENT_METHOD,360.68791004,0.0,0.0,True,True
FAIL_002685,817.6,INSUFFICIENT_FUNDS,normal,864,0.6,0.8929,0.6,WAIT_AND_RETRY,0.7423651139496688,0.813998,2.0,663.5247648000001,100.97272428917898,WAIT_AND_RETRY,663.5247648000001,WAIT_AND_RETRY,663.5247648000001,0.0,0.0,True,True
FAIL_002689,231.48,AUTHENTICATION_FAILED,low_engagement,775,0.3,0.68,0.25,UPDATE_PAYMENT_METHOD,0.6804749317437335,0.289729,3.0,64.06646892,27.421917714897944,UPDATE_PAYMENT_METHOD,64.06646892,UPDATE_PAYMENT_METHOD,64.06646892,0.0,0.0,True,True
FAIL_000445,14872.16,LIMIT_EXCEEDED,high_value_loyal,628,0.82,0.95,0.9,PAYMENT_LINK,0.7911660629728501,0.95,3.0,14125.552,2336.3650714446358,PAYMENT_LINK,14125.552,UPDATE_PAYMENT_METHOD,14125.552,0.0,0.0,False,True
FAIL_000129,706.77,AUTHENTICATION_FAILED,friction_prone,631,0.35,0.5714,0.45,UPDATE_PAYMENT_METHOD,0.7830018425821568,0.473692,3.0,331.79129484,123.35792680700371,UPDATE_PAYMENT_METHOD,331.79129484,UPDATE_PAYMENT_METHOD,331.79129484,0.0,0.0,True,True
FAIL_000439,1204.32,BANK_DECLINED,normal,692,0.6,0.7826,0.6,PAYMENT_LINK,0.5986973801248282,0.745792,3.0,895.1722214399999,82.73375729013515,WAIT_AND_RETRY,828.83146432,PAYMENT_LINK,895.1722214399999,0.0,-66.34075711999992,True,False
FAIL_000425,293.46,BANK_DECLINED,low_engagement,952,0.3,0.7419,0.25,WAIT_AND_RETRY,0.5823169920264291,0.309057,2.0,88.69586722,2.1272707613424586,WAIT_AND_RETRY,88.69586722,WAIT_AND_RETRY,88.69586722,0.0,0.0,True,True
FAIL_000422,293.46,CARD_EXPIRED,low_engagement,952,0.3,0.7419,0.25,UPDATE_PAYMENT_METHOD,0.8609921185157476,0.433364,3.0,124.17499944,103.79836456484574,UPDATE_PAYMENT_METHOD,124.17499944,UPDATE_PAYMENT_METHOD,124.17499944,0.0,0.0,True,True
FAIL_001990,200.0,AUTHENTICATION_FAILED,low_engagement,824,0.3,0.7037,0.25,UPDATE_PAYMENT_METHOD,0.5817049304724949,0.322656,3.0,61.5312,18.993371994101423,UPDATE_PAYMENT_METHOD,61.5312,UPDATE_PAYMENT_METHOD,61.5312,0.0,0.0,True,True
FAIL_000876,762.6,NETWORK_ERROR,low_engagement,493,0.3,0.8125,0.25,RETRY_NOW,0.9083731549531517,0.551153,2.0,418.3092778,33.8678582742989,RETRY_NOW,418.3092778,RETRY_NOW,418.3092778,0.0,0.0,True,True
FAIL_002626,568.27,BANK_DECLINED,friction_prone,941,0.35,0.6452,0.45,PAYMENT_LINK,0.6501564533121666,0.42897,3.0,240.7707819,17.776316117650765,WAIT_AND_RETRY,216.16226262,PAYMENT_LINK,240.7707819,0.0,-24.608519279999996,True,False
FAIL_001972,325.73,AUTHENTICATION_FAILED,friction_prone,817,0.35,0.8148,0.45,UPDATE_PAYMENT_METHOD,0.7169921978366087,0.580734,3.0,186.16248582,22.512523383361213,UPDATE_PAYMENT_METHOD,186.16248582,UPDATE_PAYMENT_METHOD,186.16248582,0.0,0.0,True,True
FAIL_001953,1339.11,NETWORK_ERROR,normal,735,0.6,0.8333,0.6,RETRY_NOW,0.9096661088550287,0.849267,2.0,1135.2619323699998,60.54871631493552,RETRY_NOW,1135.2619323699998,RETRY_NOW,1135.2619323699998,0.0,0.0,True,True
FAIL_001947,1784.87,LIMIT_EXCEEDED,friction_prone,893,0.35,0.7931,0.45,PAYMENT_LINK,0.7441975645228347,0.585906,3.0,1042.76604222,387.089322197398,PAYMENT_LINK,1042.76604222,PAYMENT_LINK,1042.76604222,0.0,0.0,True,True
FAIL_001939,1036.92,AUTHENTICATION_FAILED,friction_prone,855,0.35,0.7143,0.45,UPDATE_PAYMENT_METHOD,0.8228405222133447,0.494115,3.0,509.3577258,162.00004860710214,UPDATE_PAYMENT_METHOD,509.3577258,UPDATE_PAYMENT_METHOD,509.3577258,0.0,0.0,True,True
FAIL_001937,1036.92,AUTHENTICATION_FAILED,friction_prone,855,0.35,0.7143,0.45,UPDATE_PAYMENT_METHOD,0.8228405222133447,0.469577,3.0,483.91378284000007,162.00004860710214,UPDATE_PAYMENT_METHOD,483.91378284000007,UPDATE_PAYMENT_METHOD,483.91378284000007,0.0,0.0,True,True
FAIL_001928,720.89,CARD_EXPIRED,low_engagement,629,0.3,0.85,0.25,UPDATE_PAYMENT_METHOD,0.8482289362393637,0.452898,3.0,323.48963922,335.52746022376806,UPDATE_PAYMENT_METHOD,323.48963922,UPDATE_PAYMENT_METHOD,323.48963922,0.0,0.0,True,True
FAIL_001913,984.04,INSUFFICIENT_FUNDS,friction_prone,503,0.35,0.875,0.45,WAIT_AND_RETRY,0.7405485122617327,0.66002,2.0,647.4860808000001,109.5270296610189,WAIT_AND_RETRY,647.4860808000001,WAIT_AND_RETRY,647.4860808000001,0.0,0.0,True,True
FAIL_001905,799.44,BANK_DECLINED,low_engagement,759,0.3,0.8,0.25,WAIT_AND_RETRY,0.6929760934344044,0.352748,2.0,280.00086112,173.17933378925585,WAIT_AND_RETRY,280.00086112,WAIT_AND_RETRY,280.00086112,0.0,0.0,True,True
FAIL_000030,988.37,NETWORK_ERROR,low_engagement,518,0.3,0.8235,0.25,RETRY_NOW,0.886960137362069,0.489523,2.0,481.82984751,38.753233646376316,RETRY_NOW,481.82984751,RETRY_NOW,481.82984751,0.0,0.0,True,True
FAIL_001903,799.44,AUTHENTICATION_FAILED,low_engagement,759,0.3,0.8,0.25,UPDATE_PAYMENT_METHOD,0.6136676071329509,0.362108,3.0,286.48361952,193.7759617704309,UPDATE_PAYMENT_METHOD,286.48361952,UPDATE_PAYMENT_METHOD,286.48361952,0.0,0.0,True,True
FAIL_001895,200.0,BANK_DECLINED,low_engagement,798,0.3,0.8462,0.25,WAIT_AND_RETRY,0.6614846898921249,0.354291,2.0,68.85820000000001,61.280637117125494,WAIT_AND_RETRY,68.85820000000001,WAIT_AND_RETRY,68.85820000000001,0.0,0.0,True,True
FAIL_002789,307.85,INSUFFICIENT_FUNDS,low_engagement,888,0.3,0.7241,0.25,WAIT_AND_RETRY,0.7911207741146421,0.256096,2.0,76.8391536,75.69883968223257,WAIT_AND_RETRY,76.8391536,WAIT_AND_RETRY,76.8391536,0.0,0.0,True,True
FAIL_001873,933.74,INSUFFICIENT_FUNDS,friction_prone,986,0.35,0.6875,0.45,WAIT_AND_RETRY,0.7277720158233255,0.427791,2.0,397.44556833999997,16.499396818115883,WAIT_AND_RETRY,397.44556833999997,WAIT_AND_RETRY,397.44556833999997,0.0,0.0,True,True
FAIL_002783,1639.15,INSUFFICIENT_FUNDS,normal,896,0.6,0.8276,0.6,WAIT_AND_RETRY,0.7775216366622302,0.816622,2.0,1336.5659513,167.13427146761546,WAIT_AND_RETRY,1336.5659513,WAIT_AND_RETRY,1336.5659513,0.0,0.0,True,True
FAIL_000336,569.52,AUTHENTICATION_FAILED,low_engagement,677,0.3,0.6818,0.25,UPDATE_PAYMENT_METHOD,0.6697173575277184,0.302883,3.0,169.49792616,129.76946172070234,UPDATE_PAYMENT_METHOD,169.49792616,UPDATE_PAYMENT_METHOD,169.49792616,0.0,0.0,True,True
FAIL_000329,785.26,CARD_EXPIRED,friction_prone,585,0.35,0.4737,0.45,UPDATE_PAYMENT_METHOD,0.8693051542923714,0.370543,3.0,287.97259618,338.0926473112422,UPDATE_PAYMENT_METHOD,287.97259618,UPDATE_PAYMENT_METHOD,287.97259618,0.0,0.0,True,True
FAIL_000327,785.26,INSUFFICIENT_FUNDS,friction_prone,585,0.35,0.4737,0.45,WAIT_AND_RETRY,0.7909180849999474,0.366229,2.0,285.58498454,119.39213318434747,WAIT_AND_RETRY,285.58498454,WAIT_AND_RETRY,285.58498454,0.0,0.0,True,True
FAIL_000323,14456.27,AUTHENTICATION_FAILED,high_value_loyal,680,0.82,0.9091,0.9,UPDATE_PAYMENT_METHOD,0.7198132172981075,0.95,3.0,13730.4565,243.24745974155303,UPDATE_PAYMENT_METHOD,13730.4565,UPDATE_PAYMENT_METHOD,13730.4565,0.0,0.0,True,True
FAIL_002773,1739.2,LIMIT_EXCEEDED,friction_prone,494,0.35,0.6875,0.45,PAYMENT_LINK,0.6077689926789099,0.430664,3.0,746.0108288,449.4542292411502,PAYMENT_LINK,746.0108288,PAYMENT_LINK,746.0108288,0.0,0.0,True,True
FAIL_002078,281.45,INSUFFICIENT_FUNDS,low_engagement,744,0.3,0.75,0.25,WAIT_AND_RETRY,0.7755197706817127,0.380284,2.0,105.0309318,58.31935374091577,WAIT_AND_RETRY,105.0309318,WAIT_AND_RETRY,105.0309318,0.0,0.0,True,True
FAIL_002073,601.44,AUTHENTICATION_FAILED,low_engagement,501,0.3,0.75,0.25,UPDATE_PAYMENT_METHOD,0.7023909386827556,0.348181,3.0,206.40998064000004,129.72682293526083,UPDATE_PAYMENT_METHOD,206.40998064000004,UPDATE_PAYMENT_METHOD,206.40998064000004,0.0,0.0,True,True
FAIL_002071,1716.97,BANK_DECLINED,friction_prone,572,0.35,0.8421,0.45,WAIT_AND_RETRY,0.6426031932999232,0.553326,2.0,948.04414222,99.5488574410515,WAIT_AND_RETRY,948.04414222,WAIT_AND_RETRY,948.04414222,0.0,0.0,True,True
FAIL_002070,1882.53,LIMIT_EXCEEDED,friction_prone,501,0.35,0.5625,0.45,PAYMENT_LINK,0.5574744262472652,0.436136,3.0,818.03910408,402.2480796970369,PAYMENT_LINK,818.03910408,PAYMENT_LINK,818.03910408,0.0,0.0,True,True
FAIL_002772,6771.64,BANK_DECLINED,high_value_loyal,361,0.82,0.8333,0.9,PAYMENT_LINK,0.5871089118229696,0.95,3.0,6430.058,45.01006001871292,WAIT_AND_RETRY,6418.422119760001,PAYMENT_LINK,6430.058,0.0,-11.635880239999096,True,False
FAIL_002025,1696.9,CARD_EXPIRED,normal,785,0.6,0.8077,0.6,UPDATE_PAYMENT_METHOD,0.8615904226744123,0.860302,3.0,1456.8464638,464.10696057234884,UPDATE_PAYMENT_METHOD,1456.8464638,UPDATE_PAYMENT_METHOD,1456.8464638,0.0,0.0,True,True
FAIL_002769,885.95,AUTHENTICATION_FAILED,friction_prone,491,0.35,0.8125,0.45,UPDATE_PAYMENT_METHOD,0.7413861179047633,0.594627,3.0,523.8097906500001,115.03491966076797,UPDATE_PAYMENT_METHOD,523.8097906500001,UPDATE_PAYMENT_METHOD,523.8097906500001,0.0,0.0,True,True
FAIL_002002,450.36,BANK_DECLINED,friction_prone,446,0.35,0.5714,0.45,WAIT_AND_RETRY,0.6800891137170794,0.392097,2.0,174.58480491999998,33.51248648542952,WAIT_AND_RETRY,174.58480491999998,WAIT_AND_RETRY,174.58480491999998,0.0,0.0,True,True
FAIL_002762,1096.67,INSUFFICIENT_FUNDS,normal,761,0.6,0.84,0.6,WAIT_AND_RETRY,0.7598274001136349,0.808644,2.0,884.8156154800001,62.859558740075045,WAIT_AND_RETRY,884.8156154800001,WAIT_AND_RETRY,884.8156154800001,0.0,0.0,True,True
FAIL_001991,200.0,INSUFFICIENT_FUNDS,low_engagement,824,0.3,0.7037,0.25,PAYMENT_LINK,0.7150434009332451,0.314945,3.0,59.989,11.004088288644681,WAIT_AND_RETRY,53.6314,PAYMENT_LINK,59.989,0.0,-6.357599999999998,True,False
FAIL_002176,1736.57,LIMIT_EXCEEDED,friction_prone,818,0.35,0.7407,0.45,UPDATE_PAYMENT_METHOD,0.6616383015236214,0.519942,3.0,899.91567894,149.9819569726434,PAYMENT_LINK,840.48157069,UPDATE_PAYMENT_METHOD,899.91567894,0.0,-59.43410825000001,True,False
FAIL_002760,997.84,INSUFFICIENT_FUNDS,friction_prone,387,0.35,0.5,0.45,WAIT_AND_RETRY,0.6746075158763294,0.344305,2.0,341.56130120000006,45.16096986223067,WAIT_AND_RETRY,341.56130120000006,WAIT_AND_RETRY,341.56130120000006,0.0,0.0,True,True
FAIL_002168,200.0,INSUFFICIENT_FUNDS,low_engagement,986,0.3,0.7188,0.25,WAIT_AND_RETRY,0.7789883291521463,0.314549,2.0,60.909800000000004,31.616996158613645,WAIT_AND_RETRY,60.909800000000004,WAIT_AND_RETRY,60.909800000000004,0.0,0.0,True,True
FAIL_002751,747.97,INSUFFICIENT_FUNDS,low_engagement,581,0.3,0.8421,0.25,WAIT_AND_RETRY,0.7445136755780241,0.330719,2.0,245.36789043,127.98361478087622,WAIT_AND_RETRY,245.36789043,WAIT_AND_RETRY,245.36789043,0.0,0.0,True,True
FAIL_002162,200.0,NETWORK_ERROR,low_engagement,986,0.3,0.7188,0.25,RETRY_NOW,0.8365709641575175,0.424827,2.0,82.9654,2.819150265360605,RETRY_NOW,82.9654,RETRY_NOW,82.9654,0.0,0.0,True,True
FAIL_002142,1826.29,BANK_DECLINED,normal,104,0.6,0.6667,0.6,WAIT_AND_RETRY,0.6705685530411731,0.679729,2.0,1239.38227541,180.82454579173782,WAIT_AND_RETRY,1239.38227541,WAIT_AND_RETRY,1239.38227541,0.0,0.0,True,True
FAIL_002136,802.81,BANK_DECLINED,normal,967,0.6,0.9062,0.6,WAIT_AND_RETRY,0.6556639066468832,0.830105,2.0,664.41659505,151.28371968270812,WAIT_AND_RETRY,664.41659505,WAIT_AND_RETRY,664.41659505,0.0,0.0,True,True
FAIL_002130,408.24,AUTHENTICATION_FAILED,low_engagement,333,0.3,0.8182,0.25,UPDATE_PAYMENT_METHOD,0.6620954299988713,0.410626,3.0,164.63395824,32.09298307982064,UPDATE_PAYMENT_METHOD,164.63395824,UPDATE_PAYMENT_METHOD,164.63395824,0.0,0.0,True,True
FAIL_002112,313.47,CARD_EXPIRED,low_engagement,995,0.3,0.7879,0.25,UPDATE_PAYMENT_METHOD,0.8129329903092407,0.416069,3.0,127.42514943,79.76002118563233,UPDATE_PAYMENT_METHOD,127.42514943,UPDATE_PAYMENT_METHOD,127.42514943,0.0,0.0,True,True
FAIL_002081,772.21,NETWORK_ERROR,reliable,676,0.8,0.8182,0.85,RETRY_NOW,0.8224278630979182,0.95,2.0,731.5995,88.4128713072148,RETRY_NOW,731.5995,RETRY_NOW,731.5995,0.0,0.0,True,True
FAIL_000384,413.01,BANK_DECLINED,reliable,812,0.8,0.9259,0.85,PAYMENT_LINK,0.7285041355240037,0.95,3.0,389.35949999999997,9.762351240158978,WAIT_AND_RETRY,387.58035571,PAYMENT_LINK,389.35949999999997,0.0,-1.7791442899999765,True,False
FAIL_000380,1459.65,CARD_EXPIRED,friction_prone,316,0.35,0.9,0.45,UPDATE_PAYMENT_METHOD,0.8889566946627802,0.604901,3.0,879.9437446500001,740.5581228552138,UPDATE_PAYMENT_METHOD,879.9437446500001,UPDATE_PAYMENT_METHOD,879.9437446500001,0.0,0.0,True,True
FAIL_000379,1459.65,INSUFFICIENT_FUNDS,friction_prone,316,0.35,0.9,0.45,WAIT_AND_RETRY,0.6904656821115964,0.578447,2.0,842.3301635500001,316.8788929099786,WAIT_AND_RETRY,842.3301635500001,WAIT_AND_RETRY,842.3301635500001,0.0,0.0,True,True
FAIL_000373,1162.18,CARD_EXPIRED,low_engagement,833,0.3,0.7778,0.25,UPDATE_PAYMENT_METHOD,0.7638340679265763,0.41182,3.0,475.6089676,559.7241292600621,UPDATE_PAYMENT_METHOD,475.6089676,UPDATE_PAYMENT_METHOD,475.6089676,0.0,0.0,True,True
FAIL_002750,747.97,BANK_DECLINED,low_engagement,581,0.3,0.8421,0.25,WAIT_AND_RETRY,0.57415866377512,0.34874,2.0,258.8470578,78.56662168332446,WAIT_AND_RETRY,258.8470578,WAIT_AND_RETRY,258.8470578,0.0,0.0,True,True
FAIL_000351,671.28,LIMIT_EXCEEDED,low_engagement,726,0.3,0.8333,0.25,PAYMENT_LINK,0.5592915113043384,0.380428,3.0,252.37370783999998,146.66403610878655,PAYMENT_LINK,252.37370783999998,PAYMENT_LINK,252.37370783999998,0.0,0.0,True,True
FAIL_000281,324.58,CARD_EXPIRED,low_engagement,750,0.3,0.8,0.25,UPDATE_PAYMENT_METHOD,0.7790644406280439,0.381145,3.0,120.7120441,140.12145346095238,UPDATE_PAYMENT_METHOD,120.7120441,UPDATE_PAYMENT_METHOD,120.7120441,0.0,0.0,True,True
FAIL_000279,324.58,INSUFFICIENT_FUNDS,low_engagement,750,0.3,0.8,0.25,WAIT_AND_RETRY,0.7556416398542043,0.353795,2.0,112.8347811,58.909255605424704,WAIT_AND_RETRY,112.8347811,WAIT_AND_RETRY,112.8347811,0.0,0.0,True,True
FAIL_002747,634.7,CARD_EXPIRED,low_engagement,334,0.3,0.7273,0.25,UPDATE_PAYMENT_METHOD,0.9172976642724234,0.363357,3.0,227.62268790000002,384.37587210119193,UPDATE_PAYMENT_METHOD,227.62268790000002,UPDATE_PAYMENT_METHOD,227.62268790000002,0.0,0.0,True,True
FAIL_000263,697.76,BANK_DECLINED,normal,802,0.6,0.7692,0.6,WAIT_AND_RETRY,0.5901111629290692,0.760152,2.0,528.40365952,54.459423199829416,WAIT_AND_RETRY,528.40365952,WAIT_AND_RETRY,528.40365952,0.0,0.0,True,True
FAIL_000261,697.76,AUTHENTICATION_FAILED,normal,802,0.6,0.7692,0.6,UPDATE_PAYMENT_METHOD,0.7672893401573119,0.755399,3.0,524.08720624,60.67414171524854,UPDATE_PAYMENT_METHOD,524.08720624,UPDATE_PAYMENT_METHOD,524.08720624,0.0,0.0,True,True
FAIL_002640,773.95,INSUFFICIENT_FUNDS,low_engagement,818,0.3,0.7778,0.25,WAIT_AND_RETRY,0.7549012843959828,0.355071,2.0,272.80720045000004,171.61236198667643,WAIT_AND_RETRY,272.80720045000004,WAIT_AND_RETRY,272.80720045000004,0.0,0.0,True,True
FAIL_002234,2452.06,BANK_DECLINED,normal,827,0.6,0.7778,0.6,PAYMENT_LINK,0.6279404421750162,0.820427,3.0,2008.73622962,363.3215776170564,WAIT_AND_RETRY,1783.6489414399998,PAYMENT_LINK,2008.73622962,0.0,-225.0872881800001,True,False
FAIL_002233,2452.06,INSUFFICIENT_FUNDS,normal,827,0.6,0.7778,0.6,WAIT_AND_RETRY,0.730137791365399,0.791156,2.0,1937.96198136,598.9934072673907,WAIT_AND_RETRY,1937.96198136,WAIT_AND_RETRY,1937.96198136,0.0,0.0,True,True
FAIL_002221,768.09,INSUFFICIENT_FUNDS,low_engagement,455,0.3,0.7333,0.25,WAIT_AND_RETRY,0.6726210091895494,0.322861,2.0,245.98630549,107.29451289547825,WAIT_AND_RETRY,245.98630549,WAIT_AND_RETRY,245.98630549,0.0,0.0,True,True
FAIL_002634,773.95,CARD_EXPIRED,low_engagement,818,0.3,0.7778,0.25,UPDATE_PAYMENT_METHOD,0.7331548329569473,0.417785,3.0,320.34470075,232.02782582207902,UPDATE_PAYMENT_METHOD,320.34470075,UPDATE_PAYMENT_METHOD,320.34470075,0.0,0.0,True,True
FAIL_002210,311.11,CARD_EXPIRED,low_engagement,548,0.3,0.5556,0.25,UPDATE_PAYMENT_METHOD,0.8800787352166367,0.274008,3.0,82.24662887999999,133.0728597919925,UPDATE_PAYMENT_METHOD,82.24662887999999,UPDATE_PAYMENT_METHOD,82.24662887999999,0.0,0.0,True,True
FAIL_002209,311.11,CARD_EXPIRED,low_engagement,548,0.3,0.5556,0.25,UPDATE_PAYMENT_METHOD,0.8800787352166367,0.24532,3.0,73.3215052,133.0728597919925,UPDATE_PAYMENT_METHOD,73.3215052,UPDATE_PAYMENT_METHOD,73.3215052,0.0,0.0,True,True
FAIL_002208,311.11,BANK_DECLINED,low_engagement,548,0.3,0.5556,0.25,WAIT_AND_RETRY,0.63519261361585,0.238821,2.0,72.29960131,47.79173725874361,WAIT_AND_RETRY,72.29960131,WAIT_AND_RETRY,72.29960131,0.0,0.0,True,True
FAIL_002203,259.64,INSUFFICIENT_FUNDS,normal,596,0.6,0.8947,0.6,WAIT_AND_RETRY,0.8622764104606363,0.834603,2.0,214.69632291999997,36.15683342957445,WAIT_AND_RETRY,214.69632291999997,WAIT_AND_RETRY,214.69632291999997,0.0,0.0,True,True
FAIL_002197,9124.45,BANK_DECLINED,high_value_loyal,766,0.82,0.92,0.9,PAYMENT_LINK,0.7120731237596143,0.95,3.0,8665.2275,716.8071848423051,WAIT_AND_RETRY,8514.98974125,UPDATE_PAYMENT_METHOD,8665.2275,0.0,-150.23775875000138,False,False
FAIL_002188,926.3,CARD_EXPIRED,low_engagement,324,0.3,0.5,0.25,UPDATE_PAYMENT_METHOD,0.8941547204176311,0.229337,3.0,209.4348631,480.6210825099311,UPDATE_PAYMENT_METHOD,209.4348631,UPDATE_PAYMENT_METHOD,209.4348631,0.0,0.0,True,True
FAIL_002707,827.8,AUTHENTICATION_FAILED,low_engagement,953,0.3,0.7742,0.25,UPDATE_PAYMENT_METHOD,0.7590726330971385,0.331118,3.0,271.0994804,249.82873343223832,UPDATE_PAYMENT_METHOD,271.0994804,UPDATE_PAYMENT_METHOD,271.0994804,0.0,0.0,True,True
FAIL_002277,1868.13,INSUFFICIENT_FUNDS,normal,408,0.6,0.7692,0.6,WAIT_AND_RETRY,0.7257644922301982,0.763512,2.0,1424.33967256,166.2927268872395,WAIT_AND_RETRY,1424.33967256,WAIT_AND_RETRY,1424.33967256,0.0,0.0,True,True
FAIL_002272,471.41,LIMIT_EXCEEDED,friction_prone,127,0.35,0.25,0.45,PAYMENT_LINK,0.5719014163742907,0.256187,3.0,117.76911367000001,64.91528449783888,PAYMENT_LINK,117.76911367000001,PAYMENT_LINK,117.76911367000001,0.0,0.0,True,True
FAIL_000963,524.81,AUTHENTICATION_FAILED,low_engagement,606,0.3,0.6,0.25,UPDATE_PAYMENT_METHOD,0.624028309019147,0.260264,3.0,133.58914983999998,70.32560474207443,UPDATE_PAYMENT_METHOD,133.58914983999998,UPDATE_PAYMENT_METHOD,133.58914983999998,0.0,0.0,True,True
FAIL_002264,638.25,AUTHENTICATION_FAILED,low_engagement,715,0.3,0.6522,0.25,UPDATE_PAYMENT_METHOD,0.7995506581459872,0.34082,3.0,214.528365,194.23858168062077,UPDATE_PAYMENT_METHOD,214.528365,UPDATE_PAYMENT_METHOD,214.528365,0.0,0.0,True,True
FAIL_002262,638.25,BANK_DECLINED,low_engagement,715,0.3,0.6522,0.25,WAIT_AND_RETRY,0.6475927960743225,0.24695,2.0,155.6158375,72.70655058901269,WAIT_AND_RETRY,155.6158375,WAIT_AND_RETRY,155.6158375,0.0,0.0,True,True
FAIL_002255,609.78,INSUFFICIENT_FUNDS,friction_prone,617,0.35,0.65,0.45,WAIT_AND_RETRY,0.6168358908009934,0.403465,2.0,244.0248877,74.86025387096021,WAIT_AND_RETRY,244.0248877,WAIT_AND_RETRY,244.0248877,0.0,0.0,True,True
FAIL_000961,524.81,CARD_EXPIRED,low_engagement,606,0.3,0.6,0.25,UPDATE_PAYMENT_METHOD,0.8915861661454366,0.35984,3.0,185.84763039999999,331.06911327809235,UPDATE_PAYMENT_METHOD,185.84763039999999,UPDATE_PAYMENT_METHOD,185.84763039999999,0.0,0.0,True,True
FAIL_000954,978.94,CARD_EXPIRED,normal,580,0.6,0.7368,0.6,UPDATE_PAYMENT_METHOD,0.8583229801194235,0.775517,3.0,756.18461198,305.35139179376347,UPDATE_PAYMENT_METHOD,756.18461198,UPDATE_PAYMENT_METHOD,756.18461198,0.0,0.0,True,True
FAIL_000301,15000.0,LIMIT_EXCEEDED,high_value_loyal,981,0.82,0.8438,0.9,UPDATE_PAYMENT_METHOD,0.9205904462703751,0.95,3.0,14247.0,1444.8759975471785,PAYMENT_LINK,14247.0,UPDATE_PAYMENT_METHOD,14247.0,0.0,0.0,True,False
FAIL_000943,686.09,CARD_EXPIRED,friction_prone,429,0.35,0.7143,0.45,UPDATE_PAYMENT_METHOD,0.8822125020152608,0.50147,3.0,341.0535523,263.3125172543286,UPDATE_PAYMENT_METHOD,341.0535523,UPDATE_PAYMENT_METHOD,341.0535523,0.0,0.0,True,True
FAIL_000298,15000.0,INSUFFICIENT_FUNDS,high_value_loyal,981,0.82,0.8438,0.9,PAYMENT_LINK,0.8333248119597095,0.95,3.0,14247.0,837.914366298648,WAIT_AND_RETRY,13981.314999999999,PAYMENT_LINK,14247.0,0.0,-265.6850000000013,True,False
FAIL_000287,324.58,AUTHENTICATION_FAILED,low_engagement,750,0.3,0.8,0.25,UPDATE_PAYMENT_METHOD,0.5323184013032053,0.375555,3.0,118.8976419,47.330289131627225,UPDATE_PAYMENT_METHOD,118.8976419,UPDATE_PAYMENT_METHOD,118.8976419,0.0,0.0,True,True
FAIL_000285,324.58,BANK_DECLINED,low_engagement,750,0.3,0.8,0.25,WAIT_AND_RETRY,0.644975817192426,0.324324,2.0,103.26908392,40.629222196289476,WAIT_AND_RETRY,103.26908392,WAIT_AND_RETRY,103.26908392,0.0,0.0,True,True
FAIL_000284,324.58,INSUFFICIENT_FUNDS,low_engagement,750,0.3,0.8,0.25,WAIT_AND_RETRY,0.7556416398542043,0.341916,2.0,108.97909528,58.909255605424704,WAIT_AND_RETRY,108.97909528,WAIT_AND_RETRY,108.97909528,0.0,0.0,True,True
FAIL_000282,324.58,INSUFFICIENT_FUNDS,low_engagement,750,0.3,0.8,0.25,WAIT_AND_RETRY,0.7556416398542043,0.407331,2.0,130.21149598,58.909255605424704,WAIT_AND_RETRY,130.21149598,WAIT_AND_RETRY,130.21149598,0.0,0.0,True,True
FAIL_000939,2093.21,CARD_EXPIRED,friction_prone,830,0.35,0.7778,0.45,UPDATE_PAYMENT_METHOD,0.718409495085489,0.67997,3.0,1420.3200037,337.13921340130173,UPDATE_PAYMENT_METHOD,1420.3200037,UPDATE_PAYMENT_METHOD,1420.3200037,0.0,0.0,True,True
FAIL_000208,333.96,INSUFFICIENT_FUNDS,low_engagement,767,0.3,0.76,0.25,WAIT_AND_RETRY,0.7093490612678928,0.332358,2.0,108.99427767999998,70.07843454867455,WAIT_AND_RETRY,108.99427767999998,WAIT_AND_RETRY,108.99427767999998,0.0,0.0,True,True
FAIL_000206,333.96,INSUFFICIENT_FUNDS,low_engagement,767,0.3,0.76,0.25,WAIT_AND_RETRY,0.7093490612678928,0.426425,2.0,140.40889299999998,70.07843454867455,WAIT_AND_RETRY,140.40889299999998,WAIT_AND_RETRY,140.40889299999998,0.0,0.0,True,True
FAIL_000938,2093.21,AUTHENTICATION_FAILED,friction_prone,830,0.35,0.7778,0.45,UPDATE_PAYMENT_METHOD,0.6221332213887449,0.6898,3.0,1440.896258,205.9695229991064,UPDATE_PAYMENT_METHOD,1440.896258,UPDATE_PAYMENT_METHOD,1440.896258,0.0,0.0,True,True
FAIL_000188,2676.77,INSUFFICIENT_FUNDS,normal,768,0.6,0.88,0.6,PAYMENT_LINK,0.7631755891241059,0.815623,3.0,2180.23517771,4.2806499996070215,WAIT_AND_RETRY,1928.1760186799997,PAYMENT_LINK,2180.23517771,0.0,-252.05915903000005,True,False
FAIL_000182,756.59,CARD_EXPIRED,low_engagement,184,0.3,0.3333,0.25,UPDATE_PAYMENT_METHOD,0.7599445006388282,0.205269,3.0,152.30447271,328.1696217618385,UPDATE_PAYMENT_METHOD,152.30447271,UPDATE_PAYMENT_METHOD,152.30447271,0.0,0.0,True,True
FAIL_002410,1083.08,NETWORK_ERROR,friction_prone,768,0.35,0.52,0.45,WAIT_AND_RETRY,0.7759347225459471,0.402002,2.0,433.40032616,69.02876808828421,RETRY_NOW,321.50299903999996,WAIT_AND_RETRY,433.40032616,0.0,-111.89732712000006,True,False
FAIL_000933,929.32,INSUFFICIENT_FUNDS,normal,758,0.6,0.84,0.6,WAIT_AND_RETRY,0.7907116955496519,0.794255,2.0,736.1170566000001,74.5804227090108,WAIT_AND_RETRY,736.1170566000001,WAIT_AND_RETRY,736.1170566000001,0.0,0.0,True,True
FAIL_002386,1152.64,INSUFFICIENT_FUNDS,friction_prone,882,0.35,0.5517,0.45,PAYMENT_LINK,0.7678245789662826,0.386039,3.0,441.96399296000004,2.229282857671592,WAIT_AND_RETRY,362.35065664000007,PAYMENT_LINK,441.96399296000004,0.0,-79.61333631999997,True,False
FAIL_002373,763.19,INSUFFICIENT_FUNDS,low_engagement,891,0.3,0.7931,0.25,WAIT_AND_RETRY,0.7802981328706386,0.35339,2.0,267.7037141,181.0024309733189,WAIT_AND_RETRY,267.7037141,WAIT_AND_RETRY,267.7037141,0.0,0.0,True,True
FAIL_002365,471.51,LIMIT_EXCEEDED,low_engagement,694,0.3,0.7826,0.25,PAYMENT_LINK,0.5498606950283098,0.33309,3.0,154.0552659,26.909245946777247,PAYMENT_LINK,154.0552659,PAYMENT_LINK,154.0552659,0.0,0.0,True,True
FAIL_000921,1655.04,BANK_DECLINED,friction_prone,996,0.35,0.697,0.45,WAIT_AND_RETRY,0.45360621112430016,0.420323,2.0,693.65137792,0.9678241473066009,WAIT_AND_RETRY,693.65137792,WAIT_AND_RETRY,693.65137792,0.0,0.0,True,True
FAIL_002324,436.65,INSUFFICIENT_FUNDS,low_engagement,462,0.3,0.7333,0.25,WAIT_AND_RETRY,0.7188860730646023,0.272839,2.0,117.13514934999999,122.30093000978394,WAIT_AND_RETRY,117.13514934999999,WAIT_AND_RETRY,117.13514934999999,0.0,0.0,True,True
FAIL_002316,272.78,AUTHENTICATION_FAILED,low_engagement,947,0.3,0.7742,0.25,UPDATE_PAYMENT_METHOD,0.7276813956717765,0.369358,3.0,97.75347524,85.74439438121992,UPDATE_PAYMENT_METHOD,97.75347524,UPDATE_PAYMENT_METHOD,97.75347524,0.0,0.0,True,True
FAIL_002307,256.05,LIMIT_EXCEEDED,low_engagement,808,0.3,0.7692,0.25,PAYMENT_LINK,0.6672088866914568,0.402924,3.0,100.1686902,21.231702270302065,PAYMENT_LINK,100.1686902,PAYMENT_LINK,100.1686902,0.0,0.0,True,True
FAIL_000915,454.36,BANK_DECLINED,friction_prone,817,0.35,0.6667,0.45,PAYMENT_LINK,0.6276302017956386,0.55961,3.0,251.26439960000002,5.666246777952267,WAIT_AND_RETRY,192.28842524,PAYMENT_LINK,251.26439960000002,0.0,-58.97597436000001,True,False
FAIL_002468,429.37,NETWORK_ERROR,friction_prone,778,0.35,0.72,0.45,RETRY_NOW,0.834554821113872,0.556529,2.0,236.95685673000003,24.081435195511972,RETRY_NOW,236.95685673000003,RETRY_NOW,236.95685673000003,0.0,0.0,True,True
FAIL_000914,454.36,CARD_EXPIRED,friction_prone,817,0.35,0.6667,0.45,UPDATE_PAYMENT_METHOD,0.8464323693544158,0.558293,3.0,250.66600748000002,120.86461463968442,UPDATE_PAYMENT_METHOD,250.66600748000002,UPDATE_PAYMENT_METHOD,250.66600748000002,0.0,0.0,True,True
FAIL_000912,454.36,AUTHENTICATION_FAILED,friction_prone,817,0.35,0.6667,0.45,UPDATE_PAYMENT_METHOD,0.7187356122281545,0.464569,3.0,208.08157084,8.990170138996064,UPDATE_PAYMENT_METHOD,208.08157084,UPDATE_PAYMENT_METHOD,208.08157084,0.0,0.0,True,True
FAIL_000903,803.69,LIMIT_EXCEEDED,low_engagement,772,0.3,0.84,0.25,PAYMENT_LINK,0.6567267859128586,0.365141,3.0,290.46017029,267.8451721897525,PAYMENT_LINK,290.46017029,PAYMENT_LINK,290.46017029,0.0,0.0,True,True
FAIL_002436,8464.41,BANK_DECLINED,high_value_loyal,937,0.82,0.9355,0.9,PAYMENT_LINK,0.8097832181648479,0.95,3.0,8038.1894999999995,875.9399860262902,WAIT_AND_RETRY,7908.54133165,UPDATE_PAYMENT_METHOD,8038.1894999999995,0.0,-129.64816834999965,False,False
FAIL_002435,938.96,AUTHENTICATION_FAILED,low_engagement,697,0.3,0.6957,0.25,UPDATE_PAYMENT_METHOD,0.7632270483318487,0.298847,3.0,277.60537912,271.5256102571385,UPDATE_PAYMENT_METHOD,277.60537912,UPDATE_PAYMENT_METHOD,277.60537912,0.0,0.0,True,True
FAIL_002419,1083.08,LIMIT_EXCEEDED,friction_prone,768,0.35,0.52,0.45,PAYMENT_LINK,0.5816339630126036,0.414935,3.0,446.40779979999996,121.51088767904042,PAYMENT_LINK,446.40779979999996,PAYMENT_LINK,446.40779979999996,0.0,0.0,True,True
FAIL_002414,1083.08,INSUFFICIENT_FUNDS,friction_prone,768,0.35,0.52,0.45,WAIT_AND_RETRY,0.790333698719703,0.393644,2.0,424.34794351999994,134.65368291253537,WAIT_AND_RETRY,424.34794351999994,WAIT_AND_RETRY,424.34794351999994,0.0,0.0,True,True
FAIL_000249,1689.93,NETWORK_ERROR,reliable,435,0.8,0.9286,0.85,WAIT_AND_RETRY,0.8783216197294041,0.95,2.0,1603.4335,117.8546931604742,RETRY_NOW,1603.4335,RETRY_NOW,1603.4335,0.0,0.0,False,False
FAIL_000242,10145.96,NETWORK_ERROR,high_value_loyal,836,0.82,0.8148,0.9,RETRY_NOW,0.8762212271739541,0.95,2.0,9636.661999999998,97.27665518498361,RETRY_NOW,9636.661999999998,RETRY_NOW,9636.661999999998,0.0,0.0,True,True
FAIL_000899,1420.91,BANK_DECLINED,normal,701,0.6,0.7826,0.6,PAYMENT_LINK,0.6376223992155953,0.758352,3.0,1074.5499403200001,152.82662412793582,WAIT_AND_RETRY,1011.1287227400001,PAYMENT_LINK,1074.5499403200001,0.0,-63.421217580000075,True,False
FAIL_000238,247.97,INSUFFICIENT_FUNDS,low_engagement,986,0.3,0.8125,0.25,WAIT_AND_RETRY,0.8130708918035813,0.456687,2.0,111.24467539,86.87397174148913,WAIT_AND_RETRY,111.24467539,WAIT_AND_RETRY,111.24467539,0.0,0.0,True,True
FAIL_000235,247.97,INSUFFICIENT_FUNDS,low_engagement,986,0.3,0.8125,0.25,WAIT_AND_RETRY,0.8130708918035813,0.39395,2.0,95.6877815,86.87397174148913,WAIT_AND_RETRY,95.6877815,WAIT_AND_RETRY,95.6877815,0.0,0.0,True,True
FAIL_000233,247.97,NETWORK_ERROR,low_engagement,986,0.3,0.8125,0.25,WAIT_AND_RETRY,0.8696857162504463,0.440923,2.0,107.33567631,31.193770940098204,RETRY_NOW,106.80973194,WAIT_AND_RETRY,107.33567631,0.0,-0.5259443699999906,True,False
FAIL_000230,1282.95,LIMIT_EXCEEDED,friction_prone,803,0.35,0.8077,0.45,PAYMENT_LINK,0.7532032565847633,0.580004,3.0,741.1161318,392.71969629275566,PAYMENT_LINK,741.1161318,PAYMENT_LINK,741.1161318,0.0,0.0,True,True
FAIL_000897,578.62,BANK_DECLINED,normal,219,0.6,0.8571,0.6,PAYMENT_LINK,0.7333287528244349,0.814155,3.0,468.08636609999996,84.01614020409215,WAIT_AND_RETRY,441.06842846,PAYMENT_LINK,468.08636609999996,0.0,-27.017937639999957,True,False
FAIL_000123,1330.55,CARD_EXPIRED,normal,544,0.6,0.7778,0.6,UPDATE_PAYMENT_METHOD,0.7311473668324994,0.763423,3.0,1012.7724726499999,371.5425773877806,UPDATE_PAYMENT_METHOD,1012.7724726499999,UPDATE_PAYMENT_METHOD,1012.7724726499999,0.0,0.0,True,True
FAIL_000114,405.71,INSUFFICIENT_FUNDS,friction_prone,773,0.35,0.72,0.45,WAIT_AND_RETRY,0.6796251169994971,0.558733,2.0,224.68356543000002,70.14331415112161,WAIT_AND_RETRY,224.68356543000002,WAIT_AND_RETRY,224.68356543000002,0.0,0.0,True,True
FAIL_000103,13129.92,CARD_EXPIRED,high_value_loyal,481,0.82,0.875,0.9,UPDATE_PAYMENT_METHOD,0.9393343900260961,0.95,3.0,12470.423999999999,2397.9893939919966,UPDATE_PAYMENT_METHOD,12470.423999999999,UPDATE_PAYMENT_METHOD,12470.423999999999,0.0,0.0,True,True
FAIL_000102,13129.92,CARD_EXPIRED,high_value_loyal,481,0.82,0.875,0.9,UPDATE_PAYMENT_METHOD,0.9393343900260961,0.95,3.0,12470.423999999999,2397.9893939919966,UPDATE_PAYMENT_METHOD,12470.423999999999,UPDATE_PAYMENT_METHOD,12470.423999999999,0.0,0.0,True,True
FAIL_002571,415.4,CARD_EXPIRED,friction_prone,694,0.35,0.6957,0.45,UPDATE_PAYMENT_METHOD,0.8445628887096508,0.551056,3.0,225.9086624,143.9404789697439,UPDATE_PAYMENT_METHOD,225.9086624,UPDATE_PAYMENT_METHOD,225.9086624,0.0,0.0,True,True
FAIL_002562,595.63,BANK_DECLINED,friction_prone,696,0.35,0.6957,0.45,WAIT_AND_RETRY,0.6419957383599335,0.447234,2.0,264.38598742,11.24976614223226,WAIT_AND_RETRY,264.38598742,WAIT_AND_RETRY,264.38598742,0.0,0.0,True,True
FAIL_002560,595.63,NETWORK_ERROR,friction_prone,696,0.35,0.6957,0.45,RETRY_NOW,0.8696060533113141,0.556409,2.0,329.41389267,22.40319432584249,RETRY_NOW,329.41389267,RETRY_NOW,329.41389267,0.0,0.0,True,True
FAIL_002543,1705.4,BANK_DECLINED,friction_prone,541,0.35,0.6111,0.45,WAIT_AND_RETRY,0.5577647725203055,0.425794,2.0,724.1490876,178.0446836397183,WAIT_AND_RETRY,724.1490876,WAIT_AND_RETRY,724.1490876,0.0,0.0,True,True
FAIL_002535,1397.1,BANK_DECLINED,low_engagement,742,0.3,0.8333,0.25,WAIT_AND_RETRY,0.6463055133683671,0.37911,2.0,527.654581,256.2956868800353,WAIT_AND_RETRY,527.654581,WAIT_AND_RETRY,527.654581,0.0,0.0,True,True
FAIL_002528,2077.0,INSUFFICIENT_FUNDS,normal,991,0.6,0.8788,0.6,WAIT_AND_RETRY,0.8103949585590171,0.836358,2.0,1735.1155660000002,405.3407266396707,WAIT_AND_RETRY,1735.1155660000002,WAIT_AND_RETRY,1735.1155660000002,0.0,0.0,True,True
FAIL_002522,293.13,NETWORK_ERROR,normal,642,0.6,0.7143,0.6,RETRY_NOW,0.9156010155800414,0.800328,2.0,232.60014664000002,28.91556445067306,RETRY_NOW,232.60014664000002,RETRY_NOW,232.60014664000002,0.0,0.0,True,True
FAIL_002518,293.13,CARD_EXPIRED,normal,642,0.6,0.7143,0.6,UPDATE_PAYMENT_METHOD,0.872850601974815,0.765714,3.0,221.45374482,157.82492187757524,UPDATE_PAYMENT_METHOD,221.45374482,UPDATE_PAYMENT_METHOD,221.45374482,0.0,0.0,True,True
FAIL_002515,210.14,LIMIT_EXCEEDED,friction_prone,621,0.35,0.75,0.45,PAYMENT_LINK,0.673767736492939,0.546097,3.0,111.75682358,55.5073182743275,PAYMENT_LINK,111.75682358,PAYMENT_LINK,111.75682358,0.0,0.0,True,True
FAIL_000892,376.34,BANK_DECLINED,friction_prone,891,0.35,0.5862,0.45,PAYMENT_LINK,0.524991334596071,0.37317,3.0,137.4387978,1.3281444352956555,WAIT_AND_RETRY,125.75350542,PAYMENT_LINK,137.4387978,0.0,-11.685292380000007,True,False
FAIL_002495,1011.26,CARD_EXPIRED,friction_prone,278,0.35,0.6667,0.45,UPDATE_PAYMENT_METHOD,0.8362856404426245,0.486237,3.0,488.71202861999996,378.89472048465217,UPDATE_PAYMENT_METHOD,488.71202861999996,UPDATE_PAYMENT_METHOD,488.71202861999996,0.0,0.0,True,True
FAIL_000878,762.6,AUTHENTICATION_FAILED,low_engagement,493,0.3,0.8125,0.25,UPDATE_PAYMENT_METHOD,0.6807863772866153,0.434056,3.0,328.0111056,208.84596873661013,UPDATE_PAYMENT_METHOD,328.0111056,UPDATE_PAYMENT_METHOD,328.0111056,0.0,0.0,True,True
FAIL_002624,568.27,BANK_DECLINED,friction_prone,941,0.35,0.6452,0.45,PAYMENT_LINK,0.6501564533121666,0.507145,3.0,285.19528914999995,17.776316117650765,WAIT_AND_RETRY,203.76431603,PAYMENT_LINK,285.19528914999995,0.0,-81.43097311999995,True,False
FAIL_000735,1311.68,BANK_DECLINED,normal,795,0.6,0.8077,0.6,WAIT_AND_RETRY,0.5777106652480001,0.804028,2.0,1052.62744704,47.88651561681672,WAIT_AND_RETRY,1052.62744704,WAIT_AND_RETRY,1052.62744704,0.0,0.0,True,True
FAIL_000868,8418.6,BANK_DECLINED,high_value_loyal,922,0.82,0.9,0.9,PAYMENT_LINK,0.7157191340953456,0.95,3.0,7994.67,1116.9302787552642,WAIT_AND_RETRY,7890.9594532,PAYMENT_LINK,7994.67,0.0,-103.71054679999997,True,False
FAIL_000732,1311.68,NETWORK_ERROR,normal,795,0.6,0.8077,0.6,RETRY_NOW,0.8891880652013971,0.84311,2.0,1103.8905248,32.190989316139394,RETRY_NOW,1103.8905248,RETRY_NOW,1103.8905248,0.0,0.0,True,True
FAIL_000863,886.93,NETWORK_ERROR,normal,760,0.6,0.88,0.6,RETRY_NOW,0.9255754163421771,0.89436,2.0,791.2347148,70.76366781160823,RETRY_NOW,791.2347148,RETRY_NOW,791.2347148,0.0,0.0,True,True
FAIL_000861,886.93,AUTHENTICATION_FAILED,normal,760,0.6,0.88,0.6,UPDATE_PAYMENT_METHOD,0.8053360402782669,0.830609,3.0,733.69204037,196.56720276903252,UPDATE_PAYMENT_METHOD,733.69204037,UPDATE_PAYMENT_METHOD,733.69204037,0.0,0.0,True,True
FAIL_000837,10125.65,NETWORK_ERROR,high_value_loyal,831,0.82,0.8519,0.9,RETRY_NOW,0.8931481474001277,0.95,2.0,9617.367499999998,71.44043652298933,RETRY_NOW,9617.367499999998,RETRY_NOW,9617.367499999998,0.0,0.0,True,True
FAIL_000726,8559.42,LIMIT_EXCEEDED,high_value_loyal,639,0.82,0.9048,0.9,PAYMENT_LINK,0.747119877613679,0.95,3.0,8128.449,480.0934387558109,PAYMENT_LINK,8128.449,PAYMENT_LINK,8128.449,0.0,0.0,True,True
FAIL_000824,1661.44,CARD_EXPIRED,friction_prone,707,0.35,0.6522,0.45,UPDATE_PAYMENT_METHOD,0.8604771042010272,0.501994,3.0,831.0329113600001,665.7087643083379,UPDATE_PAYMENT_METHOD,831.0329113600001,UPDATE_PAYMENT_METHOD,831.0329113600001,0.0,0.0,True,True
FAIL_000818,1661.44,INSUFFICIENT_FUNDS,friction_prone,707,0.35,0.6522,0.45,WAIT_AND_RETRY,0.5603522129213765,0.500694,2.0,829.87303936,53.64187755140665,WAIT_AND_RETRY,829.87303936,WAIT_AND_RETRY,829.87303936,0.0,0.0,True,True
FAIL_000816,1661.44,INSUFFICIENT_FUNDS,friction_prone,707,0.35,0.6522,0.45,WAIT_AND_RETRY,0.5603522129213765,0.443482,2.0,734.81873408,53.64187755140665,WAIT_AND_RETRY,734.81873408,WAIT_AND_RETRY,734.81873408,0.0,0.0,True,True
FAIL_000721,706.23,INSUFFICIENT_FUNDS,friction_prone,836,0.35,0.6296,0.45,WAIT_AND_RETRY,0.6939987076624857,0.374055,2.0,262.16886265000005,43.40832316389498,WAIT_AND_RETRY,262.16886265000005,WAIT_AND_RETRY,262.16886265000005,0.0,0.0,True,True
FAIL_000713,1068.05,LIMIT_EXCEEDED,friction_prone,293,0.35,0.7778,0.45,PAYMENT_LINK,0.6254776360561708,0.468925,3.0,497.83534625,135.8398944161354,PAYMENT_LINK,497.83534625,PAYMENT_LINK,497.83534625,0.0,0.0,True,True
FAIL_002712,401.23,AUTHENTICATION_FAILED,friction_prone,767,0.35,0.6,0.45,UPDATE_PAYMENT_METHOD,0.7927740871484562,0.458623,3.0,181.01330629,20.892088973669786,UPDATE_PAYMENT_METHOD,181.01330629,UPDATE_PAYMENT_METHOD,181.01330629,0.0,0.0,True,True
FAIL_001004,449.13,LIMIT_EXCEEDED,low_engagement,689,0.3,0.9091,0.25,PAYMENT_LINK,0.5972738829850713,0.360299,3.0,158.82108986999998,47.21121110990617,PAYMENT_LINK,158.82108986999998,PAYMENT_LINK,158.82108986999998,0.0,0.0,True,True
FAIL_000015,1603.39,BANK_DECLINED,friction_prone,275,0.35,0.5556,0.45,WAIT_AND_RETRY,0.6520625123349483,0.430605,2.0,688.42775095,412.6074339924802,WAIT_AND_RETRY,688.42775095,WAIT_AND_RETRY,688.42775095,0.0,0.0,True,True
FAIL_001003,449.13,NETWORK_ERROR,low_engagement,689,0.3,0.9091,0.25,RETRY_NOW,0.9150271339940088,0.619535,2.0,276.25175455,51.61816412942068,RETRY_NOW,276.25175455,RETRY_NOW,276.25175455,0.0,0.0,True,True
FAIL_001001,703.31,INSUFFICIENT_FUNDS,low_engagement,374,0.3,0.8333,0.25,WAIT_AND_RETRY,0.7489966875191663,0.406347,2.0,283.78790857,196.16437186116718,WAIT_AND_RETRY,283.78790857,WAIT_AND_RETRY,283.78790857,0.0,0.0,True,True
FAIL_001000,568.13,CARD_EXPIRED,friction_prone,988,0.35,0.8125,0.45,UPDATE_PAYMENT_METHOD,0.8483583496701603,0.610208,3.0,343.67747104,265.0420777777632,UPDATE_PAYMENT_METHOD,343.67747104,UPDATE_PAYMENT_METHOD,343.67747104,0.0,0.0,True,True
FAIL_002604,295.63,INSUFFICIENT_FUNDS,low_engagement,900,0.3,0.7333,0.25,WAIT_AND_RETRY,0.8215311457207252,0.30694,2.0,88.74067219999999,63.58685604582439,WAIT_AND_RETRY,88.74067219999999,WAIT_AND_RETRY,88.74067219999999,0.0,0.0,True,True
FAIL_002600,729.59,BANK_DECLINED,normal,799,0.6,0.8462,0.6,WAIT_AND_RETRY,0.6430573152678377,0.828984,2.0,602.81843656,58.90354369107121,WAIT_AND_RETRY,602.81843656,WAIT_AND_RETRY,602.81843656,0.0,0.0,True,True
FAIL_000987,669.19,LIMIT_EXCEEDED,low_engagement,838,0.3,0.8519,0.25,PAYMENT_LINK,0.6399534929961798,0.375602,3.0,248.34910238,171.01414802101215,PAYMENT_LINK,248.34910238,PAYMENT_LINK,248.34910238,0.0,0.0,True,True
FAIL_000980,5752.09,BANK_DECLINED,high_value_loyal,857,0.82,0.8929,0.9,PAYMENT_LINK,0.7371012407835277,0.95,3.0,5461.4855,609.5209521452716,WAIT_AND_RETRY,5361.17969092,UPDATE_PAYMENT_METHOD,5461.4855,0.0,-100.30580907999956,False,False
FAIL_002580,200.0,AUTHENTICATION_FAILED,low_engagement,677,0.3,0.6364,0.25,UPDATE_PAYMENT_METHOD,0.686291010623999,0.324751,3.0,61.950199999999995,40.631133655735184,UPDATE_PAYMENT_METHOD,61.950199999999995,UPDATE_PAYMENT_METHOD,61.950199999999995,0.0,0.0,True,True
FAIL_002575,786.88,INSUFFICIENT_FUNDS,low_engagement,690,0.3,0.8261,0.25,WAIT_AND_RETRY,0.7404035322476693,0.460342,2.0,360.23391296,127.60427096851788,WAIT_AND_RETRY,360.23391296,WAIT_AND_RETRY,360.23391296,0.0,0.0,True,True
FAIL_000181,756.59,CARD_EXPIRED,low_engagement,184,0.3,0.3333,0.25,UPDATE_PAYMENT_METHOD,0.7599445006388282,0.185091,3.0,137.03799969000002,328.1696217618385,UPDATE_PAYMENT_METHOD,137.03799969000002,UPDATE_PAYMENT_METHOD,137.03799969000002,0.0,0.0,True,True
FAIL_000172,11107.73,NETWORK_ERROR,high_value_loyal,566,0.82,0.9444,0.9,WAIT_AND_RETRY,0.9187893554892385,0.95,2.0,10550.343499999999,343.6594926734888,RETRY_NOW,10550.343499999999,RETRY_NOW,10550.343499999999,0.0,0.0,False,False
FAIL_000978,814.36,LIMIT_EXCEEDED,low_engagement,718,0.3,0.7826,0.25,PAYMENT_LINK,0.627744095952856,0.426158,3.0,344.04602888,168.81003948418345,PAYMENT_LINK,344.04602888,PAYMENT_LINK,344.04602888,0.0,0.0,True,True
FAIL_000148,619.66,CARD_EXPIRED,low_engagement,543,0.3,0.4444,0.25,UPDATE_PAYMENT_METHOD,0.8418402002924584,0.268584,3.0,163.43076144,279.0952394065437,UPDATE_PAYMENT_METHOD,163.43076144,UPDATE_PAYMENT_METHOD,163.43076144,0.0,0.0,True,True
FAIL_000132,706.77,INSUFFICIENT_FUNDS,friction_prone,631,0.35,0.5714,0.45,WAIT_AND_RETRY,0.6116944961749822,0.418243,2.0,293.60160511,6.807592367682787,WAIT_AND_RETRY,293.60160511,WAIT_AND_RETRY,293.60160511,0.0,0.0,True,True
FAIL_000970,524.81,AUTHENTICATION_FAILED,low_engagement,606,0.3,0.6,0.25,UPDATE_PAYMENT_METHOD,0.624028309019147,0.273193,3.0,140.37441833,70.32560474207443,UPDATE_PAYMENT_METHOD,140.37441833,UPDATE_PAYMENT_METHOD,140.37441833,0.0,0.0,True,True
FAIL_000033,988.37,NETWORK_ERROR,low_engagement,518,0.3,0.8235,0.25,RETRY_NOW,0.886960137362069,0.539508,2.0,531.23352196,38.753233646376316,RETRY_NOW,531.23352196,RETRY_NOW,531.23352196,0.0,0.0,True,True
