failure_id,payment_id,customer_id,subscription_id,amount,payment_date,failure_reason,failure_category,account_age_days,successful_payments,failed_payments,total_payments,payment_success_rate,historical_recovery_rate,engagement_score,behavior_profile,failure_ratio,payment_reliability,plan,monthly_subscription_value,billing_interval,candidate_action,estimated_recovery_probability,intervention_cost,expected_gross_recovery,expected_net_recovery,rank
FAIL_000002,PAY_000029,CUST_0004,SUB_0004,406.32,2025-10-10,INSUFFICIENT_FUNDS,CUSTOMER_FINANCIAL,744,20,4,24,0.8333,0.6,0.6,normal,0.1667,0.8333,starter,406.32,monthly,PAYMENT_LINK,0.7624076168424005,3.0,309.7814628754042,306.7814628754042,1
FAIL_000002,PAY_000029,CUST_0004,SUB_0004,406.32,2025-10-10,INSUFFICIENT_FUNDS,CUSTOMER_FINANCIAL,744,20,4,24,0.8333,0.6,0.6,normal,0.1667,0.8333,starter,406.32,monthly,WAIT_AND_RETRY,0.7250468201521529,2.0,294.6010239642228,292.6010239642228,2
FAIL_000002,PAY_000029,CUST_0004,SUB_0004,406.32,2025-10-10,INSUFFICIENT_FUNDS,CUSTOMER_FINANCIAL,744,20,4,24,0.8333,0.6,0.6,normal,0.1667,0.8333,starter,406.32,monthly,SEND_REMINDER,0.6202986476407993,1.0,252.03974650940958,251.03974650940958,3
FAIL_000002,PAY_000029,CUST_0004,SUB_0004,406.32,2025-10-10,INSUFFICIENT_FUNDS,CUSTOMER_FINANCIAL,744,20,4,24,0.8333,0.6,0.6,normal,0.1667,0.8333,starter,406.32,monthly,UPDATE_PAYMENT_METHOD,0.5030597678390751,3.0,204.403244868373,201.403244868373,4
FAIL_000002,PAY_000029,CUST_0004,SUB_0004,406.32,2025-10-10,INSUFFICIENT_FUNDS,CUSTOMER_FINANCIAL,744,20,4,24,0.8333,0.6,0.6,normal,0.1667,0.8333,starter,406.32,monthly,RETRY_NOW,0.36717032202385536,2.0,149.1886452447329,147.1886452447329,5
FAIL_000002,PAY_000029,CUST_0004,SUB_0004,406.32,2025-10-10,INSUFFICIENT_FUNDS,CUSTOMER_FINANCIAL,744,20,4,24,0.8333,0.6,0.6,normal,0.1667,0.8333,starter,406.32,monthly,STOP,0.0,0.0,0.0,0.0,6
FAIL_000003,PAY_000034,CUST_0004,SUB_0004,406.32,2026-03-09,INSUFFICIENT_FUNDS,CUSTOMER_FINANCIAL,744,20,4,24,0.8333,0.6,0.6,normal,0.1667,0.8333,starter,406.32,monthly,PAYMENT_LINK,0.7624076168424005,3.0,309.7814628754042,306.7814628754042,1
FAIL_000003,PAY_000034,CUST_0004,SUB_0004,406.32,2026-03-09,INSUFFICIENT_FUNDS,CUSTOMER_FINANCIAL,744,20,4,24,0.8333,0.6,0.6,normal,0.1667,0.8333,starter,406.32,monthly,WAIT_AND_RETRY,0.7250468201521529,2.0,294.6010239642228,292.6010239642228,2
FAIL_000003,PAY_000034,CUST_0004,SUB_0004,406.32,2026-03-09,INSUFFICIENT_FUNDS,CUSTOMER_FINANCIAL,744,20,4,24,0.8333,0.6,0.6,normal,0.1667,0.8333,starter,406.32,monthly,SEND_REMINDER,0.6202986476407993,1.0,252.03974650940958,251.03974650940958,3
FAIL_000003,PAY_000034,CUST_0004,SUB_0004,406.32,2026-03-09,INSUFFICIENT_FUNDS,CUSTOMER_FINANCIAL,744,20,4,24,0.8333,0.6,0.6,normal,0.1667,0.8333,starter,406.32,monthly,UPDATE_PAYMENT_METHOD,0.5030597678390751,3.0,204.403244868373,201.403244868373,4
FAIL_000003,PAY_000034,CUST_0004,SUB_0004,406.32,2026-03-09,INSUFFICIENT_FUNDS,CUSTOMER_FINANCIAL,744,20,4,24,0.8333,0.6,0.6,normal,0.1667,0.8333,starter,406.32,monthly,RETRY_NOW,0.36717032202385536,2.0,149.1886452447329,147.1886452447329,5
FAIL_000003,PAY_000034,CUST_0004,SUB_0004,406.32,2026-03-09,INSUFFICIENT_FUNDS,CUSTOMER_FINANCIAL,744,20,4,24,0.8333,0.6,0.6,normal,0.1667,0.8333,starter,406.32,monthly,STOP,0.0,0.0,0.0,0.0,6
FAIL_000007,PAY_000073,CUST_0008,SUB_0008,11574.78,2025-10-24,LIMIT_EXCEEDED,PAYMENT_LIMIT,400,11,2,13,0.8462,0.82,0.9,high_value_loyal,0.1538,0.8462,pro,11574.78,monthly,UPDATE_PAYMENT_METHOD,0.577933035204765,3.0,6689.4477372274105,6686.4477372274105,1
FAIL_000007,PAY_000073,CUST_0008,SUB_0008,11574.78,2025-10-24,LIMIT_EXCEEDED,PAYMENT_LIMIT,400,11,2,13,0.8462,0.82,0.9,high_value_loyal,0.1538,0.8462,pro,11574.78,monthly,PAYMENT_LINK,0.5261271532467059,3.0,6089.806050856907,6086.806050856907,2
FAIL_000007,PAY_000073,CUST_0008,SUB_0008,11574.78,2025-10-24,LIMIT_EXCEEDED,PAYMENT_LIMIT,400,11,2,13,0.8462,0.82,0.9,high_value_loyal,0.1538,0.8462,pro,11574.78,monthly,WAIT_AND_RETRY,0.5052873675286851,2.0,5848.590115923674,5846.590115923674,3
FAIL_000007,PAY_000073,CUST_0008,SUB_0008,11574.78,2025-10-24,LIMIT_EXCEEDED,PAYMENT_LIMIT,400,11,2,13,0.8462,0.82,0.9,high_value_loyal,0.1538,0.8462,pro,11574.78,monthly,SEND_REMINDER,0.3321912522649507,1.0,3845.0406628913065,3844.0406628913065,4
FAIL_000007,PAY_000073,CUST_0008,SUB_0008,11574.78,2025-10-24,LIMIT_EXCEEDED,PAYMENT_LIMIT,400,11,2,13,0.8462,0.82,0.9,high_value_loyal,0.1538,0.8462,pro,11574.78,monthly,RETRY_NOW,0.18075932534488873,2.0,2092.2494238155114,2090.2494238155114,5
FAIL_000007,PAY_000073,CUST_0008,SUB_0008,11574.78,2025-10-24,LIMIT_EXCEEDED,PAYMENT_LIMIT,400,11,2,13,0.8462,0.82,0.9,high_value_loyal,0.1538,0.8462,pro,11574.78,monthly,STOP,0.0,0.0,0.0,0.0,6
FAIL_000009,PAY_000087,CUST_0009,SUB_0009,2904.8,2025-01-01,BANK_DECLINED,ISSUER_DECLINE,726,23,1,24,0.9583,0.8,0.85,reliable,0.0417,0.9583,pro,2904.8,monthly,WAIT_AND_RETRY,0.6787439791535979,2.0,1971.6155106453712,1969.6155106453712,1
FAIL_000009,PAY_000087,CUST_0009,SUB_0009,2904.8,2025-01-01,BANK_DECLINED,ISSUER_DECLINE,726,23,1,24,0.9583,0.8,0.85,reliable,0.0417,0.9583,pro,2904.8,monthly,PAYMENT_LINK,0.5602388377443892,3.0,1627.3817758799019,1624.3817758799019,2
FAIL_000009,PAY_000087,CUST_0009,SUB_0009,2904.8,2025-01-01,BANK_DECLINED,ISSUER_DECLINE,726,23,1,24,0.9583,0.8,0.85,reliable,0.0417,0.9583,pro,2904.8,monthly,SEND_REMINDER,0.44879850413672534,1.0,1303.6698948163598,1302.6698948163598,3
FAIL_000009,PAY_000087,CUST_0009,SUB_0009,2904.8,2025-01-01,BANK_DECLINED,ISSUER_DECLINE,726,23,1,24,0.9583,0.8,0.85,reliable,0.0417,0.9583,pro,2904.8,monthly,UPDATE_PAYMENT_METHOD,0.30315928141408666,3.0,880.617080651639,877.617080651639,4
FAIL_000009,PAY_000087,CUST_0009,SUB_0009,2904.8,2025-01-01,BANK_DECLINED,ISSUER_DECLINE,726,23,1,24,0.9583,0.8,0.85,reliable,0.0417,0.9583,pro,2904.8,monthly,RETRY_NOW,0.17214023739252632,2.0,500.03296157781045,498.03296157781045,5
FAIL_000009,PAY_000087,CUST_0009,SUB_0009,2904.8,2025-01-01,BANK_DECLINED,ISSUER_DECLINE,726,23,1,24,0.9583,0.8,0.85,reliable,0.0417,0.9583,pro,2904.8,monthly,STOP,0.0,0.0,0.0,0.0,6
FAIL_000014,PAY_000115,CUST_0011,SUB_0011,1603.39,2026-06-26,INSUFFICIENT_FUNDS,CUSTOMER_FINANCIAL,275,5,4,9,0.5556,0.35,0.45,friction_prone,0.4444,0.5556,pro,1603.39,monthly,PAYMENT_LINK,0.62764004485778,3.0,1006.3517715245159,1003.3517715245159,1
FAIL_000014,PAY_000115,CUST_0011,SUB_0011,1603.39,2026-06-26,INSUFFICIENT_FUNDS,CUSTOMER_FINANCIAL,275,5,4,9,0.5556,0.35,0.45,friction_prone,0.4444,0.5556,pro,1603.39,monthly,SEND_REMINDER,0.4524620972279674,1.0,725.4732020743506,724.4732020743506,2
FAIL_000014,PAY_000115,CUST_0011,SUB_0011,1603.39,2026-06-26,INSUFFICIENT_FUNDS,CUSTOMER_FINANCIAL,275,5,4,9,0.5556,0.35,0.45,friction_prone,0.4444,0.5556,pro,1603.39,monthly,WAIT_AND_RETRY,0.45189381794873984,2.0,724.56202876083,722.56202876083,3
FAIL_000014,PAY_000115,CUST_0011,SUB_0011,1603.39,2026-06-26,INSUFFICIENT_FUNDS,CUSTOMER_FINANCIAL,275,5,4,9,0.5556,0.35,0.45,friction_prone,0.4444,0.5556,pro,1603.39,monthly,UPDATE_PAYMENT_METHOD,0.26015519730757747,3.0,417.13024181099667,414.13024181099667,4
FAIL_000014,PAY_000115,CUST_0011,SUB_0011,1603.39,2026-06-26,INSUFFICIENT_FUNDS,CUSTOMER_FINANCIAL,275,5,4,9,0.5556,0.35,0.45,friction_prone,0.4444,0.5556,pro,1603.39,monthly,RETRY_NOW,0.25855705429673537,2.0,414.56779528884255,412.56779528884255,5
FAIL_000014,PAY_000115,CUST_0011,SUB_0011,1603.39,2026-06-26,INSUFFICIENT_FUNDS,CUSTOMER_FINANCIAL,275,5,4,9,0.5556,0.35,0.45,friction_prone,0.4444,0.5556,pro,1603.39,monthly,STOP,0.0,0.0,0.0,0.0,6
FAIL_000015,PAY_000116,CUST_0011,SUB_0011,1603.39,2026-07-26,BANK_DECLINED,ISSUER_DECLINE,275,5,4,9,0.5556,0.35,0.45,friction_prone,0.4444,0.5556,pro,1603.39,monthly,WAIT_AND_RETRY,0.6520625123349483,2.0,1045.5105116527327,1043.5105116527327,1
FAIL_000015,PAY_000116,CUST_0011,SUB_0011,1603.39,2026-07-26,BANK_DECLINED,ISSUER_DECLINE,275,5,4,9,0.5556,0.35,0.45,friction_prone,0.4444,0.5556,pro,1603.39,monthly,UPDATE_PAYMENT_METHOD,0.3953517719707947,3.0,633.9030776602525,630.9030776602525,2
FAIL_000015,PAY_000116,CUST_0011,SUB_0011,1603.39,2026-07-26,BANK_DECLINED,ISSUER_DECLINE,275,5,4,9,0.5556,0.35,0.45,friction_prone,0.4444,0.5556,pro,1603.39,monthly,PAYMENT_LINK,0.3533868520032518,3.0,566.616944633494,563.616944633494,3
FAIL_000015,PAY_000116,CUST_0011,SUB_0011,1603.39,2026-07-26,BANK_DECLINED,ISSUER_DECLINE,275,5,4,9,0.5556,0.35,0.45,friction_prone,0.4444,0.5556,pro,1603.39,monthly,SEND_REMINDER,0.2010334865443458,1.0,322.3350819903386,321.3350819903386,4
FAIL_000015,PAY_000116,CUST_0011,SUB_0011,1603.39,2026-07-26,BANK_DECLINED,ISSUER_DECLINE,275,5,4,9,0.5556,0.35,0.45,friction_prone,0.4444,0.5556,pro,1603.39,monthly,RETRY_NOW,0.13527540102188598,2.0,216.89922524448178,214.89922524448178,5
FAIL_000015,PAY_000116,CUST_0011,SUB_0011,1603.39,2026-07-26,BANK_DECLINED,ISSUER_DECLINE,275,5,4,9,0.5556,0.35,0.45,friction_prone,0.4444,0.5556,pro,1603.39,monthly,STOP,0.0,0.0,0.0,0.0,6
FAIL_000023,PAY_000168,CUST_0015,SUB_0015,1187.03,2025-05-28,INSUFFICIENT_FUNDS,CUSTOMER_FINANCIAL,849,18,10,28,0.6429,0.35,0.45,friction_prone,0.3571,0.6429,starter,1187.03,monthly,WAIT_AND_RETRY,0.6219551544418,2.0,738.2794269770499,736.2794269770499,1
FAIL_000023,PAY_000168,CUST_0015,SUB_0015,1187.03,2025-05-28,INSUFFICIENT_FUNDS,CUSTOMER_FINANCIAL,849,18,10,28,0.6429,0.35,0.45,friction_prone,0.3571,0.6429,starter,1187.03,monthly,PAYMENT_LINK,0.6059595362430302,3.0,719.2921483065642,716.2921483065642,2
FAIL_000023,PAY_000168,CUST_0015,SUB_0015,1187.03,2025-05-28,INSUFFICIENT_FUNDS,CUSTOMER_FINANCIAL,849,18,10,28,0.6429,0.35,0.45,friction_prone,0.3571,0.6429,starter,1187.03,monthly,SEND_REMINDER,0.46829817461620765,1.0,555.883982214677,554.883982214677,3
FAIL_000023,PAY_000168,CUST_0015,SUB_0015,1187.03,2025-05-28,INSUFFICIENT_FUNDS,CUSTOMER_FINANCIAL,849,18,10,28,0.6429,0.35,0.45,friction_prone,0.3571,0.6429,starter,1187.03,monthly,UPDATE_PAYMENT_METHOD,0.25652479004585593,3.0,304.50262152813235,301.50262152813235,4
FAIL_000023,PAY_000168,CUST_0015,SUB_0015,1187.03,2025-05-28,INSUFFICIENT_FUNDS,CUSTOMER_FINANCIAL,849,18,10,28,0.6429,0.35,0.45,friction_prone,0.3571,0.6429,starter,1187.03,monthly,RETRY_NOW,0.2270795546803985,2.0,269.5502437922734,267.5502437922734,5
FAIL_000023,PAY_000168,CUST_0015,SUB_0015,1187.03,2025-05-28,INSUFFICIENT_FUNDS,CUSTOMER_FINANCIAL,849,18,10,28,0.6429,0.35,0.45,friction_prone,0.3571,0.6429,starter,1187.03,monthly,STOP,0.0,0.0,0.0,0.0,6
FAIL_000027,PAY_000181,CUST_0015,SUB_0015,1187.03,2026-06-22,INSUFFICIENT_FUNDS,CUSTOMER_FINANCIAL,849,18,10,28,0.6429,0.35,0.45,friction_prone,0.3571,0.6429,starter,1187.03,monthly,WAIT_AND_RETRY,0.6219551544418,2.0,738.2794269770499,736.2794269770499,1
FAIL_000027,PAY_000181,CUST_0015,SUB_0015,1187.03,2026-06-22,INSUFFICIENT_FUNDS,CUSTOMER_FINANCIAL,849,18,10,28,0.6429,0.35,0.45,friction_prone,0.3571,0.6429,starter,1187.03,monthly,PAYMENT_LINK,0.6059595362430302,3.0,719.2921483065642,716.2921483065642,2
FAIL_000027,PAY_000181,CUST_0015,SUB_0015,1187.03,2026-06-22,INSUFFICIENT_FUNDS,CUSTOMER_FINANCIAL,849,18,10,28,0.6429,0.35,0.45,friction_prone,0.3571,0.6429,starter,1187.03,monthly,SEND_REMINDER,0.46829817461620765,1.0,555.883982214677,554.883982214677,3
FAIL_000027,PAY_000181,CUST_0015,SUB_0015,1187.03,2026-06-22,INSUFFICIENT_FUNDS,CUSTOMER_FINANCIAL,849,18,10,28,0.6429,0.35,0.45,friction_prone,0.3571,0.6429,starter,1187.03,monthly,UPDATE_PAYMENT_METHOD,0.25652479004585593,3.0,304.50262152813235,301.50262152813235,4
FAIL_000027,PAY_000181,CUST_0015,SUB_0015,1187.03,2026-06-22,INSUFFICIENT_FUNDS,CUSTOMER_FINANCIAL,849,18,10,28,0.6429,0.35,0.45,friction_prone,0.3571,0.6429,starter,1187.03,monthly,RETRY_NOW,0.2270795546803985,2.0,269.5502437922734,267.5502437922734,5
FAIL_000027,PAY_000181,CUST_0015,SUB_0015,1187.03,2026-06-22,INSUFFICIENT_FUNDS,CUSTOMER_FINANCIAL,849,18,10,28,0.6429,0.35,0.45,friction_prone,0.3571,0.6429,starter,1187.03,monthly,STOP,0.0,0.0,0.0,0.0,6
FAIL_000030,PAY_000196,CUST_0017,SUB_0017,988.37,2025-10-26,NETWORK_ERROR,TECHNICAL,518,14,3,17,0.8235,0.3,0.25,low_engagement,0.1765,0.8235,starter,988.37,monthly,RETRY_NOW,0.8869601373620688,2.0,876.644790964548,874.644790964548,1
FAIL_000030,PAY_000196,CUST_0017,SUB_0017,988.37,2025-10-26,NETWORK_ERROR,TECHNICAL,518,14,3,17,0.8235,0.3,0.25,low_engagement,0.1765,0.8235,starter,988.37,monthly,WAIT_AND_RETRY,0.8477509002885274,2.0,837.8915573181719,835.8915573181719,2
FAIL_000030,PAY_000196,CUST_0017,SUB_0017,988.37,2025-10-26,NETWORK_ERROR,TECHNICAL,518,14,3,17,0.8235,0.3,0.25,low_engagement,0.1765,0.8235,starter,988.37,monthly,PAYMENT_LINK,0.35233905580045666,3.0,348.2413525814973,345.2413525814973,3
FAIL_000030,PAY_000196,CUST_0017,SUB_0017,988.37,2025-10-26,NETWORK_ERROR,TECHNICAL,518,14,3,17,0.8235,0.3,0.25,low_engagement,0.1765,0.8235,starter,988.37,monthly,SEND_REMINDER,0.16143178990129606,1.0,159.55433818474398,158.55433818474398,4
FAIL_000030,PAY_000196,CUST_0017,SUB_0017,988.37,2025-10-26,NETWORK_ERROR,TECHNICAL,518,14,3,17,0.8235,0.3,0.25,low_engagement,0.1765,0.8235,starter,988.37,monthly,UPDATE_PAYMENT_METHOD,0.04159713415725321,3.0,41.11335948700436,38.11335948700436,5
FAIL_000030,PAY_000196,CUST_0017,SUB_0017,988.37,2025-10-26,NETWORK_ERROR,TECHNICAL,518,14,3,17,0.8235,0.3,0.25,low_engagement,0.1765,0.8235,starter,988.37,monthly,STOP,0.0,0.0,0.0,0.0,6
FAIL_000033,PAY_000201,CUST_0017,SUB_0017,988.37,2026-03-25,NETWORK_ERROR,TECHNICAL,518,14,3,17,0.8235,0.3,0.25,low_engagement,0.1765,0.8235,starter,988.37,monthly,RETRY_NOW,0.8869601373620688,2.0,876.644790964548,874.644790964548,1
FAIL_000033,PAY_000201,CUST_0017,SUB_0017,988.37,2026-03-25,NETWORK_ERROR,TECHNICAL,518,14,3,17,0.8235,0.3,0.25,low_engagement,0.1765,0.8235,starter,988.37,monthly,WAIT_AND_RETRY,0.8477509002885274,2.0,837.8915573181719,835.8915573181719,2
FAIL_000033,PAY_000201,CUST_0017,SUB_0017,988.37,2026-03-25,NETWORK_ERROR,TECHNICAL,518,14,3,17,0.8235,0.3,0.25,low_engagement,0.1765,0.8235,starter,988.37,monthly,PAYMENT_LINK,0.35233905580045666,3.0,348.2413525814973,345.2413525814973,3
FAIL_000033,PAY_000201,CUST_0017,SUB_0017,988.37,2026-03-25,NETWORK_ERROR,TECHNICAL,518,14,3,17,0.8235,0.3,0.25,low_engagement,0.1765,0.8235,starter,988.37,monthly,SEND_REMINDER,0.16143178990129606,1.0,159.55433818474398,158.55433818474398,4
FAIL_000033,PAY_000201,CUST_0017,SUB_0017,988.37,2026-03-25,NETWORK_ERROR,TECHNICAL,518,14,3,17,0.8235,0.3,0.25,low_engagement,0.1765,0.8235,starter,988.37,monthly,UPDATE_PAYMENT_METHOD,0.04159713415725321,3.0,41.11335948700436,38.11335948700436,5
FAIL_000033,PAY_000201,CUST_0017,SUB_0017,988.37,2026-03-25,NETWORK_ERROR,TECHNICAL,518,14,3,17,0.8235,0.3,0.25,low_engagement,0.1765,0.8235,starter,988.37,monthly,STOP,0.0,0.0,0.0,0.0,6
FAIL_000039,PAY_000221,CUST_0019,SUB_0019,2269.23,2025-12-14,AUTHENTICATION_FAILED,CUSTOMER_ACTION,499,15,1,16,0.9375,0.8,0.85,reliable,0.0625,0.9375,starter,2269.23,monthly,SEND_REMINDER,0.6880335742500144,1.0,1561.3064276953603,1560.3064276953603,1
FAIL_000039,PAY_000221,CUST_0019,SUB_0019,2269.23,2025-12-14,AUTHENTICATION_FAILED,CUSTOMER_ACTION,499,15,1,16,0.9375,0.8,0.85,reliable,0.0625,0.9375,starter,2269.23,monthly,PAYMENT_LINK,0.6082310784476447,3.0,1380.2162101457488,1377.2162101457488,2
FAIL_000039,PAY_000221,CUST_0019,SUB_0019,2269.23,2025-12-14,AUTHENTICATION_FAILED,CUSTOMER_ACTION,499,15,1,16,0.9375,0.8,0.85,reliable,0.0625,0.9375,starter,2269.23,monthly,UPDATE_PAYMENT_METHOD,0.5211798936630028,3.0,1182.6770500968958,1179.6770500968958,3
FAIL_000039,PAY_000221,CUST_0019,SUB_0019,2269.23,2025-12-14,AUTHENTICATION_FAILED,CUSTOMER_ACTION,499,15,1,16,0.9375,0.8,0.85,reliable,0.0625,0.9375,starter,2269.23,monthly,RETRY_NOW,0.25627014839305906,2.0,581.5359088379814,579.5359088379814,4
FAIL_000039,PAY_000221,CUST_0019,SUB_0019,2269.23,2025-12-14,AUTHENTICATION_FAILED,CUSTOMER_ACTION,499,15,1,16,0.9375,0.8,0.85,reliable,0.0625,0.9375,starter,2269.23,monthly,WAIT_AND_RETRY,0.22128558790605687,2.0,502.14789464406147,500.14789464406147,5
FAIL_000039,PAY_000221,CUST_0019,SUB_0019,2269.23,2025-12-14,AUTHENTICATION_FAILED,CUSTOMER_ACTION,499,15,1,16,0.9375,0.8,0.85,reliable,0.0625,0.9375,starter,2269.23,monthly,STOP,0.0,0.0,0.0,0.0,6
FAIL_000040,PAY_000230,CUST_0020,SUB_0020,641.27,2024-01-19,BANK_DECLINED,ISSUER_DECLINE,984,23,9,32,0.7188,0.35,0.45,friction_prone,0.2812,0.7188,pro,641.27,monthly,WAIT_AND_RETRY,0.6883120988041177,2.0,441.3938996001165,439.3938996001165,1
FAIL_000040,PAY_000230,CUST_0020,SUB_0020,641.27,2024-01-19,BANK_DECLINED,ISSUER_DECLINE,984,23,9,32,0.7188,0.35,0.45,friction_prone,0.2812,0.7188,pro,641.27,monthly,PAYMENT_LINK,0.5681333127050833,3.0,364.32684943838876,361.32684943838876,2
FAIL_000040,PAY_000230,CUST_0020,SUB_0020,641.27,2024-01-19,BANK_DECLINED,ISSUER_DECLINE,984,23,9,32,0.7188,0.35,0.45,friction_prone,0.2812,0.7188,pro,641.27,monthly,UPDATE_PAYMENT_METHOD,0.43933976433477945,3.0,281.735410674964,278.735410674964,3
FAIL_000040,PAY_000230,CUST_0020,SUB_0020,641.27,2024-01-19,BANK_DECLINED,ISSUER_DECLINE,984,23,9,32,0.7188,0.35,0.45,friction_prone,0.2812,0.7188,pro,641.27,monthly,SEND_REMINDER,0.40094105772630656,1.0,257.1114720881486,256.1114720881486,4
FAIL_000040,PAY_000230,CUST_0020,SUB_0020,641.27,2024-01-19,BANK_DECLINED,ISSUER_DECLINE,984,23,9,32,0.7188,0.35,0.45,friction_prone,0.2812,0.7188,pro,641.27,monthly,RETRY_NOW,0.29961214642019335,2.0,192.1322811348774,190.1322811348774,5
FAIL_000040,PAY_000230,CUST_0020,SUB_0020,641.27,2024-01-19,BANK_DECLINED,ISSUER_DECLINE,984,23,9,32,0.7188,0.35,0.45,friction_prone,0.2812,0.7188,pro,641.27,monthly,STOP,0.0,0.0,0.0,0.0,6
FAIL_000048,PAY_000262,CUST_0021,SUB_0021,7397.62,2026-04-22,BANK_DECLINED,ISSUER_DECLINE,160,3,2,5,0.6,0.82,0.9,high_value_loyal,0.4,0.6,pro,7397.62,monthly,UPDATE_PAYMENT_METHOD,0.5854985057169223,3.0,4331.295455861618,4328.295455861618,1
FAIL_000048,PAY_000262,CUST_0021,SUB_0021,7397.62,2026-04-22,BANK_DECLINED,ISSUER_DECLINE,160,3,2,5,0.6,0.82,0.9,high_value_loyal,0.4,0.6,pro,7397.62,monthly,SEND_REMINDER,0.559603476485597,1.0,4139.733869719383,4138.733869719383,2
FAIL_000048,PAY_000262,CUST_0021,SUB_0021,7397.62,2026-04-22,BANK_DECLINED,ISSUER_DECLINE,160,3,2,5,0.6,0.82,0.9,high_value_loyal,0.4,0.6,pro,7397.62,monthly,WAIT_AND_RETRY,0.528875587614966,2.0,3912.4206244522247,3910.4206244522247,3
FAIL_000048,PAY_000262,CUST_0021,SUB_0021,7397.62,2026-04-22,BANK_DECLINED,ISSUER_DECLINE,160,3,2,5,0.6,0.82,0.9,high_value_loyal,0.4,0.6,pro,7397.62,monthly,PAYMENT_LINK,0.5150626803043656,3.0,3810.2379850731813,3807.2379850731813,4
FAIL_000048,PAY_000262,CUST_0021,SUB_0021,7397.62,2026-04-22,BANK_DECLINED,ISSUER_DECLINE,160,3,2,5,0.6,0.82,0.9,high_value_loyal,0.4,0.6,pro,7397.62,monthly,RETRY_NOW,0.13558438376124587,2.0,1003.0017489998677,1001.0017489998677,5
FAIL_000048,PAY_000262,CUST_0021,SUB_0021,7397.62,2026-04-22,BANK_DECLINED,ISSUER_DECLINE,160,3,2,5,0.6,0.82,0.9,high_value_loyal,0.4,0.6,pro,7397.62,monthly,STOP,0.0,0.0,0.0,0.0,6
FAIL_000061,PAY_000301,CUST_0023,SUB_0023,1192.85,2025-03-12,LIMIT_EXCEEDED,PAYMENT_LIMIT,866,22,6,28,0.7857,0.6,0.6,normal,0.2143,0.7857,pro,1192.85,monthly,PAYMENT_LINK,0.7611993744744466,3.0,907.9966738418436,904.9966738418436,1
FAIL_000061,PAY_000301,CUST_0023,SUB_0023,1192.85,2025-03-12,LIMIT_EXCEEDED,PAYMENT_LIMIT,866,22,6,28,0.7857,0.6,0.6,normal,0.2143,0.7857,pro,1192.85,monthly,UPDATE_PAYMENT_METHOD,0.6480450028546724,3.0,773.0204816551959,770.0204816551959,2
FAIL_000061,PAY_000301,CUST_0023,SUB_0023,1192.85,2025-03-12,LIMIT_EXCEEDED,PAYMENT_LIMIT,866,22,6,28,0.7857,0.6,0.6,normal,0.2143,0.7857,pro,1192.85,monthly,WAIT_AND_RETRY,0.5152442178047532,2.0,614.6090652083998,612.6090652083998,3
FAIL_000061,PAY_000301,CUST_0023,SUB_0023,1192.85,2025-03-12,LIMIT_EXCEEDED,PAYMENT_LIMIT,866,22,6,28,0.7857,0.6,0.6,normal,0.2143,0.7857,pro,1192.85,monthly,SEND_REMINDER,0.40592272539062596,1.0,484.20492298220813,483.20492298220813,4
FAIL_000061,PAY_000301,CUST_0023,SUB_0023,1192.85,2025-03-12,LIMIT_EXCEEDED,PAYMENT_LIMIT,866,22,6,28,0.7857,0.6,0.6,normal,0.2143,0.7857,pro,1192.85,monthly,RETRY_NOW,0.08340815954650904,2.0,99.4934231150533,97.4934231150533,5
FAIL_000061,PAY_000301,CUST_0023,SUB_0023,1192.85,2025-03-12,LIMIT_EXCEEDED,PAYMENT_LIMIT,866,22,6,28,0.7857,0.6,0.6,normal,0.2143,0.7857,pro,1192.85,monthly,STOP,0.0,0.0,0.0,0.0,6
FAIL_000080,PAY_000353,CUST_0026,SUB_0026,15000.0,2026-04-29,INSUFFICIENT_FUNDS,CUSTOMER_FINANCIAL,723,22,2,24,0.9167,0.82,0.9,high_value_loyal,0.0833,0.9167,pro,15000.0,monthly,PAYMENT_LINK,0.8275716084133199,3.0,12413.5741261998,12410.5741261998,1
FAIL_000080,PAY_000353,CUST_0026,SUB_0026,15000.0,2026-04-29,INSUFFICIENT_FUNDS,CUSTOMER_FINANCIAL,723,22,2,24,0.9167,0.82,0.9,high_value_loyal,0.0833,0.9167,pro,15000.0,monthly,SEND_REMINDER,0.7784476495438878,1.0,11676.714743158316,11675.714743158316,2
FAIL_000080,PAY_000353,CUST_0026,SUB_0026,15000.0,2026-04-29,INSUFFICIENT_FUNDS,CUSTOMER_FINANCIAL,723,22,2,24,0.9167,0.82,0.9,high_value_loyal,0.0833,0.9167,pro,15000.0,monthly,WAIT_AND_RETRY,0.7411360432562799,2.0,11117.040648844199,11115.040648844199,3
FAIL_000080,PAY_000353,CUST_0026,SUB_0026,15000.0,2026-04-29,INSUFFICIENT_FUNDS,CUSTOMER_FINANCIAL,723,22,2,24,0.9167,0.82,0.9,high_value_loyal,0.0833,0.9167,pro,15000.0,monthly,UPDATE_PAYMENT_METHOD,0.5592605866184118,3.0,8388.908799276178,8385.908799276178,4
FAIL_000080,PAY_000353,CUST_0026,SUB_0026,15000.0,2026-04-29,INSUFFICIENT_FUNDS,CUSTOMER_FINANCIAL,723,22,2,24,0.9167,0.82,0.9,high_value_loyal,0.0833,0.9167,pro,15000.0,monthly,RETRY_NOW,0.2917599576401888,2.0,4376.399364602832,4374.399364602832,5
FAIL_000080,PAY_000353,CUST_0026,SUB_0026,15000.0,2026-04-29,INSUFFICIENT_FUNDS,CUSTOMER_FINANCIAL,723,22,2,24,0.9167,0.82,0.9,high_value_loyal,0.0833,0.9167,pro,15000.0,monthly,STOP,0.0,0.0,0.0,0.0,6
FAIL_000087,PAY_000444,CUST_0032,SUB_0032,10611.56,2025-09-29,LIMIT_EXCEEDED,PAYMENT_LIMIT,365,11,1,12,0.9167,0.82,0.9,high_value_loyal,0.0833,0.9167,growth,10611.56,monthly,UPDATE_PAYMENT_METHOD,0.7197579988945392,3.0,7637.755190749336,7634.755190749336,1
FAIL_000087,PAY_000444,CUST_0032,SUB_0032,10611.56,2025-09-29,LIMIT_EXCEEDED,PAYMENT_LIMIT,365,11,1,12,0.9167,0.82,0.9,high_value_loyal,0.0833,0.9167,growth,10611.56,monthly,PAYMENT_LINK,0.7024653852143855,3.0,7454.253583125565,7451.253583125565,2
FAIL_000087,PAY_000444,CUST_0032,SUB_0032,10611.56,2025-09-29,LIMIT_EXCEEDED,PAYMENT_LIMIT,365,11,1,12,0.9167,0.82,0.9,high_value_loyal,0.0833,0.9167,growth,10611.56,monthly,WAIT_AND_RETRY,0.41769273293261344,2.0,4432.371497078403,4430.371497078403,3
FAIL_000087,PAY_000444,CUST_0032,SUB_0032,10611.56,2025-09-29,LIMIT_EXCEEDED,PAYMENT_LIMIT,365,11,1,12,0.9167,0.82,0.9,high_value_loyal,0.0833,0.9167,growth,10611.56,monthly,SEND_REMINDER,0.22767283617441741,1.0,2415.963961435001,2414.963961435001,4
FAIL_000087,PAY_000444,CUST_0032,SUB_0032,10611.56,2025-09-29,LIMIT_EXCEEDED,PAYMENT_LIMIT,365,11,1,12,0.9167,0.82,0.9,high_value_loyal,0.0833,0.9167,growth,10611.56,monthly,RETRY_NOW,0.13279936065271222,2.0,1409.2083835278947,1407.2083835278947,5
FAIL_000087,PAY_000444,CUST_0032,SUB_0032,10611.56,2025-09-29,LIMIT_EXCEEDED,PAYMENT_LIMIT,365,11,1,12,0.9167,0.82,0.9,high_value_loyal,0.0833,0.9167,growth,10611.56,monthly,STOP,0.0,0.0,0.0,0.0,6
FAIL_000097,PAY_000558,CUST_0037,SUB_0037,9606.42,2026-07-30,LIMIT_EXCEEDED,PAYMENT_LIMIT,841,25,3,28,0.8929,0.82,0.9,high_value_loyal,0.1071,0.8929,pro,9606.42,monthly,PAYMENT_LINK,0.7167137909072376,3.0,6885.053695247106,6882.053695247106,1
FAIL_000097,PAY_000558,CUST_0037,SUB_0037,9606.42,2026-07-30,LIMIT_EXCEEDED,PAYMENT_LIMIT,841,25,3,28,0.8929,0.82,0.9,high_value_loyal,0.1071,0.8929,pro,9606.42,monthly,UPDATE_PAYMENT_METHOD,0.565104799041405,3.0,5428.634043607333,5425.634043607333,2
FAIL_000097,PAY_000558,CUST_0037,SUB_0037,9606.42,2026-07-30,LIMIT_EXCEEDED,PAYMENT_LIMIT,841,25,3,28,0.8929,0.82,0.9,high_value_loyal,0.1071,0.8929,pro,9606.42,monthly,WAIT_AND_RETRY,0.4825141459691298,2.0,4635.233542120768,4633.233542120768,3
FAIL_000097,PAY_000558,CUST_0037,SUB_0037,9606.42,2026-07-30,LIMIT_EXCEEDED,PAYMENT_LIMIT,841,25,3,28,0.8929,0.82,0.9,high_value_loyal,0.1071,0.8929,pro,9606.42,monthly,SEND_REMINDER,0.4142185335575929,1.0,3979.157205138332,3978.157205138332,4
FAIL_000097,PAY_000558,CUST_0037,SUB_0037,9606.42,2026-07-30,LIMIT_EXCEEDED,PAYMENT_LIMIT,841,25,3,28,0.8929,0.82,0.9,high_value_loyal,0.1071,0.8929,pro,9606.42,monthly,RETRY_NOW,0.13576796720580797,2.0,1304.244115525218,1302.244115525218,5
FAIL_000097,PAY_000558,CUST_0037,SUB_0037,9606.42,2026-07-30,LIMIT_EXCEEDED,PAYMENT_LIMIT,841,25,3,28,0.8929,0.82,0.9,high_value_loyal,0.1071,0.8929,pro,9606.42,monthly,STOP,0.0,0.0,0.0,0.0,6
FAIL_000101,PAY_000568,CUST_0038,SUB_0038,1015.59,2026-06-22,INSUFFICIENT_FUNDS,CUSTOMER_FINANCIAL,339,8,3,11,0.7273,0.6,0.6,normal,0.2727,0.7273,starter,1015.59,monthly,WAIT_AND_RETRY,0.7143308702220145,2.0,725.4672884887757,723.4672884887757,1
FAIL_000101,PAY_000568,CUST_0038,SUB_0038,1015.59,2026-06-22,INSUFFICIENT_FUNDS,CUSTOMER_FINANCIAL,339,8,3,11,0.7273,0.6,0.6,normal,0.2727,0.7273,starter,1015.59,monthly,SEND_REMINDER,0.6694184509844573,1.0,679.854684635305,678.854684635305,2
FAIL_000101,PAY_000568,CUST_0038,SUB_0038,1015.59,2026-06-22,INSUFFICIENT_FUNDS,CUSTOMER_FINANCIAL,339,8,3,11,0.7273,0.6,0.6,normal,0.2727,0.7273,starter,1015.59,monthly,PAYMENT_LINK,0.6175758190120609,3.0,627.203826030459,624.203826030459,3
FAIL_000101,PAY_000568,CUST_0038,SUB_0038,1015.59,2026-06-22,INSUFFICIENT_FUNDS,CUSTOMER_FINANCIAL,339,8,3,11,0.7273,0.6,0.6,normal,0.2727,0.7273,starter,1015.59,monthly,RETRY_NOW,0.22135563918450094,2.0,224.80657359938732,222.80657359938732,4
FAIL_000101,PAY_000568,CUST_0038,SUB_0038,1015.59,2026-06-22,INSUFFICIENT_FUNDS,CUSTOMER_FINANCIAL,339,8,3,11,0.7273,0.6,0.6,normal,0.2727,0.7273,starter,1015.59,monthly,UPDATE_PAYMENT_METHOD,0.1900903131576314,3.0,193.05382113975887,190.05382113975887,5
FAIL_000101,PAY_000568,CUST_0038,SUB_0038,1015.59,2026-06-22,INSUFFICIENT_FUNDS,CUSTOMER_FINANCIAL,339,8,3,11,0.7273,0.6,0.6,normal,0.2727,0.7273,starter,1015.59,monthly,STOP,0.0,0.0,0.0,0.0,6
FAIL_000102,PAY_000574,CUST_0039,SUB_0039,13129.92,2025-09-03,CARD_EXPIRED,PAYMENT_METHOD,481,14,2,16,0.875,0.82,0.9,high_value_loyal,0.125,0.875,pro,13129.92,monthly,UPDATE_PAYMENT_METHOD,0.9393343900260961,3.0,12333.38539429144,12330.38539429144,1
FAIL_000102,PAY_000574,CUST_0039,SUB_0039,13129.92,2025-09-03,CARD_EXPIRED,PAYMENT_METHOD,481,14,2,16,0.875,0.82,0.9,high_value_loyal,0.125,0.875,pro,13129.92,monthly,PAYMENT_LINK,0.7566988984167035,3.0,9935.396000299443,9932.396000299443,2
FAIL_000102,PAY_000574,CUST_0039,SUB_0039,13129.92,2025-09-03,CARD_EXPIRED,PAYMENT_METHOD,481,14,2,16,0.875,0.82,0.9,high_value_loyal,0.125,0.875,pro,13129.92,monthly,SEND_REMINDER,0.5506219073216113,1.0,7229.62159338017,7228.62159338017,3
FAIL_000102,PAY_000574,CUST_0039,SUB_0039,13129.92,2025-09-03,CARD_EXPIRED,PAYMENT_METHOD,481,14,2,16,0.875,0.82,0.9,high_value_loyal,0.125,0.875,pro,13129.92,monthly,WAIT_AND_RETRY,0.18696246664596333,2.0,2454.802230064167,2452.802230064167,4
FAIL_000102,PAY_000574,CUST_0039,SUB_0039,13129.92,2025-09-03,CARD_EXPIRED,PAYMENT_METHOD,481,14,2,16,0.875,0.82,0.9,high_value_loyal,0.125,0.875,pro,13129.92,monthly,RETRY_NOW,0.08218422158728167,2.0,1079.0722547032813,1077.0722547032813,5
FAIL_000102,PAY_000574,CUST_0039,SUB_0039,13129.92,2025-09-03,CARD_EXPIRED,PAYMENT_METHOD,481,14,2,16,0.875,0.82,0.9,high_value_loyal,0.125,0.875,pro,13129.92,monthly,STOP,0.0,0.0,0.0,0.0,6
FAIL_000103,PAY_000585,CUST_0039,SUB_0039,13129.92,2026-07-30,CARD_EXPIRED,PAYMENT_METHOD,481,14,2,16,0.875,0.82,0.9,high_value_loyal,0.125,0.875,pro,13129.92,monthly,UPDATE_PAYMENT_METHOD,0.9393343900260961,3.0,12333.38539429144,12330.38539429144,1
FAIL_000103,PAY_000585,CUST_0039,SUB_0039,13129.92,2026-07-30,CARD_EXPIRED,PAYMENT_METHOD,481,14,2,16,0.875,0.82,0.9,high_value_loyal,0.125,0.875,pro,13129.92,monthly,PAYMENT_LINK,0.7566988984167035,3.0,9935.396000299443,9932.396000299443,2
FAIL_000103,PAY_000585,CUST_0039,SUB_0039,13129.92,2026-07-30,CARD_EXPIRED,PAYMENT_METHOD,481,14,2,16,0.875,0.82,0.9,high_value_loyal,0.125,0.875,pro,13129.92,monthly,SEND_REMINDER,0.5506219073216113,1.0,7229.62159338017,7228.62159338017,3
FAIL_000103,PAY_000585,CUST_0039,SUB_0039,13129.92,2026-07-30,CARD_EXPIRED,PAYMENT_METHOD,481,14,2,16,0.875,0.82,0.9,high_value_loyal,0.125,0.875,pro,13129.92,monthly,WAIT_AND_RETRY,0.18696246664596333,2.0,2454.802230064167,2452.802230064167,4
FAIL_000103,PAY_000585,CUST_0039,SUB_0039,13129.92,2026-07-30,CARD_EXPIRED,PAYMENT_METHOD,481,14,2,16,0.875,0.82,0.9,high_value_loyal,0.125,0.875,pro,13129.92,monthly,RETRY_NOW,0.08218422158728167,2.0,1079.0722547032813,1077.0722547032813,5
FAIL_000103,PAY_000585,CUST_0039,SUB_0039,13129.92,2026-07-30,CARD_EXPIRED,PAYMENT_METHOD,481,14,2,16,0.875,0.82,0.9,high_value_loyal,0.125,0.875,pro,13129.92,monthly,STOP,0.0,0.0,0.0,0.0,6
FAIL_000109,PAY_000678,CUST_0044,SUB_0044,781.5,2025-09-23,BANK_DECLINED,ISSUER_DECLINE,821,24,3,27,0.8889,0.8,0.85,reliable,0.1111,0.8889,starter,781.5,monthly,WAIT_AND_RETRY,0.7231824252139785,2.0,565.1670653047241,563.1670653047241,1
FAIL_000109,PAY_000678,CUST_0044,SUB_0044,781.5,2025-09-23,BANK_DECLINED,ISSUER_DECLINE,821,24,3,27,0.8889,0.8,0.85,reliable,0.1111,0.8889,starter,781.5,monthly,PAYMENT_LINK,0.4942607665386357,3.0,386.26478904994383,383.26478904994383,2
FAIL_000109,PAY_000678,CUST_0044,SUB_0044,781.5,2025-09-23,BANK_DECLINED,ISSUER_DECLINE,821,24,3,27,0.8889,0.8,0.85,reliable,0.1111,0.8889,starter,781.5,monthly,SEND_REMINDER,0.39471542018163946,1.0,308.4701008719512,307.4701008719512,3
FAIL_000109,PAY_000678,CUST_0044,SUB_0044,781.5,2025-09-23,BANK_DECLINED,ISSUER_DECLINE,821,24,3,27,0.8889,0.8,0.85,reliable,0.1111,0.8889,starter,781.5,monthly,RETRY_NOW,0.35171674110122525,2.0,274.86663317060754,272.86663317060754,4
FAIL_000109,PAY_000678,CUST_0044,SUB_0044,781.5,2025-09-23,BANK_DECLINED,ISSUER_DECLINE,821,24,3,27,0.8889,0.8,0.85,reliable,0.1111,0.8889,starter,781.5,monthly,UPDATE_PAYMENT_METHOD,0.31983016600811,3.0,249.94727473533794,246.94727473533794,5
FAIL_000109,PAY_000678,CUST_0044,SUB_0044,781.5,2025-09-23,BANK_DECLINED,ISSUER_DECLINE,821,24,3,27,0.8889,0.8,0.85,reliable,0.1111,0.8889,starter,781.5,monthly,STOP,0.0,0.0,0.0,0.0,6
FAIL_000114,PAY_000713,CUST_0046,SUB_0046,405.71,2025-01-14,INSUFFICIENT_FUNDS,CUSTOMER_FINANCIAL,773,18,7,25,0.72,0.35,0.45,friction_prone,0.28,0.72,pro,405.71,monthly,WAIT_AND_RETRY,0.6796251169994971,2.0,275.730706217866,273.730706217866,1
FAIL_000114,PAY_000713,CUST_0046,SUB_0046,405.71,2025-01-14,INSUFFICIENT_FUNDS,CUSTOMER_FINANCIAL,773,18,7,25,0.72,0.35,0.45,friction_prone,0.28,0.72,pro,405.71,monthly,PAYMENT_LINK,0.5091996550904448,3.0,206.58739206674437,203.58739206674437,2
FAIL_000114,PAY_000713,CUST_0046,SUB_0046,405.71,2025-01-14,INSUFFICIENT_FUNDS,CUSTOMER_FINANCIAL,773,18,7,25,0.72,0.35,0.45,friction_prone,0.28,0.72,pro,405.71,monthly,SEND_REMINDER,0.46050407760989653,1.0,186.8311093271111,185.8311093271111,3
FAIL_000114,PAY_000713,CUST_0046,SUB_0046,405.71,2025-01-14,INSUFFICIENT_FUNDS,CUSTOMER_FINANCIAL,773,18,7,25,0.72,0.35,0.45,friction_prone,0.28,0.72,pro,405.71,monthly,RETRY_NOW,0.35002407891174464,2.0,142.0082690552839,140.0082690552839,4
FAIL_000114,PAY_000713,CUST_0046,SUB_0046,405.71,2025-01-14,INSUFFICIENT_FUNDS,CUSTOMER_FINANCIAL,773,18,7,25,0.72,0.35,0.45,friction_prone,0.28,0.72,pro,405.71,monthly,UPDATE_PAYMENT_METHOD,0.22423573817589496,3.0,90.97468133534234,87.97468133534234,5
FAIL_000114,PAY_000713,CUST_0046,SUB_0046,405.71,2025-01-14,INSUFFICIENT_FUNDS,CUSTOMER_FINANCIAL,773,18,7,25,0.72,0.35,0.45,friction_prone,0.28,0.72,pro,405.71,monthly,STOP,0.0,0.0,0.0,0.0,6
FAIL_000123,PAY_000747,CUST_0047,SUB_0047,1330.55,2026-05-28,CARD_EXPIRED,PAYMENT_METHOD,544,14,4,18,0.7778,0.6,0.6,normal,0.2222,0.7778,growth,1330.55,monthly,UPDATE_PAYMENT_METHOD,0.7311473668324994,3.0,972.828128938982,969.828128938982,1
FAIL_000123,PAY_000747,CUST_0047,SUB_0047,1330.55,2026-05-28,CARD_EXPIRED,PAYMENT_METHOD,544,14,4,18,0.7778,0.6,0.6,normal,0.2222,0.7778,growth,1330.55,monthly,PAYMENT_LINK,0.45190752061267997,3.0,601.2855515512014,598.2855515512014,2
FAIL_000123,PAY_000747,CUST_0047,SUB_0047,1330.55,2026-05-28,CARD_EXPIRED,PAYMENT_METHOD,544,14,4,18,0.7778,0.6,0.6,normal,0.2222,0.7778,growth,1330.55,monthly,SEND_REMINDER,0.3897563995729318,1.0,518.5903774517644,517.5903774517644,3
FAIL_000123,PAY_000747,CUST_0047,SUB_0047,1330.55,2026-05-28,CARD_EXPIRED,PAYMENT_METHOD,544,14,4,18,0.7778,0.6,0.6,normal,0.2222,0.7778,growth,1330.55,monthly,RETRY_NOW,0.15584183073718558,2.0,207.35534788736226,205.35534788736226,4
FAIL_000123,PAY_000747,CUST_0047,SUB_0047,1330.55,2026-05-28,CARD_EXPIRED,PAYMENT_METHOD,544,14,4,18,0.7778,0.6,0.6,normal,0.2222,0.7778,growth,1330.55,monthly,WAIT_AND_RETRY,0.09151823751637386,2.0,121.76959092741124,119.76959092741124,5
FAIL_000123,PAY_000747,CUST_0047,SUB_0047,1330.55,2026-05-28,CARD_EXPIRED,PAYMENT_METHOD,544,14,4,18,0.7778,0.6,0.6,normal,0.2222,0.7778,growth,1330.55,monthly,STOP,0.0,0.0,0.0,0.0,6
FAIL_000129,PAY_000787,CUST_0051,SUB_0051,706.77,2025-02-05,AUTHENTICATION_FAILED,CUSTOMER_ACTION,631,12,9,21,0.5714,0.35,0.45,friction_prone,0.4286,0.5714,starter,706.77,monthly,UPDATE_PAYMENT_METHOD,0.7830018425821569,3.0,553.402212281791,550.402212281791,1
FAIL_000129,PAY_000787,CUST_0051,SUB_0051,706.77,2025-02-05,AUTHENTICATION_FAILED,CUSTOMER_ACTION,631,12,9,21,0.5714,0.35,0.45,friction_prone,0.4286,0.5714,starter,706.77,monthly,PAYMENT_LINK,0.6084642606148921,3.0,430.0442854747873,427.0442854747873,2
FAIL_000129,PAY_000787,CUST_0051,SUB_0051,706.77,2025-02-05,AUTHENTICATION_FAILED,CUSTOMER_ACTION,631,12,9,21,0.5714,0.35,0.45,friction_prone,0.4286,0.5714,starter,706.77,monthly,SEND_REMINDER,0.4026655887555162,1.0,284.5919581647362,283.5919581647362,3
FAIL_000129,PAY_000787,CUST_0051,SUB_0051,706.77,2025-02-05,AUTHENTICATION_FAILED,CUSTOMER_ACTION,631,12,9,21,0.5714,0.35,0.45,friction_prone,0.4286,0.5714,starter,706.77,monthly,WAIT_AND_RETRY,0.05061907949982322,2.0,35.77604681809006,33.77604681809006,4
FAIL_000129,PAY_000787,CUST_0051,SUB_0051,706.77,2025-02-05,AUTHENTICATION_FAILED,CUSTOMER_ACTION,631,12,9,21,0.5714,0.35,0.45,friction_prone,0.4286,0.5714,starter,706.77,monthly,RETRY_NOW,0.04328711225987465,2.0,30.594032331911606,28.594032331911606,5
FAIL_000129,PAY_000787,CUST_0051,SUB_0051,706.77,2025-02-05,AUTHENTICATION_FAILED,CUSTOMER_ACTION,631,12,9,21,0.5714,0.35,0.45,friction_prone,0.4286,0.5714,starter,706.77,monthly,STOP,0.0,0.0,0.0,0.0,6
FAIL_000131,PAY_000793,CUST_0051,SUB_0051,706.77,2025-08-04,INSUFFICIENT_FUNDS,CUSTOMER_FINANCIAL,631,12,9,21,0.5714,0.35,0.45,friction_prone,0.4286,0.5714,starter,706.77,monthly,WAIT_AND_RETRY,0.6116944961749822,2.0,432.32731906159216,430.32731906159216,1
FAIL_000131,PAY_000793,CUST_0051,SUB_0051,706.77,2025-08-04,INSUFFICIENT_FUNDS,CUSTOMER_FINANCIAL,631,12,9,21,0.5714,0.35,0.45,friction_prone,0.4286,0.5714,starter,706.77,monthly,PAYMENT_LINK,0.6034774066441831,3.0,426.5197266939093,423.5197266939093,2
FAIL_000131,PAY_000793,CUST_0051,SUB_0051,706.77,2025-08-04,INSUFFICIENT_FUNDS,CUSTOMER_FINANCIAL,631,12,9,21,0.5714,0.35,0.45,friction_prone,0.4286,0.5714,starter,706.77,monthly,SEND_REMINDER,0.5192642643880847,1.0,367.0004041415666,366.0004041415666,3
FAIL_000131,PAY_000793,CUST_0051,SUB_0051,706.77,2025-08-04,INSUFFICIENT_FUNDS,CUSTOMER_FINANCIAL,631,12,9,21,0.5714,0.35,0.45,friction_prone,0.4286,0.5714,starter,706.77,monthly,RETRY_NOW,0.28761266100504396,2.0,203.27600041853492,201.27600041853492,4
FAIL_000131,PAY_000793,CUST_0051,SUB_0051,706.77,2025-08-04,INSUFFICIENT_FUNDS,CUSTOMER_FINANCIAL,631,12,9,21,0.5714,0.35,0.45,friction_prone,0.4286,0.5714,starter,706.77,monthly,UPDATE_PAYMENT_METHOD,0.27254737845029015,3.0,192.62831066731155,189.62831066731155,5
FAIL_000131,PAY_000793,CUST_0051,SUB_0051,706.77,2025-08-04,INSUFFICIENT_FUNDS,CUSTOMER_FINANCIAL,631,12,9,21,0.5714,0.35,0.45,friction_prone,0.4286,0.5714,starter,706.77,monthly,STOP,0.0,0.0,0.0,0.0,6
FAIL_000132,PAY_000794,CUST_0051,SUB_0051,706.77,2025-09-03,INSUFFICIENT_FUNDS,CUSTOMER_FINANCIAL,631,12,9,21,0.5714,0.35,0.45,friction_prone,0.4286,0.5714,starter,706.77,monthly,WAIT_AND_RETRY,0.6116944961749822,2.0,432.32731906159216,430.32731906159216,1
FAIL_000132,PAY_000794,CUST_0051,SUB_0051,706.77,2025-09-03,INSUFFICIENT_FUNDS,CUSTOMER_FINANCIAL,631,12,9,21,0.5714,0.35,0.45,friction_prone,0.4286,0.5714,starter,706.77,monthly,PAYMENT_LINK,0.6034774066441831,3.0,426.5197266939093,423.5197266939093,2
FAIL_000132,PAY_000794,CUST_0051,SUB_0051,706.77,2025-09-03,INSUFFICIENT_FUNDS,CUSTOMER_FINANCIAL,631,12,9,21,0.5714,0.35,0.45,friction_prone,0.4286,0.5714,starter,706.77,monthly,SEND_REMINDER,0.5192642643880847,1.0,367.0004041415666,366.0004041415666,3
FAIL_000132,PAY_000794,CUST_0051,SUB_0051,706.77,2025-09-03,INSUFFICIENT_FUNDS,CUSTOMER_FINANCIAL,631,12,9,21,0.5714,0.35,0.45,friction_prone,0.4286,0.5714,starter,706.77,monthly,RETRY_NOW,0.28761266100504396,2.0,203.27600041853492,201.27600041853492,4
FAIL_000132,PAY_000794,CUST_0051,SUB_0051,706.77,2025-09-03,INSUFFICIENT_FUNDS,CUSTOMER_FINANCIAL,631,12,9,21,0.5714,0.35,0.45,friction_prone,0.4286,0.5714,starter,706.77,monthly,UPDATE_PAYMENT_METHOD,0.27254737845029015,3.0,192.62831066731155,189.62831066731155,5
FAIL_000132,PAY_000794,CUST_0051,SUB_0051,706.77,2025-09-03,INSUFFICIENT_FUNDS,CUSTOMER_FINANCIAL,631,12,9,21,0.5714,0.35,0.45,friction_prone,0.4286,0.5714,starter,706.77,monthly,STOP,0.0,0.0,0.0,0.0,6
FAIL_000148,PAY_000840,CUST_0053,SUB_0053,619.66,2026-03-30,CARD_EXPIRED,PAYMENT_METHOD,543,8,10,18,0.4444,0.3,0.25,low_engagement,0.5556,0.4444,starter,619.66,monthly,UPDATE_PAYMENT_METHOD,0.8418402002924584,3.0,521.6546985132247,518.6546985132247,1
FAIL_000148,PAY_000840,CUST_0053,SUB_0053,619.66,2026-03-30,CARD_EXPIRED,PAYMENT_METHOD,543,8,10,18,0.4444,0.3,0.25,low_engagement,0.5556,0.4444,starter,619.66,monthly,PAYMENT_LINK,0.39143959446580545,3.0,242.559459106681,239.559459106681,2
FAIL_000148,PAY_000840,CUST_0053,SUB_0053,619.66,2026-03-30,CARD_EXPIRED,PAYMENT_METHOD,543,8,10,18,0.4444,0.3,0.25,low_engagement,0.5556,0.4444,starter,619.66,monthly,RETRY_NOW,0.28139197371111674,2.0,174.3673504298306,172.3673504298306,3
FAIL_000148,PAY_000840,CUST_0053,SUB_0053,619.66,2026-03-30,CARD_EXPIRED,PAYMENT_METHOD,543,8,10,18,0.4444,0.3,0.25,low_engagement,0.5556,0.4444,starter,619.66,monthly,SEND_REMINDER,0.054405774911872706,1.0,33.71308248189104,32.71308248189104,4
FAIL_000148,PAY_000840,CUST_0053,SUB_0053,619.66,2026-03-30,CARD_EXPIRED,PAYMENT_METHOD,543,8,10,18,0.4444,0.3,0.25,low_engagement,0.5556,0.4444,starter,619.66,monthly,WAIT_AND_RETRY,0.04056702203636112,2.0,25.13776087505153,23.13776087505153,5
FAIL_000148,PAY_000840,CUST_0053,SUB_0053,619.66,2026-03-30,CARD_EXPIRED,PAYMENT_METHOD,543,8,10,18,0.4444,0.3,0.25,low_engagement,0.5556,0.4444,starter,619.66,monthly,STOP,0.0,0.0,0.0,0.0,6
FAIL_000157,PAY_000901,CUST_0058,SUB_0058,1656.39,2024-10-14,BANK_DECLINED,ISSUER_DECLINE,835,24,3,27,0.8889,0.8,0.85,reliable,0.1111,0.8889,pro,1656.39,monthly,WAIT_AND_RETRY,0.7267214701493002,2.0,1203.7341759405995,1201.7341759405995,1
FAIL_000157,PAY_000901,CUST_0058,SUB_0058,1656.39,2024-10-14,BANK_DECLINED,ISSUER_DECLINE,835,24,3,27,0.8889,0.8,0.85,reliable,0.1111,0.8889,pro,1656.39,monthly,PAYMENT_LINK,0.6652397979695466,3.0,1101.8965489587774,1098.8965489587774,2
FAIL_000157,PAY_000901,CUST_0058,SUB_0058,1656.39,2024-10-14,BANK_DECLINED,ISSUER_DECLINE,835,24,3,27,0.8889,0.8,0.85,reliable,0.1111,0.8889,pro,1656.39,monthly,SEND_REMINDER,0.3619625976631641,1.0,599.5512271432884,598.5512271432884,3
FAIL_000157,PAY_000901,CUST_0058,SUB_0058,1656.39,2024-10-14,BANK_DECLINED,ISSUER_DECLINE,835,24,3,27,0.8889,0.8,0.85,reliable,0.1111,0.8889,pro,1656.39,monthly,RETRY_NOW,0.2842642921432305,2.0,470.8525308631256,468.8525308631256,4
FAIL_000157,PAY_000901,CUST_0058,SUB_0058,1656.39,2024-10-14,BANK_DECLINED,ISSUER_DECLINE,835,24,3,27,0.8889,0.8,0.85,reliable,0.1111,0.8889,pro,1656.39,monthly,UPDATE_PAYMENT_METHOD,0.2656270301309847,3.0,439.98195643866177,436.98195643866177,5
FAIL_000157,PAY_000901,CUST_0058,SUB_0058,1656.39,2024-10-14,BANK_DECLINED,ISSUER_DECLINE,835,24,3,27,0.8889,0.8,0.85,reliable,0.1111,0.8889,pro,1656.39,monthly,STOP,0.0,0.0,0.0,0.0,6
FAIL_000159,PAY_000912,CUST_0058,SUB_0058,1656.39,2025-09-09,INSUFFICIENT_FUNDS,CUSTOMER_FINANCIAL,835,24,3,27,0.8889,0.8,0.85,reliable,0.1111,0.8889,pro,1656.39,monthly,WAIT_AND_RETRY,0.7823409794061938,2.0,1295.8617748786255,1293.8617748786255,1
FAIL_000159,PAY_000912,CUST_0058,SUB_0058,1656.39,2025-09-09,INSUFFICIENT_FUNDS,CUSTOMER_FINANCIAL,835,24,3,27,0.8889,0.8,0.85,reliable,0.1111,0.8889,pro,1656.39,monthly,SEND_REMINDER,0.7293497233209364,1.0,1208.0875882115658,1207.0875882115658,2
FAIL_000159,PAY_000912,CUST_0058,SUB_0058,1656.39,2025-09-09,INSUFFICIENT_FUNDS,CUSTOMER_FINANCIAL,835,24,3,27,0.8889,0.8,0.85,reliable,0.1111,0.8889,pro,1656.39,monthly,PAYMENT_LINK,0.6207990080536804,3.0,1028.2852689500357,1025.2852689500357,3
FAIL_000159,PAY_000912,CUST_0058,SUB_0058,1656.39,2025-09-09,INSUFFICIENT_FUNDS,CUSTOMER_FINANCIAL,835,24,3,27,0.8889,0.8,0.85,reliable,0.1111,0.8889,pro,1656.39,monthly,RETRY_NOW,0.5843271052693095,2.0,967.8735738970316,965.8735738970316,4
FAIL_000159,PAY_000912,CUST_0058,SUB_0058,1656.39,2025-09-09,INSUFFICIENT_FUNDS,CUSTOMER_FINANCIAL,835,24,3,27,0.8889,0.8,0.85,reliable,0.1111,0.8889,pro,1656.39,monthly,UPDATE_PAYMENT_METHOD,0.36029068937353553,3.0,596.7818949714306,593.7818949714306,5
FAIL_000159,PAY_000912,CUST_0058,SUB_0058,1656.39,2025-09-09,INSUFFICIENT_FUNDS,CUSTOMER_FINANCIAL,835,24,3,27,0.8889,0.8,0.85,reliable,0.1111,0.8889,pro,1656.39,monthly,STOP,0.0,0.0,0.0,0.0,6
FAIL_000163,PAY_000982,CUST_0062,SUB_0062,438.99,2026-03-26,INSUFFICIENT_FUNDS,CUSTOMER_FINANCIAL,367,9,3,12,0.75,0.3,0.25,low_engagement,0.25,0.75,starter,438.99,monthly,WAIT_AND_RETRY,0.8171005899026651,2.0,358.69898796137096,356.69898796137096,1
FAIL_000163,PAY_000982,CUST_0062,SUB_0062,438.99,2026-03-26,INSUFFICIENT_FUNDS,CUSTOMER_FINANCIAL,367,9,3,12,0.75,0.3,0.25,low_engagement,0.25,0.75,starter,438.99,monthly,PAYMENT_LINK,0.4164510376597033,3.0,182.81784102223315,179.81784102223315,2
FAIL_000163,PAY_000982,CUST_0062,SUB_0062,438.99,2026-03-26,INSUFFICIENT_FUNDS,CUSTOMER_FINANCIAL,367,9,3,12,0.75,0.3,0.25,low_engagement,0.25,0.75,starter,438.99,monthly,RETRY_NOW,0.37770698081220033,2.0,165.80958750674782,163.80958750674782,3
FAIL_000163,PAY_000982,CUST_0062,SUB_0062,438.99,2026-03-26,INSUFFICIENT_FUNDS,CUSTOMER_FINANCIAL,367,9,3,12,0.75,0.3,0.25,low_engagement,0.25,0.75,starter,438.99,monthly,SEND_REMINDER,0.29196173236436435,1.0,128.1682808906323,127.1682808906323,4
FAIL_000163,PAY_000982,CUST_0062,SUB_0062,438.99,2026-03-26,INSUFFICIENT_FUNDS,CUSTOMER_FINANCIAL,367,9,3,12,0.75,0.3,0.25,low_engagement,0.25,0.75,starter,438.99,monthly,UPDATE_PAYMENT_METHOD,0.10345570241508623,3.0,45.4160188031987,42.4160188031987,5
FAIL_000163,PAY_000982,CUST_0062,SUB_0062,438.99,2026-03-26,INSUFFICIENT_FUNDS,CUSTOMER_FINANCIAL,367,9,3,12,0.75,0.3,0.25,low_engagement,0.25,0.75,starter,438.99,monthly,STOP,0.0,0.0,0.0,0.0,6
FAIL_000164,PAY_000987,CUST_0063,SUB_0063,961.34,2024-03-16,AUTHENTICATION_FAILED,CUSTOMER_ACTION,897,26,3,29,0.8966,0.6,0.6,normal,0.1034,0.8966,growth,961.34,monthly,UPDATE_PAYMENT_METHOD,0.7907478371519202,3.0,760.177525767627,757.177525767627,1
FAIL_000164,PAY_000987,CUST_0063,SUB_0063,961.34,2024-03-16,AUTHENTICATION_FAILED,CUSTOMER_ACTION,897,26,3,29,0.8966,0.6,0.6,normal,0.1034,0.8966,growth,961.34,monthly,PAYMENT_LINK,0.7744497743011143,3.0,744.5095460266332,741.5095460266332,2
FAIL_000164,PAY_000987,CUST_0063,SUB_0063,961.34,2024-03-16,AUTHENTICATION_FAILED,CUSTOMER_ACTION,897,26,3,29,0.8966,0.6,0.6,normal,0.1034,0.8966,growth,961.34,monthly,SEND_REMINDER,0.28420849609108945,1.0,273.2209956322079,272.2209956322079,3
FAIL_000164,PAY_000987,CUST_0063,SUB_0063,961.34,2024-03-16,AUTHENTICATION_FAILED,CUSTOMER_ACTION,897,26,3,29,0.8966,0.6,0.6,normal,0.1034,0.8966,growth,961.34,monthly,WAIT_AND_RETRY,0.10748314484528758,2.0,103.32784646556877,101.32784646556877,4
FAIL_000164,PAY_000987,CUST_0063,SUB_0063,961.34,2024-03-16,AUTHENTICATION_FAILED,CUSTOMER_ACTION,897,26,3,29,0.8966,0.6,0.6,normal,0.1034,0.8966,growth,961.34,monthly,RETRY_NOW,0.05286075443012047,2.0,50.817157663852015,48.817157663852015,5
FAIL_000164,PAY_000987,CUST_0063,SUB_0063,961.34,2024-03-16,AUTHENTICATION_FAILED,CUSTOMER_ACTION,897,26,3,29,0.8966,0.6,0.6,normal,0.1034,0.8966,growth,961.34,monthly,STOP,0.0,0.0,0.0,0.0,6
FAIL_000172,PAY_001070,CUST_0070,SUB_0070,11107.73,2025-07-10,NETWORK_ERROR,TECHNICAL,566,17,1,18,0.9444,0.82,0.9,high_value_loyal,0.0556,0.9444,growth,11107.73,monthly,WAIT_AND_RETRY,0.9187893554892385,2.0,10205.664087648478,10203.664087648478,1
FAIL_000172,PAY_001070,CUST_0070,SUB_0070,11107.73,2025-07-10,NETWORK_ERROR,TECHNICAL,566,17,1,18,0.9444,0.82,0.9,high_value_loyal,0.0556,0.9444,growth,11107.73,monthly,RETRY_NOW,0.8878505864812153,2.0,9862.00459497499,9860.00459497499,2
FAIL_000172,PAY_001070,CUST_0070,SUB_0070,11107.73,2025-07-10,NETWORK_ERROR,TECHNICAL,566,17,1,18,0.9444,0.82,0.9,high_value_loyal,0.0556,0.9444,growth,11107.73,monthly,PAYMENT_LINK,0.41054616005305417,3.0,4560.235898406111,4557.235898406111,3
FAIL_000172,PAY_001070,CUST_0070,SUB_0070,11107.73,2025-07-10,NETWORK_ERROR,TECHNICAL,566,17,1,18,0.9444,0.82,0.9,high_value_loyal,0.0556,0.9444,growth,11107.73,monthly,SEND_REMINDER,0.39907568840997953,1.0,4432.824996422181,4431.824996422181,4
FAIL_000172,PAY_001070,CUST_0070,SUB_0070,11107.73,2025-07-10,NETWORK_ERROR,TECHNICAL,566,17,1,18,0.9444,0.82,0.9,high_value_loyal,0.0556,0.9444,growth,11107.73,monthly,UPDATE_PAYMENT_METHOD,0.32512630814057963,3.0,3611.4152467223603,3608.4152467223603,5
FAIL_000172,PAY_001070,CUST_0070,SUB_0070,11107.73,2025-07-10,NETWORK_ERROR,TECHNICAL,566,17,1,18,0.9444,0.82,0.9,high_value_loyal,0.0556,0.9444,growth,11107.73,monthly,STOP,0.0,0.0,0.0,0.0,6
FAIL_000178,PAY_001106,CUST_0073,SUB_0073,1637.14,2026-02-09,BANK_DECLINED,ISSUER_DECLINE,502,10,6,16,0.625,0.35,0.45,friction_prone,0.375,0.625,pro,1637.14,monthly,WAIT_AND_RETRY,0.5471631538645546,2.0,895.782685717817,893.782685717817,1
FAIL_000178,PAY_001106,CUST_0073,SUB_0073,1637.14,2026-02-09,BANK_DECLINED,ISSUER_DECLINE,502,10,6,16,0.625,0.35,0.45,friction_prone,0.375,0.625,pro,1637.14,monthly,PAYMENT_LINK,0.53595587050964,3.0,877.434793846152,874.434793846152,2
FAIL_000178,PAY_001106,CUST_0073,SUB_0073,1637.14,2026-02-09,BANK_DECLINED,ISSUER_DECLINE,502,10,6,16,0.625,0.35,0.45,friction_prone,0.375,0.625,pro,1637.14,monthly,SEND_REMINDER,0.4906342615518363,1.0,803.2369749569733,802.2369749569733,3
FAIL_000178,PAY_001106,CUST_0073,SUB_0073,1637.14,2026-02-09,BANK_DECLINED,ISSUER_DECLINE,502,10,6,16,0.625,0.35,0.45,friction_prone,0.375,0.625,pro,1637.14,monthly,UPDATE_PAYMENT_METHOD,0.26992542473724523,3.0,441.9057098543337,438.9057098543337,4
FAIL_000178,PAY_001106,CUST_0073,SUB_0073,1637.14,2026-02-09,BANK_DECLINED,ISSUER_DECLINE,502,10,6,16,0.625,0.35,0.45,friction_prone,0.375,0.625,pro,1637.14,monthly,RETRY_NOW,0.20997711472229955,2.0,343.7619335964655,341.7619335964655,5
FAIL_000178,PAY_001106,CUST_0073,SUB_0073,1637.14,2026-02-09,BANK_DECLINED,ISSUER_DECLINE,502,10,6,16,0.625,0.35,0.45,friction_prone,0.375,0.625,pro,1637.14,monthly,STOP,0.0,0.0,0.0,0.0,6
FAIL_000181,PAY_001113,CUST_0074,SUB_0074,756.59,2026-03-29,CARD_EXPIRED,PAYMENT_METHOD,184,2,4,6,0.3333,0.3,0.25,low_engagement,0.6667,0.3333,starter,756.59,monthly,UPDATE_PAYMENT_METHOD,0.7599445006388282,3.0,574.9664097383311,571.9664097383311,1
FAIL_000181,PAY_001113,CUST_0074,SUB_0074,756.59,2026-03-29,CARD_EXPIRED,PAYMENT_METHOD,184,2,4,6,0.3333,0.3,0.25,low_engagement,0.6667,0.3333,starter,756.59,monthly,SEND_REMINDER,0.32355276698937674,1.0,244.79678797649257,243.79678797649257,2
FAIL_000181,PAY_001113,CUST_0074,SUB_0074,756.59,2026-03-29,CARD_EXPIRED,PAYMENT_METHOD,184,2,4,6,0.3333,0.3,0.25,low_engagement,0.6667,0.3333,starter,756.59,monthly,PAYMENT_LINK,0.17708373136305083,3.0,133.97978031197064,130.97978031197064,3
FAIL_000181,PAY_001113,CUST_0074,SUB_0074,756.59,2026-03-29,CARD_EXPIRED,PAYMENT_METHOD,184,2,4,6,0.3333,0.3,0.25,low_engagement,0.6667,0.3333,starter,756.59,monthly,RETRY_NOW,0.04191045083096537,2.0,31.70902799420009,29.70902799420009,4
FAIL_000181,PAY_001113,CUST_0074,SUB_0074,756.59,2026-03-29,CARD_EXPIRED,PAYMENT_METHOD,184,2,4,6,0.3333,0.3,0.25,low_engagement,0.6667,0.3333,starter,756.59,monthly,WAIT_AND_RETRY,0.030009667936179964,2.0,22.7050146638344,20.7050146638344,5
FAIL_000181,PAY_001113,CUST_0074,SUB_0074,756.59,2026-03-29,CARD_EXPIRED,PAYMENT_METHOD,184,2,4,6,0.3333,0.3,0.25,low_engagement,0.6667,0.3333,starter,756.59,monthly,STOP,0.0,0.0,0.0,0.0,6
FAIL_000182,PAY_001116,CUST_0074,SUB_0074,756.59,2026-06-27,CARD_EXPIRED,PAYMENT_METHOD,184,2,4,6,0.3333,0.3,0.25,low_engagement,0.6667,0.3333,starter,756.59,monthly,UPDATE_PAYMENT_METHOD,0.7599445006388282,3.0,574.9664097383311,571.9664097383311,1
FAIL_000182,PAY_001116,CUST_0074,SUB_0074,756.59,2026-06-27,CARD_EXPIRED,PAYMENT_METHOD,184,2,4,6,0.3333,0.3,0.25,low_engagement,0.6667,0.3333,starter,756.59,monthly,SEND_REMINDER,0.32355276698937674,1.0,244.79678797649257,243.79678797649257,2
FAIL_000182,PAY_001116,CUST_0074,SUB_0074,756.59,2026-06-27,CARD_EXPIRED,PAYMENT_METHOD,184,2,4,6,0.3333,0.3,0.25,low_engagement,0.6667,0.3333,starter,756.59,monthly,PAYMENT_LINK,0.17708373136305083,3.0,133.97978031197064,130.97978031197064,3
FAIL_000182,PAY_001116,CUST_0074,SUB_0074,756.59,2026-06-27,CARD_EXPIRED,PAYMENT_METHOD,184,2,4,6,0.3333,0.3,0.25,low_engagement,0.6667,0.3333,starter,756.59,monthly,RETRY_NOW,0.04191045083096537,2.0,31.70902799420009,29.70902799420009,4
FAIL_000182,PAY_001116,CUST_0074,SUB_0074,756.59,2026-06-27,CARD_EXPIRED,PAYMENT_METHOD,184,2,4,6,0.3333,0.3,0.25,low_engagement,0.6667,0.3333,starter,756.59,monthly,WAIT_AND_RETRY,0.030009667936179964,2.0,22.7050146638344,20.7050146638344,5
FAIL_000182,PAY_001116,CUST_0074,SUB_0074,756.59,2026-06-27,CARD_EXPIRED,PAYMENT_METHOD,184,2,4,6,0.3333,0.3,0.25,low_engagement,0.6667,0.3333,starter,756.59,monthly,STOP,0.0,0.0,0.0,0.0,6
FAIL_000188,PAY_001187,CUST_0079,SUB_0079,2676.77,2025-07-18,INSUFFICIENT_FUNDS,CUSTOMER_FINANCIAL,768,22,3,25,0.88,0.6,0.6,normal,0.12,0.88,pro,2676.77,monthly,PAYMENT_LINK,0.7631755891241059,3.0,2042.845521699733,2039.845521699733,1
FAIL_000188,PAY_001187,CUST_0079,SUB_0079,2676.77,2025-07-18,INSUFFICIENT_FUNDS,CUSTOMER_FINANCIAL,768,22,3,25,0.88,0.6,0.6,normal,0.12,0.88,pro,2676.77,monthly,WAIT_AND_RETRY,0.7612028197043922,2.0,2037.5648717001259,2035.5648717001259,2
FAIL_000188,PAY_001187,CUST_0079,SUB_0079,2676.77,2025-07-18,INSUFFICIENT_FUNDS,CUSTOMER_FINANCIAL,768,22,3,25,0.88,0.6,0.6,normal,0.12,0.88,pro,2676.77,monthly,SEND_REMINDER,0.5920373872094057,1.0,1584.7479169605208,1583.7479169605208,3
FAIL_000188,PAY_001187,CUST_0079,SUB_0079,2676.77,2025-07-18,INSUFFICIENT_FUNDS,CUSTOMER_FINANCIAL,768,22,3,25,0.88,0.6,0.6,normal,0.12,0.88,pro,2676.77,monthly,RETRY_NOW,0.31278390563910635,2.0,837.2505750975907,835.2505750975907,4
FAIL_000188,PAY_001187,CUST_0079,SUB_0079,2676.77,2025-07-18,INSUFFICIENT_FUNDS,CUSTOMER_FINANCIAL,768,22,3,25,0.88,0.6,0.6,normal,0.12,0.88,pro,2676.77,monthly,UPDATE_PAYMENT_METHOD,0.2834538433769437,3.0,758.7407443361016,755.7407443361016,5
FAIL_000188,PAY_001187,CUST_0079,SUB_0079,2676.77,2025-07-18,INSUFFICIENT_FUNDS,CUSTOMER_FINANCIAL,768,22,3,25,0.88,0.6,0.6,normal,0.12,0.88,pro,2676.77,monthly,STOP,0.0,0.0,0.0,0.0,6
FAIL_000190,PAY_001255,CUST_0082,SUB_0082,622.31,2025-10-26,BANK_DECLINED,ISSUER_DECLINE,578,17,2,19,0.8947,0.3,0.25,low_engagement,0.1053,0.8947,growth,622.31,monthly,WAIT_AND_RETRY,0.5055211044545825,2.0,314.59083851313125,312.59083851313125,1
FAIL_000190,PAY_001255,CUST_0082,SUB_0082,622.31,2025-10-26,BANK_DECLINED,ISSUER_DECLINE,578,17,2,19,0.8947,0.3,0.25,low_engagement,0.1053,0.8947,growth,622.31,monthly,PAYMENT_LINK,0.43345647894641853,3.0,269.7443014131457,266.7443014131457,2
FAIL_000190,PAY_001255,CUST_0082,SUB_0082,622.31,2025-10-26,BANK_DECLINED,ISSUER_DECLINE,578,17,2,19,0.8947,0.3,0.25,low_engagement,0.1053,0.8947,growth,622.31,monthly,RETRY_NOW,0.1286535361090057,2.0,80.06238205599533,78.06238205599533,3
FAIL_000190,PAY_001255,CUST_0082,SUB_0082,622.31,2025-10-26,BANK_DECLINED,ISSUER_DECLINE,578,17,2,19,0.8947,0.3,0.25,low_engagement,0.1053,0.8947,growth,622.31,monthly,UPDATE_PAYMENT_METHOD,0.11639433492748949,3.0,72.43335856872598,69.43335856872598,4
FAIL_000190,PAY_001255,CUST_0082,SUB_0082,622.31,2025-10-26,BANK_DECLINED,ISSUER_DECLINE,578,17,2,19,0.8947,0.3,0.25,low_engagement,0.1053,0.8947,growth,622.31,monthly,SEND_REMINDER,0.06795933373540936,1.0,42.29177297688259,41.29177297688259,5
FAIL_000190,PAY_001255,CUST_0082,SUB_0082,622.31,2025-10-26,BANK_DECLINED,ISSUER_DECLINE,578,17,2,19,0.8947,0.3,0.25,low_engagement,0.1053,0.8947,growth,622.31,monthly,STOP,0.0,0.0,0.0,0.0,6
FAIL_000193,PAY_001279,CUST_0083,SUB_0083,1152.82,2025-08-20,INSUFFICIENT_FUNDS,CUSTOMER_FINANCIAL,795,17,9,26,0.6538,0.35,0.45,friction_prone,0.3462,0.6538,starter,1152.82,monthly,WAIT_AND_RETRY,0.6201467788848793,2.0,714.9176096340666,712.9176096340666,1
FAIL_000193,PAY_001279,CUST_0083,SUB_0083,1152.82,2025-08-20,INSUFFICIENT_FUNDS,CUSTOMER_FINANCIAL,795,17,9,26,0.6538,0.35,0.45,friction_prone,0.3462,0.6538,starter,1152.82,monthly,PAYMENT_LINK,0.5995981916839107,3.0,691.2287873370459,688.2287873370459,2
FAIL_000193,PAY_001279,CUST_0083,SUB_0083,1152.82,2025-08-20,INSUFFICIENT_FUNDS,CUSTOMER_FINANCIAL,795,17,9,26,0.6538,0.35,0.45,friction_prone,0.3462,0.6538,starter,1152.82,monthly,SEND_REMINDER,0.40013103600803723,1.0,461.2790609307855,460.2790609307855,3
FAIL_000193,PAY_001279,CUST_0083,SUB_0083,1152.82,2025-08-20,INSUFFICIENT_FUNDS,CUSTOMER_FINANCIAL,795,17,9,26,0.6538,0.35,0.45,friction_prone,0.3462,0.6538,starter,1152.82,monthly,UPDATE_PAYMENT_METHOD,0.2448070928245655,3.0,282.2185127500156,279.2185127500156,4
FAIL_000193,PAY_001279,CUST_0083,SUB_0083,1152.82,2025-08-20,INSUFFICIENT_FUNDS,CUSTOMER_FINANCIAL,795,17,9,26,0.6538,0.35,0.45,friction_prone,0.3462,0.6538,starter,1152.82,monthly,RETRY_NOW,0.18534289539905252,2.0,213.66699667393573,211.66699667393573,5
FAIL_000193,PAY_001279,CUST_0083,SUB_0083,1152.82,2025-08-20,INSUFFICIENT_FUNDS,CUSTOMER_FINANCIAL,795,17,9,26,0.6538,0.35,0.45,friction_prone,0.3462,0.6538,starter,1152.82,monthly,STOP,0.0,0.0,0.0,0.0,6
FAIL_000206,PAY_001428,CUST_0093,SUB_0093,333.96,2025-04-20,INSUFFICIENT_FUNDS,CUSTOMER_FINANCIAL,767,19,6,25,0.76,0.3,0.25,low_engagement,0.24,0.76,starter,333.96,monthly,WAIT_AND_RETRY,0.7093490612678928,2.0,236.89421250102546,234.89421250102546,1
FAIL_000206,PAY_001428,CUST_0093,SUB_0093,333.96,2025-04-20,INSUFFICIENT_FUNDS,CUSTOMER_FINANCIAL,767,19,6,25,0.76,0.3,0.25,low_engagement,0.24,0.76,starter,333.96,monthly,PAYMENT_LINK,0.502502628914693,3.0,167.81577795235086,164.81577795235086,2
FAIL_000206,PAY_001428,CUST_0093,SUB_0093,333.96,2025-04-20,INSUFFICIENT_FUNDS,CUSTOMER_FINANCIAL,767,19,6,25,0.76,0.3,0.25,low_engagement,0.24,0.76,starter,333.96,monthly,SEND_REMINDER,0.4936635125241163,1.0,164.86386664255386,163.86386664255386,3
FAIL_000206,PAY_001428,CUST_0093,SUB_0093,333.96,2025-04-20,INSUFFICIENT_FUNDS,CUSTOMER_FINANCIAL,767,19,6,25,0.76,0.3,0.25,low_engagement,0.24,0.76,starter,333.96,monthly,RETRY_NOW,0.293098364194608,2.0,97.88312970643128,95.88312970643128,4
FAIL_000206,PAY_001428,CUST_0093,SUB_0093,333.96,2025-04-20,INSUFFICIENT_FUNDS,CUSTOMER_FINANCIAL,767,19,6,25,0.76,0.3,0.25,low_engagement,0.24,0.76,starter,333.96,monthly,UPDATE_PAYMENT_METHOD,0.16793654310982703,3.0,56.08408793695783,53.08408793695783,5
FAIL_000206,PAY_001428,CUST_0093,SUB_0093,333.96,2025-04-20,INSUFFICIENT_FUNDS,CUSTOMER_FINANCIAL,767,19,6,25,0.76,0.3,0.25,low_engagement,0.24,0.76,starter,333.96,monthly,STOP,0.0,0.0,0.0,0.0,6
FAIL_000208,PAY_001435,CUST_0093,SUB_0093,333.96,2025-11-16,INSUFFICIENT_FUNDS,CUSTOMER_FINANCIAL,767,19,6,25,0.76,0.3,0.25,low_engagement,0.24,0.76,starter,333.96,monthly,WAIT_AND_RETRY,0.7093490612678928,2.0,236.89421250102546,234.89421250102546,1
FAIL_000208,PAY_001435,CUST_0093,SUB_0093,333.96,2025-11-16,INSUFFICIENT_FUNDS,CUSTOMER_FINANCIAL,767,19,6,25,0.76,0.3,0.25,low_engagement,0.24,0.76,starter,333.96,monthly,PAYMENT_LINK,0.502502628914693,3.0,167.81577795235086,164.81577795235086,2
FAIL_000208,PAY_001435,CUST_0093,SUB_0093,333.96,2025-11-16,INSUFFICIENT_FUNDS,CUSTOMER_FINANCIAL,767,19,6,25,0.76,0.3,0.25,low_engagement,0.24,0.76,starter,333.96,monthly,SEND_REMINDER,0.4936635125241163,1.0,164.86386664255386,163.86386664255386,3
FAIL_000208,PAY_001435,CUST_0093,SUB_0093,333.96,2025-11-16,INSUFFICIENT_FUNDS,CUSTOMER_FINANCIAL,767,19,6,25,0.76,0.3,0.25,low_engagement,0.24,0.76,starter,333.96,monthly,RETRY_NOW,0.293098364194608,2.0,97.88312970643128,95.88312970643128,4
FAIL_000208,PAY_001435,CUST_0093,SUB_0093,333.96,2025-11-16,INSUFFICIENT_FUNDS,CUSTOMER_FINANCIAL,767,19,6,25,0.76,0.3,0.25,low_engagement,0.24,0.76,starter,333.96,monthly,UPDATE_PAYMENT_METHOD,0.16793654310982703,3.0,56.08408793695783,53.08408793695783,5
FAIL_000208,PAY_001435,CUST_0093,SUB_0093,333.96,2025-11-16,INSUFFICIENT_FUNDS,CUSTOMER_FINANCIAL,767,19,6,25,0.76,0.3,0.25,low_engagement,0.24,0.76,starter,333.96,monthly,STOP,0.0,0.0,0.0,0.0,6
FAIL_000209,PAY_001440,CUST_0093,SUB_0093,333.96,2026-04-15,BANK_DECLINED,ISSUER_DECLINE,767,19,6,25,0.76,0.3,0.25,low_engagement,0.24,0.76,starter,333.96,monthly,WAIT_AND_RETRY,0.5958273079065726,2.0,198.98248774847897,196.98248774847897,1
FAIL_000209,PAY_001440,CUST_0093,SUB_0093,333.96,2026-04-15,BANK_DECLINED,ISSUER_DECLINE,767,19,6,25,0.76,0.3,0.25,low_engagement,0.24,0.76,starter,333.96,monthly,PAYMENT_LINK,0.5655868977335169,3.0,188.8834003670853,185.8834003670853,2
FAIL_000209,PAY_001440,CUST_0093,SUB_0093,333.96,2026-04-15,BANK_DECLINED,ISSUER_DECLINE,767,19,6,25,0.76,0.3,0.25,low_engagement,0.24,0.76,starter,333.96,monthly,RETRY_NOW,0.24239266022623496,2.0,80.94945280915343,78.94945280915343,3
FAIL_000209,PAY_001440,CUST_0093,SUB_0093,333.96,2026-04-15,BANK_DECLINED,ISSUER_DECLINE,767,19,6,25,0.76,0.3,0.25,low_engagement,0.24,0.76,starter,333.96,monthly,SEND_REMINDER,0.2238585888638434,1.0,74.75981433696914,73.75981433696914,4
FAIL_000209,PAY_001440,CUST_0093,SUB_0093,333.96,2026-04-15,BANK_DECLINED,ISSUER_DECLINE,767,19,6,25,0.76,0.3,0.25,low_engagement,0.24,0.76,starter,333.96,monthly,UPDATE_PAYMENT_METHOD,0.18686215314304463,3.0,62.40448466365118,59.40448466365118,5
FAIL_000209,PAY_001440,CUST_0093,SUB_0093,333.96,2026-04-15,BANK_DECLINED,ISSUER_DECLINE,767,19,6,25,0.76,0.3,0.25,low_engagement,0.24,0.76,starter,333.96,monthly,STOP,0.0,0.0,0.0,0.0,6
FAIL_000222,PAY_001476,CUST_0096,SUB_0096,722.92,2025-12-04,BANK_DECLINED,ISSUER_DECLINE,539,10,7,17,0.5882,0.35,0.45,friction_prone,0.4118,0.5882,starter,722.92,monthly,PAYMENT_LINK,0.583529777303682,3.0,421.8453466083778,418.8453466083778,1
FAIL_000222,PAY_001476,CUST_0096,SUB_0096,722.92,2025-12-04,BANK_DECLINED,ISSUER_DECLINE,539,10,7,17,0.5882,0.35,0.45,friction_prone,0.4118,0.5882,starter,722.92,monthly,WAIT_AND_RETRY,0.4903497388055574,2.0,354.4836331773135,352.4836331773135,2
FAIL_000222,PAY_001476,CUST_0096,SUB_0096,722.92,2025-12-04,BANK_DECLINED,ISSUER_DECLINE,539,10,7,17,0.5882,0.35,0.45,friction_prone,0.4118,0.5882,starter,722.92,monthly,SEND_REMINDER,0.381707619140357,1.0,275.9440720289469,274.9440720289469,3
FAIL_000222,PAY_001476,CUST_0096,SUB_0096,722.92,2025-12-04,BANK_DECLINED,ISSUER_DECLINE,539,10,7,17,0.5882,0.35,0.45,friction_prone,0.4118,0.5882,starter,722.92,monthly,RETRY_NOW,0.34742965501890105,2.0,251.16384620626394,249.16384620626394,4
FAIL_000222,PAY_001476,CUST_0096,SUB_0096,722.92,2025-12-04,BANK_DECLINED,ISSUER_DECLINE,539,10,7,17,0.5882,0.35,0.45,friction_prone,0.4118,0.5882,starter,722.92,monthly,UPDATE_PAYMENT_METHOD,0.32047905940771165,3.0,231.6807216270229,228.6807216270229,5
FAIL_000222,PAY_001476,CUST_0096,SUB_0096,722.92,2025-12-04,BANK_DECLINED,ISSUER_DECLINE,539,10,7,17,0.5882,0.35,0.45,friction_prone,0.4118,0.5882,starter,722.92,monthly,STOP,0.0,0.0,0.0,0.0,6
FAIL_000230,PAY_001514,CUST_0098,SUB_0098,1282.95,2025-10-11,LIMIT_EXCEEDED,PAYMENT_LIMIT,803,21,5,26,0.8077,0.35,0.45,friction_prone,0.1923,0.8077,pro,1282.95,monthly,PAYMENT_LINK,0.7532032565847633,3.0,966.3221180354221,963.3221180354221,1
FAIL_000230,PAY_001514,CUST_0098,SUB_0098,1282.95,2025-10-11,LIMIT_EXCEEDED,PAYMENT_LIMIT,803,21,5,26,0.8077,0.35,0.45,friction_prone,0.1923,0.8077,pro,1282.95,monthly,UPDATE_PAYMENT_METHOD,0.4470964743307738,3.0,573.6024217426663,570.6024217426663,2
FAIL_000230,PAY_001514,CUST_0098,SUB_0098,1282.95,2025-10-11,LIMIT_EXCEEDED,PAYMENT_LIMIT,803,21,5,26,0.8077,0.35,0.45,friction_prone,0.1923,0.8077,pro,1282.95,monthly,SEND_REMINDER,0.4253732165683966,1.0,545.7325681964245,544.7325681964245,3
FAIL_000230,PAY_001514,CUST_0098,SUB_0098,1282.95,2025-10-11,LIMIT_EXCEEDED,PAYMENT_LIMIT,803,21,5,26,0.8077,0.35,0.45,friction_prone,0.1923,0.8077,pro,1282.95,monthly,WAIT_AND_RETRY,0.30572743878502223,2.0,392.2330175892443,390.2330175892443,4
FAIL_000230,PAY_001514,CUST_0098,SUB_0098,1282.95,2025-10-11,LIMIT_EXCEEDED,PAYMENT_LIMIT,803,21,5,26,0.8077,0.35,0.45,friction_prone,0.1923,0.8077,pro,1282.95,monthly,RETRY_NOW,0.04378817733482958,2.0,56.17804211171961,54.17804211171961,5
FAIL_000230,PAY_001514,CUST_0098,SUB_0098,1282.95,2025-10-11,LIMIT_EXCEEDED,PAYMENT_LIMIT,803,21,5,26,0.8077,0.35,0.45,friction_prone,0.1923,0.8077,pro,1282.95,monthly,STOP,0.0,0.0,0.0,0.0,6
FAIL_000233,PAY_001571,CUST_0101,SUB_0101,247.97,2024-01-17,NETWORK_ERROR,TECHNICAL,986,26,6,32,0.8125,0.3,0.25,low_engagement,0.1875,0.8125,starter,247.97,monthly,WAIT_AND_RETRY,0.8696857162504463,2.0,215.65596705862316,213.65596705862316,1
FAIL_000233,PAY_001571,CUST_0101,SUB_0101,247.97,2024-01-17,NETWORK_ERROR,TECHNICAL,986,26,6,32,0.8125,0.3,0.25,low_engagement,0.1875,0.8125,starter,247.97,monthly,RETRY_NOW,0.7438891644897566,2.0,184.46219611852496,182.46219611852496,2
FAIL_000233,PAY_001571,CUST_0101,SUB_0101,247.97,2024-01-17,NETWORK_ERROR,TECHNICAL,986,26,6,32,0.8125,0.3,0.25,low_engagement,0.1875,0.8125,starter,247.97,monthly,PAYMENT_LINK,0.48010174070313716,3.0,119.05082864215692,116.05082864215692,3
FAIL_000233,PAY_001571,CUST_0101,SUB_0101,247.97,2024-01-17,NETWORK_ERROR,TECHNICAL,986,26,6,32,0.8125,0.3,0.25,low_engagement,0.1875,0.8125,starter,247.97,monthly,SEND_REMINDER,0.10245583289566576,1.0,25.40597288313824,24.40597288313824,4
FAIL_000233,PAY_001571,CUST_0101,SUB_0101,247.97,2024-01-17,NETWORK_ERROR,TECHNICAL,986,26,6,32,0.8125,0.3,0.25,low_engagement,0.1875,0.8125,starter,247.97,monthly,UPDATE_PAYMENT_METHOD,0.029568416495148433,3.0,7.332080238301957,4.332080238301957,5
FAIL_000233,PAY_001571,CUST_0101,SUB_0101,247.97,2024-01-17,NETWORK_ERROR,TECHNICAL,986,26,6,32,0.8125,0.3,0.25,low_engagement,0.1875,0.8125,starter,247.97,monthly,STOP,0.0,0.0,0.0,0.0,6
FAIL_000235,PAY_001580,CUST_0101,SUB_0101,247.97,2024-10-13,INSUFFICIENT_FUNDS,CUSTOMER_FINANCIAL,986,26,6,32,0.8125,0.3,0.25,low_engagement,0.1875,0.8125,starter,247.97,monthly,WAIT_AND_RETRY,0.8130708918035813,2.0,201.61718904053404,199.61718904053404,1
FAIL_000235,PAY_001580,CUST_0101,SUB_0101,247.97,2024-10-13,INSUFFICIENT_FUNDS,CUSTOMER_FINANCIAL,986,26,6,32,0.8125,0.3,0.25,low_engagement,0.1875,0.8125,starter,247.97,monthly,PAYMENT_LINK,0.4667629846313865,3.0,115.74321729904491,112.74321729904491,2
FAIL_000235,PAY_001580,CUST_0101,SUB_0101,247.97,2024-10-13,INSUFFICIENT_FUNDS,CUSTOMER_FINANCIAL,986,26,6,32,0.8125,0.3,0.25,low_engagement,0.1875,0.8125,starter,247.97,monthly,SEND_REMINDER,0.3381369493780623,1.0,83.84781933727811,82.84781933727811,3
FAIL_000235,PAY_001580,CUST_0101,SUB_0101,247.97,2024-10-13,INSUFFICIENT_FUNDS,CUSTOMER_FINANCIAL,986,26,6,32,0.8125,0.3,0.25,low_engagement,0.1875,0.8125,starter,247.97,monthly,RETRY_NOW,0.22976596273579933,2.0,56.97506577959616,54.97506577959616,4
FAIL_000235,PAY_001580,CUST_0101,SUB_0101,247.97,2024-10-13,INSUFFICIENT_FUNDS,CUSTOMER_FINANCIAL,986,26,6,32,0.8125,0.3,0.25,low_engagement,0.1875,0.8125,starter,247.97,monthly,UPDATE_PAYMENT_METHOD,0.07277283594156986,3.0,18.045480128431077,15.045480128431077,5
FAIL_000235,PAY_001580,CUST_0101,SUB_0101,247.97,2024-10-13,INSUFFICIENT_FUNDS,CUSTOMER_FINANCIAL,986,26,6,32,0.8125,0.3,0.25,low_engagement,0.1875,0.8125,starter,247.97,monthly,STOP,0.0,0.0,0.0,0.0,6
FAIL_000238,PAY_001591,CUST_0101,SUB_0101,247.97,2025-09-08,INSUFFICIENT_FUNDS,CUSTOMER_FINANCIAL,986,26,6,32,0.8125,0.3,0.25,low_engagement,0.1875,0.8125,starter,247.97,monthly,WAIT_AND_RETRY,0.8130708918035813,2.0,201.61718904053404,199.61718904053404,1
FAIL_000238,PAY_001591,CUST_0101,SUB_0101,247.97,2025-09-08,INSUFFICIENT_FUNDS,CUSTOMER_FINANCIAL,986,26,6,32,0.8125,0.3,0.25,low_engagement,0.1875,0.8125,starter,247.97,monthly,PAYMENT_LINK,0.4667629846313865,3.0,115.74321729904491,112.74321729904491,2
FAIL_000238,PAY_001591,CUST_0101,SUB_0101,247.97,2025-09-08,INSUFFICIENT_FUNDS,CUSTOMER_FINANCIAL,986,26,6,32,0.8125,0.3,0.25,low_engagement,0.1875,0.8125,starter,247.97,monthly,SEND_REMINDER,0.3381369493780623,1.0,83.84781933727811,82.84781933727811,3
FAIL_000238,PAY_001591,CUST_0101,SUB_0101,247.97,2025-09-08,INSUFFICIENT_FUNDS,CUSTOMER_FINANCIAL,986,26,6,32,0.8125,0.3,0.25,low_engagement,0.1875,0.8125,starter,247.97,monthly,RETRY_NOW,0.22976596273579933,2.0,56.97506577959616,54.97506577959616,4
FAIL_000238,PAY_001591,CUST_0101,SUB_0101,247.97,2025-09-08,INSUFFICIENT_FUNDS,CUSTOMER_FINANCIAL,986,26,6,32,0.8125,0.3,0.25,low_engagement,0.1875,0.8125,starter,247.97,monthly,UPDATE_PAYMENT_METHOD,0.07277283594156986,3.0,18.045480128431077,15.045480128431077,5
FAIL_000238,PAY_001591,CUST_0101,SUB_0101,247.97,2025-09-08,INSUFFICIENT_FUNDS,CUSTOMER_FINANCIAL,986,26,6,32,0.8125,0.3,0.25,low_engagement,0.1875,0.8125,starter,247.97,monthly,STOP,0.0,0.0,0.0,0.0,6
FAIL_000240,PAY_001601,CUST_0101,SUB_0101,247.97,2026-07-05,NETWORK_ERROR,TECHNICAL,986,26,6,32,0.8125,0.3,0.25,low_engagement,0.1875,0.8125,starter,247.97,monthly,WAIT_AND_RETRY,0.8696857162504463,2.0,215.65596705862316,213.65596705862316,1
FAIL_000240,PAY_001601,CUST_0101,SUB_0101,247.97,2026-07-05,NETWORK_ERROR,TECHNICAL,986,26,6,32,0.8125,0.3,0.25,low_engagement,0.1875,0.8125,starter,247.97,monthly,RETRY_NOW,0.7438891644897566,2.0,184.46219611852496,182.46219611852496,2
FAIL_000240,PAY_001601,CUST_0101,SUB_0101,247.97,2026-07-05,NETWORK_ERROR,TECHNICAL,986,26,6,32,0.8125,0.3,0.25,low_engagement,0.1875,0.8125,starter,247.97,monthly,PAYMENT_LINK,0.48010174070313716,3.0,119.05082864215692,116.05082864215692,3
FAIL_000240,PAY_001601,CUST_0101,SUB_0101,247.97,2026-07-05,NETWORK_ERROR,TECHNICAL,986,26,6,32,0.8125,0.3,0.25,low_engagement,0.1875,0.8125,starter,247.97,monthly,SEND_REMINDER,0.10245583289566576,1.0,25.40597288313824,24.40597288313824,4
FAIL_000240,PAY_001601,CUST_0101,SUB_0101,247.97,2026-07-05,NETWORK_ERROR,TECHNICAL,986,26,6,32,0.8125,0.3,0.25,low_engagement,0.1875,0.8125,starter,247.97,monthly,UPDATE_PAYMENT_METHOD,0.029568416495148433,3.0,7.332080238301957,4.332080238301957,5
FAIL_000240,PAY_001601,CUST_0101,SUB_0101,247.97,2026-07-05,NETWORK_ERROR,TECHNICAL,986,26,6,32,0.8125,0.3,0.25,low_engagement,0.1875,0.8125,starter,247.97,monthly,STOP,0.0,0.0,0.0,0.0,6
FAIL_000241,PAY_001620,CUST_0102,SUB_0102,689.76,2026-07-08,BANK_DECLINED,ISSUER_DECLINE,593,18,1,19,0.9474,0.8,0.85,reliable,0.0526,0.9474,growth,689.76,monthly,WAIT_AND_RETRY,0.8114728057168845,2.0,559.7214824712783,557.7214824712783,1
FAIL_000241,PAY_001620,CUST_0102,SUB_0102,689.76,2026-07-08,BANK_DECLINED,ISSUER_DECLINE,593,18,1,19,0.9474,0.8,0.85,reliable,0.0526,0.9474,growth,689.76,monthly,PAYMENT_LINK,0.718432030773015,3.0,495.5456775459948,492.5456775459948,2
FAIL_000241,PAY_001620,CUST_0102,SUB_0102,689.76,2026-07-08,BANK_DECLINED,ISSUER_DECLINE,593,18,1,19,0.9474,0.8,0.85,reliable,0.0526,0.9474,growth,689.76,monthly,SEND_REMINDER,0.6334386777082553,1.0,436.9206623360462,435.9206623360462,3
FAIL_000241,PAY_001620,CUST_0102,SUB_0102,689.76,2026-07-08,BANK_DECLINED,ISSUER_DECLINE,593,18,1,19,0.9474,0.8,0.85,reliable,0.0526,0.9474,growth,689.76,monthly,UPDATE_PAYMENT_METHOD,0.23625114128292232,3.0,162.9565872113085,159.9565872113085,4
FAIL_000241,PAY_001620,CUST_0102,SUB_0102,689.76,2026-07-08,BANK_DECLINED,ISSUER_DECLINE,593,18,1,19,0.9474,0.8,0.85,reliable,0.0526,0.9474,growth,689.76,monthly,RETRY_NOW,0.21561474370400052,2.0,148.7224256172714,146.7224256172714,5
FAIL_000241,PAY_001620,CUST_0102,SUB_0102,689.76,2026-07-08,BANK_DECLINED,ISSUER_DECLINE,593,18,1,19,0.9474,0.8,0.85,reliable,0.0526,0.9474,growth,689.76,monthly,STOP,0.0,0.0,0.0,0.0,6
FAIL_000242,PAY_001634,CUST_0103,SUB_0103,10145.96,2025-06-10,NETWORK_ERROR,TECHNICAL,836,22,5,27,0.8148,0.82,0.9,high_value_loyal,0.1852,0.8148,pro,10145.96,monthly,RETRY_NOW,0.8762212271739539,2.0,8890.10552205785,8888.10552205785,1
FAIL_000242,PAY_001634,CUST_0103,SUB_0103,10145.96,2025-06-10,NETWORK_ERROR,TECHNICAL,836,22,5,27,0.8148,0.82,0.9,high_value_loyal,0.1852,0.8148,pro,10145.96,monthly,WAIT_AND_RETRY,0.8666335040619979,2.0,8792.828866872867,8790.828866872867,2
FAIL_000242,PAY_001634,CUST_0103,SUB_0103,10145.96,2025-06-10,NETWORK_ERROR,TECHNICAL,836,22,5,27,0.8148,0.82,0.9,high_value_loyal,0.1852,0.8148,pro,10145.96,monthly,PAYMENT_LINK,0.527176108147295,3.0,5348.707706218129,5345.707706218129,3
FAIL_000242,PAY_001634,CUST_0103,SUB_0103,10145.96,2025-06-10,NETWORK_ERROR,TECHNICAL,836,22,5,27,0.8148,0.82,0.9,high_value_loyal,0.1852,0.8148,pro,10145.96,monthly,SEND_REMINDER,0.2516207885124149,1.0,2552.9344554154204,2551.9344554154204,4
FAIL_000242,PAY_001634,CUST_0103,SUB_0103,10145.96,2025-06-10,NETWORK_ERROR,TECHNICAL,836,22,5,27,0.8148,0.82,0.9,high_value_loyal,0.1852,0.8148,pro,10145.96,monthly,UPDATE_PAYMENT_METHOD,0.17317797219499362,3.0,1757.0567787715172,1754.0567787715172,5
FAIL_000242,PAY_001634,CUST_0103,SUB_0103,10145.96,2025-06-10,NETWORK_ERROR,TECHNICAL,836,22,5,27,0.8148,0.82,0.9,high_value_loyal,0.1852,0.8148,pro,10145.96,monthly,STOP,0.0,0.0,0.0,0.0,6
FAIL_000249,PAY_001717,CUST_0107,SUB_0107,1689.93,2026-01-17,NETWORK_ERROR,TECHNICAL,435,13,1,14,0.9286,0.8,0.85,reliable,0.0714,0.9286,starter,1689.93,monthly,WAIT_AND_RETRY,0.8783216197294043,2.0,1484.3020548293123,1482.3020548293123,1
FAIL_000249,PAY_001717,CUST_0107,SUB_0107,1689.93,2026-01-17,NETWORK_ERROR,TECHNICAL,435,13,1,14,0.9286,0.8,0.85,reliable,0.0714,0.9286,starter,1689.93,monthly,RETRY_NOW,0.8085822262867917,2.0,1366.4473616688379,1364.4473616688379,2
FAIL_000249,PAY_001717,CUST_0107,SUB_0107,1689.93,2026-01-17,NETWORK_ERROR,TECHNICAL,435,13,1,14,0.9286,0.8,0.85,reliable,0.0714,0.9286,starter,1689.93,monthly,PAYMENT_LINK,0.5950772539007891,3.0,1005.6389036845607,1002.6389036845607,3
FAIL_000249,PAY_001717,CUST_0107,SUB_0107,1689.93,2026-01-17,NETWORK_ERROR,TECHNICAL,435,13,1,14,0.9286,0.8,0.85,reliable,0.0714,0.9286,starter,1689.93,monthly,SEND_REMINDER,0.24492631367411588,1.0,413.90832526729866,412.90832526729866,4
FAIL_000249,PAY_001717,CUST_0107,SUB_0107,1689.93,2026-01-17,NETWORK_ERROR,TECHNICAL,435,13,1,14,0.9286,0.8,0.85,reliable,0.0714,0.9286,starter,1689.93,monthly,UPDATE_PAYMENT_METHOD,0.12011905832522071,3.0,202.99280023554024,199.99280023554024,5
FAIL_000249,PAY_001717,CUST_0107,SUB_0107,1689.93,2026-01-17,NETWORK_ERROR,TECHNICAL,435,13,1,14,0.9286,0.8,0.85,reliable,0.0714,0.9286,starter,1689.93,monthly,STOP,0.0,0.0,0.0,0.0,6
FAIL_000250,PAY_001724,CUST_0108,SUB_0108,200.0,2024-01-31,INSUFFICIENT_FUNDS,CUSTOMER_FINANCIAL,942,22,9,31,0.7097,0.35,0.45,friction_prone,0.2903,0.7097,starter,200.0,monthly,PAYMENT_LINK,0.697279281848879,3.0,139.4558563697758,136.4558563697758,1
FAIL_000250,PAY_001724,CUST_0108,SUB_0108,200.0,2024-01-31,INSUFFICIENT_FUNDS,CUSTOMER_FINANCIAL,942,22,9,31,0.7097,0.35,0.45,friction_prone,0.2903,0.7097,starter,200.0,monthly,WAIT_AND_RETRY,0.6398515520217134,2.0,127.97031040434268,125.97031040434268,2
FAIL_000250,PAY_001724,CUST_0108,SUB_0108,200.0,2024-01-31,INSUFFICIENT_FUNDS,CUSTOMER_FINANCIAL,942,22,9,31,0.7097,0.35,0.45,friction_prone,0.2903,0.7097,starter,200.0,monthly,SEND_REMINDER,0.5455910161617247,1.0,109.11820323234494,108.11820323234494,3
FAIL_000250,PAY_001724,CUST_0108,SUB_0108,200.0,2024-01-31,INSUFFICIENT_FUNDS,CUSTOMER_FINANCIAL,942,22,9,31,0.7097,0.35,0.45,friction_prone,0.2903,0.7097,starter,200.0,monthly,RETRY_NOW,0.3549069008657013,2.0,70.98138017314027,68.98138017314027,4
FAIL_000250,PAY_001724,CUST_0108,SUB_0108,200.0,2024-01-31,INSUFFICIENT_FUNDS,CUSTOMER_FINANCIAL,942,22,9,31,0.7097,0.35,0.45,friction_prone,0.2903,0.7097,starter,200.0,monthly,UPDATE_PAYMENT_METHOD,0.2642783294649104,3.0,52.85566589298208,49.85566589298208,5
FAIL_000250,PAY_001724,CUST_0108,SUB_0108,200.0,2024-01-31,INSUFFICIENT_FUNDS,CUSTOMER_FINANCIAL,942,22,9,31,0.7097,0.35,0.45,friction_prone,0.2903,0.7097,starter,200.0,monthly,STOP,0.0,0.0,0.0,0.0,6
FAIL_000261,PAY_001768,CUST_0110,SUB_0110,697.76,2024-11-16,AUTHENTICATION_FAILED,CUSTOMER_ACTION,802,20,6,26,0.7692,0.6,0.6,normal,0.2308,0.7692,starter,697.76,monthly,UPDATE_PAYMENT_METHOD,0.7672893401573119,3.0,535.3838099881659,532.3838099881659,1
FAIL_000261,PAY_001768,CUST_0110,SUB_0110,697.76,2024-11-16,AUTHENTICATION_FAILED,CUSTOMER_ACTION,802,20,6,26,0.7692,0.6,0.6,normal,0.2308,0.7692,starter,697.76,monthly,SEND_REMINDER,0.6774674218541008,1.0,472.7096682729174,471.7096682729174,2
FAIL_000261,PAY_001768,CUST_0110,SUB_0110,697.76,2024-11-16,AUTHENTICATION_FAILED,CUSTOMER_ACTION,802,20,6,26,0.7692,0.6,0.6,normal,0.2308,0.7692,starter,697.76,monthly,PAYMENT_LINK,0.5348204346843476,3.0,373.1763065053504,370.1763065053504,3
FAIL_000261,PAY_001768,CUST_0110,SUB_0110,697.76,2024-11-16,AUTHENTICATION_FAILED,CUSTOMER_ACTION,802,20,6,26,0.7692,0.6,0.6,normal,0.2308,0.7692,starter,697.76,monthly,WAIT_AND_RETRY,0.09007730648439496,2.0,62.85234137255143,60.85234137255143,4
FAIL_000261,PAY_001768,CUST_0110,SUB_0110,697.76,2024-11-16,AUTHENTICATION_FAILED,CUSTOMER_ACTION,802,20,6,26,0.7692,0.6,0.6,normal,0.2308,0.7692,starter,697.76,monthly,RETRY_NOW,0.07511980323991184,2.0,52.41559390868088,50.41559390868088,5
FAIL_000261,PAY_001768,CUST_0110,SUB_0110,697.76,2024-11-16,AUTHENTICATION_FAILED,CUSTOMER_ACTION,802,20,6,26,0.7692,0.6,0.6,normal,0.2308,0.7692,starter,697.76,monthly,STOP,0.0,0.0,0.0,0.0,6
FAIL_000263,PAY_001776,CUST_0110,SUB_0110,697.76,2025-07-14,BANK_DECLINED,ISSUER_DECLINE,802,20,6,26,0.7692,0.6,0.6,normal,0.2308,0.7692,starter,697.76,monthly,WAIT_AND_RETRY,0.5901111629290691,2.0,411.7559650453872,409.7559650453872,1
FAIL_000263,PAY_001776,CUST_0110,SUB_0110,697.76,2025-07-14,BANK_DECLINED,ISSUER_DECLINE,802,20,6,26,0.7692,0.6,0.6,normal,0.2308,0.7692,starter,697.76,monthly,PAYMENT_LINK,0.5134953878777199,3.0,358.2965418455578,355.2965418455578,2
FAIL_000263,PAY_001776,CUST_0110,SUB_0110,697.76,2025-07-14,BANK_DECLINED,ISSUER_DECLINE,802,20,6,26,0.7692,0.6,0.6,normal,0.2308,0.7692,starter,697.76,monthly,UPDATE_PAYMENT_METHOD,0.36628277343314886,3.0,255.57746799071396,252.57746799071396,3
FAIL_000263,PAY_001776,CUST_0110,SUB_0110,697.76,2025-07-14,BANK_DECLINED,ISSUER_DECLINE,802,20,6,26,0.7692,0.6,0.6,normal,0.2308,0.7692,starter,697.76,monthly,SEND_REMINDER,0.3467717434619564,1.0,241.96345171801468,240.96345171801468,4
FAIL_000263,PAY_001776,CUST_0110,SUB_0110,697.76,2025-07-14,BANK_DECLINED,ISSUER_DECLINE,802,20,6,26,0.7692,0.6,0.6,normal,0.2308,0.7692,starter,697.76,monthly,RETRY_NOW,0.29495818975710053,2.0,205.81002648491446,203.81002648491446,5
FAIL_000263,PAY_001776,CUST_0110,SUB_0110,697.76,2025-07-14,BANK_DECLINED,ISSUER_DECLINE,802,20,6,26,0.7692,0.6,0.6,normal,0.2308,0.7692,starter,697.76,monthly,STOP,0.0,0.0,0.0,0.0,6
FAIL_000272,PAY_001812,CUST_0112,SUB_0112,553.77,2025-07-04,INSUFFICIENT_FUNDS,CUSTOMER_FINANCIAL,692,16,7,23,0.6957,0.35,0.45,friction_prone,0.3043,0.6957,starter,553.77,monthly,WAIT_AND_RETRY,0.6183113460751026,2.0,342.40227411600955,340.40227411600955,1
FAIL_000272,PAY_001812,CUST_0112,SUB_0112,553.77,2025-07-04,INSUFFICIENT_FUNDS,CUSTOMER_FINANCIAL,692,16,7,23,0.6957,0.35,0.45,friction_prone,0.3043,0.6957,starter,553.77,monthly,PAYMENT_LINK,0.608589496059438,3.0,337.018605232835,334.018605232835,2
FAIL_000272,PAY_001812,CUST_0112,SUB_0112,553.77,2025-07-04,INSUFFICIENT_FUNDS,CUSTOMER_FINANCIAL,692,16,7,23,0.6957,0.35,0.45,friction_prone,0.3043,0.6957,starter,553.77,monthly,SEND_REMINDER,0.4825094021905127,1.0,267.1992316510402,266.1992316510402,3
FAIL_000272,PAY_001812,CUST_0112,SUB_0112,553.77,2025-07-04,INSUFFICIENT_FUNDS,CUSTOMER_FINANCIAL,692,16,7,23,0.6957,0.35,0.45,friction_prone,0.3043,0.6957,starter,553.77,monthly,UPDATE_PAYMENT_METHOD,0.2866444712661928,3.0,158.7351088530796,155.7351088530796,4
FAIL_000272,PAY_001812,CUST_0112,SUB_0112,553.77,2025-07-04,INSUFFICIENT_FUNDS,CUSTOMER_FINANCIAL,692,16,7,23,0.6957,0.35,0.45,friction_prone,0.3043,0.6957,starter,553.77,monthly,RETRY_NOW,0.27152003455174334,2.0,150.3596495337189,148.3596495337189,5
FAIL_000272,PAY_001812,CUST_0112,SUB_0112,553.77,2025-07-04,INSUFFICIENT_FUNDS,CUSTOMER_FINANCIAL,692,16,7,23,0.6957,0.35,0.45,friction_prone,0.3043,0.6957,starter,553.77,monthly,STOP,0.0,0.0,0.0,0.0,6
FAIL_000277,PAY_001824,CUST_0112,SUB_0112,553.77,2026-06-29,INSUFFICIENT_FUNDS,CUSTOMER_FINANCIAL,692,16,7,23,0.6957,0.35,0.45,friction_prone,0.3043,0.6957,starter,553.77,monthly,WAIT_AND_RETRY,0.6183113460751026,2.0,342.40227411600955,340.40227411600955,1
FAIL_000277,PAY_001824,CUST_0112,SUB_0112,553.77,2026-06-29,INSUFFICIENT_FUNDS,CUSTOMER_FINANCIAL,692,16,7,23,0.6957,0.35,0.45,friction_prone,0.3043,0.6957,starter,553.77,monthly,PAYMENT_LINK,0.608589496059438,3.0,337.018605232835,334.018605232835,2
FAIL_000277,PAY_001824,CUST_0112,SUB_0112,553.77,2026-06-29,INSUFFICIENT_FUNDS,CUSTOMER_FINANCIAL,692,16,7,23,0.6957,0.35,0.45,friction_prone,0.3043,0.6957,starter,553.77,monthly,SEND_REMINDER,0.4825094021905127,1.0,267.1992316510402,266.1992316510402,3
FAIL_000277,PAY_001824,CUST_0112,SUB_0112,553.77,2026-06-29,INSUFFICIENT_FUNDS,CUSTOMER_FINANCIAL,692,16,7,23,0.6957,0.35,0.45,friction_prone,0.3043,0.6957,starter,553.77,monthly,UPDATE_PAYMENT_METHOD,0.2866444712661928,3.0,158.7351088530796,155.7351088530796,4
FAIL_000277,PAY_001824,CUST_0112,SUB_0112,553.77,2026-06-29,INSUFFICIENT_FUNDS,CUSTOMER_FINANCIAL,692,16,7,23,0.6957,0.35,0.45,friction_prone,0.3043,0.6957,starter,553.77,monthly,RETRY_NOW,0.27152003455174334,2.0,150.3596495337189,148.3596495337189,5
FAIL_000277,PAY_001824,CUST_0112,SUB_0112,553.77,2026-06-29,INSUFFICIENT_FUNDS,CUSTOMER_FINANCIAL,692,16,7,23,0.6957,0.35,0.45,friction_prone,0.3043,0.6957,starter,553.77,monthly,STOP,0.0,0.0,0.0,0.0,6
FAIL_000279,PAY_001827,CUST_0113,SUB_0113,324.58,2024-09-09,INSUFFICIENT_FUNDS,CUSTOMER_FINANCIAL,750,20,5,25,0.8,0.3,0.25,low_engagement,0.2,0.8,starter,324.58,monthly,WAIT_AND_RETRY,0.7556416398542043,2.0,245.26616346387763,243.26616346387763,1
FAIL_000279,PAY_001827,CUST_0113,SUB_0113,324.58,2024-09-09,INSUFFICIENT_FUNDS,CUSTOMER_FINANCIAL,750,20,5,25,0.8,0.3,0.25,low_engagement,0.2,0.8,starter,324.58,monthly,PAYMENT_LINK,0.5772287505652012,3.0,187.35690785845298,184.35690785845298,2
FAIL_000279,PAY_001827,CUST_0113,SUB_0113,324.58,2024-09-09,INSUFFICIENT_FUNDS,CUSTOMER_FINANCIAL,750,20,5,25,0.8,0.3,0.25,low_engagement,0.2,0.8,starter,324.58,monthly,SEND_REMINDER,0.39816149883044505,1.0,129.23525929038584,128.23525929038584,3
FAIL_000279,PAY_001827,CUST_0113,SUB_0113,324.58,2024-09-09,INSUFFICIENT_FUNDS,CUSTOMER_FINANCIAL,750,20,5,25,0.8,0.3,0.25,low_engagement,0.2,0.8,starter,324.58,monthly,RETRY_NOW,0.28389500780581584,2.0,92.1466416336117,90.1466416336117,4
FAIL_000279,PAY_001827,CUST_0113,SUB_0113,324.58,2024-09-09,INSUFFICIENT_FUNDS,CUSTOMER_FINANCIAL,750,20,5,25,0.8,0.3,0.25,low_engagement,0.2,0.8,starter,324.58,monthly,UPDATE_PAYMENT_METHOD,0.1042721775255352,3.0,33.84466338123821,30.844663381238213,5
FAIL_000279,PAY_001827,CUST_0113,SUB_0113,324.58,2024-09-09,INSUFFICIENT_FUNDS,CUSTOMER_FINANCIAL,750,20,5,25,0.8,0.3,0.25,low_engagement,0.2,0.8,starter,324.58,monthly,STOP,0.0,0.0,0.0,0.0,6
FAIL_000281,PAY_001830,CUST_0113,SUB_0113,324.58,2024-12-08,CARD_EXPIRED,PAYMENT_METHOD,750,20,5,25,0.8,0.3,0.25,low_engagement,0.2,0.8,starter,324.58,monthly,UPDATE_PAYMENT_METHOD,0.7790644406280439,3.0,252.86873613905047,249.86873613905047,1
FAIL_000281,PAY_001830,CUST_0113,SUB_0113,324.58,2024-12-08,CARD_EXPIRED,PAYMENT_METHOD,750,20,5,25,0.8,0.3,0.25,low_engagement,0.2,0.8,starter,324.58,monthly,PAYMENT_LINK,0.3473636166063778,3.0,112.7472826780981,109.7472826780981,2
FAIL_000281,PAY_001830,CUST_0113,SUB_0113,324.58,2024-12-08,CARD_EXPIRED,PAYMENT_METHOD,750,20,5,25,0.8,0.3,0.25,low_engagement,0.2,0.8,starter,324.58,monthly,SEND_REMINDER,0.1032406617130585,1.0,33.50985397882452,32.50985397882452,3
FAIL_000281,PAY_001830,CUST_0113,SUB_0113,324.58,2024-12-08,CARD_EXPIRED,PAYMENT_METHOD,750,20,5,25,0.8,0.3,0.25,low_engagement,0.2,0.8,starter,324.58,monthly,RETRY_NOW,0.08177706946213126,2.0,26.543201206018562,24.543201206018562,4
FAIL_000281,PAY_001830,CUST_0113,SUB_0113,324.58,2024-12-08,CARD_EXPIRED,PAYMENT_METHOD,750,20,5,25,0.8,0.3,0.25,low_engagement,0.2,0.8,starter,324.58,monthly,WAIT_AND_RETRY,0.04737859671415501,2.0,15.378144921480432,13.378144921480432,5
FAIL_000281,PAY_001830,CUST_0113,SUB_0113,324.58,2024-12-08,CARD_EXPIRED,PAYMENT_METHOD,750,20,5,25,0.8,0.3,0.25,low_engagement,0.2,0.8,starter,324.58,monthly,STOP,0.0,0.0,0.0,0.0,6
FAIL_000282,PAY_001833,CUST_0113,SUB_0113,324.58,2025-03-08,INSUFFICIENT_FUNDS,CUSTOMER_FINANCIAL,750,20,5,25,0.8,0.3,0.25,low_engagement,0.2,0.8,starter,324.58,monthly,WAIT_AND_RETRY,0.7556416398542043,2.0,245.26616346387763,243.26616346387763,1
FAIL_000282,PAY_001833,CUST_0113,SUB_0113,324.58,2025-03-08,INSUFFICIENT_FUNDS,CUSTOMER_FINANCIAL,750,20,5,25,0.8,0.3,0.25,low_engagement,0.2,0.8,starter,324.58,monthly,PAYMENT_LINK,0.5772287505652012,3.0,187.35690785845298,184.35690785845298,2
FAIL_000282,PAY_001833,CUST_0113,SUB_0113,324.58,2025-03-08,INSUFFICIENT_FUNDS,CUSTOMER_FINANCIAL,750,20,5,25,0.8,0.3,0.25,low_engagement,0.2,0.8,starter,324.58,monthly,SEND_REMINDER,0.39816149883044505,1.0,129.23525929038584,128.23525929038584,3
FAIL_000282,PAY_001833,CUST_0113,SUB_0113,324.58,2025-03-08,INSUFFICIENT_FUNDS,CUSTOMER_FINANCIAL,750,20,5,25,0.8,0.3,0.25,low_engagement,0.2,0.8,starter,324.58,monthly,RETRY_NOW,0.28389500780581584,2.0,92.1466416336117,90.1466416336117,4
FAIL_000282,PAY_001833,CUST_0113,SUB_0113,324.58,2025-03-08,INSUFFICIENT_FUNDS,CUSTOMER_FINANCIAL,750,20,5,25,0.8,0.3,0.25,low_engagement,0.2,0.8,starter,324.58,monthly,UPDATE_PAYMENT_METHOD,0.1042721775255352,3.0,33.84466338123821,30.844663381238213,5
FAIL_000282,PAY_001833,CUST_0113,SUB_0113,324.58,2025-03-08,INSUFFICIENT_FUNDS,CUSTOMER_FINANCIAL,750,20,5,25,0.8,0.3,0.25,low_engagement,0.2,0.8,starter,324.58,monthly,STOP,0.0,0.0,0.0,0.0,6
FAIL_000284,PAY_001835,CUST_0113,SUB_0113,324.58,2025-05-07,INSUFFICIENT_FUNDS,CUSTOMER_FINANCIAL,750,20,5,25,0.8,0.3,0.25,low_engagement,0.2,0.8,starter,324.58,monthly,WAIT_AND_RETRY,0.7556416398542043,2.0,245.26616346387763,243.26616346387763,1
FAIL_000284,PAY_001835,CUST_0113,SUB_0113,324.58,2025-05-07,INSUFFICIENT_FUNDS,CUSTOMER_FINANCIAL,750,20,5,25,0.8,0.3,0.25,low_engagement,0.2,0.8,starter,324.58,monthly,PAYMENT_LINK,0.5772287505652012,3.0,187.35690785845298,184.35690785845298,2
FAIL_000284,PAY_001835,CUST_0113,SUB_0113,324.58,2025-05-07,INSUFFICIENT_FUNDS,CUSTOMER_FINANCIAL,750,20,5,25,0.8,0.3,0.25,low_engagement,0.2,0.8,starter,324.58,monthly,SEND_REMINDER,0.39816149883044505,1.0,129.23525929038584,128.23525929038584,3
FAIL_000284,PAY_001835,CUST_0113,SUB_0113,324.58,2025-05-07,INSUFFICIENT_FUNDS,CUSTOMER_FINANCIAL,750,20,5,25,0.8,0.3,0.25,low_engagement,0.2,0.8,starter,324.58,monthly,RETRY_NOW,0.28389500780581584,2.0,92.1466416336117,90.1466416336117,4
FAIL_000284,PAY_001835,CUST_0113,SUB_0113,324.58,2025-05-07,INSUFFICIENT_FUNDS,CUSTOMER_FINANCIAL,750,20,5,25,0.8,0.3,0.25,low_engagement,0.2,0.8,starter,324.58,monthly,UPDATE_PAYMENT_METHOD,0.1042721775255352,3.0,33.84466338123821,30.844663381238213,5
FAIL_000284,PAY_001835,CUST_0113,SUB_0113,324.58,2025-05-07,INSUFFICIENT_FUNDS,CUSTOMER_FINANCIAL,750,20,5,25,0.8,0.3,0.25,low_engagement,0.2,0.8,starter,324.58,monthly,STOP,0.0,0.0,0.0,0.0,6
FAIL_000285,PAY_001836,CUST_0113,SUB_0113,324.58,2025-06-06,BANK_DECLINED,ISSUER_DECLINE,750,20,5,25,0.8,0.3,0.25,low_engagement,0.2,0.8,starter,324.58,monthly,WAIT_AND_RETRY,0.644975817192426,2.0,209.34625074431764,207.34625074431764,1
FAIL_000285,PAY_001836,CUST_0113,SUB_0113,324.58,2025-06-06,BANK_DECLINED,ISSUER_DECLINE,750,20,5,25,0.8,0.3,0.25,low_engagement,0.2,0.8,starter,324.58,monthly,PAYMENT_LINK,0.5228819660731658,3.0,169.71702854802817,166.71702854802817,2
FAIL_000285,PAY_001836,CUST_0113,SUB_0113,324.58,2025-06-06,BANK_DECLINED,ISSUER_DECLINE,750,20,5,25,0.8,0.3,0.25,low_engagement,0.2,0.8,starter,324.58,monthly,RETRY_NOW,0.2597897965556313,2.0,84.3225721660268,82.3225721660268,3
FAIL_000285,PAY_001836,CUST_0113,SUB_0113,324.58,2025-06-06,BANK_DECLINED,ISSUER_DECLINE,750,20,5,25,0.8,0.3,0.25,low_engagement,0.2,0.8,starter,324.58,monthly,SEND_REMINDER,0.14904646433858132,1.0,48.37750139501672,47.37750139501672,4
FAIL_000285,PAY_001836,CUST_0113,SUB_0113,324.58,2025-06-06,BANK_DECLINED,ISSUER_DECLINE,750,20,5,25,0.8,0.3,0.25,low_engagement,0.2,0.8,starter,324.58,monthly,UPDATE_PAYMENT_METHOD,0.11141853638915095,3.0,36.16422854119061,33.16422854119061,5
FAIL_000285,PAY_001836,CUST_0113,SUB_0113,324.58,2025-06-06,BANK_DECLINED,ISSUER_DECLINE,750,20,5,25,0.8,0.3,0.25,low_engagement,0.2,0.8,starter,324.58,monthly,STOP,0.0,0.0,0.0,0.0,6
FAIL_000287,PAY_001842,CUST_0113,SUB_0113,324.58,2025-12-03,AUTHENTICATION_FAILED,CUSTOMER_ACTION,750,20,5,25,0.8,0.3,0.25,low_engagement,0.2,0.8,starter,324.58,monthly,UPDATE_PAYMENT_METHOD,0.5323184013032053,3.0,172.77990669499437,169.77990669499437,1
FAIL_000287,PAY_001842,CUST_0113,SUB_0113,324.58,2025-12-03,AUTHENTICATION_FAILED,CUSTOMER_ACTION,750,20,5,25,0.8,0.3,0.25,low_engagement,0.2,0.8,starter,324.58,monthly,SEND_REMINDER,0.3803364888883084,1.0,123.44961756336714,122.44961756336714,2
FAIL_000287,PAY_001842,CUST_0113,SUB_0113,324.58,2025-12-03,AUTHENTICATION_FAILED,CUSTOMER_ACTION,750,20,5,25,0.8,0.3,0.25,low_engagement,0.2,0.8,starter,324.58,monthly,PAYMENT_LINK,0.3749553567111981,3.0,121.70300968132068,118.70300968132068,3
FAIL_000287,PAY_001842,CUST_0113,SUB_0113,324.58,2025-12-03,AUTHENTICATION_FAILED,CUSTOMER_ACTION,750,20,5,25,0.8,0.3,0.25,low_engagement,0.2,0.8,starter,324.58,monthly,WAIT_AND_RETRY,0.25778417718271546,2.0,83.67158822996578,81.67158822996578,4
FAIL_000287,PAY_001842,CUST_0113,SUB_0113,324.58,2025-12-03,AUTHENTICATION_FAILED,CUSTOMER_ACTION,750,20,5,25,0.8,0.3,0.25,low_engagement,0.2,0.8,starter,324.58,monthly,RETRY_NOW,0.035251633515083744,2.0,11.441975206325882,9.441975206325882,5
FAIL_000287,PAY_001842,CUST_0113,SUB_0113,324.58,2025-12-03,AUTHENTICATION_FAILED,CUSTOMER_ACTION,750,20,5,25,0.8,0.3,0.25,low_engagement,0.2,0.8,starter,324.58,monthly,STOP,0.0,0.0,0.0,0.0,6
FAIL_000291,PAY_001902,CUST_0117,SUB_0117,1714.93,2024-08-16,INSUFFICIENT_FUNDS,CUSTOMER_FINANCIAL,864,17,11,28,0.6071,0.35,0.45,friction_prone,0.3929,0.6071,growth,1714.93,monthly,WAIT_AND_RETRY,0.6709980926243706,2.0,1150.7147589843119,1148.7147589843119,1
FAIL_000291,PAY_001902,CUST_0117,SUB_0117,1714.93,2024-08-16,INSUFFICIENT_FUNDS,CUSTOMER_FINANCIAL,864,17,11,28,0.6071,0.35,0.45,friction_prone,0.3929,0.6071,growth,1714.93,monthly,PAYMENT_LINK,0.6615666613466228,3.0,1134.540514543164,1131.540514543164,2
FAIL_000291,PAY_001902,CUST_0117,SUB_0117,1714.93,2024-08-16,INSUFFICIENT_FUNDS,CUSTOMER_FINANCIAL,864,17,11,28,0.6071,0.35,0.45,friction_prone,0.3929,0.6071,growth,1714.93,monthly,SEND_REMINDER,0.5620335833009946,1.0,963.8482530103747,962.8482530103747,3
FAIL_000291,PAY_001902,CUST_0117,SUB_0117,1714.93,2024-08-16,INSUFFICIENT_FUNDS,CUSTOMER_FINANCIAL,864,17,11,28,0.6071,0.35,0.45,friction_prone,0.3929,0.6071,growth,1714.93,monthly,UPDATE_PAYMENT_METHOD,0.3146633031813205,3.0,539.6255385247421,536.6255385247421,4
FAIL_000291,PAY_001902,CUST_0117,SUB_0117,1714.93,2024-08-16,INSUFFICIENT_FUNDS,CUSTOMER_FINANCIAL,864,17,11,28,0.6071,0.35,0.45,friction_prone,0.3929,0.6071,growth,1714.93,monthly,RETRY_NOW,0.28030006718560085,2.0,480.6949942186025,478.6949942186025,5
FAIL_000291,PAY_001902,CUST_0117,SUB_0117,1714.93,2024-08-16,INSUFFICIENT_FUNDS,CUSTOMER_FINANCIAL,864,17,11,28,0.6071,0.35,0.45,friction_prone,0.3929,0.6071,growth,1714.93,monthly,STOP,0.0,0.0,0.0,0.0,6
FAIL_000293,PAY_001906,CUST_0117,SUB_0117,1714.93,2024-12-14,BANK_DECLINED,ISSUER_DECLINE,864,17,11,28,0.6071,0.35,0.45,friction_prone,0.3929,0.6071,growth,1714.93,monthly,PAYMENT_LINK,0.6273877108930875,3.0,1075.9260070418827,1072.9260070418827,1
FAIL_000293,PAY_001906,CUST_0117,SUB_0117,1714.93,2024-12-14,BANK_DECLINED,ISSUER_DECLINE,864,17,11,28,0.6071,0.35,0.45,friction_prone,0.3929,0.6071,growth,1714.93,monthly,WAIT_AND_RETRY,0.5370474975397979,2.0,920.9988649559256,918.9988649559256,2
FAIL_000293,PAY_001906,CUST_0117,SUB_0117,1714.93,2024-12-14,BANK_DECLINED,ISSUER_DECLINE,864,17,11,28,0.6071,0.35,0.45,friction_prone,0.3929,0.6071,growth,1714.93,monthly,SEND_REMINDER,0.4690342219925215,1.0,804.3608583216349,803.3608583216349,3
FAIL_000293,PAY_001906,CUST_0117,SUB_0117,1714.93,2024-12-14,BANK_DECLINED,ISSUER_DECLINE,864,17,11,28,0.6071,0.35,0.45,friction_prone,0.3929,0.6071,growth,1714.93,monthly,UPDATE_PAYMENT_METHOD,0.2779418985262389,3.0,476.6509000396029,473.6509000396029,4
FAIL_000293,PAY_001906,CUST_0117,SUB_0117,1714.93,2024-12-14,BANK_DECLINED,ISSUER_DECLINE,864,17,11,28,0.6071,0.35,0.45,friction_prone,0.3929,0.6071,growth,1714.93,monthly,RETRY_NOW,0.2010955060242765,2.0,344.8647161462125,342.8647161462125,5
FAIL_000293,PAY_001906,CUST_0117,SUB_0117,1714.93,2024-12-14,BANK_DECLINED,ISSUER_DECLINE,864,17,11,28,0.6071,0.35,0.45,friction_prone,0.3929,0.6071,growth,1714.93,monthly,STOP,0.0,0.0,0.0,0.0,6
FAIL_000298,PAY_001944,CUST_0119,SUB_0119,15000.0,2024-08-19,INSUFFICIENT_FUNDS,CUSTOMER_FINANCIAL,981,27,5,32,0.8438,0.82,0.9,high_value_loyal,0.1562,0.8438,pro,15000.0,monthly,PAYMENT_LINK,0.8333248119597095,3.0,12499.872179395643,12496.872179395643,1
FAIL_000298,PAY_001944,CUST_0119,SUB_0119,15000.0,2024-08-19,INSUFFICIENT_FUNDS,CUSTOMER_FINANCIAL,981,27,5,32,0.8438,0.82,0.9,high_value_loyal,0.1562,0.8438,pro,15000.0,monthly,WAIT_AND_RETRY,0.7773971875397998,2.0,11660.957813096997,11658.957813096997,2
FAIL_000298,PAY_001944,CUST_0119,SUB_0119,15000.0,2024-08-19,INSUFFICIENT_FUNDS,CUSTOMER_FINANCIAL,981,27,5,32,0.8438,0.82,0.9,high_value_loyal,0.1562,0.8438,pro,15000.0,monthly,SEND_REMINDER,0.602461118719021,1.0,9036.916780785314,9035.916780785314,3
FAIL_000298,PAY_001944,CUST_0119,SUB_0119,15000.0,2024-08-19,INSUFFICIENT_FUNDS,CUSTOMER_FINANCIAL,981,27,5,32,0.8438,0.82,0.9,high_value_loyal,0.1562,0.8438,pro,15000.0,monthly,UPDATE_PAYMENT_METHOD,0.566427291827764,3.0,8496.40937741646,8493.40937741646,4
FAIL_000298,PAY_001944,CUST_0119,SUB_0119,15000.0,2024-08-19,INSUFFICIENT_FUNDS,CUSTOMER_FINANCIAL,981,27,5,32,0.8438,0.82,0.9,high_value_loyal,0.1562,0.8438,pro,15000.0,monthly,RETRY_NOW,0.3251113751335145,2.0,4876.670627002718,4874.670627002718,5
FAIL_000298,PAY_001944,CUST_0119,SUB_0119,15000.0,2024-08-19,INSUFFICIENT_FUNDS,CUSTOMER_FINANCIAL,981,27,5,32,0.8438,0.82,0.9,high_value_loyal,0.1562,0.8438,pro,15000.0,monthly,STOP,0.0,0.0,0.0,0.0,6
FAIL_000299,PAY_001947,CUST_0119,SUB_0119,15000.0,2024-11-17,INSUFFICIENT_FUNDS,CUSTOMER_FINANCIAL,981,27,5,32,0.8438,0.82,0.9,high_value_loyal,0.1562,0.8438,pro,15000.0,monthly,PAYMENT_LINK,0.8333248119597095,3.0,12499.872179395643,12496.872179395643,1
FAIL_000299,PAY_001947,CUST_0119,SUB_0119,15000.0,2024-11-17,INSUFFICIENT_FUNDS,CUSTOMER_FINANCIAL,981,27,5,32,0.8438,0.82,0.9,high_value_loyal,0.1562,0.8438,pro,15000.0,monthly,WAIT_AND_RETRY,0.7773971875397998,2.0,11660.957813096997,11658.957813096997,2
FAIL_000299,PAY_001947,CUST_0119,SUB_0119,15000.0,2024-11-17,INSUFFICIENT_FUNDS,CUSTOMER_FINANCIAL,981,27,5,32,0.8438,0.82,0.9,high_value_loyal,0.1562,0.8438,pro,15000.0,monthly,SEND_REMINDER,0.602461118719021,1.0,9036.916780785314,9035.916780785314,3
FAIL_000299,PAY_001947,CUST_0119,SUB_0119,15000.0,2024-11-17,INSUFFICIENT_FUNDS,CUSTOMER_FINANCIAL,981,27,5,32,0.8438,0.82,0.9,high_value_loyal,0.1562,0.8438,pro,15000.0,monthly,UPDATE_PAYMENT_METHOD,0.566427291827764,3.0,8496.40937741646,8493.40937741646,4
FAIL_000299,PAY_001947,CUST_0119,SUB_0119,15000.0,2024-11-17,INSUFFICIENT_FUNDS,CUSTOMER_FINANCIAL,981,27,5,32,0.8438,0.82,0.9,high_value_loyal,0.1562,0.8438,pro,15000.0,monthly,RETRY_NOW,0.3251113751335145,2.0,4876.670627002718,4874.670627002718,5
FAIL_000299,PAY_001947,CUST_0119,SUB_0119,15000.0,2024-11-17,INSUFFICIENT_FUNDS,CUSTOMER_FINANCIAL,981,27,5,32,0.8438,0.82,0.9,high_value_loyal,0.1562,0.8438,pro,15000.0,monthly,STOP,0.0,0.0,0.0,0.0,6
FAIL_000301,PAY_001950,CUST_0119,SUB_0119,15000.0,2025-02-15,LIMIT_EXCEEDED,PAYMENT_LIMIT,981,27,5,32,0.8438,0.82,0.9,high_value_loyal,0.1562,0.8438,pro,15000.0,monthly,UPDATE_PAYMENT_METHOD,0.9205904462703751,3.0,13808.856694055627,13805.856694055627,1
FAIL_000301,PAY_001950,CUST_0119,SUB_0119,15000.0,2025-02-15,LIMIT_EXCEEDED,PAYMENT_LIMIT,981,27,5,32,0.8438,0.82,0.9,high_value_loyal,0.1562,0.8438,pro,15000.0,monthly,PAYMENT_LINK,0.8242653797672299,3.0,12363.980696508448,12360.980696508448,2
FAIL_000301,PAY_001950,CUST_0119,SUB_0119,15000.0,2025-02-15,LIMIT_EXCEEDED,PAYMENT_LIMIT,981,27,5,32,0.8438,0.82,0.9,high_value_loyal,0.1562,0.8438,pro,15000.0,monthly,WAIT_AND_RETRY,0.45032360137503524,2.0,6754.854020625528,6752.854020625528,3
FAIL_000301,PAY_001950,CUST_0119,SUB_0119,15000.0,2025-02-15,LIMIT_EXCEEDED,PAYMENT_LIMIT,981,27,5,32,0.8438,0.82,0.9,high_value_loyal,0.1562,0.8438,pro,15000.0,monthly,SEND_REMINDER,0.3954309716328279,1.0,5931.464574492419,5930.464574492419,4
FAIL_000301,PAY_001950,CUST_0119,SUB_0119,15000.0,2025-02-15,LIMIT_EXCEEDED,PAYMENT_LIMIT,981,27,5,32,0.8438,0.82,0.9,high_value_loyal,0.1562,0.8438,pro,15000.0,monthly,RETRY_NOW,0.3896432272277471,2.0,5844.648408416207,5842.648408416207,5
FAIL_000301,PAY_001950,CUST_0119,SUB_0119,15000.0,2025-02-15,LIMIT_EXCEEDED,PAYMENT_LIMIT,981,27,5,32,0.8438,0.82,0.9,high_value_loyal,0.1562,0.8438,pro,15000.0,monthly,STOP,0.0,0.0,0.0,0.0,6
FAIL_000309,PAY_002022,CUST_0121,SUB_0121,746.25,2026-06-05,AUTHENTICATION_FAILED,CUSTOMER_ACTION,956,25,6,31,0.8065,0.3,0.25,low_engagement,0.1935,0.8065,starter,746.25,monthly,UPDATE_PAYMENT_METHOD,0.8126144236401571,3.0,606.4135136414673,603.4135136414673,1
FAIL_000309,PAY_002022,CUST_0121,SUB_0121,746.25,2026-06-05,AUTHENTICATION_FAILED,CUSTOMER_ACTION,956,25,6,31,0.8065,0.3,0.25,low_engagement,0.1935,0.8065,starter,746.25,monthly,SEND_REMINDER,0.5476465219792112,1.0,408.6812170269863,407.6812170269863,2
FAIL_000309,PAY_002022,CUST_0121,SUB_0121,746.25,2026-06-05,AUTHENTICATION_FAILED,CUSTOMER_ACTION,956,25,6,31,0.8065,0.3,0.25,low_engagement,0.1935,0.8065,starter,746.25,monthly,PAYMENT_LINK,0.3972500995428216,3.0,296.4478867838306,293.4478867838306,3
FAIL_000309,PAY_002022,CUST_0121,SUB_0121,746.25,2026-06-05,AUTHENTICATION_FAILED,CUSTOMER_ACTION,956,25,6,31,0.8065,0.3,0.25,low_engagement,0.1935,0.8065,starter,746.25,monthly,WAIT_AND_RETRY,0.09974043222152607,2.0,74.43129754531383,72.43129754531383,4
FAIL_000309,PAY_002022,CUST_0121,SUB_0121,746.25,2026-06-05,AUTHENTICATION_FAILED,CUSTOMER_ACTION,956,25,6,31,0.8065,0.3,0.25,low_engagement,0.1935,0.8065,starter,746.25,monthly,RETRY_NOW,0.029203389787901074,2.0,21.793029629221177,19.793029629221177,5
FAIL_000309,PAY_002022,CUST_0121,SUB_0121,746.25,2026-06-05,AUTHENTICATION_FAILED,CUSTOMER_ACTION,956,25,6,31,0.8065,0.3,0.25,low_engagement,0.1935,0.8065,starter,746.25,monthly,STOP,0.0,0.0,0.0,0.0,6
FAIL_000318,PAY_002106,CUST_0125,SUB_0125,10848.47,2025-01-18,NETWORK_ERROR,TECHNICAL,769,23,2,25,0.92,0.82,0.9,high_value_loyal,0.08,0.92,pro,10848.47,monthly,WAIT_AND_RETRY,0.9062040425790187,2.0,9830.927369797206,9828.927369797206,1
FAIL_000318,PAY_002106,CUST_0125,SUB_0125,10848.47,2025-01-18,NETWORK_ERROR,TECHNICAL,769,23,2,25,0.92,0.82,0.9,high_value_loyal,0.08,0.92,pro,10848.47,monthly,RETRY_NOW,0.8804740287391498,2.0,9551.796086555803,9549.796086555803,2
FAIL_000318,PAY_002106,CUST_0125,SUB_0125,10848.47,2025-01-18,NETWORK_ERROR,TECHNICAL,769,23,2,25,0.92,0.82,0.9,high_value_loyal,0.08,0.92,pro,10848.47,monthly,PAYMENT_LINK,0.8356544269273349,3.0,9065.571980888384,9062.571980888384,3
FAIL_000318,PAY_002106,CUST_0125,SUB_0125,10848.47,2025-01-18,NETWORK_ERROR,TECHNICAL,769,23,2,25,0.92,0.82,0.9,high_value_loyal,0.08,0.92,pro,10848.47,monthly,SEND_REMINDER,0.6229986747270727,1.0,6758.582432816406,6757.582432816406,4
FAIL_000318,PAY_002106,CUST_0125,SUB_0125,10848.47,2025-01-18,NETWORK_ERROR,TECHNICAL,769,23,2,25,0.92,0.82,0.9,high_value_loyal,0.08,0.92,pro,10848.47,monthly,UPDATE_PAYMENT_METHOD,0.22885482740317437,3.0,2482.7247294385147,2479.7247294385147,5
FAIL_000318,PAY_002106,CUST_0125,SUB_0125,10848.47,2025-01-18,NETWORK_ERROR,TECHNICAL,769,23,2,25,0.92,0.82,0.9,high_value_loyal,0.08,0.92,pro,10848.47,monthly,STOP,0.0,0.0,0.0,0.0,6
FAIL_000323,PAY_002174,CUST_0128,SUB_0128,14456.27,2026-04-12,AUTHENTICATION_FAILED,CUSTOMER_ACTION,680,20,2,22,0.9091,0.82,0.9,high_value_loyal,0.0909,0.9091,pro,14456.27,monthly,UPDATE_PAYMENT_METHOD,0.7198132172981075,3.0,10405.814218830114,10402.814218830114,1
FAIL_000323,PAY_002174,CUST_0128,SUB_0128,14456.27,2026-04-12,AUTHENTICATION_FAILED,CUSTOMER_ACTION,680,20,2,22,0.9091,0.82,0.9,high_value_loyal,0.0909,0.9091,pro,14456.27,monthly,PAYMENT_LINK,0.7029867842180978,3.0,10162.56675908856,10159.56675908856,2
FAIL_000323,PAY_002174,CUST_0128,SUB_0128,14456.27,2026-04-12,AUTHENTICATION_FAILED,CUSTOMER_ACTION,680,20,2,22,0.9091,0.82,0.9,high_value_loyal,0.0909,0.9091,pro,14456.27,monthly,SEND_REMINDER,0.4615951375744666,1.0,6672.943939463634,6671.943939463634,3
FAIL_000323,PAY_002174,CUST_0128,SUB_0128,14456.27,2026-04-12,AUTHENTICATION_FAILED,CUSTOMER_ACTION,680,20,2,22,0.9091,0.82,0.9,high_value_loyal,0.0909,0.9091,pro,14456.27,monthly,RETRY_NOW,0.22032921467504163,2.0,3185.1386162303643,3183.1386162303643,4
FAIL_000323,PAY_002174,CUST_0128,SUB_0128,14456.27,2026-04-12,AUTHENTICATION_FAILED,CUSTOMER_ACTION,680,20,2,22,0.9091,0.82,0.9,high_value_loyal,0.0909,0.9091,pro,14456.27,monthly,WAIT_AND_RETRY,0.21279620444488176,2.0,3076.239386430411,3074.239386430411,5
FAIL_000323,PAY_002174,CUST_0128,SUB_0128,14456.27,2026-04-12,AUTHENTICATION_FAILED,CUSTOMER_ACTION,680,20,2,22,0.9091,0.82,0.9,high_value_loyal,0.0909,0.9091,pro,14456.27,monthly,STOP,0.0,0.0,0.0,0.0,6
FAIL_000327,PAY_002191,CUST_0130,SUB_0130,785.26,2025-04-22,INSUFFICIENT_FUNDS,CUSTOMER_FINANCIAL,585,9,10,19,0.4737,0.35,0.45,friction_prone,0.5263,0.4737,starter,785.26,monthly,WAIT_AND_RETRY,0.7909180849999474,2.0,621.0763354270587,619.0763354270587,1
FAIL_000327,PAY_002191,CUST_0130,SUB_0130,785.26,2025-04-22,INSUFFICIENT_FUNDS,CUSTOMER_FINANCIAL,585,9,10,19,0.4737,0.35,0.45,friction_prone,0.5263,0.4737,starter,785.26,monthly,PAYMENT_LINK,0.6401500168641101,3.0,502.6842022427111,499.6842022427111,2
FAIL_000327,PAY_002191,CUST_0130,SUB_0130,785.26,2025-04-22,INSUFFICIENT_FUNDS,CUSTOMER_FINANCIAL,585,9,10,19,0.4737,0.35,0.45,friction_prone,0.5263,0.4737,starter,785.26,monthly,SEND_REMINDER,0.5042187803549251,1.0,395.94283946150847,394.94283946150847,3
FAIL_000327,PAY_002191,CUST_0130,SUB_0130,785.26,2025-04-22,INSUFFICIENT_FUNDS,CUSTOMER_FINANCIAL,585,9,10,19,0.4737,0.35,0.45,friction_prone,0.5263,0.4737,starter,785.26,monthly,RETRY_NOW,0.49038367942258915,2.0,385.0786881033824,383.0786881033824,4
FAIL_000327,PAY_002191,CUST_0130,SUB_0130,785.26,2025-04-22,INSUFFICIENT_FUNDS,CUSTOMER_FINANCIAL,585,9,10,19,0.4737,0.35,0.45,friction_prone,0.5263,0.4737,starter,785.26,monthly,UPDATE_PAYMENT_METHOD,0.30618573429631224,3.0,240.43540971352215,237.43540971352215,5
FAIL_000327,PAY_002191,CUST_0130,SUB_0130,785.26,2025-04-22,INSUFFICIENT_FUNDS,CUSTOMER_FINANCIAL,585,9,10,19,0.4737,0.35,0.45,friction_prone,0.5263,0.4737,starter,785.26,monthly,STOP,0.0,0.0,0.0,0.0,6
FAIL_000329,PAY_002193,CUST_0130,SUB_0130,785.26,2025-06-21,CARD_EXPIRED,PAYMENT_METHOD,585,9,10,19,0.4737,0.35,0.45,friction_prone,0.5263,0.4737,starter,785.26,monthly,UPDATE_PAYMENT_METHOD,0.8693051542923714,3.0,682.6305654596276,679.6305654596276,1
FAIL_000329,PAY_002193,CUST_0130,SUB_0130,785.26,2025-06-21,CARD_EXPIRED,PAYMENT_METHOD,585,9,10,19,0.4737,0.35,0.45,friction_prone,0.5263,0.4737,starter,785.26,monthly,PAYMENT_LINK,0.4387564859389061,3.0,344.5379181483854,341.5379181483854,2
FAIL_000329,PAY_002193,CUST_0130,SUB_0130,785.26,2025-06-21,CARD_EXPIRED,PAYMENT_METHOD,585,9,10,19,0.4737,0.35,0.45,friction_prone,0.5263,0.4737,starter,785.26,monthly,SEND_REMINDER,0.23292164816333863,1.0,182.90405343674328,181.90405343674328,3
FAIL_000329,PAY_002193,CUST_0130,SUB_0130,785.26,2025-06-21,CARD_EXPIRED,PAYMENT_METHOD,585,9,10,19,0.4737,0.35,0.45,friction_prone,0.5263,0.4737,starter,785.26,monthly,RETRY_NOW,0.04993039556950615,2.0,39.2083424249104,37.2083424249104,4
FAIL_000329,PAY_002193,CUST_0130,SUB_0130,785.26,2025-06-21,CARD_EXPIRED,PAYMENT_METHOD,585,9,10,19,0.4737,0.35,0.45,friction_prone,0.5263,0.4737,starter,785.26,monthly,WAIT_AND_RETRY,0.03344885633808126,2.0,26.26604892804169,24.26604892804169,5
FAIL_000329,PAY_002193,CUST_0130,SUB_0130,785.26,2025-06-21,CARD_EXPIRED,PAYMENT_METHOD,585,9,10,19,0.4737,0.35,0.45,friction_prone,0.5263,0.4737,starter,785.26,monthly,STOP,0.0,0.0,0.0,0.0,6
FAIL_000336,PAY_002207,CUST_0131,SUB_0131,569.52,2024-10-22,AUTHENTICATION_FAILED,CUSTOMER_ACTION,677,15,7,22,0.6818,0.3,0.25,low_engagement,0.3182,0.6818,starter,569.52,monthly,UPDATE_PAYMENT_METHOD,0.6697173575277185,3.0,381.4174294591863,378.4174294591863,1
FAIL_000336,PAY_002207,CUST_0131,SUB_0131,569.52,2024-10-22,AUTHENTICATION_FAILED,CUSTOMER_ACTION,677,15,7,22,0.6818,0.3,0.25,low_engagement,0.3182,0.6818,starter,569.52,monthly,SEND_REMINDER,0.43834802594901645,1.0,249.64796773848383,248.64796773848383,2
FAIL_000336,PAY_002207,CUST_0131,SUB_0131,569.52,2024-10-22,AUTHENTICATION_FAILED,CUSTOMER_ACTION,677,15,7,22,0.6818,0.3,0.25,low_engagement,0.3182,0.6818,starter,569.52,monthly,PAYMENT_LINK,0.3994007950196523,3.0,227.46674077959239,224.46674077959239,3
FAIL_000336,PAY_002207,CUST_0131,SUB_0131,569.52,2024-10-22,AUTHENTICATION_FAILED,CUSTOMER_ACTION,677,15,7,22,0.6818,0.3,0.25,low_engagement,0.3182,0.6818,starter,569.52,monthly,WAIT_AND_RETRY,0.3437892587155493,2.0,195.7948586236796,193.7948586236796,4
FAIL_000336,PAY_002207,CUST_0131,SUB_0131,569.52,2024-10-22,AUTHENTICATION_FAILED,CUSTOMER_ACTION,677,15,7,22,0.6818,0.3,0.25,low_engagement,0.3182,0.6818,starter,569.52,monthly,RETRY_NOW,0.05690727495033584,2.0,32.409831229715266,30.409831229715266,5
FAIL_000336,PAY_002207,CUST_0131,SUB_0131,569.52,2024-10-22,AUTHENTICATION_FAILED,CUSTOMER_ACTION,677,15,7,22,0.6818,0.3,0.25,low_engagement,0.3182,0.6818,starter,569.52,monthly,STOP,0.0,0.0,0.0,0.0,6
FAIL_000348,PAY_002276,CUST_0135,SUB_0135,771.04,2025-05-22,INSUFFICIENT_FUNDS,CUSTOMER_FINANCIAL,945,25,6,31,0.8065,0.35,0.45,friction_prone,0.1935,0.8065,growth,771.04,monthly,WAIT_AND_RETRY,0.6920090176293247,2.0,533.5666329529145,531.5666329529145,1
FAIL_000348,PAY_002276,CUST_0135,SUB_0135,771.04,2025-05-22,INSUFFICIENT_FUNDS,CUSTOMER_FINANCIAL,945,25,6,31,0.8065,0.35,0.45,friction_prone,0.1935,0.8065,growth,771.04,monthly,PAYMENT_LINK,0.6850479699359303,3.0,528.1993867393996,525.1993867393996,2
FAIL_000348,PAY_002276,CUST_0135,SUB_0135,771.04,2025-05-22,INSUFFICIENT_FUNDS,CUSTOMER_FINANCIAL,945,25,6,31,0.8065,0.35,0.45,friction_prone,0.1935,0.8065,growth,771.04,monthly,SEND_REMINDER,0.4927774742512857,1.0,379.9511437467113,378.9511437467113,3
FAIL_000348,PAY_002276,CUST_0135,SUB_0135,771.04,2025-05-22,INSUFFICIENT_FUNDS,CUSTOMER_FINANCIAL,945,25,6,31,0.8065,0.35,0.45,friction_prone,0.1935,0.8065,growth,771.04,monthly,RETRY_NOW,0.3216037813329892,2.0,247.969379558988,245.969379558988,4
FAIL_000348,PAY_002276,CUST_0135,SUB_0135,771.04,2025-05-22,INSUFFICIENT_FUNDS,CUSTOMER_FINANCIAL,945,25,6,31,0.8065,0.35,0.45,friction_prone,0.1935,0.8065,growth,771.04,monthly,UPDATE_PAYMENT_METHOD,0.1627511651279067,3.0,125.48765836022116,122.48765836022116,5
FAIL_000348,PAY_002276,CUST_0135,SUB_0135,771.04,2025-05-22,INSUFFICIENT_FUNDS,CUSTOMER_FINANCIAL,945,25,6,31,0.8065,0.35,0.45,friction_prone,0.1935,0.8065,growth,771.04,monthly,STOP,0.0,0.0,0.0,0.0,6
FAIL_000351,PAY_002307,CUST_0136,SUB_0136,671.28,2025-12-27,LIMIT_EXCEEDED,PAYMENT_LIMIT,726,20,4,24,0.8333,0.3,0.25,low_engagement,0.1667,0.8333,starter,671.28,monthly,PAYMENT_LINK,0.5592915113043384,3.0,375.4412057083763,372.4412057083763,1
FAIL_000351,PAY_002307,CUST_0136,SUB_0136,671.28,2025-12-27,LIMIT_EXCEEDED,PAYMENT_LIMIT,726,20,4,24,0.8333,0.3,0.25,low_engagement,0.1667,0.8333,starter,671.28,monthly,UPDATE_PAYMENT_METHOD,0.34080736741685996,3.0,228.77716959958974,225.77716959958974,2
FAIL_000351,PAY_002307,CUST_0136,SUB_0136,671.28,2025-12-27,LIMIT_EXCEEDED,PAYMENT_LIMIT,726,20,4,24,0.8333,0.3,0.25,low_engagement,0.1667,0.8333,starter,671.28,monthly,SEND_REMINDER,0.2888890185864085,1.0,193.92542039668427,192.92542039668427,3
FAIL_000351,PAY_002307,CUST_0136,SUB_0136,671.28,2025-12-27,LIMIT_EXCEEDED,PAYMENT_LIMIT,726,20,4,24,0.8333,0.3,0.25,low_engagement,0.1667,0.8333,starter,671.28,monthly,WAIT_AND_RETRY,0.20113415022399558,2.0,135.01733236236376,133.01733236236376,4
FAIL_000351,PAY_002307,CUST_0136,SUB_0136,671.28,2025-12-27,LIMIT_EXCEEDED,PAYMENT_LIMIT,726,20,4,24,0.8333,0.3,0.25,low_engagement,0.1667,0.8333,starter,671.28,monthly,RETRY_NOW,0.057835368720173516,2.0,38.82372631447808,36.82372631447808,5
FAIL_000351,PAY_002307,CUST_0136,SUB_0136,671.28,2025-12-27,LIMIT_EXCEEDED,PAYMENT_LIMIT,726,20,4,24,0.8333,0.3,0.25,low_engagement,0.1667,0.8333,starter,671.28,monthly,STOP,0.0,0.0,0.0,0.0,6
FAIL_000357,PAY_002348,CUST_0138,SUB_0138,1037.22,2025-08-26,LIMIT_EXCEEDED,PAYMENT_LIMIT,399,12,1,13,0.9231,0.8,0.85,reliable,0.0769,0.9231,pro,1037.22,monthly,PAYMENT_LINK,0.6585448104561029,3.0,683.0558483012791,680.0558483012791,1
FAIL_000357,PAY_002348,CUST_0138,SUB_0138,1037.22,2025-08-26,LIMIT_EXCEEDED,PAYMENT_LIMIT,399,12,1,13,0.9231,0.8,0.85,reliable,0.0769,0.9231,pro,1037.22,monthly,WAIT_AND_RETRY,0.6013128870646778,2.0,623.6937527212251,621.6937527212251,2
FAIL_000357,PAY_002348,CUST_0138,SUB_0138,1037.22,2025-08-26,LIMIT_EXCEEDED,PAYMENT_LIMIT,399,12,1,13,0.9231,0.8,0.85,reliable,0.0769,0.9231,pro,1037.22,monthly,UPDATE_PAYMENT_METHOD,0.5713612258493479,3.0,592.6272906754606,589.6272906754606,3
FAIL_000357,PAY_002348,CUST_0138,SUB_0138,1037.22,2025-08-26,LIMIT_EXCEEDED,PAYMENT_LIMIT,399,12,1,13,0.9231,0.8,0.85,reliable,0.0769,0.9231,pro,1037.22,monthly,SEND_REMINDER,0.39961398819758,1.0,414.48762083829394,413.48762083829394,4
FAIL_000357,PAY_002348,CUST_0138,SUB_0138,1037.22,2025-08-26,LIMIT_EXCEEDED,PAYMENT_LIMIT,399,12,1,13,0.9231,0.8,0.85,reliable,0.0769,0.9231,pro,1037.22,monthly,RETRY_NOW,0.19796167130853884,2.0,205.32980471464265,203.32980471464265,5
FAIL_000357,PAY_002348,CUST_0138,SUB_0138,1037.22,2025-08-26,LIMIT_EXCEEDED,PAYMENT_LIMIT,399,12,1,13,0.9231,0.8,0.85,reliable,0.0769,0.9231,pro,1037.22,monthly,STOP,0.0,0.0,0.0,0.0,6
FAIL_000373,PAY_002470,CUST_0145,SUB_0145,1162.18,2026-07-08,CARD_EXPIRED,PAYMENT_METHOD,833,21,6,27,0.7778,0.3,0.25,low_engagement,0.2222,0.7778,growth,1162.18,monthly,UPDATE_PAYMENT_METHOD,0.7638340679265763,3.0,887.7126770629085,884.7126770629085,1
FAIL_000373,PAY_002470,CUST_0145,SUB_0145,1162.18,2026-07-08,CARD_EXPIRED,PAYMENT_METHOD,833,21,6,27,0.7778,0.3,0.25,low_engagement,0.2222,0.7778,growth,1162.18,monthly,PAYMENT_LINK,0.28221837219952706,3.0,327.98854780284637,324.98854780284637,2
FAIL_000373,PAY_002470,CUST_0145,SUB_0145,1162.18,2026-07-08,CARD_EXPIRED,PAYMENT_METHOD,833,21,6,27,0.7778,0.3,0.25,low_engagement,0.2222,0.7778,growth,1162.18,monthly,SEND_REMINDER,0.11270911538993231,1.0,130.98827972387153,129.98827972387153,3
FAIL_000373,PAY_002470,CUST_0145,SUB_0145,1162.18,2026-07-08,CARD_EXPIRED,PAYMENT_METHOD,833,21,6,27,0.7778,0.3,0.25,low_engagement,0.2222,0.7778,growth,1162.18,monthly,RETRY_NOW,0.04338693154079305,2.0,50.423424098078875,48.423424098078875,4
FAIL_000373,PAY_002470,CUST_0145,SUB_0145,1162.18,2026-07-08,CARD_EXPIRED,PAYMENT_METHOD,833,21,6,27,0.7778,0.3,0.25,low_engagement,0.2222,0.7778,growth,1162.18,monthly,WAIT_AND_RETRY,0.032386861828205306,2.0,37.639363079503646,35.639363079503646,5
FAIL_000373,PAY_002470,CUST_0145,SUB_0145,1162.18,2026-07-08,CARD_EXPIRED,PAYMENT_METHOD,833,21,6,27,0.7778,0.3,0.25,low_engagement,0.2222,0.7778,growth,1162.18,monthly,STOP,0.0,0.0,0.0,0.0,6
FAIL_000379,PAY_002551,CUST_0151,SUB_0151,1459.65,2025-11-17,INSUFFICIENT_FUNDS,CUSTOMER_FINANCIAL,316,9,1,10,0.9,0.35,0.45,friction_prone,0.1,0.9,pro,1459.65,monthly,WAIT_AND_RETRY,0.6904656821115963,2.0,1007.8382328941916,1005.8382328941916,1
FAIL_000379,PAY_002551,CUST_0151,SUB_0151,1459.65,2025-11-17,INSUFFICIENT_FUNDS,CUSTOMER_FINANCIAL,316,9,1,10,0.9,0.35,0.45,friction_prone,0.1,0.9,pro,1459.65,monthly,SEND_REMINDER,0.4726882060659837,1.0,689.9593399842132,688.9593399842132,2
FAIL_000379,PAY_002551,CUST_0151,SUB_0151,1459.65,2025-11-17,INSUFFICIENT_FUNDS,CUSTOMER_FINANCIAL,316,9,1,10,0.9,0.35,0.45,friction_prone,0.1,0.9,pro,1459.65,monthly,PAYMENT_LINK,0.4551170632824019,3.0,664.311621420158,661.311621420158,3
FAIL_000379,PAY_002551,CUST_0151,SUB_0151,1459.65,2025-11-17,INSUFFICIENT_FUNDS,CUSTOMER_FINANCIAL,316,9,1,10,0.9,0.35,0.45,friction_prone,0.1,0.9,pro,1459.65,monthly,UPDATE_PAYMENT_METHOD,0.17846808651907312,3.0,260.5009424875651,257.5009424875651,4
FAIL_000379,PAY_002551,CUST_0151,SUB_0151,1459.65,2025-11-17,INSUFFICIENT_FUNDS,CUSTOMER_FINANCIAL,316,9,1,10,0.9,0.35,0.45,friction_prone,0.1,0.9,pro,1459.65,monthly,RETRY_NOW,0.1484954773202189,2.0,216.75142347045752,214.75142347045752,5
FAIL_000379,PAY_002551,CUST_0151,SUB_0151,1459.65,2025-11-17,INSUFFICIENT_FUNDS,CUSTOMER_FINANCIAL,316,9,1,10,0.9,0.35,0.45,friction_prone,0.1,0.9,pro,1459.65,monthly,STOP,0.0,0.0,0.0,0.0,6
FAIL_000380,PAY_002556,CUST_0151,SUB_0151,1459.65,2026-04-16,CARD_EXPIRED,PAYMENT_METHOD,316,9,1,10,0.9,0.35,0.45,friction_prone,0.1,0.9,pro,1459.65,monthly,UPDATE_PAYMENT_METHOD,0.88895669466278,3.0,1297.565639364527,1294.565639364527,1
FAIL_000380,PAY_002556,CUST_0151,SUB_0151,1459.65,2026-04-16,CARD_EXPIRED,PAYMENT_METHOD,316,9,1,10,0.9,0.35,0.45,friction_prone,0.1,0.9,pro,1459.65,monthly,PAYMENT_LINK,0.38160347789491544,3.0,557.0075165093134,554.0075165093134,2
FAIL_000380,PAY_002556,CUST_0151,SUB_0151,1459.65,2026-04-16,CARD_EXPIRED,PAYMENT_METHOD,316,9,1,10,0.9,0.35,0.45,friction_prone,0.1,0.9,pro,1459.65,monthly,SEND_REMINDER,0.21878019670080606,1.0,319.3425141143316,318.3425141143316,3
FAIL_000380,PAY_002556,CUST_0151,SUB_0151,1459.65,2026-04-16,CARD_EXPIRED,PAYMENT_METHOD,316,9,1,10,0.9,0.35,0.45,friction_prone,0.1,0.9,pro,1459.65,monthly,RETRY_NOW,0.09656870783051566,2.0,140.95651438481218,138.95651438481218,4
FAIL_000380,PAY_002556,CUST_0151,SUB_0151,1459.65,2026-04-16,CARD_EXPIRED,PAYMENT_METHOD,316,9,1,10,0.9,0.35,0.45,friction_prone,0.1,0.9,pro,1459.65,monthly,WAIT_AND_RETRY,0.051069803337720224,2.0,74.54403844190333,72.54403844190333,5
FAIL_000380,PAY_002556,CUST_0151,SUB_0151,1459.65,2026-04-16,CARD_EXPIRED,PAYMENT_METHOD,316,9,1,10,0.9,0.35,0.45,friction_prone,0.1,0.9,pro,1459.65,monthly,STOP,0.0,0.0,0.0,0.0,6
FAIL_000383,PAY_002580,CUST_0152,SUB_0152,979.43,2026-06-03,INSUFFICIENT_FUNDS,CUSTOMER_FINANCIAL,688,17,5,22,0.7727,0.6,0.6,normal,0.2273,0.7727,pro,979.43,monthly,WAIT_AND_RETRY,0.775318792334142,2.0,759.3704847758287,757.3704847758287,1
FAIL_000383,PAY_002580,CUST_0152,SUB_0152,979.43,2026-06-03,INSUFFICIENT_FUNDS,CUSTOMER_FINANCIAL,688,17,5,22,0.7727,0.6,0.6,normal,0.2273,0.7727,pro,979.43,monthly,PAYMENT_LINK,0.6193340199130759,3.0,606.594319123464,603.594319123464,2
FAIL_000383,PAY_002580,CUST_0152,SUB_0152,979.43,2026-06-03,INSUFFICIENT_FUNDS,CUSTOMER_FINANCIAL,688,17,5,22,0.7727,0.6,0.6,normal,0.2273,0.7727,pro,979.43,monthly,SEND_REMINDER,0.529526511670188,1.0,518.6341513251323,517.6341513251323,3
FAIL_000383,PAY_002580,CUST_0152,SUB_0152,979.43,2026-06-03,INSUFFICIENT_FUNDS,CUSTOMER_FINANCIAL,688,17,5,22,0.7727,0.6,0.6,normal,0.2273,0.7727,pro,979.43,monthly,RETRY_NOW,0.3872962191815832,2.0,379.329535953018,377.329535953018,4
FAIL_000383,PAY_002580,CUST_0152,SUB_0152,979.43,2026-06-03,INSUFFICIENT_FUNDS,CUSTOMER_FINANCIAL,688,17,5,22,0.7727,0.6,0.6,normal,0.2273,0.7727,pro,979.43,monthly,UPDATE_PAYMENT_METHOD,0.2879605458343238,3.0,282.0371974065117,279.0371974065117,5
FAIL_000383,PAY_002580,CUST_0152,SUB_0152,979.43,2026-06-03,INSUFFICIENT_FUNDS,CUSTOMER_FINANCIAL,688,17,5,22,0.7727,0.6,0.6,normal,0.2273,0.7727,pro,979.43,monthly,STOP,0.0,0.0,0.0,0.0,6
FAIL_000384,PAY_002602,CUST_0154,SUB_0154,413.01,2025-10-02,BANK_DECLINED,ISSUER_DECLINE,812,25,2,27,0.9259,0.8,0.85,reliable,0.0741,0.9259,starter,413.01,monthly,PAYMENT_LINK,0.7285041355240037,3.0,300.87949301276876,297.87949301276876,1
FAIL_000384,PAY_002602,CUST_0154,SUB_0154,413.01,2025-10-02,BANK_DECLINED,ISSUER_DECLINE,812,25,2,27,0.9259,0.8,0.85,reliable,0.0741,0.9259,starter,413.01,monthly,WAIT_AND_RETRY,0.7024458046357468,2.0,290.1171417726098,288.1171417726098,2
FAIL_000384,PAY_002602,CUST_0154,SUB_0154,413.01,2025-10-02,BANK_DECLINED,ISSUER_DECLINE,812,25,2,27,0.9259,0.8,0.85,reliable,0.0741,0.9259,starter,413.01,monthly,SEND_REMINDER,0.44485491979776004,1.0,183.72953042567286,182.72953042567286,3
FAIL_000384,PAY_002602,CUST_0154,SUB_0154,413.01,2025-10-02,BANK_DECLINED,ISSUER_DECLINE,812,25,2,27,0.9259,0.8,0.85,reliable,0.0741,0.9259,starter,413.01,monthly,RETRY_NOW,0.2837720269003886,2.0,117.20068483012949,115.20068483012949,4
FAIL_000384,PAY_002602,CUST_0154,SUB_0154,413.01,2025-10-02,BANK_DECLINED,ISSUER_DECLINE,812,25,2,27,0.9259,0.8,0.85,reliable,0.0741,0.9259,starter,413.01,monthly,UPDATE_PAYMENT_METHOD,0.19176034505320286,3.0,79.19894011042331,76.19894011042331,5
FAIL_000384,PAY_002602,CUST_0154,SUB_0154,413.01,2025-10-02,BANK_DECLINED,ISSUER_DECLINE,812,25,2,27,0.9259,0.8,0.85,reliable,0.0741,0.9259,starter,413.01,monthly,STOP,0.0,0.0,0.0,0.0,6
FAIL_000387,PAY_002621,CUST_0155,SUB_0155,663.98,2024-08-31,INSUFFICIENT_FUNDS,CUSTOMER_FINANCIAL,969,22,10,32,0.6875,0.35,0.45,friction_prone,0.3125,0.6875,starter,663.98,monthly,WAIT_AND_RETRY,0.6854560017425998,2.0,455.12907603705145,453.12907603705145,1
FAIL_000387,PAY_002621,CUST_0155,SUB_0155,663.98,2024-08-31,INSUFFICIENT_FUNDS,CUSTOMER_FINANCIAL,969,22,10,32,0.6875,0.35,0.45,friction_prone,0.3125,0.6875,starter,663.98,monthly,PAYMENT_LINK,0.6460835591040488,3.0,428.98656157390633,425.98656157390633,2
FAIL_000387,PAY_002621,CUST_0155,SUB_0155,663.98,2024-08-31,INSUFFICIENT_FUNDS,CUSTOMER_FINANCIAL,969,22,10,32,0.6875,0.35,0.45,friction_prone,0.3125,0.6875,starter,663.98,monthly,SEND_REMINDER,0.6104639078541872,1.0,405.33582553702325,404.33582553702325,3
FAIL_000387,PAY_002621,CUST_0155,SUB_0155,663.98,2024-08-31,INSUFFICIENT_FUNDS,CUSTOMER_FINANCIAL,969,22,10,32,0.6875,0.35,0.45,friction_prone,0.3125,0.6875,starter,663.98,monthly,RETRY_NOW,0.4253384253910866,2.0,282.4162076911737,280.4162076911737,4
FAIL_000387,PAY_002621,CUST_0155,SUB_0155,663.98,2024-08-31,INSUFFICIENT_FUNDS,CUSTOMER_FINANCIAL,969,22,10,32,0.6875,0.35,0.45,friction_prone,0.3125,0.6875,starter,663.98,monthly,UPDATE_PAYMENT_METHOD,0.3233557678601648,3.0,214.70176274379222,211.70176274379222,5
FAIL_000387,PAY_002621,CUST_0155,SUB_0155,663.98,2024-08-31,INSUFFICIENT_FUNDS,CUSTOMER_FINANCIAL,969,22,10,32,0.6875,0.35,0.45,friction_prone,0.3125,0.6875,starter,663.98,monthly,STOP,0.0,0.0,0.0,0.0,6
FAIL_000397,PAY_002646,CUST_0156,SUB_0156,985.5,2024-08-09,BANK_DECLINED,ISSUER_DECLINE,781,13,13,26,0.5,0.35,0.45,friction_prone,0.5,0.5,pro,985.5,monthly,WAIT_AND_RETRY,0.6443511745187043,2.0,635.008082488183,633.008082488183,1
FAIL_000397,PAY_002646,CUST_0156,SUB_0156,985.5,2024-08-09,BANK_DECLINED,ISSUER_DECLINE,781,13,13,26,0.5,0.35,0.45,friction_prone,0.5,0.5,pro,985.5,monthly,PAYMENT_LINK,0.5674331038043054,3.0,559.205323799143,556.205323799143,2
FAIL_000397,PAY_002646,CUST_0156,SUB_0156,985.5,2024-08-09,BANK_DECLINED,ISSUER_DECLINE,781,13,13,26,0.5,0.35,0.45,friction_prone,0.5,0.5,pro,985.5,monthly,RETRY_NOW,0.35660181864418283,2.0,351.4310922738422,349.4310922738422,3
FAIL_000397,PAY_002646,CUST_0156,SUB_0156,985.5,2024-08-09,BANK_DECLINED,ISSUER_DECLINE,781,13,13,26,0.5,0.35,0.45,friction_prone,0.5,0.5,pro,985.5,monthly,SEND_REMINDER,0.33410348391288075,1.0,329.258983396144,328.258983396144,4
FAIL_000397,PAY_002646,CUST_0156,SUB_0156,985.5,2024-08-09,BANK_DECLINED,ISSUER_DECLINE,781,13,13,26,0.5,0.35,0.45,friction_prone,0.5,0.5,pro,985.5,monthly,UPDATE_PAYMENT_METHOD,0.27513904609896617,3.0,271.1495299305312,268.1495299305312,5
FAIL_000397,PAY_002646,CUST_0156,SUB_0156,985.5,2024-08-09,BANK_DECLINED,ISSUER_DECLINE,781,13,13,26,0.5,0.35,0.45,friction_prone,0.5,0.5,pro,985.5,monthly,STOP,0.0,0.0,0.0,0.0,6
FAIL_000398,PAY_002648,CUST_0156,SUB_0156,985.5,2024-10-08,BANK_DECLINED,ISSUER_DECLINE,781,13,13,26,0.5,0.35,0.45,friction_prone,0.5,0.5,pro,985.5,monthly,WAIT_AND_RETRY,0.6443511745187043,2.0,635.008082488183,633.008082488183,1
FAIL_000398,PAY_002648,CUST_0156,SUB_0156,985.5,2024-10-08,BANK_DECLINED,ISSUER_DECLINE,781,13,13,26,0.5,0.35,0.45,friction_prone,0.5,0.5,pro,985.5,monthly,PAYMENT_LINK,0.5674331038043054,3.0,559.205323799143,556.205323799143,2
FAIL_000398,PAY_002648,CUST_0156,SUB_0156,985.5,2024-10-08,BANK_DECLINED,ISSUER_DECLINE,781,13,13,26,0.5,0.35,0.45,friction_prone,0.5,0.5,pro,985.5,monthly,RETRY_NOW,0.35660181864418283,2.0,351.4310922738422,349.4310922738422,3
FAIL_000398,PAY_002648,CUST_0156,SUB_0156,985.5,2024-10-08,BANK_DECLINED,ISSUER_DECLINE,781,13,13,26,0.5,0.35,0.45,friction_prone,0.5,0.5,pro,985.5,monthly,SEND_REMINDER,0.33410348391288075,1.0,329.258983396144,328.258983396144,4
FAIL_000398,PAY_002648,CUST_0156,SUB_0156,985.5,2024-10-08,BANK_DECLINED,ISSUER_DECLINE,781,13,13,26,0.5,0.35,0.45,friction_prone,0.5,0.5,pro,985.5,monthly,UPDATE_PAYMENT_METHOD,0.27513904609896617,3.0,271.1495299305312,268.1495299305312,5
FAIL_000398,PAY_002648,CUST_0156,SUB_0156,985.5,2024-10-08,BANK_DECLINED,ISSUER_DECLINE,781,13,13,26,0.5,0.35,0.45,friction_prone,0.5,0.5,pro,985.5,monthly,STOP,0.0,0.0,0.0,0.0,6
FAIL_000402,PAY_002656,CUST_0156,SUB_0156,985.5,2025-06-05,INSUFFICIENT_FUNDS,CUSTOMER_FINANCIAL,781,13,13,26,0.5,0.35,0.45,friction_prone,0.5,0.5,pro,985.5,monthly,WAIT_AND_RETRY,0.742077352232531,2.0,731.3172306251594,729.3172306251594,1
FAIL_000402,PAY_002656,CUST_0156,SUB_0156,985.5,2025-06-05,INSUFFICIENT_FUNDS,CUSTOMER_FINANCIAL,781,13,13,26,0.5,0.35,0.45,friction_prone,0.5,0.5,pro,985.5,monthly,PAYMENT_LINK,0.5554708883127425,3.0,547.4165604322077,544.4165604322077,2
FAIL_000402,PAY_002656,CUST_0156,SUB_0156,985.5,2025-06-05,INSUFFICIENT_FUNDS,CUSTOMER_FINANCIAL,781,13,13,26,0.5,0.35,0.45,friction_prone,0.5,0.5,pro,985.5,monthly,SEND_REMINDER,0.28910145460892195,1.0,284.90948351709255,283.90948351709255,3
FAIL_000402,PAY_002656,CUST_0156,SUB_0156,985.5,2025-06-05,INSUFFICIENT_FUNDS,CUSTOMER_FINANCIAL,781,13,13,26,0.5,0.35,0.45,friction_prone,0.5,0.5,pro,985.5,monthly,RETRY_NOW,0.22997970880735144,2.0,226.64500302964484,224.64500302964484,4
FAIL_000402,PAY_002656,CUST_0156,SUB_0156,985.5,2025-06-05,INSUFFICIENT_FUNDS,CUSTOMER_FINANCIAL,781,13,13,26,0.5,0.35,0.45,friction_prone,0.5,0.5,pro,985.5,monthly,UPDATE_PAYMENT_METHOD,0.10813519303843927,3.0,106.56723273938191,103.56723273938191,5
FAIL_000402,PAY_002656,CUST_0156,SUB_0156,985.5,2025-06-05,INSUFFICIENT_FUNDS,CUSTOMER_FINANCIAL,781,13,13,26,0.5,0.35,0.45,friction_prone,0.5,0.5,pro,985.5,monthly,STOP,0.0,0.0,0.0,0.0,6
FAIL_000404,PAY_002659,CUST_0156,SUB_0156,985.5,2025-09-03,AUTHENTICATION_FAILED,CUSTOMER_ACTION,781,13,13,26,0.5,0.35,0.45,friction_prone,0.5,0.5,pro,985.5,monthly,UPDATE_PAYMENT_METHOD,0.7622368581891815,3.0,751.1844237454384,748.1844237454384,1
FAIL_000404,PAY_002659,CUST_0156,SUB_0156,985.5,2025-09-03,AUTHENTICATION_FAILED,CUSTOMER_ACTION,781,13,13,26,0.5,0.35,0.45,friction_prone,0.5,0.5,pro,985.5,monthly,PAYMENT_LINK,0.6679907827662347,3.0,658.3049164161243,655.3049164161243,2
FAIL_000404,PAY_002659,CUST_0156,SUB_0156,985.5,2025-09-03,AUTHENTICATION_FAILED,CUSTOMER_ACTION,781,13,13,26,0.5,0.35,0.45,friction_prone,0.5,0.5,pro,985.5,monthly,SEND_REMINDER,0.3294204948864671,1.0,324.6438977106133,323.6438977106133,3
FAIL_000404,PAY_002659,CUST_0156,SUB_0156,985.5,2025-09-03,AUTHENTICATION_FAILED,CUSTOMER_ACTION,781,13,13,26,0.5,0.35,0.45,friction_prone,0.5,0.5,pro,985.5,monthly,WAIT_AND_RETRY,0.06612006361481733,2.0,65.16132269240248,63.16132269240248,4
FAIL_000404,PAY_002659,CUST_0156,SUB_0156,985.5,2025-09-03,AUTHENTICATION_FAILED,CUSTOMER_ACTION,781,13,13,26,0.5,0.35,0.45,friction_prone,0.5,0.5,pro,985.5,monthly,RETRY_NOW,0.03427784618294026,2.0,33.78081741328763,31.78081741328763,5
FAIL_000404,PAY_002659,CUST_0156,SUB_0156,985.5,2025-09-03,AUTHENTICATION_FAILED,CUSTOMER_ACTION,781,13,13,26,0.5,0.35,0.45,friction_prone,0.5,0.5,pro,985.5,monthly,STOP,0.0,0.0,0.0,0.0,6
FAIL_000410,PAY_002670,CUST_0156,SUB_0156,985.5,2026-07-30,INSUFFICIENT_FUNDS,CUSTOMER_FINANCIAL,781,13,13,26,0.5,0.35,0.45,friction_prone,0.5,0.5,pro,985.5,monthly,WAIT_AND_RETRY,0.742077352232531,2.0,731.3172306251594,729.3172306251594,1
FAIL_000410,PAY_002670,CUST_0156,SUB_0156,985.5,2026-07-30,INSUFFICIENT_FUNDS,CUSTOMER_FINANCIAL,781,13,13,26,0.5,0.35,0.45,friction_prone,0.5,0.5,pro,985.5,monthly,PAYMENT_LINK,0.5554708883127425,3.0,547.4165604322077,544.4165604322077,2
FAIL_000410,PAY_002670,CUST_0156,SUB_0156,985.5,2026-07-30,INSUFFICIENT_FUNDS,CUSTOMER_FINANCIAL,781,13,13,26,0.5,0.35,0.45,friction_prone,0.5,0.5,pro,985.5,monthly,SEND_REMINDER,0.28910145460892195,1.0,284.90948351709255,283.90948351709255,3
FAIL_000410,PAY_002670,CUST_0156,SUB_0156,985.5,2026-07-30,INSUFFICIENT_FUNDS,CUSTOMER_FINANCIAL,781,13,13,26,0.5,0.35,0.45,friction_prone,0.5,0.5,pro,985.5,monthly,RETRY_NOW,0.22997970880735144,2.0,226.64500302964484,224.64500302964484,4
FAIL_000410,PAY_002670,CUST_0156,SUB_0156,985.5,2026-07-30,INSUFFICIENT_FUNDS,CUSTOMER_FINANCIAL,781,13,13,26,0.5,0.35,0.45,friction_prone,0.5,0.5,pro,985.5,monthly,UPDATE_PAYMENT_METHOD,0.10813519303843927,3.0,106.56723273938191,103.56723273938191,5
FAIL_000410,PAY_002670,CUST_0156,SUB_0156,985.5,2026-07-30,INSUFFICIENT_FUNDS,CUSTOMER_FINANCIAL,781,13,13,26,0.5,0.35,0.45,friction_prone,0.5,0.5,pro,985.5,monthly,STOP,0.0,0.0,0.0,0.0,6
FAIL_000414,PAY_002686,CUST_0158,SUB_0158,2492.3,2025-07-17,INSUFFICIENT_FUNDS,CUSTOMER_FINANCIAL,589,12,7,19,0.6316,0.35,0.45,friction_prone,0.3684,0.6316,pro,2492.3,monthly,WAIT_AND_RETRY,0.7716332634123798,2.0,1923.1415824026744,1921.1415824026744,1
FAIL_000414,PAY_002686,CUST_0158,SUB_0158,2492.3,2025-07-17,INSUFFICIENT_FUNDS,CUSTOMER_FINANCIAL,589,12,7,19,0.6316,0.35,0.45,friction_prone,0.3684,0.6316,pro,2492.3,monthly,PAYMENT_LINK,0.5047420426242157,3.0,1257.968592832333,1254.968592832333,2
FAIL_000414,PAY_002686,CUST_0158,SUB_0158,2492.3,2025-07-17,INSUFFICIENT_FUNDS,CUSTOMER_FINANCIAL,589,12,7,19,0.6316,0.35,0.45,friction_prone,0.3684,0.6316,pro,2492.3,monthly,RETRY_NOW,0.4456572467586914,2.0,1110.7115560966865,1108.7115560966865,3
FAIL_000414,PAY_002686,CUST_0158,SUB_0158,2492.3,2025-07-17,INSUFFICIENT_FUNDS,CUSTOMER_FINANCIAL,589,12,7,19,0.6316,0.35,0.45,friction_prone,0.3684,0.6316,pro,2492.3,monthly,SEND_REMINDER,0.33131695772440173,1.0,825.7412537365265,824.7412537365265,4
FAIL_000414,PAY_002686,CUST_0158,SUB_0158,2492.3,2025-07-17,INSUFFICIENT_FUNDS,CUSTOMER_FINANCIAL,589,12,7,19,0.6316,0.35,0.45,friction_prone,0.3684,0.6316,pro,2492.3,monthly,UPDATE_PAYMENT_METHOD,0.18791666176750607,3.0,468.3446961231554,465.3446961231554,5
FAIL_000414,PAY_002686,CUST_0158,SUB_0158,2492.3,2025-07-17,INSUFFICIENT_FUNDS,CUSTOMER_FINANCIAL,589,12,7,19,0.6316,0.35,0.45,friction_prone,0.3684,0.6316,pro,2492.3,monthly,STOP,0.0,0.0,0.0,0.0,6
FAIL_000419,PAY_002728,CUST_0161,SUB_0161,9716.42,2024-02-26,LIMIT_EXCEEDED,PAYMENT_LIMIT,946,30,1,31,0.9677,0.82,0.9,high_value_loyal,0.0323,0.9677,pro,9716.42,monthly,PAYMENT_LINK,0.7622497895677913,3.0,7406.339100352279,7403.339100352279,1
FAIL_000419,PAY_002728,CUST_0161,SUB_0161,9716.42,2024-02-26,LIMIT_EXCEEDED,PAYMENT_LIMIT,946,30,1,31,0.9677,0.82,0.9,high_value_loyal,0.0323,0.9677,pro,9716.42,monthly,UPDATE_PAYMENT_METHOD,0.5365705995490886,3.0,5213.545304870755,5210.545304870755,2
FAIL_000419,PAY_002728,CUST_0161,SUB_0161,9716.42,2024-02-26,LIMIT_EXCEEDED,PAYMENT_LIMIT,946,30,1,31,0.9677,0.82,0.9,high_value_loyal,0.0323,0.9677,pro,9716.42,monthly,WAIT_AND_RETRY,0.4138689181374808,2.0,4021.324233569381,4019.324233569381,3
FAIL_000419,PAY_002728,CUST_0161,SUB_0161,9716.42,2024-02-26,LIMIT_EXCEEDED,PAYMENT_LIMIT,946,30,1,31,0.9677,0.82,0.9,high_value_loyal,0.0323,0.9677,pro,9716.42,monthly,SEND_REMINDER,0.19628706143291513,1.0,1907.2075294480053,1906.2075294480053,4
FAIL_000419,PAY_002728,CUST_0161,SUB_0161,9716.42,2024-02-26,LIMIT_EXCEEDED,PAYMENT_LIMIT,946,30,1,31,0.9677,0.82,0.9,high_value_loyal,0.0323,0.9677,pro,9716.42,monthly,RETRY_NOW,0.18271278530276094,2.0,1775.3141613714524,1773.3141613714524,5
FAIL_000419,PAY_002728,CUST_0161,SUB_0161,9716.42,2024-02-26,LIMIT_EXCEEDED,PAYMENT_LIMIT,946,30,1,31,0.9677,0.82,0.9,high_value_loyal,0.0323,0.9677,pro,9716.42,monthly,STOP,0.0,0.0,0.0,0.0,6
FAIL_000420,PAY_002758,CUST_0162,SUB_0162,293.46,2024-01-21,INSUFFICIENT_FUNDS,CUSTOMER_FINANCIAL,952,23,8,31,0.7419,0.3,0.25,low_engagement,0.2581,0.7419,starter,293.46,monthly,WAIT_AND_RETRY,0.7599863296170062,2.0,223.0255882894066,221.0255882894066,1
FAIL_000420,PAY_002758,CUST_0162,SUB_0162,293.46,2024-01-21,INSUFFICIENT_FUNDS,CUSTOMER_FINANCIAL,952,23,8,31,0.7419,0.3,0.25,low_engagement,0.2581,0.7419,starter,293.46,monthly,PAYMENT_LINK,0.5261642213983587,3.0,154.40815241156233,151.40815241156233,2
FAIL_000420,PAY_002758,CUST_0162,SUB_0162,293.46,2024-01-21,INSUFFICIENT_FUNDS,CUSTOMER_FINANCIAL,952,23,8,31,0.7419,0.3,0.25,low_engagement,0.2581,0.7419,starter,293.46,monthly,SEND_REMINDER,0.41905148426231814,1.0,122.97484857161987,121.97484857161987,3
FAIL_000420,PAY_002758,CUST_0162,SUB_0162,293.46,2024-01-21,INSUFFICIENT_FUNDS,CUSTOMER_FINANCIAL,952,23,8,31,0.7419,0.3,0.25,low_engagement,0.2581,0.7419,starter,293.46,monthly,RETRY_NOW,0.32357143105659797,2.0,94.95527215786923,92.95527215786923,4
FAIL_000420,PAY_002758,CUST_0162,SUB_0162,293.46,2024-01-21,INSUFFICIENT_FUNDS,CUSTOMER_FINANCIAL,952,23,8,31,0.7419,0.3,0.25,low_engagement,0.2581,0.7419,starter,293.46,monthly,UPDATE_PAYMENT_METHOD,0.07495433908873152,3.0,21.996100348979148,18.996100348979148,5
FAIL_000420,PAY_002758,CUST_0162,SUB_0162,293.46,2024-01-21,INSUFFICIENT_FUNDS,CUSTOMER_FINANCIAL,952,23,8,31,0.7419,0.3,0.25,low_engagement,0.2581,0.7419,starter,293.46,monthly,STOP,0.0,0.0,0.0,0.0,6
FAIL_000422,PAY_002768,CUST_0162,SUB_0162,293.46,2024-11-16,CARD_EXPIRED,PAYMENT_METHOD,952,23,8,31,0.7419,0.3,0.25,low_engagement,0.2581,0.7419,starter,293.46,monthly,UPDATE_PAYMENT_METHOD,0.8609921185157475,3.0,252.66674709963127,249.66674709963127,1
FAIL_000422,PAY_002768,CUST_0162,SUB_0162,293.46,2024-11-16,CARD_EXPIRED,PAYMENT_METHOD,952,23,8,31,0.7419,0.3,0.25,low_engagement,0.2581,0.7419,starter,293.46,monthly,PAYMENT_LINK,0.5072867938894077,3.0,148.86838253478555,145.86838253478555,2
FAIL_000422,PAY_002768,CUST_0162,SUB_0162,293.46,2024-11-16,CARD_EXPIRED,PAYMENT_METHOD,952,23,8,31,0.7419,0.3,0.25,low_engagement,0.2581,0.7419,starter,293.46,monthly,SEND_REMINDER,0.13323790457193674,1.0,39.09999547568055,38.09999547568055,3
FAIL_000422,PAY_002768,CUST_0162,SUB_0162,293.46,2024-11-16,CARD_EXPIRED,PAYMENT_METHOD,952,23,8,31,0.7419,0.3,0.25,low_engagement,0.2581,0.7419,starter,293.46,monthly,WAIT_AND_RETRY,0.12051562640555093,2.0,35.36651572497297,33.36651572497297,4
FAIL_000422,PAY_002768,CUST_0162,SUB_0162,293.46,2024-11-16,CARD_EXPIRED,PAYMENT_METHOD,952,23,8,31,0.7419,0.3,0.25,low_engagement,0.2581,0.7419,starter,293.46,monthly,RETRY_NOW,0.06382139829115138,2.0,18.729027542521283,16.729027542521283,5
FAIL_000422,PAY_002768,CUST_0162,SUB_0162,293.46,2024-11-16,CARD_EXPIRED,PAYMENT_METHOD,952,23,8,31,0.7419,0.3,0.25,low_engagement,0.2581,0.7419,starter,293.46,monthly,STOP,0.0,0.0,0.0,0.0,6
FAIL_000425,PAY_002777,CUST_0162,SUB_0162,293.46,2025-08-13,BANK_DECLINED,ISSUER_DECLINE,952,23,8,31,0.7419,0.3,0.25,low_engagement,0.2581,0.7419,starter,293.46,monthly,WAIT_AND_RETRY,0.5823169920264291,2.0,170.88674448007586,168.88674448007586,1
FAIL_000425,PAY_002777,CUST_0162,SUB_0162,293.46,2025-08-13,BANK_DECLINED,ISSUER_DECLINE,952,23,8,31,0.7419,0.3,0.25,low_engagement,0.2581,0.7419,starter,293.46,monthly,PAYMENT_LINK,0.5784756822692476,3.0,169.7594737187334,166.7594737187334,2
FAIL_000425,PAY_002777,CUST_0162,SUB_0162,293.46,2025-08-13,BANK_DECLINED,ISSUER_DECLINE,952,23,8,31,0.7419,0.3,0.25,low_engagement,0.2581,0.7419,starter,293.46,monthly,RETRY_NOW,0.3705018364068298,2.0,108.72746891194828,106.72746891194828,3
FAIL_000425,PAY_002777,CUST_0162,SUB_0162,293.46,2025-08-13,BANK_DECLINED,ISSUER_DECLINE,952,23,8,31,0.7419,0.3,0.25,low_engagement,0.2581,0.7419,starter,293.46,monthly,SEND_REMINDER,0.3219811427379334,1.0,94.48858614787392,93.48858614787392,4
FAIL_000425,PAY_002777,CUST_0162,SUB_0162,293.46,2025-08-13,BANK_DECLINED,ISSUER_DECLINE,952,23,8,31,0.7419,0.3,0.25,low_engagement,0.2581,0.7419,starter,293.46,monthly,UPDATE_PAYMENT_METHOD,0.1323190407932244,3.0,38.83034571117963,35.83034571117963,5
FAIL_000425,PAY_002777,CUST_0162,SUB_0162,293.46,2025-08-13,BANK_DECLINED,ISSUER_DECLINE,952,23,8,31,0.7419,0.3,0.25,low_engagement,0.2581,0.7419,starter,293.46,monthly,STOP,0.0,0.0,0.0,0.0,6
FAIL_000436,PAY_002868,CUST_0168,SUB_0168,1204.32,2025-02-04,INSUFFICIENT_FUNDS,CUSTOMER_FINANCIAL,692,18,5,23,0.7826,0.6,0.6,normal,0.2174,0.7826,starter,1204.32,monthly,WAIT_AND_RETRY,0.7485906380057092,2.0,901.5426771630357,899.5426771630357,1
FAIL_000436,PAY_002868,CUST_0168,SUB_0168,1204.32,2025-02-04,INSUFFICIENT_FUNDS,CUSTOMER_FINANCIAL,692,18,5,23,0.7826,0.6,0.6,normal,0.2174,0.7826,starter,1204.32,monthly,PAYMENT_LINK,0.6193072691448821,3.0,745.8441303765644,742.8441303765644,2
FAIL_000436,PAY_002868,CUST_0168,SUB_0168,1204.32,2025-02-04,INSUFFICIENT_FUNDS,CUSTOMER_FINANCIAL,692,18,5,23,0.7826,0.6,0.6,normal,0.2174,0.7826,starter,1204.32,monthly,SEND_REMINDER,0.5373138642989594,1.0,647.0978330525228,646.0978330525228,3
FAIL_000436,PAY_002868,CUST_0168,SUB_0168,1204.32,2025-02-04,INSUFFICIENT_FUNDS,CUSTOMER_FINANCIAL,692,18,5,23,0.7826,0.6,0.6,normal,0.2174,0.7826,starter,1204.32,monthly,RETRY_NOW,0.3522500630708682,2.0,424.221795957508,422.221795957508,4
FAIL_000436,PAY_002868,CUST_0168,SUB_0168,1204.32,2025-02-04,INSUFFICIENT_FUNDS,CUSTOMER_FINANCIAL,692,18,5,23,0.7826,0.6,0.6,normal,0.2174,0.7826,starter,1204.32,monthly,UPDATE_PAYMENT_METHOD,0.3190313530462277,3.0,384.21583910063293,381.21583910063293,5
FAIL_000436,PAY_002868,CUST_0168,SUB_0168,1204.32,2025-02-04,INSUFFICIENT_FUNDS,CUSTOMER_FINANCIAL,692,18,5,23,0.7826,0.6,0.6,normal,0.2174,0.7826,starter,1204.32,monthly,STOP,0.0,0.0,0.0,0.0,6
FAIL_000437,PAY_002871,CUST_0168,SUB_0168,1204.32,2025-05-05,INSUFFICIENT_FUNDS,CUSTOMER_FINANCIAL,692,18,5,23,0.7826,0.6,0.6,normal,0.2174,0.7826,starter,1204.32,monthly,WAIT_AND_RETRY,0.7485906380057092,2.0,901.5426771630357,899.5426771630357,1
FAIL_000437,PAY_002871,CUST_0168,SUB_0168,1204.32,2025-05-05,INSUFFICIENT_FUNDS,CUSTOMER_FINANCIAL,692,18,5,23,0.7826,0.6,0.6,normal,0.2174,0.7826,starter,1204.32,monthly,PAYMENT_LINK,0.6193072691448821,3.0,745.8441303765644,742.8441303765644,2
FAIL_000437,PAY_002871,CUST_0168,SUB_0168,1204.32,2025-05-05,INSUFFICIENT_FUNDS,CUSTOMER_FINANCIAL,692,18,5,23,0.7826,0.6,0.6,normal,0.2174,0.7826,starter,1204.32,monthly,SEND_REMINDER,0.5373138642989594,1.0,647.0978330525228,646.0978330525228,3
FAIL_000437,PAY_002871,CUST_0168,SUB_0168,1204.32,2025-05-05,INSUFFICIENT_FUNDS,CUSTOMER_FINANCIAL,692,18,5,23,0.7826,0.6,0.6,normal,0.2174,0.7826,starter,1204.32,monthly,RETRY_NOW,0.3522500630708682,2.0,424.221795957508,422.221795957508,4
FAIL_000437,PAY_002871,CUST_0168,SUB_0168,1204.32,2025-05-05,INSUFFICIENT_FUNDS,CUSTOMER_FINANCIAL,692,18,5,23,0.7826,0.6,0.6,normal,0.2174,0.7826,starter,1204.32,monthly,UPDATE_PAYMENT_METHOD,0.3190313530462277,3.0,384.21583910063293,381.21583910063293,5
FAIL_000437,PAY_002871,CUST_0168,SUB_0168,1204.32,2025-05-05,INSUFFICIENT_FUNDS,CUSTOMER_FINANCIAL,692,18,5,23,0.7826,0.6,0.6,normal,0.2174,0.7826,starter,1204.32,monthly,STOP,0.0,0.0,0.0,0.0,6
FAIL_000439,PAY_002873,CUST_0168,SUB_0168,1204.32,2025-07-04,BANK_DECLINED,ISSUER_DECLINE,692,18,5,23,0.7826,0.6,0.6,normal,0.2174,0.7826,starter,1204.32,monthly,PAYMENT_LINK,0.5986973801248282,3.0,721.023228831933,718.023228831933,1
FAIL_000439,PAY_002873,CUST_0168,SUB_0168,1204.32,2025-07-04,BANK_DECLINED,ISSUER_DECLINE,692,18,5,23,0.7826,0.6,0.6,normal,0.2174,0.7826,starter,1204.32,monthly,WAIT_AND_RETRY,0.5291695492408977,2.0,637.2894715417979,635.2894715417979,2
FAIL_000439,PAY_002873,CUST_0168,SUB_0168,1204.32,2025-07-04,BANK_DECLINED,ISSUER_DECLINE,692,18,5,23,0.7826,0.6,0.6,normal,0.2174,0.7826,starter,1204.32,monthly,UPDATE_PAYMENT_METHOD,0.42858189357691334,3.0,516.1497460725483,513.1497460725483,3
FAIL_000439,PAY_002873,CUST_0168,SUB_0168,1204.32,2025-07-04,BANK_DECLINED,ISSUER_DECLINE,692,18,5,23,0.7826,0.6,0.6,normal,0.2174,0.7826,starter,1204.32,monthly,RETRY_NOW,0.3403193205883957,2.0,409.85336417101666,407.85336417101666,4
FAIL_000439,PAY_002873,CUST_0168,SUB_0168,1204.32,2025-07-04,BANK_DECLINED,ISSUER_DECLINE,692,18,5,23,0.7826,0.6,0.6,normal,0.2174,0.7826,starter,1204.32,monthly,SEND_REMINDER,0.3026413142805105,1.0,364.4769876143044,363.4769876143044,5
FAIL_000439,PAY_002873,CUST_0168,SUB_0168,1204.32,2025-07-04,BANK_DECLINED,ISSUER_DECLINE,692,18,5,23,0.7826,0.6,0.6,normal,0.2174,0.7826,starter,1204.32,monthly,STOP,0.0,0.0,0.0,0.0,6
FAIL_000443,PAY_002890,CUST_0169,SUB_0169,14872.16,2025-03-10,NETWORK_ERROR,TECHNICAL,628,19,1,20,0.95,0.82,0.9,high_value_loyal,0.05,0.95,pro,14872.16,monthly,RETRY_NOW,0.9042269937480303,2.0,13447.808527339706,13445.808527339706,1
FAIL_000443,PAY_002890,CUST_0169,SUB_0169,14872.16,2025-03-10,NETWORK_ERROR,TECHNICAL,628,19,1,20,0.95,0.82,0.9,high_value_loyal,0.05,0.95,pro,14872.16,monthly,WAIT_AND_RETRY,0.8275259885967473,2.0,12307.098906569001,12305.098906569001,2
FAIL_000443,PAY_002890,CUST_0169,SUB_0169,14872.16,2025-03-10,NETWORK_ERROR,TECHNICAL,628,19,1,20,0.95,0.82,0.9,high_value_loyal,0.05,0.95,pro,14872.16,monthly,PAYMENT_LINK,0.6035161694745128,3.0,8975.58903501207,8972.58903501207,3
FAIL_000443,PAY_002890,CUST_0169,SUB_0169,14872.16,2025-03-10,NETWORK_ERROR,TECHNICAL,628,19,1,20,0.95,0.82,0.9,high_value_loyal,0.05,0.95,pro,14872.16,monthly,UPDATE_PAYMENT_METHOD,0.37002615175772813,3.0,5503.088133125214,5500.088133125214,4
FAIL_000443,PAY_002890,CUST_0169,SUB_0169,14872.16,2025-03-10,NETWORK_ERROR,TECHNICAL,628,19,1,20,0.95,0.82,0.9,high_value_loyal,0.05,0.95,pro,14872.16,monthly,SEND_REMINDER,0.36325382151788027,1.0,5402.368954225358,5401.368954225358,5
FAIL_000443,PAY_002890,CUST_0169,SUB_0169,14872.16,2025-03-10,NETWORK_ERROR,TECHNICAL,628,19,1,20,0.95,0.82,0.9,high_value_loyal,0.05,0.95,pro,14872.16,monthly,STOP,0.0,0.0,0.0,0.0,6
FAIL_000445,PAY_002898,CUST_0169,SUB_0169,14872.16,2025-11-05,LIMIT_EXCEEDED,PAYMENT_LIMIT,628,19,1,20,0.95,0.82,0.9,high_value_loyal,0.05,0.95,pro,14872.16,monthly,PAYMENT_LINK,0.7911660629728501,3.0,11766.348275102302,11763.348275102302,1
FAIL_000445,PAY_002898,CUST_0169,SUB_0169,14872.16,2025-11-05,LIMIT_EXCEEDED,PAYMENT_LIMIT,628,19,1,20,0.95,0.82,0.9,high_value_loyal,0.05,0.95,pro,14872.16,monthly,WAIT_AND_RETRY,0.6340022702591733,2.0,9428.983203657666,9426.983203657666,2
FAIL_000445,PAY_002898,CUST_0169,SUB_0169,14872.16,2025-11-05,LIMIT_EXCEEDED,PAYMENT_LIMIT,628,19,1,20,0.95,0.82,0.9,high_value_loyal,0.05,0.95,pro,14872.16,monthly,UPDATE_PAYMENT_METHOD,0.4970463772066461,3.0,7392.153249237594,7389.153249237594,3
FAIL_000445,PAY_002898,CUST_0169,SUB_0169,14872.16,2025-11-05,LIMIT_EXCEEDED,PAYMENT_LIMIT,628,19,1,20,0.95,0.82,0.9,high_value_loyal,0.05,0.95,pro,14872.16,monthly,SEND_REMINDER,0.41304158367857496,1.0,6142.8205191211555,6141.8205191211555,4
FAIL_000445,PAY_002898,CUST_0169,SUB_0169,14872.16,2025-11-05,LIMIT_EXCEEDED,PAYMENT_LIMIT,628,19,1,20,0.95,0.82,0.9,high_value_loyal,0.05,0.95,pro,14872.16,monthly,RETRY_NOW,0.3470514783637486,2.0,5161.405114462207,5159.405114462207,5
FAIL_000445,PAY_002898,CUST_0169,SUB_0169,14872.16,2025-11-05,LIMIT_EXCEEDED,PAYMENT_LIMIT,628,19,1,20,0.95,0.82,0.9,high_value_loyal,0.05,0.95,pro,14872.16,monthly,STOP,0.0,0.0,0.0,0.0,6
FAIL_000448,PAY_002939,CUST_0171,SUB_0171,14917.0,2025-07-08,BANK_DECLINED,ISSUER_DECLINE,958,29,2,31,0.9355,0.82,0.9,high_value_loyal,0.0645,0.9355,pro,14917.0,monthly,PAYMENT_LINK,0.7779407093694058,3.0,11604.541561663427,11601.541561663427,1
FAIL_000448,PAY_002939,CUST_0171,SUB_0171,14917.0,2025-07-08,BANK_DECLINED,ISSUER_DECLINE,958,29,2,31,0.9355,0.82,0.9,high_value_loyal,0.0645,0.9355,pro,14917.0,monthly,WAIT_AND_RETRY,0.6942555538548973,2.0,10356.210096853503,10354.210096853503,2
FAIL_000448,PAY_002939,CUST_0171,SUB_0171,14917.0,2025-07-08,BANK_DECLINED,ISSUER_DECLINE,958,29,2,31,0.9355,0.82,0.9,high_value_loyal,0.0645,0.9355,pro,14917.0,monthly,SEND_REMINDER,0.4342983283774469,1.0,6478.428164406376,6477.428164406376,3
FAIL_000448,PAY_002939,CUST_0171,SUB_0171,14917.0,2025-07-08,BANK_DECLINED,ISSUER_DECLINE,958,29,2,31,0.9355,0.82,0.9,high_value_loyal,0.0645,0.9355,pro,14917.0,monthly,UPDATE_PAYMENT_METHOD,0.39927092015644716,3.0,5955.9243159737225,5952.9243159737225,4
FAIL_000448,PAY_002939,CUST_0171,SUB_0171,14917.0,2025-07-08,BANK_DECLINED,ISSUER_DECLINE,958,29,2,31,0.9355,0.82,0.9,high_value_loyal,0.0645,0.9355,pro,14917.0,monthly,RETRY_NOW,0.382281703972572,2.0,5702.496178158856,5700.496178158856,5
FAIL_000448,PAY_002939,CUST_0171,SUB_0171,14917.0,2025-07-08,BANK_DECLINED,ISSUER_DECLINE,958,29,2,31,0.9355,0.82,0.9,high_value_loyal,0.0645,0.9355,pro,14917.0,monthly,STOP,0.0,0.0,0.0,0.0,6
FAIL_000450,PAY_002947,CUST_0171,SUB_0171,14917.0,2026-03-05,NETWORK_ERROR,TECHNICAL,958,29,2,31,0.9355,0.82,0.9,high_value_loyal,0.0645,0.9355,pro,14917.0,monthly,RETRY_NOW,0.9224601742413323,2.0,13760.338419157953,13758.338419157953,1
FAIL_000450,PAY_002947,CUST_0171,SUB_0171,14917.0,2026-03-05,NETWORK_ERROR,TECHNICAL,958,29,2,31,0.9355,0.82,0.9,high_value_loyal,0.0645,0.9355,pro,14917.0,monthly,PAYMENT_LINK,0.8218868599713057,3.0,12260.086290191968,12257.086290191968,2
FAIL_000450,PAY_002947,CUST_0171,SUB_0171,14917.0,2026-03-05,NETWORK_ERROR,TECHNICAL,958,29,2,31,0.9355,0.82,0.9,high_value_loyal,0.0645,0.9355,pro,14917.0,monthly,WAIT_AND_RETRY,0.6164707223735891,2.0,9195.89376564683,9193.89376564683,3
FAIL_000450,PAY_002947,CUST_0171,SUB_0171,14917.0,2026-03-05,NETWORK_ERROR,TECHNICAL,958,29,2,31,0.9355,0.82,0.9,high_value_loyal,0.0645,0.9355,pro,14917.0,monthly,SEND_REMINDER,0.5501003520379226,1.0,8205.846951349691,8204.846951349691,4
FAIL_000450,PAY_002947,CUST_0171,SUB_0171,14917.0,2026-03-05,NETWORK_ERROR,TECHNICAL,958,29,2,31,0.9355,0.82,0.9,high_value_loyal,0.0645,0.9355,pro,14917.0,monthly,UPDATE_PAYMENT_METHOD,0.16892190357308703,3.0,2519.8080355997395,2516.8080355997395,5
FAIL_000450,PAY_002947,CUST_0171,SUB_0171,14917.0,2026-03-05,NETWORK_ERROR,TECHNICAL,958,29,2,31,0.9355,0.82,0.9,high_value_loyal,0.0645,0.9355,pro,14917.0,monthly,STOP,0.0,0.0,0.0,0.0,6
FAIL_000457,PAY_002994,CUST_0173,SUB_0173,655.36,2026-04-30,CARD_EXPIRED,PAYMENT_METHOD,812,22,5,27,0.8148,0.3,0.25,low_engagement,0.1852,0.8148,growth,655.36,monthly,UPDATE_PAYMENT_METHOD,0.7895956187736616,3.0,517.4693847195068,514.4693847195068,1
FAIL_000457,PAY_002994,CUST_0173,SUB_0173,655.36,2026-04-30,CARD_EXPIRED,PAYMENT_METHOD,812,22,5,27,0.8148,0.3,0.25,low_engagement,0.1852,0.8148,growth,655.36,monthly,PAYMENT_LINK,0.618842994196686,3.0,405.56494467674014,402.56494467674014,2
FAIL_000457,PAY_002994,CUST_0173,SUB_0173,655.36,2026-04-30,CARD_EXPIRED,PAYMENT_METHOD,812,22,5,27,0.8148,0.3,0.25,low_engagement,0.1852,0.8148,growth,655.36,monthly,SEND_REMINDER,0.14536273614834572,1.0,95.26492276217985,94.26492276217985,3
FAIL_000457,PAY_002994,CUST_0173,SUB_0173,655.36,2026-04-30,CARD_EXPIRED,PAYMENT_METHOD,812,22,5,27,0.8148,0.3,0.25,low_engagement,0.1852,0.8148,growth,655.36,monthly,RETRY_NOW,0.06477723532890126,2.0,42.452408945148726,40.452408945148726,4
FAIL_000457,PAY_002994,CUST_0173,SUB_0173,655.36,2026-04-30,CARD_EXPIRED,PAYMENT_METHOD,812,22,5,27,0.8148,0.3,0.25,low_engagement,0.1852,0.8148,growth,655.36,monthly,WAIT_AND_RETRY,0.036603256425945245,2.0,23.988310131307475,21.988310131307475,5
FAIL_000457,PAY_002994,CUST_0173,SUB_0173,655.36,2026-04-30,CARD_EXPIRED,PAYMENT_METHOD,812,22,5,27,0.8148,0.3,0.25,low_engagement,0.1852,0.8148,growth,655.36,monthly,STOP,0.0,0.0,0.0,0.0,6
FAIL_000459,PAY_003001,CUST_0174,SUB_0174,623.9,2025-02-26,CARD_EXPIRED,PAYMENT_METHOD,640,16,5,21,0.7619,0.3,0.25,low_engagement,0.2381,0.7619,starter,623.9,monthly,UPDATE_PAYMENT_METHOD,0.7187636924402143,3.0,448.4366677134497,445.4366677134497,1
FAIL_000459,PAY_003001,CUST_0174,SUB_0174,623.9,2025-02-26,CARD_EXPIRED,PAYMENT_METHOD,640,16,5,21,0.7619,0.3,0.25,low_engagement,0.2381,0.7619,starter,623.9,monthly,PAYMENT_LINK,0.3909746238315378,3.0,243.92906780849643,240.92906780849643,2
FAIL_000459,PAY_003001,CUST_0174,SUB_0174,623.9,2025-02-26,CARD_EXPIRED,PAYMENT_METHOD,640,16,5,21,0.7619,0.3,0.25,low_engagement,0.2381,0.7619,starter,623.9,monthly,SEND_REMINDER,0.2565218306500091,1.0,160.04397014254067,159.04397014254067,3
FAIL_000459,PAY_003001,CUST_0174,SUB_0174,623.9,2025-02-26,CARD_EXPIRED,PAYMENT_METHOD,640,16,5,21,0.7619,0.3,0.25,low_engagement,0.2381,0.7619,starter,623.9,monthly,RETRY_NOW,0.04871644843497068,2.0,30.394192178578205,28.394192178578205,4
FAIL_000459,PAY_003001,CUST_0174,SUB_0174,623.9,2025-02-26,CARD_EXPIRED,PAYMENT_METHOD,640,16,5,21,0.7619,0.3,0.25,low_engagement,0.2381,0.7619,starter,623.9,monthly,WAIT_AND_RETRY,0.028274861164024417,2.0,17.640685880234834,15.640685880234834,5
FAIL_000459,PAY_003001,CUST_0174,SUB_0174,623.9,2025-02-26,CARD_EXPIRED,PAYMENT_METHOD,640,16,5,21,0.7619,0.3,0.25,low_engagement,0.2381,0.7619,starter,623.9,monthly,STOP,0.0,0.0,0.0,0.0,6
FAIL_000470,PAY_003078,CUST_0180,SUB_0180,1171.97,2025-03-19,INSUFFICIENT_FUNDS,CUSTOMER_FINANCIAL,709,18,5,23,0.7826,0.6,0.6,normal,0.2174,0.7826,growth,1171.97,monthly,WAIT_AND_RETRY,0.7446514398295051,2.0,872.7091479369851,870.7091479369851,1
FAIL_000470,PAY_003078,CUST_0180,SUB_0180,1171.97,2025-03-19,INSUFFICIENT_FUNDS,CUSTOMER_FINANCIAL,709,18,5,23,0.7826,0.6,0.6,normal,0.2174,0.7826,growth,1171.97,monthly,PAYMENT_LINK,0.622494952187124,3.0,729.5454091147437,726.5454091147437,2
FAIL_000470,PAY_003078,CUST_0180,SUB_0180,1171.97,2025-03-19,INSUFFICIENT_FUNDS,CUSTOMER_FINANCIAL,709,18,5,23,0.7826,0.6,0.6,normal,0.2174,0.7826,growth,1171.97,monthly,SEND_REMINDER,0.5526454105626085,1.0,647.6838418170603,646.6838418170603,3
FAIL_000470,PAY_003078,CUST_0180,SUB_0180,1171.97,2025-03-19,INSUFFICIENT_FUNDS,CUSTOMER_FINANCIAL,709,18,5,23,0.7826,0.6,0.6,normal,0.2174,0.7826,growth,1171.97,monthly,RETRY_NOW,0.34099177559574906,2.0,399.63213124495,397.63213124495,4
FAIL_000470,PAY_003078,CUST_0180,SUB_0180,1171.97,2025-03-19,INSUFFICIENT_FUNDS,CUSTOMER_FINANCIAL,709,18,5,23,0.7826,0.6,0.6,normal,0.2174,0.7826,growth,1171.97,monthly,UPDATE_PAYMENT_METHOD,0.32380979647423447,3.0,379.49536717390856,376.49536717390856,5
FAIL_000470,PAY_003078,CUST_0180,SUB_0180,1171.97,2025-03-19,INSUFFICIENT_FUNDS,CUSTOMER_FINANCIAL,709,18,5,23,0.7826,0.6,0.6,normal,0.2174,0.7826,growth,1171.97,monthly,STOP,0.0,0.0,0.0,0.0,6
FAIL_000473,PAY_003085,CUST_0180,SUB_0180,1171.97,2025-10-15,BANK_DECLINED,ISSUER_DECLINE,709,18,5,23,0.7826,0.6,0.6,normal,0.2174,0.7826,growth,1171.97,monthly,PAYMENT_LINK,0.6053264796916681,3.0,709.4244744042443,706.4244744042443,1
FAIL_000473,PAY_003085,CUST_0180,SUB_0180,1171.97,2025-10-15,BANK_DECLINED,ISSUER_DECLINE,709,18,5,23,0.7826,0.6,0.6,normal,0.2174,0.7826,growth,1171.97,monthly,WAIT_AND_RETRY,0.5413976609858906,2.0,634.5018167456342,632.5018167456342,2
FAIL_000473,PAY_003085,CUST_0180,SUB_0180,1171.97,2025-10-15,BANK_DECLINED,ISSUER_DECLINE,709,18,5,23,0.7826,0.6,0.6,normal,0.2174,0.7826,growth,1171.97,monthly,UPDATE_PAYMENT_METHOD,0.45169817922212824,3.0,529.3767151029576,526.3767151029576,3
FAIL_000473,PAY_003085,CUST_0180,SUB_0180,1171.97,2025-10-15,BANK_DECLINED,ISSUER_DECLINE,709,18,5,23,0.7826,0.6,0.6,normal,0.2174,0.7826,growth,1171.97,monthly,RETRY_NOW,0.33542169270090466,2.0,393.10416119467925,391.10416119467925,4
FAIL_000473,PAY_003085,CUST_0180,SUB_0180,1171.97,2025-10-15,BANK_DECLINED,ISSUER_DECLINE,709,18,5,23,0.7826,0.6,0.6,normal,0.2174,0.7826,growth,1171.97,monthly,SEND_REMINDER,0.32108108365196353,1.0,376.2973976075917,375.2973976075917,5
FAIL_000473,PAY_003085,CUST_0180,SUB_0180,1171.97,2025-10-15,BANK_DECLINED,ISSUER_DECLINE,709,18,5,23,0.7826,0.6,0.6,normal,0.2174,0.7826,growth,1171.97,monthly,STOP,0.0,0.0,0.0,0.0,6
FAIL_000474,PAY_003091,CUST_0180,SUB_0180,1171.97,2026-04-13,INSUFFICIENT_FUNDS,CUSTOMER_FINANCIAL,709,18,5,23,0.7826,0.6,0.6,normal,0.2174,0.7826,growth,1171.97,monthly,WAIT_AND_RETRY,0.7446514398295051,2.0,872.7091479369851,870.7091479369851,1
FAIL_000474,PAY_003091,CUST_0180,SUB_0180,1171.97,2026-04-13,INSUFFICIENT_FUNDS,CUSTOMER_FINANCIAL,709,18,5,23,0.7826,0.6,0.6,normal,0.2174,0.7826,growth,1171.97,monthly,PAYMENT_LINK,0.622494952187124,3.0,729.5454091147437,726.5454091147437,2
FAIL_000474,PAY_003091,CUST_0180,SUB_0180,1171.97,2026-04-13,INSUFFICIENT_FUNDS,CUSTOMER_FINANCIAL,709,18,5,23,0.7826,0.6,0.6,normal,0.2174,0.7826,growth,1171.97,monthly,SEND_REMINDER,0.5526454105626085,1.0,647.6838418170603,646.6838418170603,3
FAIL_000474,PAY_003091,CUST_0180,SUB_0180,1171.97,2026-04-13,INSUFFICIENT_FUNDS,CUSTOMER_FINANCIAL,709,18,5,23,0.7826,0.6,0.6,normal,0.2174,0.7826,growth,1171.97,monthly,RETRY_NOW,0.34099177559574906,2.0,399.63213124495,397.63213124495,4
FAIL_000474,PAY_003091,CUST_0180,SUB_0180,1171.97,2026-04-13,INSUFFICIENT_FUNDS,CUSTOMER_FINANCIAL,709,18,5,23,0.7826,0.6,0.6,normal,0.2174,0.7826,growth,1171.97,monthly,UPDATE_PAYMENT_METHOD,0.32380979647423447,3.0,379.49536717390856,376.49536717390856,5
FAIL_000474,PAY_003091,CUST_0180,SUB_0180,1171.97,2026-04-13,INSUFFICIENT_FUNDS,CUSTOMER_FINANCIAL,709,18,5,23,0.7826,0.6,0.6,normal,0.2174,0.7826,growth,1171.97,monthly,STOP,0.0,0.0,0.0,0.0,6
FAIL_000492,PAY_003224,CUST_0188,SUB_0188,221.49,2024-11-21,INSUFFICIENT_FUNDS,CUSTOMER_FINANCIAL,677,17,5,22,0.7727,0.3,0.25,low_engagement,0.2273,0.7727,growth,221.49,monthly,WAIT_AND_RETRY,0.8209126989428587,2.0,181.82395368885378,179.82395368885378,1
FAIL_000492,PAY_003224,CUST_0188,SUB_0188,221.49,2024-11-21,INSUFFICIENT_FUNDS,CUSTOMER_FINANCIAL,677,17,5,22,0.7727,0.3,0.25,low_engagement,0.2273,0.7727,growth,221.49,monthly,PAYMENT_LINK,0.5727811513578431,3.0,126.86529721424868,123.86529721424868,2
FAIL_000492,PAY_003224,CUST_0188,SUB_0188,221.49,2024-11-21,INSUFFICIENT_FUNDS,CUSTOMER_FINANCIAL,677,17,5,22,0.7727,0.3,0.25,low_engagement,0.2273,0.7727,growth,221.49,monthly,SEND_REMINDER,0.3754923894520065,1.0,83.16780933972493,82.16780933972493,3
FAIL_000492,PAY_003224,CUST_0188,SUB_0188,221.49,2024-11-21,INSUFFICIENT_FUNDS,CUSTOMER_FINANCIAL,677,17,5,22,0.7727,0.3,0.25,low_engagement,0.2273,0.7727,growth,221.49,monthly,RETRY_NOW,0.2864730223312909,2.0,63.450909716157625,61.450909716157625,4
FAIL_000492,PAY_003224,CUST_0188,SUB_0188,221.49,2024-11-21,INSUFFICIENT_FUNDS,CUSTOMER_FINANCIAL,677,17,5,22,0.7727,0.3,0.25,low_engagement,0.2273,0.7727,growth,221.49,monthly,UPDATE_PAYMENT_METHOD,0.11741565008487997,3.0,26.006392337300067,23.006392337300067,5
FAIL_000492,PAY_003224,CUST_0188,SUB_0188,221.49,2024-11-21,INSUFFICIENT_FUNDS,CUSTOMER_FINANCIAL,677,17,5,22,0.7727,0.3,0.25,low_engagement,0.2273,0.7727,growth,221.49,monthly,STOP,0.0,0.0,0.0,0.0,6
FAIL_000496,PAY_003241,CUST_0188,SUB_0188,221.49,2026-04-15,CARD_EXPIRED,PAYMENT_METHOD,677,17,5,22,0.7727,0.3,0.25,low_engagement,0.2273,0.7727,growth,221.49,monthly,UPDATE_PAYMENT_METHOD,0.7684800425828328,3.0,170.21064463167164,167.21064463167164,1
FAIL_000496,PAY_003241,CUST_0188,SUB_0188,221.49,2026-04-15,CARD_EXPIRED,PAYMENT_METHOD,677,17,5,22,0.7727,0.3,0.25,low_engagement,0.2273,0.7727,growth,221.49,monthly,PAYMENT_LINK,0.4413120641288668,3.0,97.74620908390271,94.74620908390271,2
FAIL_000496,PAY_003241,CUST_0188,SUB_0188,221.49,2026-04-15,CARD_EXPIRED,PAYMENT_METHOD,677,17,5,22,0.7727,0.3,0.25,low_engagement,0.2273,0.7727,growth,221.49,monthly,SEND_REMINDER,0.19845272782101156,1.0,43.95529468507585,42.95529468507585,3
FAIL_000496,PAY_003241,CUST_0188,SUB_0188,221.49,2026-04-15,CARD_EXPIRED,PAYMENT_METHOD,677,17,5,22,0.7727,0.3,0.25,low_engagement,0.2273,0.7727,growth,221.49,monthly,RETRY_NOW,0.06810475754108239,2.0,15.084522747774338,13.084522747774338,4
FAIL_000496,PAY_003241,CUST_0188,SUB_0188,221.49,2026-04-15,CARD_EXPIRED,PAYMENT_METHOD,677,17,5,22,0.7727,0.3,0.25,low_engagement,0.2273,0.7727,growth,221.49,monthly,WAIT_AND_RETRY,0.047584292006829454,2.0,10.539444836592656,8.539444836592656,5
FAIL_000496,PAY_003241,CUST_0188,SUB_0188,221.49,2026-04-15,CARD_EXPIRED,PAYMENT_METHOD,677,17,5,22,0.7727,0.3,0.25,low_engagement,0.2273,0.7727,growth,221.49,monthly,STOP,0.0,0.0,0.0,0.0,6
FAIL_000498,PAY_003292,CUST_0192,SUB_0192,378.71,2025-11-24,INSUFFICIENT_FUNDS,CUSTOMER_FINANCIAL,489,15,1,16,0.9375,0.35,0.45,friction_prone,0.0625,0.9375,growth,378.71,monthly,WAIT_AND_RETRY,0.7959215838332814,2.0,301.423463013502,299.423463013502,1
FAIL_000498,PAY_003292,CUST_0192,SUB_0192,378.71,2025-11-24,INSUFFICIENT_FUNDS,CUSTOMER_FINANCIAL,489,15,1,16,0.9375,0.35,0.45,friction_prone,0.0625,0.9375,growth,378.71,monthly,PAYMENT_LINK,0.6060137531423293,3.0,229.5034684525315,226.5034684525315,2
FAIL_000498,PAY_003292,CUST_0192,SUB_0192,378.71,2025-11-24,INSUFFICIENT_FUNDS,CUSTOMER_FINANCIAL,489,15,1,16,0.9375,0.35,0.45,friction_prone,0.0625,0.9375,growth,378.71,monthly,SEND_REMINDER,0.5357744670514926,1.0,202.90314841707072,201.90314841707072,3
FAIL_000498,PAY_003292,CUST_0192,SUB_0192,378.71,2025-11-24,INSUFFICIENT_FUNDS,CUSTOMER_FINANCIAL,489,15,1,16,0.9375,0.35,0.45,friction_prone,0.0625,0.9375,growth,378.71,monthly,UPDATE_PAYMENT_METHOD,0.36381973645588794,3.0,137.78217239320932,134.78217239320932,4
FAIL_000498,PAY_003292,CUST_0192,SUB_0192,378.71,2025-11-24,INSUFFICIENT_FUNDS,CUSTOMER_FINANCIAL,489,15,1,16,0.9375,0.35,0.45,friction_prone,0.0625,0.9375,growth,378.71,monthly,RETRY_NOW,0.22087775102030702,2.0,83.64861308890046,81.64861308890046,5
FAIL_000498,PAY_003292,CUST_0192,SUB_0192,378.71,2025-11-24,INSUFFICIENT_FUNDS,CUSTOMER_FINANCIAL,489,15,1,16,0.9375,0.35,0.45,friction_prone,0.0625,0.9375,growth,378.71,monthly,STOP,0.0,0.0,0.0,0.0,6
FAIL_000511,PAY_003453,CUST_0202,SUB_0202,324.57,2026-05-11,INSUFFICIENT_FUNDS,CUSTOMER_FINANCIAL,141,2,2,4,0.5,0.3,0.25,low_engagement,0.5,0.5,growth,324.57,monthly,WAIT_AND_RETRY,0.7709221857731839,2.0,250.2182138364023,248.2182138364023,1
FAIL_000511,PAY_003453,CUST_0202,SUB_0202,324.57,2026-05-11,INSUFFICIENT_FUNDS,CUSTOMER_FINANCIAL,141,2,2,4,0.5,0.3,0.25,low_engagement,0.5,0.5,growth,324.57,monthly,RETRY_NOW,0.5093403594499182,2.0,165.31660046665993,163.31660046665993,2
FAIL_000511,PAY_003453,CUST_0202,SUB_0202,324.57,2026-05-11,INSUFFICIENT_FUNDS,CUSTOMER_FINANCIAL,141,2,2,4,0.5,0.3,0.25,low_engagement,0.5,0.5,growth,324.57,monthly,PAYMENT_LINK,0.44621426321660546,3.0,144.82776341221364,141.82776341221364,3
FAIL_000511,PAY_003453,CUST_0202,SUB_0202,324.57,2026-05-11,INSUFFICIENT_FUNDS,CUSTOMER_FINANCIAL,141,2,2,4,0.5,0.3,0.25,low_engagement,0.5,0.5,growth,324.57,monthly,SEND_REMINDER,0.2893929750856206,1.0,93.92827792353988,92.92827792353988,4
FAIL_000511,PAY_003453,CUST_0202,SUB_0202,324.57,2026-05-11,INSUFFICIENT_FUNDS,CUSTOMER_FINANCIAL,141,2,2,4,0.5,0.3,0.25,low_engagement,0.5,0.5,growth,324.57,monthly,UPDATE_PAYMENT_METHOD,0.07449432599032309,3.0,24.178623386679163,21.178623386679163,5
FAIL_000511,PAY_003453,CUST_0202,SUB_0202,324.57,2026-05-11,INSUFFICIENT_FUNDS,CUSTOMER_FINANCIAL,141,2,2,4,0.5,0.3,0.25,low_engagement,0.5,0.5,growth,324.57,monthly,STOP,0.0,0.0,0.0,0.0,6
FAIL_000512,PAY_003464,CUST_0204,SUB_0204,213.4,2025-07-12,BANK_DECLINED,ISSUER_DECLINE,444,11,3,14,0.7857,0.3,0.25,low_engagement,0.2143,0.7857,starter,213.4,monthly,PAYMENT_LINK,0.49328976437499183,3.0,105.26803571762326,102.26803571762326,1
FAIL_000512,PAY_003464,CUST_0204,SUB_0204,213.4,2025-07-12,BANK_DECLINED,ISSUER_DECLINE,444,11,3,14,0.7857,0.3,0.25,low_engagement,0.2143,0.7857,starter,213.4,monthly,WAIT_AND_RETRY,0.3896132841605518,2.0,83.14347483986175,81.14347483986175,2
FAIL_000512,PAY_003464,CUST_0204,SUB_0204,213.4,2025-07-12,BANK_DECLINED,ISSUER_DECLINE,444,11,3,14,0.7857,0.3,0.25,low_engagement,0.2143,0.7857,starter,213.4,monthly,RETRY_NOW,0.3480152897036369,2.0,74.26646282275611,72.26646282275611,3
FAIL_000512,PAY_003464,CUST_0204,SUB_0204,213.4,2025-07-12,BANK_DECLINED,ISSUER_DECLINE,444,11,3,14,0.7857,0.3,0.25,low_engagement,0.2143,0.7857,starter,213.4,monthly,UPDATE_PAYMENT_METHOD,0.24548623758645252,3.0,52.38676310094897,49.38676310094897,4
FAIL_000512,PAY_003464,CUST_0204,SUB_0204,213.4,2025-07-12,BANK_DECLINED,ISSUER_DECLINE,444,11,3,14,0.7857,0.3,0.25,low_engagement,0.2143,0.7857,starter,213.4,monthly,SEND_REMINDER,0.17622639158447065,1.0,37.606711964126035,36.606711964126035,5
FAIL_000512,PAY_003464,CUST_0204,SUB_0204,213.4,2025-07-12,BANK_DECLINED,ISSUER_DECLINE,444,11,3,14,0.7857,0.3,0.25,low_engagement,0.2143,0.7857,starter,213.4,monthly,STOP,0.0,0.0,0.0,0.0,6
FAIL_000516,PAY_003495,CUST_0207,SUB_0207,1213.6,2025-10-16,CARD_EXPIRED,PAYMENT_METHOD,408,9,4,13,0.6923,0.35,0.45,friction_prone,0.3077,0.6923,pro,1213.6,monthly,UPDATE_PAYMENT_METHOD,0.8945000537304264,3.0,1085.5652652072454,1082.5652652072454,1
FAIL_000516,PAY_003495,CUST_0207,SUB_0207,1213.6,2025-10-16,CARD_EXPIRED,PAYMENT_METHOD,408,9,4,13,0.6923,0.35,0.45,friction_prone,0.3077,0.6923,pro,1213.6,monthly,PAYMENT_LINK,0.4821889772183701,3.0,585.1845427522139,582.1845427522139,2
FAIL_000516,PAY_003495,CUST_0207,SUB_0207,1213.6,2025-10-16,CARD_EXPIRED,PAYMENT_METHOD,408,9,4,13,0.6923,0.35,0.45,friction_prone,0.3077,0.6923,pro,1213.6,monthly,SEND_REMINDER,0.34271953142366834,1.0,415.9244233357639,414.9244233357639,3
FAIL_000516,PAY_003495,CUST_0207,SUB_0207,1213.6,2025-10-16,CARD_EXPIRED,PAYMENT_METHOD,408,9,4,13,0.6923,0.35,0.45,friction_prone,0.3077,0.6923,pro,1213.6,monthly,RETRY_NOW,0.0633002891691474,2.0,76.82123093567728,74.82123093567728,4
FAIL_000516,PAY_003495,CUST_0207,SUB_0207,1213.6,2025-10-16,CARD_EXPIRED,PAYMENT_METHOD,408,9,4,13,0.6923,0.35,0.45,friction_prone,0.3077,0.6923,pro,1213.6,monthly,WAIT_AND_RETRY,0.04766220445591307,2.0,57.842851327696096,55.842851327696096,5
FAIL_000516,PAY_003495,CUST_0207,SUB_0207,1213.6,2025-10-16,CARD_EXPIRED,PAYMENT_METHOD,408,9,4,13,0.6923,0.35,0.45,friction_prone,0.3077,0.6923,pro,1213.6,monthly,STOP,0.0,0.0,0.0,0.0,6
FAIL_000522,PAY_003541,CUST_0210,SUB_0210,799.69,2026-02-18,BANK_DECLINED,ISSUER_DECLINE,523,16,1,17,0.9412,0.8,0.85,reliable,0.0588,0.9412,pro,799.69,monthly,WAIT_AND_RETRY,0.7879390134632245,2.0,630.106949676406,628.106949676406,1
FAIL_000522,PAY_003541,CUST_0210,SUB_0210,799.69,2026-02-18,BANK_DECLINED,ISSUER_DECLINE,523,16,1,17,0.9412,0.8,0.85,reliable,0.0588,0.9412,pro,799.69,monthly,PAYMENT_LINK,0.6986548531232236,3.0,558.7072994941108,555.7072994941108,2
FAIL_000522,PAY_003541,CUST_0210,SUB_0210,799.69,2026-02-18,BANK_DECLINED,ISSUER_DECLINE,523,16,1,17,0.9412,0.8,0.85,reliable,0.0588,0.9412,pro,799.69,monthly,SEND_REMINDER,0.5943645956790582,1.0,475.30742351858606,474.30742351858606,3
FAIL_000522,PAY_003541,CUST_0210,SUB_0210,799.69,2026-02-18,BANK_DECLINED,ISSUER_DECLINE,523,16,1,17,0.9412,0.8,0.85,reliable,0.0588,0.9412,pro,799.69,monthly,UPDATE_PAYMENT_METHOD,0.2702817122585765,3.0,216.14158247606105,213.14158247606105,4
FAIL_000522,PAY_003541,CUST_0210,SUB_0210,799.69,2026-02-18,BANK_DECLINED,ISSUER_DECLINE,523,16,1,17,0.9412,0.8,0.85,reliable,0.0588,0.9412,pro,799.69,monthly,RETRY_NOW,0.24441454167733667,2.0,195.45586483394936,193.45586483394936,5
FAIL_000522,PAY_003541,CUST_0210,SUB_0210,799.69,2026-02-18,BANK_DECLINED,ISSUER_DECLINE,523,16,1,17,0.9412,0.8,0.85,reliable,0.0588,0.9412,pro,799.69,monthly,STOP,0.0,0.0,0.0,0.0,6
FAIL_000523,PAY_003553,CUST_0211,SUB_0211,1170.85,2024-06-02,BANK_DECLINED,ISSUER_DECLINE,999,25,8,33,0.7576,0.35,0.45,friction_prone,0.2424,0.7576,starter,1170.85,monthly,WAIT_AND_RETRY,0.6375390283370618,2.0,746.4625713284487,744.4625713284487,1
FAIL_000523,PAY_003553,CUST_0211,SUB_0211,1170.85,2024-06-02,BANK_DECLINED,ISSUER_DECLINE,999,25,8,33,0.7576,0.35,0.45,friction_prone,0.2424,0.7576,starter,1170.85,monthly,PAYMENT_LINK,0.5187713291958032,3.0,607.4034107889061,604.4034107889061,2
FAIL_000523,PAY_003553,CUST_0211,SUB_0211,1170.85,2024-06-02,BANK_DECLINED,ISSUER_DECLINE,999,25,8,33,0.7576,0.35,0.45,friction_prone,0.2424,0.7576,starter,1170.85,monthly,UPDATE_PAYMENT_METHOD,0.38812174425847606,3.0,454.43234426503665,451.43234426503665,3
FAIL_000523,PAY_003553,CUST_0211,SUB_0211,1170.85,2024-06-02,BANK_DECLINED,ISSUER_DECLINE,999,25,8,33,0.7576,0.35,0.45,friction_prone,0.2424,0.7576,starter,1170.85,monthly,SEND_REMINDER,0.24344262281516718,1.0,285.03479492313846,284.03479492313846,4
FAIL_000523,PAY_003553,CUST_0211,SUB_0211,1170.85,2024-06-02,BANK_DECLINED,ISSUER_DECLINE,999,25,8,33,0.7576,0.35,0.45,friction_prone,0.2424,0.7576,starter,1170.85,monthly,RETRY_NOW,0.1807840081333513,2.0,211.67095592293435,209.67095592293435,5
FAIL_000523,PAY_003553,CUST_0211,SUB_0211,1170.85,2024-06-02,BANK_DECLINED,ISSUER_DECLINE,999,25,8,33,0.7576,0.35,0.45,friction_prone,0.2424,0.7576,starter,1170.85,monthly,STOP,0.0,0.0,0.0,0.0,6
FAIL_000526,PAY_003561,CUST_0211,SUB_0211,1170.85,2025-01-28,NETWORK_ERROR,TECHNICAL,999,25,8,33,0.7576,0.35,0.45,friction_prone,0.2424,0.7576,starter,1170.85,monthly,RETRY_NOW,0.7636547035777856,2.0,894.1251096840502,892.1251096840502,1
FAIL_000526,PAY_003561,CUST_0211,SUB_0211,1170.85,2025-01-28,NETWORK_ERROR,TECHNICAL,999,25,8,33,0.7576,0.35,0.45,friction_prone,0.2424,0.7576,starter,1170.85,monthly,WAIT_AND_RETRY,0.28090623829918004,2.0,328.89906911259493,326.89906911259493,2
FAIL_000526,PAY_003561,CUST_0211,SUB_0211,1170.85,2025-01-28,NETWORK_ERROR,TECHNICAL,999,25,8,33,0.7576,0.35,0.45,friction_prone,0.2424,0.7576,starter,1170.85,monthly,SEND_REMINDER,0.16601151619822402,1.0,194.37458374069058,193.37458374069058,3
FAIL_000526,PAY_003561,CUST_0211,SUB_0211,1170.85,2025-01-28,NETWORK_ERROR,TECHNICAL,999,25,8,33,0.7576,0.35,0.45,friction_prone,0.2424,0.7576,starter,1170.85,monthly,PAYMENT_LINK,0.16037397811484574,3.0,187.77387227576713,184.77387227576713,4
FAIL_000526,PAY_003561,CUST_0211,SUB_0211,1170.85,2025-01-28,NETWORK_ERROR,TECHNICAL,999,25,8,33,0.7576,0.35,0.45,friction_prone,0.2424,0.7576,starter,1170.85,monthly,UPDATE_PAYMENT_METHOD,0.05760360663137995,3.0,67.4451828243512,64.4451828243512,5
FAIL_000526,PAY_003561,CUST_0211,SUB_0211,1170.85,2025-01-28,NETWORK_ERROR,TECHNICAL,999,25,8,33,0.7576,0.35,0.45,friction_prone,0.2424,0.7576,starter,1170.85,monthly,STOP,0.0,0.0,0.0,0.0,6
FAIL_000536,PAY_003589,CUST_0212,SUB_0212,404.59,2024-12-31,CARD_EXPIRED,PAYMENT_METHOD,877,22,7,29,0.7586,0.3,0.25,low_engagement,0.2414,0.7586,starter,404.59,monthly,UPDATE_PAYMENT_METHOD,0.8242726677569628,3.0,333.4924786477896,330.4924786477896,1
FAIL_000536,PAY_003589,CUST_0212,SUB_0212,404.59,2024-12-31,CARD_EXPIRED,PAYMENT_METHOD,877,22,7,29,0.7586,0.3,0.25,low_engagement,0.2414,0.7586,starter,404.59,monthly,PAYMENT_LINK,0.5084156627632829,3.0,205.6998929973966,202.6998929973966,2
FAIL_000536,PAY_003589,CUST_0212,SUB_0212,404.59,2024-12-31,CARD_EXPIRED,PAYMENT_METHOD,877,22,7,29,0.7586,0.3,0.25,low_engagement,0.2414,0.7586,starter,404.59,monthly,SEND_REMINDER,0.23800408870732692,1.0,96.2940742500974,95.2940742500974,3
FAIL_000536,PAY_003589,CUST_0212,SUB_0212,404.59,2024-12-31,CARD_EXPIRED,PAYMENT_METHOD,877,22,7,29,0.7586,0.3,0.25,low_engagement,0.2414,0.7586,starter,404.59,monthly,WAIT_AND_RETRY,0.07183668589655916,2.0,29.06440474688887,27.06440474688887,4
FAIL_000536,PAY_003589,CUST_0212,SUB_0212,404.59,2024-12-31,CARD_EXPIRED,PAYMENT_METHOD,877,22,7,29,0.7586,0.3,0.25,low_engagement,0.2414,0.7586,starter,404.59,monthly,RETRY_NOW,0.0690570794635052,2.0,27.939803780139567,25.939803780139567,5
FAIL_000536,PAY_003589,CUST_0212,SUB_0212,404.59,2024-12-31,CARD_EXPIRED,PAYMENT_METHOD,877,22,7,29,0.7586,0.3,0.25,low_engagement,0.2414,0.7586,starter,404.59,monthly,STOP,0.0,0.0,0.0,0.0,6
FAIL_000537,PAY_003590,CUST_0212,SUB_0212,404.59,2025-01-30,INSUFFICIENT_FUNDS,CUSTOMER_FINANCIAL,877,22,7,29,0.7586,0.3,0.25,low_engagement,0.2414,0.7586,starter,404.59,monthly,WAIT_AND_RETRY,0.7434005082028333,2.0,300.7724116137843,298.7724116137843,1
FAIL_000537,PAY_003590,CUST_0212,SUB_0212,404.59,2025-01-30,INSUFFICIENT_FUNDS,CUSTOMER_FINANCIAL,877,22,7,29,0.7586,0.3,0.25,low_engagement,0.2414,0.7586,starter,404.59,monthly,PAYMENT_LINK,0.7069152768582256,3.0,286.0108518640695,283.0108518640695,2
FAIL_000537,PAY_003590,CUST_0212,SUB_0212,404.59,2025-01-30,INSUFFICIENT_FUNDS,CUSTOMER_FINANCIAL,877,22,7,29,0.7586,0.3,0.25,low_engagement,0.2414,0.7586,starter,404.59,monthly,SEND_REMINDER,0.43080462428136757,1.0,174.29924293799849,173.29924293799849,3
FAIL_000537,PAY_003590,CUST_0212,SUB_0212,404.59,2025-01-30,INSUFFICIENT_FUNDS,CUSTOMER_FINANCIAL,877,22,7,29,0.7586,0.3,0.25,low_engagement,0.2414,0.7586,starter,404.59,monthly,RETRY_NOW,0.4057714382179567,2.0,164.17106618860308,162.17106618860308,4
FAIL_000537,PAY_003590,CUST_0212,SUB_0212,404.59,2025-01-30,INSUFFICIENT_FUNDS,CUSTOMER_FINANCIAL,877,22,7,29,0.7586,0.3,0.25,low_engagement,0.2414,0.7586,starter,404.59,monthly,UPDATE_PAYMENT_METHOD,0.11413629661144045,3.0,46.17840424602269,43.17840424602269,5
FAIL_000537,PAY_003590,CUST_0212,SUB_0212,404.59,2025-01-30,INSUFFICIENT_FUNDS,CUSTOMER_FINANCIAL,877,22,7,29,0.7586,0.3,0.25,low_engagement,0.2414,0.7586,starter,404.59,monthly,STOP,0.0,0.0,0.0,0.0,6
FAIL_000542,PAY_003650,CUST_0214,SUB_0214,12636.68,2025-10-13,LIMIT_EXCEEDED,PAYMENT_LIMIT,831,24,3,27,0.8889,0.82,0.9,high_value_loyal,0.1111,0.8889,pro,12636.68,monthly,PAYMENT_LINK,0.6262659914794234,3.0,7913.9229292082,7910.9229292082,1
FAIL_000542,PAY_003650,CUST_0214,SUB_0214,12636.68,2025-10-13,LIMIT_EXCEEDED,PAYMENT_LIMIT,831,24,3,27,0.8889,0.82,0.9,high_value_loyal,0.1111,0.8889,pro,12636.68,monthly,UPDATE_PAYMENT_METHOD,0.5824976278515175,3.0,7360.836123918714,7357.836123918714,2
FAIL_000542,PAY_003650,CUST_0214,SUB_0214,12636.68,2025-10-13,LIMIT_EXCEEDED,PAYMENT_LIMIT,831,24,3,27,0.8889,0.82,0.9,high_value_loyal,0.1111,0.8889,pro,12636.68,monthly,WAIT_AND_RETRY,0.5055368813385797,2.0,6388.307797673603,6386.307797673603,3
FAIL_000542,PAY_003650,CUST_0214,SUB_0214,12636.68,2025-10-13,LIMIT_EXCEEDED,PAYMENT_LIMIT,831,24,3,27,0.8889,0.82,0.9,high_value_loyal,0.1111,0.8889,pro,12636.68,monthly,SEND_REMINDER,0.33265777047252515,1.0,4203.689794974749,4202.689794974749,4
FAIL_000542,PAY_003650,CUST_0214,SUB_0214,12636.68,2025-10-13,LIMIT_EXCEEDED,PAYMENT_LIMIT,831,24,3,27,0.8889,0.82,0.9,high_value_loyal,0.1111,0.8889,pro,12636.68,monthly,RETRY_NOW,0.16032832078402828,2.0,2026.0176846851145,2024.0176846851145,5
FAIL_000542,PAY_003650,CUST_0214,SUB_0214,12636.68,2025-10-13,LIMIT_EXCEEDED,PAYMENT_LIMIT,831,24,3,27,0.8889,0.82,0.9,high_value_loyal,0.1111,0.8889,pro,12636.68,monthly,STOP,0.0,0.0,0.0,0.0,6
FAIL_000543,PAY_003652,CUST_0214,SUB_0214,12636.68,2025-12-12,INSUFFICIENT_FUNDS,CUSTOMER_FINANCIAL,831,24,3,27,0.8889,0.82,0.9,high_value_loyal,0.1111,0.8889,pro,12636.68,monthly,WAIT_AND_RETRY,0.8325255972790981,2.0,10520.359564624834,10518.359564624834,1
FAIL_000543,PAY_003652,CUST_0214,SUB_0214,12636.68,2025-12-12,INSUFFICIENT_FUNDS,CUSTOMER_FINANCIAL,831,24,3,27,0.8889,0.82,0.9,high_value_loyal,0.1111,0.8889,pro,12636.68,monthly,PAYMENT_LINK,0.8217410431631277,3.0,10384.078605318633,10381.078605318633,2
FAIL_000543,PAY_003652,CUST_0214,SUB_0214,12636.68,2025-12-12,INSUFFICIENT_FUNDS,CUSTOMER_FINANCIAL,831,24,3,27,0.8889,0.82,0.9,high_value_loyal,0.1111,0.8889,pro,12636.68,monthly,SEND_REMINDER,0.5755016379534034,1.0,7272.430038293013,7271.430038293013,3
FAIL_000543,PAY_003652,CUST_0214,SUB_0214,12636.68,2025-12-12,INSUFFICIENT_FUNDS,CUSTOMER_FINANCIAL,831,24,3,27,0.8889,0.82,0.9,high_value_loyal,0.1111,0.8889,pro,12636.68,monthly,UPDATE_PAYMENT_METHOD,0.49974384938799526,3.0,6315.1031066842925,6312.1031066842925,4
FAIL_000543,PAY_003652,CUST_0214,SUB_0214,12636.68,2025-12-12,INSUFFICIENT_FUNDS,CUSTOMER_FINANCIAL,831,24,3,27,0.8889,0.82,0.9,high_value_loyal,0.1111,0.8889,pro,12636.68,monthly,RETRY_NOW,0.4433866223551601,2.0,5602.934862983005,5600.934862983005,5
FAIL_000543,PAY_003652,CUST_0214,SUB_0214,12636.68,2025-12-12,INSUFFICIENT_FUNDS,CUSTOMER_FINANCIAL,831,24,3,27,0.8889,0.82,0.9,high_value_loyal,0.1111,0.8889,pro,12636.68,monthly,STOP,0.0,0.0,0.0,0.0,6
FAIL_000547,PAY_003669,CUST_0215,SUB_0215,7312.97,2026-02-02,LIMIT_EXCEEDED,PAYMENT_LIMIT,479,13,2,15,0.8667,0.82,0.9,high_value_loyal,0.1333,0.8667,growth,7312.97,monthly,PAYMENT_LINK,0.7381463121643156,3.0,5398.0418364682755,5395.0418364682755,1
FAIL_000547,PAY_003669,CUST_0215,SUB_0215,7312.97,2026-02-02,LIMIT_EXCEEDED,PAYMENT_LIMIT,479,13,2,15,0.8667,0.82,0.9,high_value_loyal,0.1333,0.8667,growth,7312.97,monthly,WAIT_AND_RETRY,0.47473840964181857,2.0,3471.74774755833,3469.74774755833,2
FAIL_000547,PAY_003669,CUST_0215,SUB_0215,7312.97,2026-02-02,LIMIT_EXCEEDED,PAYMENT_LIMIT,479,13,2,15,0.8667,0.82,0.9,high_value_loyal,0.1333,0.8667,growth,7312.97,monthly,RETRY_NOW,0.40963773295630274,2.0,2995.6684519774535,2993.6684519774535,3
FAIL_000547,PAY_003669,CUST_0215,SUB_0215,7312.97,2026-02-02,LIMIT_EXCEEDED,PAYMENT_LIMIT,479,13,2,15,0.8667,0.82,0.9,high_value_loyal,0.1333,0.8667,growth,7312.97,monthly,SEND_REMINDER,0.40784668473820035,1.0,2982.570570089917,2981.570570089917,4
FAIL_000547,PAY_003669,CUST_0215,SUB_0215,7312.97,2026-02-02,LIMIT_EXCEEDED,PAYMENT_LIMIT,479,13,2,15,0.8667,0.82,0.9,high_value_loyal,0.1333,0.8667,growth,7312.97,monthly,UPDATE_PAYMENT_METHOD,0.3672637590363558,3.0,2685.7888519200988,2682.7888519200988,5
FAIL_000547,PAY_003669,CUST_0215,SUB_0215,7312.97,2026-02-02,LIMIT_EXCEEDED,PAYMENT_LIMIT,479,13,2,15,0.8667,0.82,0.9,high_value_loyal,0.1333,0.8667,growth,7312.97,monthly,STOP,0.0,0.0,0.0,0.0,6
FAIL_000551,PAY_003710,CUST_0217,SUB_0217,437.85,2025-04-15,CARD_EXPIRED,PAYMENT_METHOD,862,23,5,28,0.8214,0.3,0.25,low_engagement,0.1786,0.8214,growth,437.85,monthly,UPDATE_PAYMENT_METHOD,0.885147902540739,3.0,387.5620091274626,384.5620091274626,1
FAIL_000551,PAY_003710,CUST_0217,SUB_0217,437.85,2025-04-15,CARD_EXPIRED,PAYMENT_METHOD,862,23,5,28,0.8214,0.3,0.25,low_engagement,0.1786,0.8214,growth,437.85,monthly,PAYMENT_LINK,0.528874174637117,3.0,231.56755736486167,228.56755736486167,2
FAIL_000551,PAY_003710,CUST_0217,SUB_0217,437.85,2025-04-15,CARD_EXPIRED,PAYMENT_METHOD,862,23,5,28,0.8214,0.3,0.25,low_engagement,0.1786,0.8214,growth,437.85,monthly,SEND_REMINDER,0.27137052646285353,1.0,118.81958501176042,117.81958501176042,3
FAIL_000551,PAY_003710,CUST_0217,SUB_0217,437.85,2025-04-15,CARD_EXPIRED,PAYMENT_METHOD,862,23,5,28,0.8214,0.3,0.25,low_engagement,0.1786,0.8214,growth,437.85,monthly,RETRY_NOW,0.07597924910454572,2.0,33.26751422042535,31.267514220425348,4
FAIL_000551,PAY_003710,CUST_0217,SUB_0217,437.85,2025-04-15,CARD_EXPIRED,PAYMENT_METHOD,862,23,5,28,0.8214,0.3,0.25,low_engagement,0.1786,0.8214,growth,437.85,monthly,WAIT_AND_RETRY,0.050994425970280165,2.0,22.32790941108717,20.32790941108717,5
FAIL_000551,PAY_003710,CUST_0217,SUB_0217,437.85,2025-04-15,CARD_EXPIRED,PAYMENT_METHOD,862,23,5,28,0.8214,0.3,0.25,low_engagement,0.1786,0.8214,growth,437.85,monthly,STOP,0.0,0.0,0.0,0.0,6
FAIL_000567,PAY_003794,CUST_0222,SUB_0222,1605.38,2026-03-22,INSUFFICIENT_FUNDS,CUSTOMER_FINANCIAL,491,13,3,16,0.8125,0.35,0.45,friction_prone,0.1875,0.8125,growth,1605.38,monthly,WAIT_AND_RETRY,0.6693718557757695,2.0,1074.596189825305,1072.596189825305,1
FAIL_000567,PAY_003794,CUST_0222,SUB_0222,1605.38,2026-03-22,INSUFFICIENT_FUNDS,CUSTOMER_FINANCIAL,491,13,3,16,0.8125,0.35,0.45,friction_prone,0.1875,0.8125,growth,1605.38,monthly,PAYMENT_LINK,0.5907833304161898,3.0,948.4317429835428,945.4317429835428,2
FAIL_000567,PAY_003794,CUST_0222,SUB_0222,1605.38,2026-03-22,INSUFFICIENT_FUNDS,CUSTOMER_FINANCIAL,491,13,3,16,0.8125,0.35,0.45,friction_prone,0.1875,0.8125,growth,1605.38,monthly,SEND_REMINDER,0.5745333992612793,1.0,922.3444285060726,921.3444285060726,3
FAIL_000567,PAY_003794,CUST_0222,SUB_0222,1605.38,2026-03-22,INSUFFICIENT_FUNDS,CUSTOMER_FINANCIAL,491,13,3,16,0.8125,0.35,0.45,friction_prone,0.1875,0.8125,growth,1605.38,monthly,UPDATE_PAYMENT_METHOD,0.2944753663827914,3.0,472.74486368360573,469.74486368360573,4
FAIL_000567,PAY_003794,CUST_0222,SUB_0222,1605.38,2026-03-22,INSUFFICIENT_FUNDS,CUSTOMER_FINANCIAL,491,13,3,16,0.8125,0.35,0.45,friction_prone,0.1875,0.8125,growth,1605.38,monthly,RETRY_NOW,0.21103810131448456,2.0,338.7963470882472,336.7963470882472,5
FAIL_000567,PAY_003794,CUST_0222,SUB_0222,1605.38,2026-03-22,INSUFFICIENT_FUNDS,CUSTOMER_FINANCIAL,491,13,3,16,0.8125,0.35,0.45,friction_prone,0.1875,0.8125,growth,1605.38,monthly,STOP,0.0,0.0,0.0,0.0,6
FAIL_000572,PAY_003822,CUST_0224,SUB_0224,1274.95,2026-05-09,BANK_DECLINED,ISSUER_DECLINE,233,6,1,7,0.8571,0.3,0.25,low_engagement,0.1429,0.8571,growth,1274.95,monthly,WAIT_AND_RETRY,0.6116921997450195,2.0,779.8769700649127,777.8769700649127,1
FAIL_000572,PAY_003822,CUST_0224,SUB_0224,1274.95,2026-05-09,BANK_DECLINED,ISSUER_DECLINE,233,6,1,7,0.8571,0.3,0.25,low_engagement,0.1429,0.8571,growth,1274.95,monthly,PAYMENT_LINK,0.2958683159203939,3.0,377.2173093827062,374.2173093827062,2
FAIL_000572,PAY_003822,CUST_0224,SUB_0224,1274.95,2026-05-09,BANK_DECLINED,ISSUER_DECLINE,233,6,1,7,0.8571,0.3,0.25,low_engagement,0.1429,0.8571,growth,1274.95,monthly,SEND_REMINDER,0.16646209143474783,1.0,212.23084347473176,211.23084347473176,3
FAIL_000572,PAY_003822,CUST_0224,SUB_0224,1274.95,2026-05-09,BANK_DECLINED,ISSUER_DECLINE,233,6,1,7,0.8571,0.3,0.25,low_engagement,0.1429,0.8571,growth,1274.95,monthly,UPDATE_PAYMENT_METHOD,0.16239017904946051,3.0,207.03935877910968,204.03935877910968,4
FAIL_000572,PAY_003822,CUST_0224,SUB_0224,1274.95,2026-05-09,BANK_DECLINED,ISSUER_DECLINE,233,6,1,7,0.8571,0.3,0.25,low_engagement,0.1429,0.8571,growth,1274.95,monthly,RETRY_NOW,0.1134333137421883,2.0,144.621803355603,142.621803355603,5
FAIL_000572,PAY_003822,CUST_0224,SUB_0224,1274.95,2026-05-09,BANK_DECLINED,ISSUER_DECLINE,233,6,1,7,0.8571,0.3,0.25,low_engagement,0.1429,0.8571,growth,1274.95,monthly,STOP,0.0,0.0,0.0,0.0,6
FAIL_000575,PAY_003877,CUST_0227,SUB_0227,9730.73,2025-05-26,INSUFFICIENT_FUNDS,CUSTOMER_FINANCIAL,671,20,2,22,0.9091,0.82,0.9,high_value_loyal,0.0909,0.9091,pro,9730.73,monthly,PAYMENT_LINK,0.8415486601585237,3.0,8188.882793864351,8185.882793864351,1
FAIL_000575,PAY_003877,CUST_0227,SUB_0227,9730.73,2025-05-26,INSUFFICIENT_FUNDS,CUSTOMER_FINANCIAL,671,20,2,22,0.9091,0.82,0.9,high_value_loyal,0.0909,0.9091,pro,9730.73,monthly,WAIT_AND_RETRY,0.7716926518486672,2.0,7509.132838123381,7507.132838123381,2
FAIL_000575,PAY_003877,CUST_0227,SUB_0227,9730.73,2025-05-26,INSUFFICIENT_FUNDS,CUSTOMER_FINANCIAL,671,20,2,22,0.9091,0.82,0.9,high_value_loyal,0.0909,0.9091,pro,9730.73,monthly,SEND_REMINDER,0.5681896894578623,1.0,5528.900456898305,5527.900456898305,3
FAIL_000575,PAY_003877,CUST_0227,SUB_0227,9730.73,2025-05-26,INSUFFICIENT_FUNDS,CUSTOMER_FINANCIAL,671,20,2,22,0.9091,0.82,0.9,high_value_loyal,0.0909,0.9091,pro,9730.73,monthly,RETRY_NOW,0.5412614578931384,2.0,5266.869106164499,5264.869106164499,4
FAIL_000575,PAY_003877,CUST_0227,SUB_0227,9730.73,2025-05-26,INSUFFICIENT_FUNDS,CUSTOMER_FINANCIAL,671,20,2,22,0.9091,0.82,0.9,high_value_loyal,0.0909,0.9091,pro,9730.73,monthly,UPDATE_PAYMENT_METHOD,0.5099424809894934,3.0,4962.112598038892,4959.112598038892,5
FAIL_000575,PAY_003877,CUST_0227,SUB_0227,9730.73,2025-05-26,INSUFFICIENT_FUNDS,CUSTOMER_FINANCIAL,671,20,2,22,0.9091,0.82,0.9,high_value_loyal,0.0909,0.9091,pro,9730.73,monthly,STOP,0.0,0.0,0.0,0.0,6
FAIL_000586,PAY_003964,CUST_0234,SUB_0234,992.15,2025-01-20,INSUFFICIENT_FUNDS,CUSTOMER_FINANCIAL,947,27,4,31,0.871,0.6,0.6,normal,0.129,0.871,pro,992.15,monthly,WAIT_AND_RETRY,0.6945143853479722,2.0,689.0624474229905,687.0624474229905,1
FAIL_000586,PAY_003964,CUST_0234,SUB_0234,992.15,2025-01-20,INSUFFICIENT_FUNDS,CUSTOMER_FINANCIAL,947,27,4,31,0.871,0.6,0.6,normal,0.129,0.871,pro,992.15,monthly,PAYMENT_LINK,0.5992896181804822,3.0,594.5851946777655,591.5851946777655,2
FAIL_000586,PAY_003964,CUST_0234,SUB_0234,992.15,2025-01-20,INSUFFICIENT_FUNDS,CUSTOMER_FINANCIAL,947,27,4,31,0.871,0.6,0.6,normal,0.129,0.871,pro,992.15,monthly,SEND_REMINDER,0.5378169936189967,1.0,533.5951302190875,532.5951302190875,3
FAIL_000586,PAY_003964,CUST_0234,SUB_0234,992.15,2025-01-20,INSUFFICIENT_FUNDS,CUSTOMER_FINANCIAL,947,27,4,31,0.871,0.6,0.6,normal,0.129,0.871,pro,992.15,monthly,RETRY_NOW,0.36677166617298024,2.0,363.89250859352234,361.89250859352234,4
FAIL_000586,PAY_003964,CUST_0234,SUB_0234,992.15,2025-01-20,INSUFFICIENT_FUNDS,CUSTOMER_FINANCIAL,947,27,4,31,0.871,0.6,0.6,normal,0.129,0.871,pro,992.15,monthly,UPDATE_PAYMENT_METHOD,0.3262967141444868,3.0,323.7352849384526,320.7352849384526,5
FAIL_000586,PAY_003964,CUST_0234,SUB_0234,992.15,2025-01-20,INSUFFICIENT_FUNDS,CUSTOMER_FINANCIAL,947,27,4,31,0.871,0.6,0.6,normal,0.129,0.871,pro,992.15,monthly,STOP,0.0,0.0,0.0,0.0,6
FAIL_000604,PAY_004093,CUST_0242,SUB_0242,408.16,2026-01-26,CARD_EXPIRED,PAYMENT_METHOD,396,10,3,13,0.7692,0.3,0.25,low_engagement,0.2308,0.7692,starter,408.16,monthly,UPDATE_PAYMENT_METHOD,0.898531069153743,3.0,366.7444411857918,363.7444411857918,1
FAIL_000604,PAY_004093,CUST_0242,SUB_0242,408.16,2026-01-26,CARD_EXPIRED,PAYMENT_METHOD,396,10,3,13,0.7692,0.3,0.25,low_engagement,0.2308,0.7692,starter,408.16,monthly,PAYMENT_LINK,0.3271609250686193,3.0,133.53400317600767,130.53400317600767,2
FAIL_000604,PAY_004093,CUST_0242,SUB_0242,408.16,2026-01-26,CARD_EXPIRED,PAYMENT_METHOD,396,10,3,13,0.7692,0.3,0.25,low_engagement,0.2308,0.7692,starter,408.16,monthly,RETRY_NOW,0.19710053405475483,2.0,80.44855397978874,78.44855397978874,3
FAIL_000604,PAY_004093,CUST_0242,SUB_0242,408.16,2026-01-26,CARD_EXPIRED,PAYMENT_METHOD,396,10,3,13,0.7692,0.3,0.25,low_engagement,0.2308,0.7692,starter,408.16,monthly,SEND_REMINDER,0.04948071084366881,1.0,20.196046937951863,19.196046937951863,4
FAIL_000604,PAY_004093,CUST_0242,SUB_0242,408.16,2026-01-26,CARD_EXPIRED,PAYMENT_METHOD,396,10,3,13,0.7692,0.3,0.25,low_engagement,0.2308,0.7692,starter,408.16,monthly,WAIT_AND_RETRY,0.02076971235939716,2.0,8.477365796611545,6.477365796611545,5
FAIL_000604,PAY_004093,CUST_0242,SUB_0242,408.16,2026-01-26,CARD_EXPIRED,PAYMENT_METHOD,396,10,3,13,0.7692,0.3,0.25,low_engagement,0.2308,0.7692,starter,408.16,monthly,STOP,0.0,0.0,0.0,0.0,6
FAIL_000605,PAY_004104,CUST_0243,SUB_0243,928.54,2025-10-02,NETWORK_ERROR,TECHNICAL,452,8,7,15,0.5333,0.35,0.45,friction_prone,0.4667,0.5333,starter,928.54,monthly,RETRY_NOW,0.8856481148752005,2.0,822.3597005862187,820.3597005862187,1
FAIL_000605,PAY_004104,CUST_0243,SUB_0243,928.54,2025-10-02,NETWORK_ERROR,TECHNICAL,452,8,7,15,0.5333,0.35,0.45,friction_prone,0.4667,0.5333,starter,928.54,monthly,WAIT_AND_RETRY,0.7544170546527587,2.0,700.5064119272726,698.5064119272726,2
FAIL_000605,PAY_004104,CUST_0243,SUB_0243,928.54,2025-10-02,NETWORK_ERROR,TECHNICAL,452,8,7,15,0.5333,0.35,0.45,friction_prone,0.4667,0.5333,starter,928.54,monthly,PAYMENT_LINK,0.3616378032217312,3.0,335.7951658035063,332.7951658035063,3
FAIL_000605,PAY_004104,CUST_0243,SUB_0243,928.54,2025-10-02,NETWORK_ERROR,TECHNICAL,452,8,7,15,0.5333,0.35,0.45,friction_prone,0.4667,0.5333,starter,928.54,monthly,SEND_REMINDER,0.2441090401003053,1.0,226.66500809473746,225.66500809473746,4
FAIL_000605,PAY_004104,CUST_0243,SUB_0243,928.54,2025-10-02,NETWORK_ERROR,TECHNICAL,452,8,7,15,0.5333,0.35,0.45,friction_prone,0.4667,0.5333,starter,928.54,monthly,UPDATE_PAYMENT_METHOD,0.13864856450962404,3.0,128.7407380897663,125.7407380897663,5
FAIL_000605,PAY_004104,CUST_0243,SUB_0243,928.54,2025-10-02,NETWORK_ERROR,TECHNICAL,452,8,7,15,0.5333,0.35,0.45,friction_prone,0.4667,0.5333,starter,928.54,monthly,STOP,0.0,0.0,0.0,0.0,6
FAIL_000607,PAY_004108,CUST_0243,SUB_0243,928.54,2026-01-30,BANK_DECLINED,ISSUER_DECLINE,452,8,7,15,0.5333,0.35,0.45,friction_prone,0.4667,0.5333,starter,928.54,monthly,PAYMENT_LINK,0.5704579313625435,3.0,529.6930075873761,526.6930075873761,1
FAIL_000607,PAY_004108,CUST_0243,SUB_0243,928.54,2026-01-30,BANK_DECLINED,ISSUER_DECLINE,452,8,7,15,0.5333,0.35,0.45,friction_prone,0.4667,0.5333,starter,928.54,monthly,WAIT_AND_RETRY,0.5577473123775601,2.0,517.8906894350597,515.8906894350597,2
FAIL_000607,PAY_004108,CUST_0243,SUB_0243,928.54,2026-01-30,BANK_DECLINED,ISSUER_DECLINE,452,8,7,15,0.5333,0.35,0.45,friction_prone,0.4667,0.5333,starter,928.54,monthly,UPDATE_PAYMENT_METHOD,0.3592977436318942,3.0,333.62232687195905,330.62232687195905,3
FAIL_000607,PAY_004108,CUST_0243,SUB_0243,928.54,2026-01-30,BANK_DECLINED,ISSUER_DECLINE,452,8,7,15,0.5333,0.35,0.45,friction_prone,0.4667,0.5333,starter,928.54,monthly,SEND_REMINDER,0.34052646804121495,1.0,316.1924466349897,315.1924466349897,4
FAIL_000607,PAY_004108,CUST_0243,SUB_0243,928.54,2026-01-30,BANK_DECLINED,ISSUER_DECLINE,452,8,7,15,0.5333,0.35,0.45,friction_prone,0.4667,0.5333,starter,928.54,monthly,RETRY_NOW,0.3225778005470074,2.0,299.52639091991824,297.52639091991824,5
FAIL_000607,PAY_004108,CUST_0243,SUB_0243,928.54,2026-01-30,BANK_DECLINED,ISSUER_DECLINE,452,8,7,15,0.5333,0.35,0.45,friction_prone,0.4667,0.5333,starter,928.54,monthly,STOP,0.0,0.0,0.0,0.0,6
FAIL_000611,PAY_004117,CUST_0244,SUB_0244,1067.83,2024-04-01,NETWORK_ERROR,TECHNICAL,941,27,4,31,0.871,0.6,0.6,normal,0.129,0.871,growth,1067.83,monthly,RETRY_NOW,0.8658709618785287,2.0,924.6029892227493,922.6029892227493,1
FAIL_000611,PAY_004117,CUST_0244,SUB_0244,1067.83,2024-04-01,NETWORK_ERROR,TECHNICAL,941,27,4,31,0.871,0.6,0.6,normal,0.129,0.871,growth,1067.83,monthly,WAIT_AND_RETRY,0.8565428615547268,2.0,914.6421638539839,912.6421638539839,2
FAIL_000611,PAY_004117,CUST_0244,SUB_0244,1067.83,2024-04-01,NETWORK_ERROR,TECHNICAL,941,27,4,31,0.871,0.6,0.6,normal,0.129,0.871,growth,1067.83,monthly,UPDATE_PAYMENT_METHOD,0.3500293218925254,3.0,373.77181079649534,370.77181079649534,3
FAIL_000611,PAY_004117,CUST_0244,SUB_0244,1067.83,2024-04-01,NETWORK_ERROR,TECHNICAL,941,27,4,31,0.871,0.6,0.6,normal,0.129,0.871,growth,1067.83,monthly,SEND_REMINDER,0.3384276573354466,1.0,361.38320533250993,360.38320533250993,4
FAIL_000611,PAY_004117,CUST_0244,SUB_0244,1067.83,2024-04-01,NETWORK_ERROR,TECHNICAL,941,27,4,31,0.871,0.6,0.6,normal,0.129,0.871,growth,1067.83,monthly,PAYMENT_LINK,0.3091262201244181,3.0,330.09425163545734,327.09425163545734,5
FAIL_000611,PAY_004117,CUST_0244,SUB_0244,1067.83,2024-04-01,NETWORK_ERROR,TECHNICAL,941,27,4,31,0.871,0.6,0.6,normal,0.129,0.871,growth,1067.83,monthly,STOP,0.0,0.0,0.0,0.0,6
FAIL_000627,PAY_004208,CUST_0248,SUB_0248,200.0,2025-07-25,INSUFFICIENT_FUNDS,CUSTOMER_FINANCIAL,701,15,8,23,0.6522,0.3,0.25,low_engagement,0.3478,0.6522,starter,200.0,monthly,WAIT_AND_RETRY,0.6691197370286491,2.0,133.82394740572983,131.82394740572983,1
FAIL_000627,PAY_004208,CUST_0248,SUB_0248,200.0,2025-07-25,INSUFFICIENT_FUNDS,CUSTOMER_FINANCIAL,701,15,8,23,0.6522,0.3,0.25,low_engagement,0.3478,0.6522,starter,200.0,monthly,PAYMENT_LINK,0.5517085429562651,3.0,110.34170859125302,107.34170859125302,2
FAIL_000627,PAY_004208,CUST_0248,SUB_0248,200.0,2025-07-25,INSUFFICIENT_FUNDS,CUSTOMER_FINANCIAL,701,15,8,23,0.6522,0.3,0.25,low_engagement,0.3478,0.6522,starter,200.0,monthly,SEND_REMINDER,0.49541190831539017,1.0,99.08238166307804,98.08238166307804,3
FAIL_000627,PAY_004208,CUST_0248,SUB_0248,200.0,2025-07-25,INSUFFICIENT_FUNDS,CUSTOMER_FINANCIAL,701,15,8,23,0.6522,0.3,0.25,low_engagement,0.3478,0.6522,starter,200.0,monthly,RETRY_NOW,0.1922718001053238,2.0,38.45436002106476,36.45436002106476,4
FAIL_000627,PAY_004208,CUST_0248,SUB_0248,200.0,2025-07-25,INSUFFICIENT_FUNDS,CUSTOMER_FINANCIAL,701,15,8,23,0.6522,0.3,0.25,low_engagement,0.3478,0.6522,starter,200.0,monthly,UPDATE_PAYMENT_METHOD,0.15481751936718988,3.0,30.963503873437975,27.963503873437975,5
FAIL_000627,PAY_004208,CUST_0248,SUB_0248,200.0,2025-07-25,INSUFFICIENT_FUNDS,CUSTOMER_FINANCIAL,701,15,8,23,0.6522,0.3,0.25,low_engagement,0.3478,0.6522,starter,200.0,monthly,STOP,0.0,0.0,0.0,0.0,6
FAIL_000634,PAY_004294,CUST_0252,SUB_0252,609.3,2025-10-30,INSUFFICIENT_FUNDS,CUSTOMER_FINANCIAL,724,16,8,24,0.6667,0.3,0.25,low_engagement,0.3333,0.6667,starter,609.3,monthly,WAIT_AND_RETRY,0.7027986157376762,2.0,428.21519656896606,426.21519656896606,1
FAIL_000634,PAY_004294,CUST_0252,SUB_0252,609.3,2025-10-30,INSUFFICIENT_FUNDS,CUSTOMER_FINANCIAL,724,16,8,24,0.6667,0.3,0.25,low_engagement,0.3333,0.6667,starter,609.3,monthly,PAYMENT_LINK,0.5650592384719852,3.0,344.2905940009806,341.2905940009806,2
FAIL_000634,PAY_004294,CUST_0252,SUB_0252,609.3,2025-10-30,INSUFFICIENT_FUNDS,CUSTOMER_FINANCIAL,724,16,8,24,0.6667,0.3,0.25,low_engagement,0.3333,0.6667,starter,609.3,monthly,SEND_REMINDER,0.41044271529909054,1.0,250.08274643173584,249.08274643173584,3
FAIL_000634,PAY_004294,CUST_0252,SUB_0252,609.3,2025-10-30,INSUFFICIENT_FUNDS,CUSTOMER_FINANCIAL,724,16,8,24,0.6667,0.3,0.25,low_engagement,0.3333,0.6667,starter,609.3,monthly,RETRY_NOW,0.3336914857785054,2.0,203.3182222848433,201.3182222848433,4
FAIL_000634,PAY_004294,CUST_0252,SUB_0252,609.3,2025-10-30,INSUFFICIENT_FUNDS,CUSTOMER_FINANCIAL,724,16,8,24,0.6667,0.3,0.25,low_engagement,0.3333,0.6667,starter,609.3,monthly,UPDATE_PAYMENT_METHOD,0.18030663968175972,3.0,109.86083555809618,106.86083555809618,5
FAIL_000634,PAY_004294,CUST_0252,SUB_0252,609.3,2025-10-30,INSUFFICIENT_FUNDS,CUSTOMER_FINANCIAL,724,16,8,24,0.6667,0.3,0.25,low_engagement,0.3333,0.6667,starter,609.3,monthly,STOP,0.0,0.0,0.0,0.0,6
FAIL_000635,PAY_004297,CUST_0252,SUB_0252,609.3,2026-01-28,INSUFFICIENT_FUNDS,CUSTOMER_FINANCIAL,724,16,8,24,0.6667,0.3,0.25,low_engagement,0.3333,0.6667,starter,609.3,monthly,WAIT_AND_RETRY,0.7027986157376762,2.0,428.21519656896606,426.21519656896606,1
FAIL_000635,PAY_004297,CUST_0252,SUB_0252,609.3,2026-01-28,INSUFFICIENT_FUNDS,CUSTOMER_FINANCIAL,724,16,8,24,0.6667,0.3,0.25,low_engagement,0.3333,0.6667,starter,609.3,monthly,PAYMENT_LINK,0.5650592384719852,3.0,344.2905940009806,341.2905940009806,2
FAIL_000635,PAY_004297,CUST_0252,SUB_0252,609.3,2026-01-28,INSUFFICIENT_FUNDS,CUSTOMER_FINANCIAL,724,16,8,24,0.6667,0.3,0.25,low_engagement,0.3333,0.6667,starter,609.3,monthly,SEND_REMINDER,0.41044271529909054,1.0,250.08274643173584,249.08274643173584,3
FAIL_000635,PAY_004297,CUST_0252,SUB_0252,609.3,2026-01-28,INSUFFICIENT_FUNDS,CUSTOMER_FINANCIAL,724,16,8,24,0.6667,0.3,0.25,low_engagement,0.3333,0.6667,starter,609.3,monthly,RETRY_NOW,0.3336914857785054,2.0,203.3182222848433,201.3182222848433,4
FAIL_000635,PAY_004297,CUST_0252,SUB_0252,609.3,2026-01-28,INSUFFICIENT_FUNDS,CUSTOMER_FINANCIAL,724,16,8,24,0.6667,0.3,0.25,low_engagement,0.3333,0.6667,starter,609.3,monthly,UPDATE_PAYMENT_METHOD,0.18030663968175972,3.0,109.86083555809618,106.86083555809618,5
FAIL_000635,PAY_004297,CUST_0252,SUB_0252,609.3,2026-01-28,INSUFFICIENT_FUNDS,CUSTOMER_FINANCIAL,724,16,8,24,0.6667,0.3,0.25,low_engagement,0.3333,0.6667,starter,609.3,monthly,STOP,0.0,0.0,0.0,0.0,6
FAIL_000637,PAY_004303,CUST_0252,SUB_0252,609.3,2026-07-27,INSUFFICIENT_FUNDS,CUSTOMER_FINANCIAL,724,16,8,24,0.6667,0.3,0.25,low_engagement,0.3333,0.6667,starter,609.3,monthly,WAIT_AND_RETRY,0.7027986157376762,2.0,428.21519656896606,426.21519656896606,1
FAIL_000637,PAY_004303,CUST_0252,SUB_0252,609.3,2026-07-27,INSUFFICIENT_FUNDS,CUSTOMER_FINANCIAL,724,16,8,24,0.6667,0.3,0.25,low_engagement,0.3333,0.6667,starter,609.3,monthly,PAYMENT_LINK,0.5650592384719852,3.0,344.2905940009806,341.2905940009806,2
FAIL_000637,PAY_004303,CUST_0252,SUB_0252,609.3,2026-07-27,INSUFFICIENT_FUNDS,CUSTOMER_FINANCIAL,724,16,8,24,0.6667,0.3,0.25,low_engagement,0.3333,0.6667,starter,609.3,monthly,SEND_REMINDER,0.41044271529909054,1.0,250.08274643173584,249.08274643173584,3
FAIL_000637,PAY_004303,CUST_0252,SUB_0252,609.3,2026-07-27,INSUFFICIENT_FUNDS,CUSTOMER_FINANCIAL,724,16,8,24,0.6667,0.3,0.25,low_engagement,0.3333,0.6667,starter,609.3,monthly,RETRY_NOW,0.3336914857785054,2.0,203.3182222848433,201.3182222848433,4
FAIL_000637,PAY_004303,CUST_0252,SUB_0252,609.3,2026-07-27,INSUFFICIENT_FUNDS,CUSTOMER_FINANCIAL,724,16,8,24,0.6667,0.3,0.25,low_engagement,0.3333,0.6667,starter,609.3,monthly,UPDATE_PAYMENT_METHOD,0.18030663968175972,3.0,109.86083555809618,106.86083555809618,5
FAIL_000637,PAY_004303,CUST_0252,SUB_0252,609.3,2026-07-27,INSUFFICIENT_FUNDS,CUSTOMER_FINANCIAL,724,16,8,24,0.6667,0.3,0.25,low_engagement,0.3333,0.6667,starter,609.3,monthly,STOP,0.0,0.0,0.0,0.0,6
FAIL_000645,PAY_004352,CUST_0255,SUB_0255,893.84,2025-08-14,AUTHENTICATION_FAILED,CUSTOMER_ACTION,531,13,4,17,0.7647,0.3,0.25,low_engagement,0.2353,0.7647,starter,893.84,monthly,UPDATE_PAYMENT_METHOD,0.6919446125255245,3.0,618.4877724598149,615.4877724598149,1
FAIL_000645,PAY_004352,CUST_0255,SUB_0255,893.84,2025-08-14,AUTHENTICATION_FAILED,CUSTOMER_ACTION,531,13,4,17,0.7647,0.3,0.25,low_engagement,0.2353,0.7647,starter,893.84,monthly,PAYMENT_LINK,0.4632116345563564,3.0,414.0370874318536,411.0370874318536,2
FAIL_000645,PAY_004352,CUST_0255,SUB_0255,893.84,2025-08-14,AUTHENTICATION_FAILED,CUSTOMER_ACTION,531,13,4,17,0.7647,0.3,0.25,low_engagement,0.2353,0.7647,starter,893.84,monthly,SEND_REMINDER,0.3739335692755072,1.0,334.23678156121935,333.23678156121935,3
FAIL_000645,PAY_004352,CUST_0255,SUB_0255,893.84,2025-08-14,AUTHENTICATION_FAILED,CUSTOMER_ACTION,531,13,4,17,0.7647,0.3,0.25,low_engagement,0.2353,0.7647,starter,893.84,monthly,WAIT_AND_RETRY,0.3105388334205329,2.0,277.57203086460913,275.57203086460913,4
FAIL_000645,PAY_004352,CUST_0255,SUB_0255,893.84,2025-08-14,AUTHENTICATION_FAILED,CUSTOMER_ACTION,531,13,4,17,0.7647,0.3,0.25,low_engagement,0.2353,0.7647,starter,893.84,monthly,RETRY_NOW,0.04352652860761935,2.0,38.905752330634485,36.905752330634485,5
FAIL_000645,PAY_004352,CUST_0255,SUB_0255,893.84,2025-08-14,AUTHENTICATION_FAILED,CUSTOMER_ACTION,531,13,4,17,0.7647,0.3,0.25,low_engagement,0.2353,0.7647,starter,893.84,monthly,STOP,0.0,0.0,0.0,0.0,6
FAIL_000647,PAY_004357,CUST_0255,SUB_0255,893.84,2026-01-11,AUTHENTICATION_FAILED,CUSTOMER_ACTION,531,13,4,17,0.7647,0.3,0.25,low_engagement,0.2353,0.7647,starter,893.84,monthly,UPDATE_PAYMENT_METHOD,0.6919446125255245,3.0,618.4877724598149,615.4877724598149,1
FAIL_000647,PAY_004357,CUST_0255,SUB_0255,893.84,2026-01-11,AUTHENTICATION_FAILED,CUSTOMER_ACTION,531,13,4,17,0.7647,0.3,0.25,low_engagement,0.2353,0.7647,starter,893.84,monthly,PAYMENT_LINK,0.4632116345563564,3.0,414.0370874318536,411.0370874318536,2
FAIL_000647,PAY_004357,CUST_0255,SUB_0255,893.84,2026-01-11,AUTHENTICATION_FAILED,CUSTOMER_ACTION,531,13,4,17,0.7647,0.3,0.25,low_engagement,0.2353,0.7647,starter,893.84,monthly,SEND_REMINDER,0.3739335692755072,1.0,334.23678156121935,333.23678156121935,3
FAIL_000647,PAY_004357,CUST_0255,SUB_0255,893.84,2026-01-11,AUTHENTICATION_FAILED,CUSTOMER_ACTION,531,13,4,17,0.7647,0.3,0.25,low_engagement,0.2353,0.7647,starter,893.84,monthly,WAIT_AND_RETRY,0.3105388334205329,2.0,277.57203086460913,275.57203086460913,4
FAIL_000647,PAY_004357,CUST_0255,SUB_0255,893.84,2026-01-11,AUTHENTICATION_FAILED,CUSTOMER_ACTION,531,13,4,17,0.7647,0.3,0.25,low_engagement,0.2353,0.7647,starter,893.84,monthly,RETRY_NOW,0.04352652860761935,2.0,38.905752330634485,36.905752330634485,5
FAIL_000647,PAY_004357,CUST_0255,SUB_0255,893.84,2026-01-11,AUTHENTICATION_FAILED,CUSTOMER_ACTION,531,13,4,17,0.7647,0.3,0.25,low_engagement,0.2353,0.7647,starter,893.84,monthly,STOP,0.0,0.0,0.0,0.0,6
FAIL_000648,PAY_004358,CUST_0255,SUB_0255,893.84,2026-02-10,NETWORK_ERROR,TECHNICAL,531,13,4,17,0.7647,0.3,0.25,low_engagement,0.2353,0.7647,starter,893.84,monthly,RETRY_NOW,0.9054713621869852,2.0,809.3465223772149,807.3465223772149,1
FAIL_000648,PAY_004358,CUST_0255,SUB_0255,893.84,2026-02-10,NETWORK_ERROR,TECHNICAL,531,13,4,17,0.7647,0.3,0.25,low_engagement,0.2353,0.7647,starter,893.84,monthly,WAIT_AND_RETRY,0.8473154200430202,2.0,757.3644150512532,755.3644150512532,2
FAIL_000648,PAY_004358,CUST_0255,SUB_0255,893.84,2026-02-10,NETWORK_ERROR,TECHNICAL,531,13,4,17,0.7647,0.3,0.25,low_engagement,0.2353,0.7647,starter,893.84,monthly,PAYMENT_LINK,0.3423486267724077,3.0,306.0048965542489,303.0048965542489,3
FAIL_000648,PAY_004358,CUST_0255,SUB_0255,893.84,2026-02-10,NETWORK_ERROR,TECHNICAL,531,13,4,17,0.7647,0.3,0.25,low_engagement,0.2353,0.7647,starter,893.84,monthly,SEND_REMINDER,0.147685682201644,1.0,132.00737017911746,131.00737017911746,4
FAIL_000648,PAY_004358,CUST_0255,SUB_0255,893.84,2026-02-10,NETWORK_ERROR,TECHNICAL,531,13,4,17,0.7647,0.3,0.25,low_engagement,0.2353,0.7647,starter,893.84,monthly,UPDATE_PAYMENT_METHOD,0.03792677845002837,3.0,33.90047164977336,30.90047164977336,5
FAIL_000648,PAY_004358,CUST_0255,SUB_0255,893.84,2026-02-10,NETWORK_ERROR,TECHNICAL,531,13,4,17,0.7647,0.3,0.25,low_engagement,0.2353,0.7647,starter,893.84,monthly,STOP,0.0,0.0,0.0,0.0,6
FAIL_000652,PAY_004454,CUST_0261,SUB_0261,768.63,2026-03-02,INSUFFICIENT_FUNDS,CUSTOMER_FINANCIAL,211,5,2,7,0.7143,0.3,0.25,low_engagement,0.2857,0.7143,starter,768.63,monthly,WAIT_AND_RETRY,0.7580673699770107,2.0,582.6733225854298,580.6733225854298,1
FAIL_000652,PAY_004454,CUST_0261,SUB_0261,768.63,2026-03-02,INSUFFICIENT_FUNDS,CUSTOMER_FINANCIAL,211,5,2,7,0.7143,0.3,0.25,low_engagement,0.2857,0.7143,starter,768.63,monthly,PAYMENT_LINK,0.5620078427610332,3.0,431.97608818141293,428.97608818141293,2
FAIL_000652,PAY_004454,CUST_0261,SUB_0261,768.63,2026-03-02,INSUFFICIENT_FUNDS,CUSTOMER_FINANCIAL,211,5,2,7,0.7143,0.3,0.25,low_engagement,0.2857,0.7143,starter,768.63,monthly,RETRY_NOW,0.39259748765048286,2.0,301.76220693279066,299.76220693279066,3
FAIL_000652,PAY_004454,CUST_0261,SUB_0261,768.63,2026-03-02,INSUFFICIENT_FUNDS,CUSTOMER_FINANCIAL,211,5,2,7,0.7143,0.3,0.25,low_engagement,0.2857,0.7143,starter,768.63,monthly,SEND_REMINDER,0.335424201357398,1.0,257.8171038893368,256.8171038893368,4
FAIL_000652,PAY_004454,CUST_0261,SUB_0261,768.63,2026-03-02,INSUFFICIENT_FUNDS,CUSTOMER_FINANCIAL,211,5,2,7,0.7143,0.3,0.25,low_engagement,0.2857,0.7143,starter,768.63,monthly,UPDATE_PAYMENT_METHOD,0.0689572210077643,3.0,53.00258878319787,50.00258878319787,5
FAIL_000652,PAY_004454,CUST_0261,SUB_0261,768.63,2026-03-02,INSUFFICIENT_FUNDS,CUSTOMER_FINANCIAL,211,5,2,7,0.7143,0.3,0.25,low_engagement,0.2857,0.7143,starter,768.63,monthly,STOP,0.0,0.0,0.0,0.0,6
FAIL_000653,PAY_004462,CUST_0262,SUB_0262,1739.87,2024-08-14,LIMIT_EXCEEDED,PAYMENT_LIMIT,806,23,3,26,0.8846,0.8,0.85,reliable,0.1154,0.8846,starter,1739.87,monthly,SEND_REMINDER,0.5874164888914143,1.0,1022.0283265275049,1021.0283265275049,1
FAIL_000653,PAY_004462,CUST_0262,SUB_0262,1739.87,2024-08-14,LIMIT_EXCEEDED,PAYMENT_LIMIT,806,23,3,26,0.8846,0.8,0.85,reliable,0.1154,0.8846,starter,1739.87,monthly,PAYMENT_LINK,0.5755067624875986,3.0,1001.3069508492981,998.3069508492981,2
FAIL_000653,PAY_004462,CUST_0262,SUB_0262,1739.87,2024-08-14,LIMIT_EXCEEDED,PAYMENT_LIMIT,806,23,3,26,0.8846,0.8,0.85,reliable,0.1154,0.8846,starter,1739.87,monthly,WAIT_AND_RETRY,0.4451290589066203,2.0,774.4666957198614,772.4666957198614,3
FAIL_000653,PAY_004462,CUST_0262,SUB_0262,1739.87,2024-08-14,LIMIT_EXCEEDED,PAYMENT_LIMIT,806,23,3,26,0.8846,0.8,0.85,reliable,0.1154,0.8846,starter,1739.87,monthly,UPDATE_PAYMENT_METHOD,0.42399541800938106,3.0,737.6969079319817,734.6969079319817,4
FAIL_000653,PAY_004462,CUST_0262,SUB_0262,1739.87,2024-08-14,LIMIT_EXCEEDED,PAYMENT_LIMIT,806,23,3,26,0.8846,0.8,0.85,reliable,0.1154,0.8846,starter,1739.87,monthly,RETRY_NOW,0.3613926254035145,2.0,628.7761871608128,626.7761871608128,5
FAIL_000653,PAY_004462,CUST_0262,SUB_0262,1739.87,2024-08-14,LIMIT_EXCEEDED,PAYMENT_LIMIT,806,23,3,26,0.8846,0.8,0.85,reliable,0.1154,0.8846,starter,1739.87,monthly,STOP,0.0,0.0,0.0,0.0,6
FAIL_000654,PAY_004463,CUST_0262,SUB_0262,1739.87,2024-09-13,BANK_DECLINED,ISSUER_DECLINE,806,23,3,26,0.8846,0.8,0.85,reliable,0.1154,0.8846,starter,1739.87,monthly,PAYMENT_LINK,0.6506566116763145,3.0,1132.0579189572693,1129.0579189572693,1
FAIL_000654,PAY_004463,CUST_0262,SUB_0262,1739.87,2024-09-13,BANK_DECLINED,ISSUER_DECLINE,806,23,3,26,0.8846,0.8,0.85,reliable,0.1154,0.8846,starter,1739.87,monthly,WAIT_AND_RETRY,0.5798281632952881,2.0,1008.8256264725728,1006.8256264725728,2
FAIL_000654,PAY_004463,CUST_0262,SUB_0262,1739.87,2024-09-13,BANK_DECLINED,ISSUER_DECLINE,806,23,3,26,0.8846,0.8,0.85,reliable,0.1154,0.8846,starter,1739.87,monthly,SEND_REMINDER,0.4085989891454411,1.0,710.9091232444786,709.9091232444786,3
FAIL_000654,PAY_004463,CUST_0262,SUB_0262,1739.87,2024-09-13,BANK_DECLINED,ISSUER_DECLINE,806,23,3,26,0.8846,0.8,0.85,reliable,0.1154,0.8846,starter,1739.87,monthly,RETRY_NOW,0.2460428575104917,2.0,428.0825864967792,426.0825864967792,4
FAIL_000654,PAY_004463,CUST_0262,SUB_0262,1739.87,2024-09-13,BANK_DECLINED,ISSUER_DECLINE,806,23,3,26,0.8846,0.8,0.85,reliable,0.1154,0.8846,starter,1739.87,monthly,UPDATE_PAYMENT_METHOD,0.18725080539527766,3.0,325.79205878308176,322.79205878308176,5
FAIL_000654,PAY_004463,CUST_0262,SUB_0262,1739.87,2024-09-13,BANK_DECLINED,ISSUER_DECLINE,806,23,3,26,0.8846,0.8,0.85,reliable,0.1154,0.8846,starter,1739.87,monthly,STOP,0.0,0.0,0.0,0.0,6
FAIL_000656,PAY_004480,CUST_0262,SUB_0262,1739.87,2026-02-05,BANK_DECLINED,ISSUER_DECLINE,806,23,3,26,0.8846,0.8,0.85,reliable,0.1154,0.8846,starter,1739.87,monthly,PAYMENT_LINK,0.6506566116763145,3.0,1132.0579189572693,1129.0579189572693,1
FAIL_000656,PAY_004480,CUST_0262,SUB_0262,1739.87,2026-02-05,BANK_DECLINED,ISSUER_DECLINE,806,23,3,26,0.8846,0.8,0.85,reliable,0.1154,0.8846,starter,1739.87,monthly,WAIT_AND_RETRY,0.5798281632952881,2.0,1008.8256264725728,1006.8256264725728,2
FAIL_000656,PAY_004480,CUST_0262,SUB_0262,1739.87,2026-02-05,BANK_DECLINED,ISSUER_DECLINE,806,23,3,26,0.8846,0.8,0.85,reliable,0.1154,0.8846,starter,1739.87,monthly,SEND_REMINDER,0.4085989891454411,1.0,710.9091232444786,709.9091232444786,3
FAIL_000656,PAY_004480,CUST_0262,SUB_0262,1739.87,2026-02-05,BANK_DECLINED,ISSUER_DECLINE,806,23,3,26,0.8846,0.8,0.85,reliable,0.1154,0.8846,starter,1739.87,monthly,RETRY_NOW,0.2460428575104917,2.0,428.0825864967792,426.0825864967792,4
FAIL_000656,PAY_004480,CUST_0262,SUB_0262,1739.87,2026-02-05,BANK_DECLINED,ISSUER_DECLINE,806,23,3,26,0.8846,0.8,0.85,reliable,0.1154,0.8846,starter,1739.87,monthly,UPDATE_PAYMENT_METHOD,0.18725080539527766,3.0,325.79205878308176,322.79205878308176,5
FAIL_000656,PAY_004480,CUST_0262,SUB_0262,1739.87,2026-02-05,BANK_DECLINED,ISSUER_DECLINE,806,23,3,26,0.8846,0.8,0.85,reliable,0.1154,0.8846,starter,1739.87,monthly,STOP,0.0,0.0,0.0,0.0,6
FAIL_000662,PAY_004578,CUST_0268,SUB_0268,648.75,2025-05-30,INSUFFICIENT_FUNDS,CUSTOMER_FINANCIAL,817,23,4,27,0.8519,0.6,0.6,normal,0.1481,0.8519,growth,648.75,monthly,WAIT_AND_RETRY,0.7711522797628496,2.0,500.28504149614866,498.28504149614866,1
FAIL_000662,PAY_004578,CUST_0268,SUB_0268,648.75,2025-05-30,INSUFFICIENT_FUNDS,CUSTOMER_FINANCIAL,817,23,4,27,0.8519,0.6,0.6,normal,0.1481,0.8519,growth,648.75,monthly,PAYMENT_LINK,0.7019064639619035,3.0,455.36181849528487,452.36181849528487,2
FAIL_000662,PAY_004578,CUST_0268,SUB_0268,648.75,2025-05-30,INSUFFICIENT_FUNDS,CUSTOMER_FINANCIAL,817,23,4,27,0.8519,0.6,0.6,normal,0.1481,0.8519,growth,648.75,monthly,SEND_REMINDER,0.5780511155236054,1.0,375.010661195939,374.010661195939,3
FAIL_000662,PAY_004578,CUST_0268,SUB_0268,648.75,2025-05-30,INSUFFICIENT_FUNDS,CUSTOMER_FINANCIAL,817,23,4,27,0.8519,0.6,0.6,normal,0.1481,0.8519,growth,648.75,monthly,RETRY_NOW,0.5161393901595904,2.0,334.8454293660343,332.8454293660343,4
FAIL_000662,PAY_004578,CUST_0268,SUB_0268,648.75,2025-05-30,INSUFFICIENT_FUNDS,CUSTOMER_FINANCIAL,817,23,4,27,0.8519,0.6,0.6,normal,0.1481,0.8519,growth,648.75,monthly,UPDATE_PAYMENT_METHOD,0.27691913185416767,3.0,179.65128679039128,176.65128679039128,5
FAIL_000662,PAY_004578,CUST_0268,SUB_0268,648.75,2025-05-30,INSUFFICIENT_FUNDS,CUSTOMER_FINANCIAL,817,23,4,27,0.8519,0.6,0.6,normal,0.1481,0.8519,growth,648.75,monthly,STOP,0.0,0.0,0.0,0.0,6
FAIL_000666,PAY_004597,CUST_0269,SUB_0269,1477.76,2026-06-29,BANK_DECLINED,ISSUER_DECLINE,182,5,1,6,0.8333,0.35,0.45,friction_prone,0.1667,0.8333,growth,1477.76,monthly,WAIT_AND_RETRY,0.5986960138268409,2.0,884.7290213927524,882.7290213927524,1
FAIL_000666,PAY_004597,CUST_0269,SUB_0269,1477.76,2026-06-29,BANK_DECLINED,ISSUER_DECLINE,182,5,1,6,0.8333,0.35,0.45,friction_prone,0.1667,0.8333,growth,1477.76,monthly,PAYMENT_LINK,0.25686745737265415,3.0,379.5884538070134,376.5884538070134,2
FAIL_000666,PAY_004597,CUST_0269,SUB_0269,1477.76,2026-06-29,BANK_DECLINED,ISSUER_DECLINE,182,5,1,6,0.8333,0.35,0.45,friction_prone,0.1667,0.8333,growth,1477.76,monthly,RETRY_NOW,0.2070910477589177,2.0,306.03086673621823,304.03086673621823,3
FAIL_000666,PAY_004597,CUST_0269,SUB_0269,1477.76,2026-06-29,BANK_DECLINED,ISSUER_DECLINE,182,5,1,6,0.8333,0.35,0.45,friction_prone,0.1667,0.8333,growth,1477.76,monthly,UPDATE_PAYMENT_METHOD,0.14287995615489646,3.0,211.14228400745978,208.14228400745978,4
FAIL_000666,PAY_004597,CUST_0269,SUB_0269,1477.76,2026-06-29,BANK_DECLINED,ISSUER_DECLINE,182,5,1,6,0.8333,0.35,0.45,friction_prone,0.1667,0.8333,growth,1477.76,monthly,SEND_REMINDER,0.13814549226055134,1.0,204.14588264295236,203.14588264295236,5
FAIL_000666,PAY_004597,CUST_0269,SUB_0269,1477.76,2026-06-29,BANK_DECLINED,ISSUER_DECLINE,182,5,1,6,0.8333,0.35,0.45,friction_prone,0.1667,0.8333,growth,1477.76,monthly,STOP,0.0,0.0,0.0,0.0,6
FAIL_000667,PAY_004608,CUST_0270,SUB_0270,462.89,2026-07-24,NETWORK_ERROR,TECHNICAL,307,9,1,10,0.9,0.35,0.45,friction_prone,0.1,0.9,pro,462.89,monthly,RETRY_NOW,0.9348966027253003,2.0,432.75428843551424,430.75428843551424,1
FAIL_000667,PAY_004608,CUST_0270,SUB_0270,462.89,2026-07-24,NETWORK_ERROR,TECHNICAL,307,9,1,10,0.9,0.35,0.45,friction_prone,0.1,0.9,pro,462.89,monthly,WAIT_AND_RETRY,0.8257063407368344,2.0,382.21120806367327,380.21120806367327,2
FAIL_000667,PAY_004608,CUST_0270,SUB_0270,462.89,2026-07-24,NETWORK_ERROR,TECHNICAL,307,9,1,10,0.9,0.35,0.45,friction_prone,0.1,0.9,pro,462.89,monthly,PAYMENT_LINK,0.5422675094062851,3.0,251.0102074290753,248.0102074290753,3
FAIL_000667,PAY_004608,CUST_0270,SUB_0270,462.89,2026-07-24,NETWORK_ERROR,TECHNICAL,307,9,1,10,0.9,0.35,0.45,friction_prone,0.1,0.9,pro,462.89,monthly,SEND_REMINDER,0.3466976363742872,1.0,160.48286890129378,159.48286890129378,4
FAIL_000667,PAY_004608,CUST_0270,SUB_0270,462.89,2026-07-24,NETWORK_ERROR,TECHNICAL,307,9,1,10,0.9,0.35,0.45,friction_prone,0.1,0.9,pro,462.89,monthly,UPDATE_PAYMENT_METHOD,0.16349151580688598,3.0,75.67858775184945,72.67858775184945,5
FAIL_000667,PAY_004608,CUST_0270,SUB_0270,462.89,2026-07-24,NETWORK_ERROR,TECHNICAL,307,9,1,10,0.9,0.35,0.45,friction_prone,0.1,0.9,pro,462.89,monthly,STOP,0.0,0.0,0.0,0.0,6
FAIL_000670,PAY_004676,CUST_0276,SUB_0276,382.33,2025-06-26,BANK_DECLINED,ISSUER_DECLINE,640,15,6,21,0.7143,0.3,0.25,low_engagement,0.2857,0.7143,starter,382.33,monthly,PAYMENT_LINK,0.5648223373569844,3.0,215.94852424169582,212.94852424169582,1
FAIL_000670,PAY_004676,CUST_0276,SUB_0276,382.33,2025-06-26,BANK_DECLINED,ISSUER_DECLINE,640,15,6,21,0.7143,0.3,0.25,low_engagement,0.2857,0.7143,starter,382.33,monthly,WAIT_AND_RETRY,0.5203876517167387,2.0,198.95981088086072,196.95981088086072,2
FAIL_000670,PAY_004676,CUST_0276,SUB_0276,382.33,2025-06-26,BANK_DECLINED,ISSUER_DECLINE,640,15,6,21,0.7143,0.3,0.25,low_engagement,0.2857,0.7143,starter,382.33,monthly,UPDATE_PAYMENT_METHOD,0.27489466704037224,3.0,105.10047804954552,102.10047804954552,3
FAIL_000670,PAY_004676,CUST_0276,SUB_0276,382.33,2025-06-26,BANK_DECLINED,ISSUER_DECLINE,640,15,6,21,0.7143,0.3,0.25,low_engagement,0.2857,0.7143,starter,382.33,monthly,RETRY_NOW,0.20214775437229898,2.0,77.28715092916107,75.28715092916107,4
FAIL_000670,PAY_004676,CUST_0276,SUB_0276,382.33,2025-06-26,BANK_DECLINED,ISSUER_DECLINE,640,15,6,21,0.7143,0.3,0.25,low_engagement,0.2857,0.7143,starter,382.33,monthly,SEND_REMINDER,0.13190999541923107,1.0,50.43314854863461,49.43314854863461,5
FAIL_000670,PAY_004676,CUST_0276,SUB_0276,382.33,2025-06-26,BANK_DECLINED,ISSUER_DECLINE,640,15,6,21,0.7143,0.3,0.25,low_engagement,0.2857,0.7143,starter,382.33,monthly,STOP,0.0,0.0,0.0,0.0,6
FAIL_000675,PAY_004692,CUST_0277,SUB_0277,470.05,2025-02-15,NETWORK_ERROR,TECHNICAL,621,10,10,20,0.5,0.3,0.25,low_engagement,0.5,0.5,starter,470.05,monthly,RETRY_NOW,0.8060358909000528,2.0,378.8771705175698,376.8771705175698,1
FAIL_000675,PAY_004692,CUST_0277,SUB_0277,470.05,2025-02-15,NETWORK_ERROR,TECHNICAL,621,10,10,20,0.5,0.3,0.25,low_engagement,0.5,0.5,starter,470.05,monthly,WAIT_AND_RETRY,0.6896599954406176,2.0,324.1746808568623,322.1746808568623,2
FAIL_000675,PAY_004692,CUST_0277,SUB_0277,470.05,2025-02-15,NETWORK_ERROR,TECHNICAL,621,10,10,20,0.5,0.3,0.25,low_engagement,0.5,0.5,starter,470.05,monthly,SEND_REMINDER,0.3498996260111068,1.0,164.47031920652074,163.47031920652074,3
FAIL_000675,PAY_004692,CUST_0277,SUB_0277,470.05,2025-02-15,NETWORK_ERROR,TECHNICAL,621,10,10,20,0.5,0.3,0.25,low_engagement,0.5,0.5,starter,470.05,monthly,PAYMENT_LINK,0.139792932804073,3.0,65.70966806455452,62.70966806455452,4
FAIL_000675,PAY_004692,CUST_0277,SUB_0277,470.05,2025-02-15,NETWORK_ERROR,TECHNICAL,621,10,10,20,0.5,0.3,0.25,low_engagement,0.5,0.5,starter,470.05,monthly,UPDATE_PAYMENT_METHOD,0.017804250845559724,3.0,8.368888109955348,5.368888109955348,5
FAIL_000675,PAY_004692,CUST_0277,SUB_0277,470.05,2025-02-15,NETWORK_ERROR,TECHNICAL,621,10,10,20,0.5,0.3,0.25,low_engagement,0.5,0.5,starter,470.05,monthly,STOP,0.0,0.0,0.0,0.0,6
FAIL_000677,PAY_004699,CUST_0277,SUB_0277,470.05,2025-09-13,CARD_EXPIRED,PAYMENT_METHOD,621,10,10,20,0.5,0.3,0.25,low_engagement,0.5,0.5,starter,470.05,monthly,UPDATE_PAYMENT_METHOD,0.797548616899462,3.0,374.8877273735921,371.8877273735921,1
FAIL_000677,PAY_004699,CUST_0277,SUB_0277,470.05,2025-09-13,CARD_EXPIRED,PAYMENT_METHOD,621,10,10,20,0.5,0.3,0.25,low_engagement,0.5,0.5,starter,470.05,monthly,PAYMENT_LINK,0.2469554310399739,3.0,116.08140036033973,113.08140036033973,2
FAIL_000677,PAY_004699,CUST_0277,SUB_0277,470.05,2025-09-13,CARD_EXPIRED,PAYMENT_METHOD,621,10,10,20,0.5,0.3,0.25,low_engagement,0.5,0.5,starter,470.05,monthly,SEND_REMINDER,0.12888503490325467,1.0,60.58241065627486,59.58241065627486,3
FAIL_000677,PAY_004699,CUST_0277,SUB_0277,470.05,2025-09-13,CARD_EXPIRED,PAYMENT_METHOD,621,10,10,20,0.5,0.3,0.25,low_engagement,0.5,0.5,starter,470.05,monthly,RETRY_NOW,0.09746449528615561,2.0,45.81318600925744,43.81318600925744,4
FAIL_000677,PAY_004699,CUST_0277,SUB_0277,470.05,2025-09-13,CARD_EXPIRED,PAYMENT_METHOD,621,10,10,20,0.5,0.3,0.25,low_engagement,0.5,0.5,starter,470.05,monthly,WAIT_AND_RETRY,0.06936358491670744,2.0,32.604353090098336,30.604353090098336,5
FAIL_000677,PAY_004699,CUST_0277,SUB_0277,470.05,2025-09-13,CARD_EXPIRED,PAYMENT_METHOD,621,10,10,20,0.5,0.3,0.25,low_engagement,0.5,0.5,starter,470.05,monthly,STOP,0.0,0.0,0.0,0.0,6
FAIL_000682,PAY_004706,CUST_0277,SUB_0277,470.05,2026-04-11,INSUFFICIENT_FUNDS,CUSTOMER_FINANCIAL,621,10,10,20,0.5,0.3,0.25,low_engagement,0.5,0.5,starter,470.05,monthly,WAIT_AND_RETRY,0.7032151599004375,2.0,330.54628591120064,328.54628591120064,1
FAIL_000682,PAY_004706,CUST_0277,SUB_0277,470.05,2026-04-11,INSUFFICIENT_FUNDS,CUSTOMER_FINANCIAL,621,10,10,20,0.5,0.3,0.25,low_engagement,0.5,0.5,starter,470.05,monthly,SEND_REMINDER,0.5891449197376941,1.0,276.92756952270315,275.92756952270315,2
FAIL_000682,PAY_004706,CUST_0277,SUB_0277,470.05,2026-04-11,INSUFFICIENT_FUNDS,CUSTOMER_FINANCIAL,621,10,10,20,0.5,0.3,0.25,low_engagement,0.5,0.5,starter,470.05,monthly,PAYMENT_LINK,0.34723557831653284,3.0,163.21808358768627,160.21808358768627,3
FAIL_000682,PAY_004706,CUST_0277,SUB_0277,470.05,2026-04-11,INSUFFICIENT_FUNDS,CUSTOMER_FINANCIAL,621,10,10,20,0.5,0.3,0.25,low_engagement,0.5,0.5,starter,470.05,monthly,UPDATE_PAYMENT_METHOD,0.24011414386998525,3.0,112.86565332608657,109.86565332608657,4
FAIL_000682,PAY_004706,CUST_0277,SUB_0277,470.05,2026-04-11,INSUFFICIENT_FUNDS,CUSTOMER_FINANCIAL,621,10,10,20,0.5,0.3,0.25,low_engagement,0.5,0.5,starter,470.05,monthly,RETRY_NOW,0.1145689969583819,2.0,53.85315702028741,51.85315702028741,5
FAIL_000682,PAY_004706,CUST_0277,SUB_0277,470.05,2026-04-11,INSUFFICIENT_FUNDS,CUSTOMER_FINANCIAL,621,10,10,20,0.5,0.3,0.25,low_engagement,0.5,0.5,starter,470.05,monthly,STOP,0.0,0.0,0.0,0.0,6
FAIL_000696,PAY_004766,CUST_0281,SUB_0281,913.36,2026-03-24,NETWORK_ERROR,TECHNICAL,759,20,5,25,0.8,0.6,0.6,normal,0.2,0.8,growth,913.36,monthly,RETRY_NOW,0.8641290189415015,2.0,789.2608807404098,787.2608807404098,1
FAIL_000696,PAY_004766,CUST_0281,SUB_0281,913.36,2026-03-24,NETWORK_ERROR,TECHNICAL,759,20,5,25,0.8,0.6,0.6,normal,0.2,0.8,growth,913.36,monthly,WAIT_AND_RETRY,0.8463436037616376,2.0,773.0163939317293,771.0163939317293,2
FAIL_000696,PAY_004766,CUST_0281,SUB_0281,913.36,2026-03-24,NETWORK_ERROR,TECHNICAL,759,20,5,25,0.8,0.6,0.6,normal,0.2,0.8,growth,913.36,monthly,SEND_REMINDER,0.3960626463742755,1.0,361.7477786924083,360.7477786924083,3
FAIL_000696,PAY_004766,CUST_0281,SUB_0281,913.36,2026-03-24,NETWORK_ERROR,TECHNICAL,759,20,5,25,0.8,0.6,0.6,normal,0.2,0.8,growth,913.36,monthly,PAYMENT_LINK,0.3704044944697448,3.0,338.3126490688861,335.3126490688861,4
FAIL_000696,PAY_004766,CUST_0281,SUB_0281,913.36,2026-03-24,NETWORK_ERROR,TECHNICAL,759,20,5,25,0.8,0.6,0.6,normal,0.2,0.8,growth,913.36,monthly,UPDATE_PAYMENT_METHOD,0.34047549838147834,3.0,310.97670120170704,307.97670120170704,5
FAIL_000696,PAY_004766,CUST_0281,SUB_0281,913.36,2026-03-24,NETWORK_ERROR,TECHNICAL,759,20,5,25,0.8,0.6,0.6,normal,0.2,0.8,growth,913.36,monthly,STOP,0.0,0.0,0.0,0.0,6
FAIL_000701,PAY_004795,CUST_0285,SUB_0285,472.43,2025-07-29,NETWORK_ERROR,TECHNICAL,547,17,1,18,0.9444,0.6,0.6,normal,0.0556,0.9444,growth,472.43,monthly,RETRY_NOW,0.9020773375091571,2.0,426.1683965594511,424.1683965594511,1
FAIL_000701,PAY_004795,CUST_0285,SUB_0285,472.43,2025-07-29,NETWORK_ERROR,TECHNICAL,547,17,1,18,0.9444,0.6,0.6,normal,0.0556,0.9444,growth,472.43,monthly,WAIT_AND_RETRY,0.8537516903918819,2.0,403.33791109183676,401.33791109183676,2
FAIL_000701,PAY_004795,CUST_0285,SUB_0285,472.43,2025-07-29,NETWORK_ERROR,TECHNICAL,547,17,1,18,0.9444,0.6,0.6,normal,0.0556,0.9444,growth,472.43,monthly,PAYMENT_LINK,0.5126615263113595,3.0,242.1966848752756,239.1966848752756,3
FAIL_000701,PAY_004795,CUST_0285,SUB_0285,472.43,2025-07-29,NETWORK_ERROR,TECHNICAL,547,17,1,18,0.9444,0.6,0.6,normal,0.0556,0.9444,growth,472.43,monthly,SEND_REMINDER,0.35240315961827573,1.0,166.485824698462,165.485824698462,4
FAIL_000701,PAY_004795,CUST_0285,SUB_0285,472.43,2025-07-29,NETWORK_ERROR,TECHNICAL,547,17,1,18,0.9444,0.6,0.6,normal,0.0556,0.9444,growth,472.43,monthly,UPDATE_PAYMENT_METHOD,0.33054637100676804,3.0,156.16002205472742,153.16002205472742,5
FAIL_000701,PAY_004795,CUST_0285,SUB_0285,472.43,2025-07-29,NETWORK_ERROR,TECHNICAL,547,17,1,18,0.9444,0.6,0.6,normal,0.0556,0.9444,growth,472.43,monthly,STOP,0.0,0.0,0.0,0.0,6
FAIL_000713,PAY_004891,CUST_0291,SUB_0291,1068.05,2026-03-10,LIMIT_EXCEEDED,PAYMENT_LIMIT,293,7,2,9,0.7778,0.35,0.45,friction_prone,0.2222,0.7778,starter,1068.05,monthly,PAYMENT_LINK,0.6254776360561708,3.0,668.0413891897932,665.0413891897932,1
FAIL_000713,PAY_004891,CUST_0291,SUB_0291,1068.05,2026-03-10,LIMIT_EXCEEDED,PAYMENT_LIMIT,293,7,2,9,0.7778,0.35,0.45,friction_prone,0.2222,0.7778,starter,1068.05,monthly,WAIT_AND_RETRY,0.49735639227906736,2.0,531.2014947736578,529.2014947736578,2
FAIL_000713,PAY_004891,CUST_0291,SUB_0291,1068.05,2026-03-10,LIMIT_EXCEEDED,PAYMENT_LIMIT,293,7,2,9,0.7778,0.35,0.45,friction_prone,0.2222,0.7778,starter,1068.05,monthly,UPDATE_PAYMENT_METHOD,0.33189054306781046,3.0,354.47569452357493,351.47569452357493,3
FAIL_000713,PAY_004891,CUST_0291,SUB_0291,1068.05,2026-03-10,LIMIT_EXCEEDED,PAYMENT_LIMIT,293,7,2,9,0.7778,0.35,0.45,friction_prone,0.2222,0.7778,starter,1068.05,monthly,SEND_REMINDER,0.1518471960359552,1.0,162.18039772620193,161.18039772620193,4
FAIL_000713,PAY_004891,CUST_0291,SUB_0291,1068.05,2026-03-10,LIMIT_EXCEEDED,PAYMENT_LIMIT,293,7,2,9,0.7778,0.35,0.45,friction_prone,0.2222,0.7778,starter,1068.05,monthly,RETRY_NOW,0.04877285559247556,2.0,52.09184841554352,50.09184841554352,5
FAIL_000713,PAY_004891,CUST_0291,SUB_0291,1068.05,2026-03-10,LIMIT_EXCEEDED,PAYMENT_LIMIT,293,7,2,9,0.7778,0.35,0.45,friction_prone,0.2222,0.7778,starter,1068.05,monthly,STOP,0.0,0.0,0.0,0.0,6
FAIL_000721,PAY_004965,CUST_0298,SUB_0298,706.23,2024-12-12,INSUFFICIENT_FUNDS,CUSTOMER_FINANCIAL,836,17,10,27,0.6296,0.35,0.45,friction_prone,0.3704,0.6296,pro,706.23,monthly,WAIT_AND_RETRY,0.6939987076624857,2.0,490.1227073124773,488.1227073124773,1
FAIL_000721,PAY_004965,CUST_0298,SUB_0298,706.23,2024-12-12,INSUFFICIENT_FUNDS,CUSTOMER_FINANCIAL,836,17,10,27,0.6296,0.35,0.45,friction_prone,0.3704,0.6296,pro,706.23,monthly,PAYMENT_LINK,0.6339498239222098,3.0,447.7143841485822,444.7143841485822,2
FAIL_000721,PAY_004965,CUST_0298,SUB_0298,706.23,2024-12-12,INSUFFICIENT_FUNDS,CUSTOMER_FINANCIAL,836,17,10,27,0.6296,0.35,0.45,friction_prone,0.3704,0.6296,pro,706.23,monthly,SEND_REMINDER,0.5010493305759054,1.0,353.8560687326217,352.8560687326217,3
FAIL_000721,PAY_004965,CUST_0298,SUB_0298,706.23,2024-12-12,INSUFFICIENT_FUNDS,CUSTOMER_FINANCIAL,836,17,10,27,0.6296,0.35,0.45,friction_prone,0.3704,0.6296,pro,706.23,monthly,UPDATE_PAYMENT_METHOD,0.2856133192641238,3.0,201.70869446390216,198.70869446390216,4
FAIL_000721,PAY_004965,CUST_0298,SUB_0298,706.23,2024-12-12,INSUFFICIENT_FUNDS,CUSTOMER_FINANCIAL,836,17,10,27,0.6296,0.35,0.45,friction_prone,0.3704,0.6296,pro,706.23,monthly,RETRY_NOW,0.2067399437893628,2.0,146.00595050236169,144.00595050236169,5
FAIL_000721,PAY_004965,CUST_0298,SUB_0298,706.23,2024-12-12,INSUFFICIENT_FUNDS,CUSTOMER_FINANCIAL,836,17,10,27,0.6296,0.35,0.45,friction_prone,0.3704,0.6296,pro,706.23,monthly,STOP,0.0,0.0,0.0,0.0,6
FAIL_000726,PAY_004993,CUST_0299,SUB_0299,8559.42,2025-07-27,LIMIT_EXCEEDED,PAYMENT_LIMIT,639,19,2,21,0.9048,0.82,0.9,high_value_loyal,0.0952,0.9048,pro,8559.42,monthly,PAYMENT_LINK,0.7471198776136792,3.0,6394.912822844078,6391.912822844078,1
FAIL_000726,PAY_004993,CUST_0299,SUB_0299,8559.42,2025-07-27,LIMIT_EXCEEDED,PAYMENT_LIMIT,639,19,2,21,0.9048,0.82,0.9,high_value_loyal,0.0952,0.9048,pro,8559.42,monthly,WAIT_AND_RETRY,0.6909135647144627,2.0,5913.819384088267,5911.819384088267,2
FAIL_000726,PAY_004993,CUST_0299,SUB_0299,8559.42,2025-07-27,LIMIT_EXCEEDED,PAYMENT_LIMIT,639,19,2,21,0.9048,0.82,0.9,high_value_loyal,0.0952,0.9048,pro,8559.42,monthly,UPDATE_PAYMENT_METHOD,0.4932685383380248,3.0,4222.092592421256,4219.092592421256,3
FAIL_000726,PAY_004993,CUST_0299,SUB_0299,8559.42,2025-07-27,LIMIT_EXCEEDED,PAYMENT_LIMIT,639,19,2,21,0.9048,0.82,0.9,high_value_loyal,0.0952,0.9048,pro,8559.42,monthly,SEND_REMINDER,0.4558834837920172,1.0,3902.098208839068,3901.098208839068,4
FAIL_000726,PAY_004993,CUST_0299,SUB_0299,8559.42,2025-07-27,LIMIT_EXCEEDED,PAYMENT_LIMIT,639,19,2,21,0.9048,0.82,0.9,high_value_loyal,0.0952,0.9048,pro,8559.42,monthly,RETRY_NOW,0.22760049382022138,2.0,1948.1282188146793,1946.1282188146793,5
FAIL_000726,PAY_004993,CUST_0299,SUB_0299,8559.42,2025-07-27,LIMIT_EXCEEDED,PAYMENT_LIMIT,639,19,2,21,0.9048,0.82,0.9,high_value_loyal,0.0952,0.9048,pro,8559.42,monthly,STOP,0.0,0.0,0.0,0.0,6
FAIL_000732,PAY_005068,CUST_0303,SUB_0303,1311.68,2024-07-26,NETWORK_ERROR,TECHNICAL,795,21,5,26,0.8077,0.6,0.6,normal,0.1923,0.8077,growth,1311.68,monthly,RETRY_NOW,0.8891880652013973,2.0,1166.3302013633688,1164.3302013633688,1
FAIL_000732,PAY_005068,CUST_0303,SUB_0303,1311.68,2024-07-26,NETWORK_ERROR,TECHNICAL,795,21,5,26,0.8077,0.6,0.6,normal,0.1923,0.8077,growth,1311.68,monthly,WAIT_AND_RETRY,0.8646462643687707,2.0,1134.1392120472292,1132.1392120472292,2
FAIL_000732,PAY_005068,CUST_0303,SUB_0303,1311.68,2024-07-26,NETWORK_ERROR,TECHNICAL,795,21,5,26,0.8077,0.6,0.6,normal,0.1923,0.8077,growth,1311.68,monthly,SEND_REMINDER,0.3217654097865207,1.0,422.0532527087835,421.0532527087835,3
FAIL_000732,PAY_005068,CUST_0303,SUB_0303,1311.68,2024-07-26,NETWORK_ERROR,TECHNICAL,795,21,5,26,0.8077,0.6,0.6,normal,0.1923,0.8077,growth,1311.68,monthly,UPDATE_PAYMENT_METHOD,0.31727884590436317,3.0,416.1683165958351,413.1683165958351,4
FAIL_000732,PAY_005068,CUST_0303,SUB_0303,1311.68,2024-07-26,NETWORK_ERROR,TECHNICAL,795,21,5,26,0.8077,0.6,0.6,normal,0.1923,0.8077,growth,1311.68,monthly,PAYMENT_LINK,0.2866785865908488,3.0,376.0305684594846,373.0305684594846,5
FAIL_000732,PAY_005068,CUST_0303,SUB_0303,1311.68,2024-07-26,NETWORK_ERROR,TECHNICAL,795,21,5,26,0.8077,0.6,0.6,normal,0.1923,0.8077,growth,1311.68,monthly,STOP,0.0,0.0,0.0,0.0,6
FAIL_000735,PAY_005089,CUST_0303,SUB_0303,1311.68,2026-04-17,BANK_DECLINED,ISSUER_DECLINE,795,21,5,26,0.8077,0.6,0.6,normal,0.1923,0.8077,growth,1311.68,monthly,WAIT_AND_RETRY,0.5777106652480001,2.0,757.7715253924968,755.7715253924968,1
FAIL_000735,PAY_005089,CUST_0303,SUB_0303,1311.68,2026-04-17,BANK_DECLINED,ISSUER_DECLINE,795,21,5,26,0.8077,0.6,0.6,normal,0.1923,0.8077,growth,1311.68,monthly,PAYMENT_LINK,0.5419652733713101,3.0,710.88500977568,707.88500977568,2
FAIL_000735,PAY_005089,CUST_0303,SUB_0303,1311.68,2026-04-17,BANK_DECLINED,ISSUER_DECLINE,795,21,5,26,0.8077,0.6,0.6,normal,0.1923,0.8077,growth,1311.68,monthly,SEND_REMINDER,0.38810497310200504,1.0,509.06953111843796,508.06953111843796,3
FAIL_000735,PAY_005089,CUST_0303,SUB_0303,1311.68,2026-04-17,BANK_DECLINED,ISSUER_DECLINE,795,21,5,26,0.8077,0.6,0.6,normal,0.1923,0.8077,growth,1311.68,monthly,UPDATE_PAYMENT_METHOD,0.36266815470731895,3.0,475.70456516649614,472.70456516649614,4
FAIL_000735,PAY_005089,CUST_0303,SUB_0303,1311.68,2026-04-17,BANK_DECLINED,ISSUER_DECLINE,795,21,5,26,0.8077,0.6,0.6,normal,0.1923,0.8077,growth,1311.68,monthly,RETRY_NOW,0.26897301439646987,2.0,352.8065235235616,350.8065235235616,5
FAIL_000735,PAY_005089,CUST_0303,SUB_0303,1311.68,2026-04-17,BANK_DECLINED,ISSUER_DECLINE,795,21,5,26,0.8077,0.6,0.6,normal,0.1923,0.8077,growth,1311.68,monthly,STOP,0.0,0.0,0.0,0.0,6
FAIL_000752,PAY_005156,CUST_0307,SUB_0307,2288.88,2025-10-23,LIMIT_EXCEEDED,PAYMENT_LIMIT,671,13,9,22,0.5909,0.35,0.45,friction_prone,0.4091,0.5909,pro,2288.88,monthly,PAYMENT_LINK,0.7183532571740653,3.0,1644.2244032805747,1641.2244032805747,1
FAIL_000752,PAY_005156,CUST_0307,SUB_0307,2288.88,2025-10-23,LIMIT_EXCEEDED,PAYMENT_LIMIT,671,13,9,22,0.5909,0.35,0.45,friction_prone,0.4091,0.5909,pro,2288.88,monthly,UPDATE_PAYMENT_METHOD,0.5008155176575388,3.0,1146.3066220559876,1143.3066220559876,2
FAIL_000752,PAY_005156,CUST_0307,SUB_0307,2288.88,2025-10-23,LIMIT_EXCEEDED,PAYMENT_LIMIT,671,13,9,22,0.5909,0.35,0.45,friction_prone,0.4091,0.5909,pro,2288.88,monthly,SEND_REMINDER,0.34601670469936885,1.0,791.9907150522914,790.9907150522914,3
FAIL_000752,PAY_005156,CUST_0307,SUB_0307,2288.88,2025-10-23,LIMIT_EXCEEDED,PAYMENT_LIMIT,671,13,9,22,0.5909,0.35,0.45,friction_prone,0.4091,0.5909,pro,2288.88,monthly,WAIT_AND_RETRY,0.2690989474804281,2.0,615.9351989090023,613.9351989090023,4
FAIL_000752,PAY_005156,CUST_0307,SUB_0307,2288.88,2025-10-23,LIMIT_EXCEEDED,PAYMENT_LIMIT,671,13,9,22,0.5909,0.35,0.45,friction_prone,0.4091,0.5909,pro,2288.88,monthly,RETRY_NOW,0.04904186396265642,2.0,112.25094158684503,110.25094158684503,5
FAIL_000752,PAY_005156,CUST_0307,SUB_0307,2288.88,2025-10-23,LIMIT_EXCEEDED,PAYMENT_LIMIT,671,13,9,22,0.5909,0.35,0.45,friction_prone,0.4091,0.5909,pro,2288.88,monthly,STOP,0.0,0.0,0.0,0.0,6
FAIL_000762,PAY_005226,CUST_0312,SUB_0312,13871.79,2025-07-18,NETWORK_ERROR,TECHNICAL,498,14,2,16,0.875,0.82,0.9,high_value_loyal,0.125,0.875,pro,13871.79,monthly,WAIT_AND_RETRY,0.8797088683614944,2.0,12203.136683048295,12201.136683048295,1
FAIL_000762,PAY_005226,CUST_0312,SUB_0312,13871.79,2025-07-18,NETWORK_ERROR,TECHNICAL,498,14,2,16,0.875,0.82,0.9,high_value_loyal,0.125,0.875,pro,13871.79,monthly,RETRY_NOW,0.8348684573000799,2.0,11581.119917290676,11579.119917290676,2
FAIL_000762,PAY_005226,CUST_0312,SUB_0312,13871.79,2025-07-18,NETWORK_ERROR,TECHNICAL,498,14,2,16,0.875,0.82,0.9,high_value_loyal,0.125,0.875,pro,13871.79,monthly,PAYMENT_LINK,0.5088847979591656,3.0,7059.143051481975,7056.143051481975,3
FAIL_000762,PAY_005226,CUST_0312,SUB_0312,13871.79,2025-07-18,NETWORK_ERROR,TECHNICAL,498,14,2,16,0.875,0.82,0.9,high_value_loyal,0.125,0.875,pro,13871.79,monthly,SEND_REMINDER,0.36210178322446496,1.0,5022.999895515301,5021.999895515301,4
FAIL_000762,PAY_005226,CUST_0312,SUB_0312,13871.79,2025-07-18,NETWORK_ERROR,TECHNICAL,498,14,2,16,0.875,0.82,0.9,high_value_loyal,0.125,0.875,pro,13871.79,monthly,UPDATE_PAYMENT_METHOD,0.2987281156528137,3.0,4143.893687431545,4140.893687431545,5
FAIL_000762,PAY_005226,CUST_0312,SUB_0312,13871.79,2025-07-18,NETWORK_ERROR,TECHNICAL,498,14,2,16,0.875,0.82,0.9,high_value_loyal,0.125,0.875,pro,13871.79,monthly,STOP,0.0,0.0,0.0,0.0,6
FAIL_000778,PAY_005355,CUST_0322,SUB_0322,676.83,2025-08-10,AUTHENTICATION_FAILED,CUSTOMER_ACTION,625,16,4,20,0.8,0.35,0.45,friction_prone,0.2,0.8,starter,676.83,monthly,UPDATE_PAYMENT_METHOD,0.7256385574193724,3.0,491.1339448181539,488.1339448181539,1
FAIL_000778,PAY_005355,CUST_0322,SUB_0322,676.83,2025-08-10,AUTHENTICATION_FAILED,CUSTOMER_ACTION,625,16,4,20,0.8,0.35,0.45,friction_prone,0.2,0.8,starter,676.83,monthly,PAYMENT_LINK,0.7044486676636398,3.0,476.79199173478133,473.79199173478133,2
FAIL_000778,PAY_005355,CUST_0322,SUB_0322,676.83,2025-08-10,AUTHENTICATION_FAILED,CUSTOMER_ACTION,625,16,4,20,0.8,0.35,0.45,friction_prone,0.2,0.8,starter,676.83,monthly,SEND_REMINDER,0.3059326814930824,1.0,207.06441681496298,206.06441681496298,3
FAIL_000778,PAY_005355,CUST_0322,SUB_0322,676.83,2025-08-10,AUTHENTICATION_FAILED,CUSTOMER_ACTION,625,16,4,20,0.8,0.35,0.45,friction_prone,0.2,0.8,starter,676.83,monthly,WAIT_AND_RETRY,0.13500154347894067,2.0,91.37309467285142,89.37309467285142,4
FAIL_000778,PAY_005355,CUST_0322,SUB_0322,676.83,2025-08-10,AUTHENTICATION_FAILED,CUSTOMER_ACTION,625,16,4,20,0.8,0.35,0.45,friction_prone,0.2,0.8,starter,676.83,monthly,RETRY_NOW,0.04569053106192445,2.0,30.924722138642327,28.924722138642327,5
FAIL_000778,PAY_005355,CUST_0322,SUB_0322,676.83,2025-08-10,AUTHENTICATION_FAILED,CUSTOMER_ACTION,625,16,4,20,0.8,0.35,0.45,friction_prone,0.2,0.8,starter,676.83,monthly,STOP,0.0,0.0,0.0,0.0,6
FAIL_000779,PAY_005362,CUST_0322,SUB_0322,676.83,2026-03-08,BANK_DECLINED,ISSUER_DECLINE,625,16,4,20,0.8,0.35,0.45,friction_prone,0.2,0.8,starter,676.83,monthly,WAIT_AND_RETRY,0.5793857055277101,2.0,392.14562707232005,390.14562707232005,1
FAIL_000779,PAY_005362,CUST_0322,SUB_0322,676.83,2026-03-08,BANK_DECLINED,ISSUER_DECLINE,625,16,4,20,0.8,0.35,0.45,friction_prone,0.2,0.8,starter,676.83,monthly,PAYMENT_LINK,0.5788991986335064,3.0,391.8163446111161,388.8163446111161,2
FAIL_000779,PAY_005362,CUST_0322,SUB_0322,676.83,2026-03-08,BANK_DECLINED,ISSUER_DECLINE,625,16,4,20,0.8,0.35,0.45,friction_prone,0.2,0.8,starter,676.83,monthly,SEND_REMINDER,0.389302996996324,1.0,263.491947457022,262.491947457022,3
FAIL_000779,PAY_005362,CUST_0322,SUB_0322,676.83,2026-03-08,BANK_DECLINED,ISSUER_DECLINE,625,16,4,20,0.8,0.35,0.45,friction_prone,0.2,0.8,starter,676.83,monthly,UPDATE_PAYMENT_METHOD,0.37233028965417253,3.0,252.0043099466336,249.0043099466336,4
FAIL_000779,PAY_005362,CUST_0322,SUB_0322,676.83,2026-03-08,BANK_DECLINED,ISSUER_DECLINE,625,16,4,20,0.8,0.35,0.45,friction_prone,0.2,0.8,starter,676.83,monthly,RETRY_NOW,0.3114172775741368,2.0,210.77655598050302,208.77655598050302,5
FAIL_000779,PAY_005362,CUST_0322,SUB_0322,676.83,2026-03-08,BANK_DECLINED,ISSUER_DECLINE,625,16,4,20,0.8,0.35,0.45,friction_prone,0.2,0.8,starter,676.83,monthly,STOP,0.0,0.0,0.0,0.0,6
FAIL_000780,PAY_005367,CUST_0323,SUB_0323,262.8,2024-10-15,INSUFFICIENT_FUNDS,CUSTOMER_FINANCIAL,684,17,5,22,0.7727,0.3,0.25,low_engagement,0.2273,0.7727,starter,262.8,monthly,WAIT_AND_RETRY,0.8234499902973302,2.0,216.4026574501384,214.4026574501384,1
FAIL_000780,PAY_005367,CUST_0323,SUB_0323,262.8,2024-10-15,INSUFFICIENT_FUNDS,CUSTOMER_FINANCIAL,684,17,5,22,0.7727,0.3,0.25,low_engagement,0.2273,0.7727,starter,262.8,monthly,PAYMENT_LINK,0.5455090125798598,3.0,143.35976850598718,140.35976850598718,2
FAIL_000780,PAY_005367,CUST_0323,SUB_0323,262.8,2024-10-15,INSUFFICIENT_FUNDS,CUSTOMER_FINANCIAL,684,17,5,22,0.7727,0.3,0.25,low_engagement,0.2273,0.7727,starter,262.8,monthly,SEND_REMINDER,0.35425811288607123,1.0,93.09903206645953,92.09903206645953,3
FAIL_000780,PAY_005367,CUST_0323,SUB_0323,262.8,2024-10-15,INSUFFICIENT_FUNDS,CUSTOMER_FINANCIAL,684,17,5,22,0.7727,0.3,0.25,low_engagement,0.2273,0.7727,starter,262.8,monthly,RETRY_NOW,0.26595429553419586,2.0,69.89278886638668,67.89278886638668,4
FAIL_000780,PAY_005367,CUST_0323,SUB_0323,262.8,2024-10-15,INSUFFICIENT_FUNDS,CUSTOMER_FINANCIAL,684,17,5,22,0.7727,0.3,0.25,low_engagement,0.2273,0.7727,starter,262.8,monthly,UPDATE_PAYMENT_METHOD,0.12095353622694792,3.0,31.786589320441916,28.786589320441916,5
FAIL_000780,PAY_005367,CUST_0323,SUB_0323,262.8,2024-10-15,INSUFFICIENT_FUNDS,CUSTOMER_FINANCIAL,684,17,5,22,0.7727,0.3,0.25,low_engagement,0.2273,0.7727,starter,262.8,monthly,STOP,0.0,0.0,0.0,0.0,6
FAIL_000785,PAY_005400,CUST_0325,SUB_0325,726.01,2025-01-08,INSUFFICIENT_FUNDS,CUSTOMER_FINANCIAL,749,18,6,24,0.75,0.3,0.25,low_engagement,0.25,0.75,starter,726.01,monthly,WAIT_AND_RETRY,0.7633119248827371,2.0,554.172090584116,552.172090584116,1
FAIL_000785,PAY_005400,CUST_0325,SUB_0325,726.01,2025-01-08,INSUFFICIENT_FUNDS,CUSTOMER_FINANCIAL,749,18,6,24,0.75,0.3,0.25,low_engagement,0.25,0.75,starter,726.01,monthly,PAYMENT_LINK,0.6053339148187417,3.0,439.4784754975546,436.4784754975546,2
FAIL_000785,PAY_005400,CUST_0325,SUB_0325,726.01,2025-01-08,INSUFFICIENT_FUNDS,CUSTOMER_FINANCIAL,749,18,6,24,0.75,0.3,0.25,low_engagement,0.25,0.75,starter,726.01,monthly,SEND_REMINDER,0.37901802322744027,1.0,275.17087504335393,274.17087504335393,3
FAIL_000785,PAY_005400,CUST_0325,SUB_0325,726.01,2025-01-08,INSUFFICIENT_FUNDS,CUSTOMER_FINANCIAL,749,18,6,24,0.75,0.3,0.25,low_engagement,0.25,0.75,starter,726.01,monthly,RETRY_NOW,0.2767734244481977,2.0,200.940273883636,198.940273883636,4
FAIL_000785,PAY_005400,CUST_0325,SUB_0325,726.01,2025-01-08,INSUFFICIENT_FUNDS,CUSTOMER_FINANCIAL,749,18,6,24,0.75,0.3,0.25,low_engagement,0.25,0.75,starter,726.01,monthly,UPDATE_PAYMENT_METHOD,0.11633591474462865,3.0,84.46103746374784,81.46103746374784,5
FAIL_000785,PAY_005400,CUST_0325,SUB_0325,726.01,2025-01-08,INSUFFICIENT_FUNDS,CUSTOMER_FINANCIAL,749,18,6,24,0.75,0.3,0.25,low_engagement,0.25,0.75,starter,726.01,monthly,STOP,0.0,0.0,0.0,0.0,6
FAIL_000786,PAY_005403,CUST_0325,SUB_0325,726.01,2025-04-08,AUTHENTICATION_FAILED,CUSTOMER_ACTION,749,18,6,24,0.75,0.3,0.25,low_engagement,0.25,0.75,starter,726.01,monthly,UPDATE_PAYMENT_METHOD,0.7025003441281695,3.0,510.02227484049234,507.02227484049234,1
FAIL_000786,PAY_005403,CUST_0325,SUB_0325,726.01,2025-04-08,AUTHENTICATION_FAILED,CUSTOMER_ACTION,749,18,6,24,0.75,0.3,0.25,low_engagement,0.25,0.75,starter,726.01,monthly,SEND_REMINDER,0.43547168146947174,1.0,316.1567954636512,315.1567954636512,2
FAIL_000786,PAY_005403,CUST_0325,SUB_0325,726.01,2025-04-08,AUTHENTICATION_FAILED,CUSTOMER_ACTION,749,18,6,24,0.75,0.3,0.25,low_engagement,0.25,0.75,starter,726.01,monthly,PAYMENT_LINK,0.42733677241405804,3.0,310.2507701403303,307.2507701403303,3
FAIL_000786,PAY_005403,CUST_0325,SUB_0325,726.01,2025-04-08,AUTHENTICATION_FAILED,CUSTOMER_ACTION,749,18,6,24,0.75,0.3,0.25,low_engagement,0.25,0.75,starter,726.01,monthly,WAIT_AND_RETRY,0.23445160108023486,2.0,170.2142069002613,168.2142069002613,4
FAIL_000786,PAY_005403,CUST_0325,SUB_0325,726.01,2025-04-08,AUTHENTICATION_FAILED,CUSTOMER_ACTION,749,18,6,24,0.75,0.3,0.25,low_engagement,0.25,0.75,starter,726.01,monthly,RETRY_NOW,0.06555875298609724,2.0,47.59631025543646,45.59631025543646,5
FAIL_000786,PAY_005403,CUST_0325,SUB_0325,726.01,2025-04-08,AUTHENTICATION_FAILED,CUSTOMER_ACTION,749,18,6,24,0.75,0.3,0.25,low_engagement,0.25,0.75,starter,726.01,monthly,STOP,0.0,0.0,0.0,0.0,6
FAIL_000788,PAY_005407,CUST_0325,SUB_0325,726.01,2025-08-06,INSUFFICIENT_FUNDS,CUSTOMER_FINANCIAL,749,18,6,24,0.75,0.3,0.25,low_engagement,0.25,0.75,starter,726.01,monthly,WAIT_AND_RETRY,0.7633119248827371,2.0,554.172090584116,552.172090584116,1
FAIL_000788,PAY_005407,CUST_0325,SUB_0325,726.01,2025-08-06,INSUFFICIENT_FUNDS,CUSTOMER_FINANCIAL,749,18,6,24,0.75,0.3,0.25,low_engagement,0.25,0.75,starter,726.01,monthly,PAYMENT_LINK,0.6053339148187417,3.0,439.4784754975546,436.4784754975546,2
FAIL_000788,PAY_005407,CUST_0325,SUB_0325,726.01,2025-08-06,INSUFFICIENT_FUNDS,CUSTOMER_FINANCIAL,749,18,6,24,0.75,0.3,0.25,low_engagement,0.25,0.75,starter,726.01,monthly,SEND_REMINDER,0.37901802322744027,1.0,275.17087504335393,274.17087504335393,3
FAIL_000788,PAY_005407,CUST_0325,SUB_0325,726.01,2025-08-06,INSUFFICIENT_FUNDS,CUSTOMER_FINANCIAL,749,18,6,24,0.75,0.3,0.25,low_engagement,0.25,0.75,starter,726.01,monthly,RETRY_NOW,0.2767734244481977,2.0,200.940273883636,198.940273883636,4
FAIL_000788,PAY_005407,CUST_0325,SUB_0325,726.01,2025-08-06,INSUFFICIENT_FUNDS,CUSTOMER_FINANCIAL,749,18,6,24,0.75,0.3,0.25,low_engagement,0.25,0.75,starter,726.01,monthly,UPDATE_PAYMENT_METHOD,0.11633591474462865,3.0,84.46103746374784,81.46103746374784,5
FAIL_000788,PAY_005407,CUST_0325,SUB_0325,726.01,2025-08-06,INSUFFICIENT_FUNDS,CUSTOMER_FINANCIAL,749,18,6,24,0.75,0.3,0.25,low_engagement,0.25,0.75,starter,726.01,monthly,STOP,0.0,0.0,0.0,0.0,6
FAIL_000792,PAY_005444,CUST_0330,SUB_0330,998.82,2024-10-04,BANK_DECLINED,ISSUER_DECLINE,905,26,4,30,0.8667,0.6,0.6,normal,0.1333,0.8667,pro,998.82,monthly,WAIT_AND_RETRY,0.6248477982361722,2.0,624.1104778342535,622.1104778342535,1
FAIL_000792,PAY_005444,CUST_0330,SUB_0330,998.82,2024-10-04,BANK_DECLINED,ISSUER_DECLINE,905,26,4,30,0.8667,0.6,0.6,normal,0.1333,0.8667,pro,998.82,monthly,PAYMENT_LINK,0.5316838633372427,3.0,531.0564763785048,528.0564763785048,2
FAIL_000792,PAY_005444,CUST_0330,SUB_0330,998.82,2024-10-04,BANK_DECLINED,ISSUER_DECLINE,905,26,4,30,0.8667,0.6,0.6,normal,0.1333,0.8667,pro,998.82,monthly,SEND_REMINDER,0.3931039634145112,1.0,392.6401007376821,391.6401007376821,3
FAIL_000792,PAY_005444,CUST_0330,SUB_0330,998.82,2024-10-04,BANK_DECLINED,ISSUER_DECLINE,905,26,4,30,0.8667,0.6,0.6,normal,0.1333,0.8667,pro,998.82,monthly,UPDATE_PAYMENT_METHOD,0.3828755458143514,3.0,382.42375267029047,379.42375267029047,4
FAIL_000792,PAY_005444,CUST_0330,SUB_0330,998.82,2024-10-04,BANK_DECLINED,ISSUER_DECLINE,905,26,4,30,0.8667,0.6,0.6,normal,0.1333,0.8667,pro,998.82,monthly,RETRY_NOW,0.2610848487421944,2.0,260.77676862067864,258.77676862067864,5
FAIL_000792,PAY_005444,CUST_0330,SUB_0330,998.82,2024-10-04,BANK_DECLINED,ISSUER_DECLINE,905,26,4,30,0.8667,0.6,0.6,normal,0.1333,0.8667,pro,998.82,monthly,STOP,0.0,0.0,0.0,0.0,6
FAIL_000797,PAY_005456,CUST_0330,SUB_0330,998.82,2025-09-29,BANK_DECLINED,ISSUER_DECLINE,905,26,4,30,0.8667,0.6,0.6,normal,0.1333,0.8667,pro,998.82,monthly,WAIT_AND_RETRY,0.6248477982361722,2.0,624.1104778342535,622.1104778342535,1
FAIL_000797,PAY_005456,CUST_0330,SUB_0330,998.82,2025-09-29,BANK_DECLINED,ISSUER_DECLINE,905,26,4,30,0.8667,0.6,0.6,normal,0.1333,0.8667,pro,998.82,monthly,PAYMENT_LINK,0.5316838633372427,3.0,531.0564763785048,528.0564763785048,2
FAIL_000797,PAY_005456,CUST_0330,SUB_0330,998.82,2025-09-29,BANK_DECLINED,ISSUER_DECLINE,905,26,4,30,0.8667,0.6,0.6,normal,0.1333,0.8667,pro,998.82,monthly,SEND_REMINDER,0.3931039634145112,1.0,392.6401007376821,391.6401007376821,3
FAIL_000797,PAY_005456,CUST_0330,SUB_0330,998.82,2025-09-29,BANK_DECLINED,ISSUER_DECLINE,905,26,4,30,0.8667,0.6,0.6,normal,0.1333,0.8667,pro,998.82,monthly,UPDATE_PAYMENT_METHOD,0.3828755458143514,3.0,382.42375267029047,379.42375267029047,4
FAIL_000797,PAY_005456,CUST_0330,SUB_0330,998.82,2025-09-29,BANK_DECLINED,ISSUER_DECLINE,905,26,4,30,0.8667,0.6,0.6,normal,0.1333,0.8667,pro,998.82,monthly,RETRY_NOW,0.2610848487421944,2.0,260.77676862067864,258.77676862067864,5
FAIL_000797,PAY_005456,CUST_0330,SUB_0330,998.82,2025-09-29,BANK_DECLINED,ISSUER_DECLINE,905,26,4,30,0.8667,0.6,0.6,normal,0.1333,0.8667,pro,998.82,monthly,STOP,0.0,0.0,0.0,0.0,6
FAIL_000808,PAY_005504,CUST_0333,SUB_0333,1523.74,2026-07-06,INSUFFICIENT_FUNDS,CUSTOMER_FINANCIAL,235,3,4,7,0.4286,0.35,0.45,friction_prone,0.5714,0.4286,growth,1523.74,monthly,PAYMENT_LINK,0.6364426074246596,3.0,969.7730586372509,966.7730586372509,1
FAIL_000808,PAY_005504,CUST_0333,SUB_0333,1523.74,2026-07-06,INSUFFICIENT_FUNDS,CUSTOMER_FINANCIAL,235,3,4,7,0.4286,0.35,0.45,friction_prone,0.5714,0.4286,growth,1523.74,monthly,WAIT_AND_RETRY,0.5116472560979173,2.0,779.6173900066404,777.6173900066404,2
FAIL_000808,PAY_005504,CUST_0333,SUB_0333,1523.74,2026-07-06,INSUFFICIENT_FUNDS,CUSTOMER_FINANCIAL,235,3,4,7,0.4286,0.35,0.45,friction_prone,0.5714,0.4286,growth,1523.74,monthly,SEND_REMINDER,0.3949065643783464,1.0,601.7349284058616,600.7349284058616,3
FAIL_000808,PAY_005504,CUST_0333,SUB_0333,1523.74,2026-07-06,INSUFFICIENT_FUNDS,CUSTOMER_FINANCIAL,235,3,4,7,0.4286,0.35,0.45,friction_prone,0.5714,0.4286,growth,1523.74,monthly,RETRY_NOW,0.2106484814521396,2.0,320.9735171278832,318.9735171278832,4
FAIL_000808,PAY_005504,CUST_0333,SUB_0333,1523.74,2026-07-06,INSUFFICIENT_FUNDS,CUSTOMER_FINANCIAL,235,3,4,7,0.4286,0.35,0.45,friction_prone,0.5714,0.4286,growth,1523.74,monthly,UPDATE_PAYMENT_METHOD,0.18764701757382138,3.0,285.9252665579346,282.9252665579346,5
FAIL_000808,PAY_005504,CUST_0333,SUB_0333,1523.74,2026-07-06,INSUFFICIENT_FUNDS,CUSTOMER_FINANCIAL,235,3,4,7,0.4286,0.35,0.45,friction_prone,0.5714,0.4286,growth,1523.74,monthly,STOP,0.0,0.0,0.0,0.0,6
FAIL_000815,PAY_005524,CUST_0335,SUB_0335,997.42,2025-12-12,BANK_DECLINED,ISSUER_DECLINE,531,13,4,17,0.7647,0.35,0.45,friction_prone,0.2353,0.7647,pro,997.42,monthly,WAIT_AND_RETRY,0.6411255899564864,2.0,639.4714859343986,637.4714859343986,1
FAIL_000815,PAY_005524,CUST_0335,SUB_0335,997.42,2025-12-12,BANK_DECLINED,ISSUER_DECLINE,531,13,4,17,0.7647,0.35,0.45,friction_prone,0.2353,0.7647,pro,997.42,monthly,PAYMENT_LINK,0.5906050180698128,3.0,589.0812571231927,586.0812571231927,2
FAIL_000815,PAY_005524,CUST_0335,SUB_0335,997.42,2025-12-12,BANK_DECLINED,ISSUER_DECLINE,531,13,4,17,0.7647,0.35,0.45,friction_prone,0.2353,0.7647,pro,997.42,monthly,SEND_REMINDER,0.3981581705412309,1.0,397.13092246123455,396.13092246123455,3
FAIL_000815,PAY_005524,CUST_0335,SUB_0335,997.42,2025-12-12,BANK_DECLINED,ISSUER_DECLINE,531,13,4,17,0.7647,0.35,0.45,friction_prone,0.2353,0.7647,pro,997.42,monthly,UPDATE_PAYMENT_METHOD,0.32630093001126503,3.0,325.45907361183595,322.45907361183595,4
FAIL_000815,PAY_005524,CUST_0335,SUB_0335,997.42,2025-12-12,BANK_DECLINED,ISSUER_DECLINE,531,13,4,17,0.7647,0.35,0.45,friction_prone,0.2353,0.7647,pro,997.42,monthly,RETRY_NOW,0.23062608128818798,2.0,230.03106599846444,228.03106599846444,5
FAIL_000815,PAY_005524,CUST_0335,SUB_0335,997.42,2025-12-12,BANK_DECLINED,ISSUER_DECLINE,531,13,4,17,0.7647,0.35,0.45,friction_prone,0.2353,0.7647,pro,997.42,monthly,STOP,0.0,0.0,0.0,0.0,6
FAIL_000816,PAY_005532,CUST_0336,SUB_0336,1661.44,2024-09-22,INSUFFICIENT_FUNDS,CUSTOMER_FINANCIAL,707,15,8,23,0.6522,0.35,0.45,friction_prone,0.3478,0.6522,growth,1661.44,monthly,WAIT_AND_RETRY,0.5603522129213765,2.0,930.9915806360918,928.9915806360918,1
FAIL_000816,PAY_005532,CUST_0336,SUB_0336,1661.44,2024-09-22,INSUFFICIENT_FUNDS,CUSTOMER_FINANCIAL,707,15,8,23,0.6522,0.35,0.45,friction_prone,0.3478,0.6522,growth,1661.44,monthly,PAYMENT_LINK,0.5286677238327506,3.0,878.3497030846852,875.3497030846852,2
FAIL_000816,PAY_005532,CUST_0336,SUB_0336,1661.44,2024-09-22,INSUFFICIENT_FUNDS,CUSTOMER_FINANCIAL,707,15,8,23,0.6522,0.35,0.45,friction_prone,0.3478,0.6522,growth,1661.44,monthly,SEND_REMINDER,0.49941834262590606,1.0,829.7536111723854,828.7536111723854,3
FAIL_000816,PAY_005532,CUST_0336,SUB_0336,1661.44,2024-09-22,INSUFFICIENT_FUNDS,CUSTOMER_FINANCIAL,707,15,8,23,0.6522,0.35,0.45,friction_prone,0.3478,0.6522,growth,1661.44,monthly,UPDATE_PAYMENT_METHOD,0.2893064541248275,3.0,480.66531514115337,477.66531514115337,4
FAIL_000816,PAY_005532,CUST_0336,SUB_0336,1661.44,2024-09-22,INSUFFICIENT_FUNDS,CUSTOMER_FINANCIAL,707,15,8,23,0.6522,0.35,0.45,friction_prone,0.3478,0.6522,growth,1661.44,monthly,RETRY_NOW,0.1887255727648846,2.0,313.5562156144899,311.5562156144899,5
FAIL_000816,PAY_005532,CUST_0336,SUB_0336,1661.44,2024-09-22,INSUFFICIENT_FUNDS,CUSTOMER_FINANCIAL,707,15,8,23,0.6522,0.35,0.45,friction_prone,0.3478,0.6522,growth,1661.44,monthly,STOP,0.0,0.0,0.0,0.0,6
FAIL_000818,PAY_005541,CUST_0336,SUB_0336,1661.44,2025-06-19,INSUFFICIENT_FUNDS,CUSTOMER_FINANCIAL,707,15,8,23,0.6522,0.35,0.45,friction_prone,0.3478,0.6522,growth,1661.44,monthly,WAIT_AND_RETRY,0.5603522129213765,2.0,930.9915806360918,928.9915806360918,1
FAIL_000818,PAY_005541,CUST_0336,SUB_0336,1661.44,2025-06-19,INSUFFICIENT_FUNDS,CUSTOMER_FINANCIAL,707,15,8,23,0.6522,0.35,0.45,friction_prone,0.3478,0.6522,growth,1661.44,monthly,PAYMENT_LINK,0.5286677238327506,3.0,878.3497030846852,875.3497030846852,2
FAIL_000818,PAY_005541,CUST_0336,SUB_0336,1661.44,2025-06-19,INSUFFICIENT_FUNDS,CUSTOMER_FINANCIAL,707,15,8,23,0.6522,0.35,0.45,friction_prone,0.3478,0.6522,growth,1661.44,monthly,SEND_REMINDER,0.49941834262590606,1.0,829.7536111723854,828.7536111723854,3
FAIL_000818,PAY_005541,CUST_0336,SUB_0336,1661.44,2025-06-19,INSUFFICIENT_FUNDS,CUSTOMER_FINANCIAL,707,15,8,23,0.6522,0.35,0.45,friction_prone,0.3478,0.6522,growth,1661.44,monthly,UPDATE_PAYMENT_METHOD,0.2893064541248275,3.0,480.66531514115337,477.66531514115337,4
FAIL_000818,PAY_005541,CUST_0336,SUB_0336,1661.44,2025-06-19,INSUFFICIENT_FUNDS,CUSTOMER_FINANCIAL,707,15,8,23,0.6522,0.35,0.45,friction_prone,0.3478,0.6522,growth,1661.44,monthly,RETRY_NOW,0.1887255727648846,2.0,313.5562156144899,311.5562156144899,5
FAIL_000818,PAY_005541,CUST_0336,SUB_0336,1661.44,2025-06-19,INSUFFICIENT_FUNDS,CUSTOMER_FINANCIAL,707,15,8,23,0.6522,0.35,0.45,friction_prone,0.3478,0.6522,growth,1661.44,monthly,STOP,0.0,0.0,0.0,0.0,6
FAIL_000824,PAY_005554,CUST_0336,SUB_0336,1661.44,2026-07-14,CARD_EXPIRED,PAYMENT_METHOD,707,15,8,23,0.6522,0.35,0.45,friction_prone,0.3478,0.6522,growth,1661.44,monthly,UPDATE_PAYMENT_METHOD,0.8604771042010272,3.0,1429.6310800037547,1426.6310800037547,1
FAIL_000824,PAY_005554,CUST_0336,SUB_0336,1661.44,2026-07-14,CARD_EXPIRED,PAYMENT_METHOD,707,15,8,23,0.6522,0.35,0.45,friction_prone,0.3478,0.6522,growth,1661.44,monthly,PAYMENT_LINK,0.4597953075015751,3.0,763.922315695417,760.922315695417,2
FAIL_000824,PAY_005554,CUST_0336,SUB_0336,1661.44,2026-07-14,CARD_EXPIRED,PAYMENT_METHOD,707,15,8,23,0.6522,0.35,0.45,friction_prone,0.3478,0.6522,growth,1661.44,monthly,SEND_REMINDER,0.2308267272185696,1.0,383.5047576700203,382.5047576700203,3
FAIL_000824,PAY_005554,CUST_0336,SUB_0336,1661.44,2026-07-14,CARD_EXPIRED,PAYMENT_METHOD,707,15,8,23,0.6522,0.35,0.45,friction_prone,0.3478,0.6522,growth,1661.44,monthly,WAIT_AND_RETRY,0.03838412698782777,2.0,63.77292394265657,61.77292394265657,4
FAIL_000824,PAY_005554,CUST_0336,SUB_0336,1661.44,2026-07-14,CARD_EXPIRED,PAYMENT_METHOD,707,15,8,23,0.6522,0.35,0.45,friction_prone,0.3478,0.6522,growth,1661.44,monthly,RETRY_NOW,0.02936992678772374,2.0,48.79637116219573,46.79637116219573,5
FAIL_000824,PAY_005554,CUST_0336,SUB_0336,1661.44,2026-07-14,CARD_EXPIRED,PAYMENT_METHOD,707,15,8,23,0.6522,0.35,0.45,friction_prone,0.3478,0.6522,growth,1661.44,monthly,STOP,0.0,0.0,0.0,0.0,6
FAIL_000834,PAY_005674,CUST_0348,SUB_0348,10125.65,2024-06-20,BANK_DECLINED,ISSUER_DECLINE,831,23,4,27,0.8519,0.82,0.9,high_value_loyal,0.1481,0.8519,pro,10125.65,monthly,PAYMENT_LINK,0.6919986758112654,3.0,7006.936391728339,7003.936391728339,1
FAIL_000834,PAY_005674,CUST_0348,SUB_0348,10125.65,2024-06-20,BANK_DECLINED,ISSUER_DECLINE,831,23,4,27,0.8519,0.82,0.9,high_value_loyal,0.1481,0.8519,pro,10125.65,monthly,WAIT_AND_RETRY,0.6857717127389069,2.0,6943.884343094713,6941.884343094713,2
FAIL_000834,PAY_005674,CUST_0348,SUB_0348,10125.65,2024-06-20,BANK_DECLINED,ISSUER_DECLINE,831,23,4,27,0.8519,0.82,0.9,high_value_loyal,0.1481,0.8519,pro,10125.65,monthly,RETRY_NOW,0.5891301291224064,2.0,5965.325491948293,5963.325491948293,3
FAIL_000834,PAY_005674,CUST_0348,SUB_0348,10125.65,2024-06-20,BANK_DECLINED,ISSUER_DECLINE,831,23,4,27,0.8519,0.82,0.9,high_value_loyal,0.1481,0.8519,pro,10125.65,monthly,UPDATE_PAYMENT_METHOD,0.40380285806260174,3.0,4088.766409741583,4085.766409741583,4
FAIL_000834,PAY_005674,CUST_0348,SUB_0348,10125.65,2024-06-20,BANK_DECLINED,ISSUER_DECLINE,831,23,4,27,0.8519,0.82,0.9,high_value_loyal,0.1481,0.8519,pro,10125.65,monthly,SEND_REMINDER,0.24597454706021607,1.0,2490.652172440277,2489.652172440277,5
FAIL_000834,PAY_005674,CUST_0348,SUB_0348,10125.65,2024-06-20,BANK_DECLINED,ISSUER_DECLINE,831,23,4,27,0.8519,0.82,0.9,high_value_loyal,0.1481,0.8519,pro,10125.65,monthly,STOP,0.0,0.0,0.0,0.0,6
FAIL_000837,PAY_005692,CUST_0348,SUB_0348,10125.65,2025-12-12,NETWORK_ERROR,TECHNICAL,831,23,4,27,0.8519,0.82,0.9,high_value_loyal,0.1481,0.8519,pro,10125.65,monthly,RETRY_NOW,0.8931481474001277,2.0,9043.705538722103,9041.705538722103,1
FAIL_000837,PAY_005692,CUST_0348,SUB_0348,10125.65,2025-12-12,NETWORK_ERROR,TECHNICAL,831,23,4,27,0.8519,0.82,0.9,high_value_loyal,0.1481,0.8519,pro,10125.65,monthly,WAIT_AND_RETRY,0.8860927547563971,2.0,8972.265102199113,8970.265102199113,2
FAIL_000837,PAY_005692,CUST_0348,SUB_0348,10125.65,2025-12-12,NETWORK_ERROR,TECHNICAL,831,23,4,27,0.8519,0.82,0.9,high_value_loyal,0.1481,0.8519,pro,10125.65,monthly,PAYMENT_LINK,0.715189002820902,3.0,7241.753526413467,7238.753526413467,3
FAIL_000837,PAY_005692,CUST_0348,SUB_0348,10125.65,2025-12-12,NETWORK_ERROR,TECHNICAL,831,23,4,27,0.8519,0.82,0.9,high_value_loyal,0.1481,0.8519,pro,10125.65,monthly,SEND_REMINDER,0.6556838636284059,1.0,6639.225313748968,6638.225313748968,4
FAIL_000837,PAY_005692,CUST_0348,SUB_0348,10125.65,2025-12-12,NETWORK_ERROR,TECHNICAL,831,23,4,27,0.8519,0.82,0.9,high_value_loyal,0.1481,0.8519,pro,10125.65,monthly,UPDATE_PAYMENT_METHOD,0.4039425749802204,3.0,4090.1811343484687,4087.1811343484687,5
FAIL_000837,PAY_005692,CUST_0348,SUB_0348,10125.65,2025-12-12,NETWORK_ERROR,TECHNICAL,831,23,4,27,0.8519,0.82,0.9,high_value_loyal,0.1481,0.8519,pro,10125.65,monthly,STOP,0.0,0.0,0.0,0.0,6
FAIL_000859,PAY_005828,CUST_0353,SUB_0353,1421.41,2025-09-25,INSUFFICIENT_FUNDS,CUSTOMER_FINANCIAL,999,28,5,33,0.8485,0.6,0.6,normal,0.1515,0.8485,pro,1421.41,monthly,WAIT_AND_RETRY,0.6207231982720257,2.0,882.3021612558401,880.3021612558401,1
FAIL_000859,PAY_005828,CUST_0353,SUB_0353,1421.41,2025-09-25,INSUFFICIENT_FUNDS,CUSTOMER_FINANCIAL,999,28,5,33,0.8485,0.6,0.6,normal,0.1515,0.8485,pro,1421.41,monthly,SEND_REMINDER,0.5467154536633839,1.0,777.1068129916706,776.1068129916706,2
FAIL_000859,PAY_005828,CUST_0353,SUB_0353,1421.41,2025-09-25,INSUFFICIENT_FUNDS,CUSTOMER_FINANCIAL,999,28,5,33,0.8485,0.6,0.6,normal,0.1515,0.8485,pro,1421.41,monthly,PAYMENT_LINK,0.4776364742051422,3.0,678.9172607999312,675.9172607999312,3
FAIL_000859,PAY_005828,CUST_0353,SUB_0353,1421.41,2025-09-25,INSUFFICIENT_FUNDS,CUSTOMER_FINANCIAL,999,28,5,33,0.8485,0.6,0.6,normal,0.1515,0.8485,pro,1421.41,monthly,UPDATE_PAYMENT_METHOD,0.4494282730215252,3.0,638.8218415555262,635.8218415555262,4
FAIL_000859,PAY_005828,CUST_0353,SUB_0353,1421.41,2025-09-25,INSUFFICIENT_FUNDS,CUSTOMER_FINANCIAL,999,28,5,33,0.8485,0.6,0.6,normal,0.1515,0.8485,pro,1421.41,monthly,RETRY_NOW,0.29313142496391215,2.0,416.65993875795436,414.65993875795436,5
FAIL_000859,PAY_005828,CUST_0353,SUB_0353,1421.41,2025-09-25,INSUFFICIENT_FUNDS,CUSTOMER_FINANCIAL,999,28,5,33,0.8485,0.6,0.6,normal,0.1515,0.8485,pro,1421.41,monthly,STOP,0.0,0.0,0.0,0.0,6
FAIL_000861,PAY_005846,CUST_0354,SUB_0354,886.93,2025-02-26,AUTHENTICATION_FAILED,CUSTOMER_ACTION,760,22,3,25,0.88,0.6,0.6,normal,0.12,0.88,starter,886.93,monthly,UPDATE_PAYMENT_METHOD,0.8053360402782669,3.0,714.2766942040032,711.2766942040032,1
FAIL_000861,PAY_005846,CUST_0354,SUB_0354,886.93,2025-02-26,AUTHENTICATION_FAILED,CUSTOMER_ACTION,760,22,3,25,0.88,0.6,0.6,normal,0.12,0.88,starter,886.93,monthly,PAYMENT_LINK,0.5837095277360906,3.0,517.7094914349708,514.7094914349708,2
FAIL_000861,PAY_005846,CUST_0354,SUB_0354,886.93,2025-02-26,AUTHENTICATION_FAILED,CUSTOMER_ACTION,760,22,3,25,0.88,0.6,0.6,normal,0.12,0.88,starter,886.93,monthly,SEND_REMINDER,0.4228892519539316,1.0,375.07316423550054,374.07316423550054,3
FAIL_000861,PAY_005846,CUST_0354,SUB_0354,886.93,2025-02-26,AUTHENTICATION_FAILED,CUSTOMER_ACTION,760,22,3,25,0.88,0.6,0.6,normal,0.12,0.88,starter,886.93,monthly,WAIT_AND_RETRY,0.11716158621831012,2.0,103.91412566460579,101.91412566460579,4
FAIL_000861,PAY_005846,CUST_0354,SUB_0354,886.93,2025-02-26,AUTHENTICATION_FAILED,CUSTOMER_ACTION,760,22,3,25,0.88,0.6,0.6,normal,0.12,0.88,starter,886.93,monthly,RETRY_NOW,0.06473154477158653,2.0,57.41234900426324,55.41234900426324,5
FAIL_000861,PAY_005846,CUST_0354,SUB_0354,886.93,2025-02-26,AUTHENTICATION_FAILED,CUSTOMER_ACTION,760,22,3,25,0.88,0.6,0.6,normal,0.12,0.88,starter,886.93,monthly,STOP,0.0,0.0,0.0,0.0,6
FAIL_000863,PAY_005855,CUST_0354,SUB_0354,886.93,2025-11-23,NETWORK_ERROR,TECHNICAL,760,22,3,25,0.88,0.6,0.6,normal,0.12,0.88,starter,886.93,monthly,RETRY_NOW,0.9255754163421771,2.0,820.9206040163671,818.9206040163671,1
FAIL_000863,PAY_005855,CUST_0354,SUB_0354,886.93,2025-11-23,NETWORK_ERROR,TECHNICAL,760,22,3,25,0.88,0.6,0.6,normal,0.12,0.88,starter,886.93,monthly,WAIT_AND_RETRY,0.8457904639653173,2.0,750.1569362047588,748.1569362047588,2
FAIL_000863,PAY_005855,CUST_0354,SUB_0354,886.93,2025-11-23,NETWORK_ERROR,TECHNICAL,760,22,3,25,0.88,0.6,0.6,normal,0.12,0.88,starter,886.93,monthly,PAYMENT_LINK,0.4785530675628938,3.0,424.44307221355734,421.44307221355734,3
FAIL_000863,PAY_005855,CUST_0354,SUB_0354,886.93,2025-11-23,NETWORK_ERROR,TECHNICAL,760,22,3,25,0.88,0.6,0.6,normal,0.12,0.88,starter,886.93,monthly,SEND_REMINDER,0.3379133650997082,1.0,299.7055009078842,298.7055009078842,4
FAIL_000863,PAY_005855,CUST_0354,SUB_0354,886.93,2025-11-23,NETWORK_ERROR,TECHNICAL,760,22,3,25,0.88,0.6,0.6,normal,0.12,0.88,starter,886.93,monthly,UPDATE_PAYMENT_METHOD,0.29559901908982983,3.0,262.17563800134275,259.17563800134275,5
FAIL_000863,PAY_005855,CUST_0354,SUB_0354,886.93,2025-11-23,NETWORK_ERROR,TECHNICAL,760,22,3,25,0.88,0.6,0.6,normal,0.12,0.88,starter,886.93,monthly,STOP,0.0,0.0,0.0,0.0,6
FAIL_000865,PAY_005882,CUST_0356,SUB_0356,8418.6,2025-03-16,INSUFFICIENT_FUNDS,CUSTOMER_FINANCIAL,922,27,3,30,0.9,0.82,0.9,high_value_loyal,0.1,0.9,growth,8418.6,monthly,WAIT_AND_RETRY,0.7589637588232157,2.0,6389.412300029124,6387.412300029124,1
FAIL_000865,PAY_005882,CUST_0356,SUB_0356,8418.6,2025-03-16,INSUFFICIENT_FUNDS,CUSTOMER_FINANCIAL,922,27,3,30,0.9,0.82,0.9,high_value_loyal,0.1,0.9,growth,8418.6,monthly,PAYMENT_LINK,0.7255276651741794,3.0,6107.927202035347,6104.927202035347,2
FAIL_000865,PAY_005882,CUST_0356,SUB_0356,8418.6,2025-03-16,INSUFFICIENT_FUNDS,CUSTOMER_FINANCIAL,922,27,3,30,0.9,0.82,0.9,high_value_loyal,0.1,0.9,growth,8418.6,monthly,UPDATE_PAYMENT_METHOD,0.5233420760645315,3.0,4405.807601556865,4402.807601556865,3
FAIL_000865,PAY_005882,CUST_0356,SUB_0356,8418.6,2025-03-16,INSUFFICIENT_FUNDS,CUSTOMER_FINANCIAL,922,27,3,30,0.9,0.82,0.9,high_value_loyal,0.1,0.9,growth,8418.6,monthly,SEND_REMINDER,0.3903342702094763,1.0,3286.0680871854975,3285.0680871854975,4
FAIL_000865,PAY_005882,CUST_0356,SUB_0356,8418.6,2025-03-16,INSUFFICIENT_FUNDS,CUSTOMER_FINANCIAL,922,27,3,30,0.9,0.82,0.9,high_value_loyal,0.1,0.9,growth,8418.6,monthly,RETRY_NOW,0.2645443809061377,2.0,2227.093325096411,2225.093325096411,5
FAIL_000865,PAY_005882,CUST_0356,SUB_0356,8418.6,2025-03-16,INSUFFICIENT_FUNDS,CUSTOMER_FINANCIAL,922,27,3,30,0.9,0.82,0.9,high_value_loyal,0.1,0.9,growth,8418.6,monthly,STOP,0.0,0.0,0.0,0.0,6
FAIL_000868,PAY_005892,CUST_0356,SUB_0356,8418.6,2026-01-10,BANK_DECLINED,ISSUER_DECLINE,922,27,3,30,0.9,0.82,0.9,high_value_loyal,0.1,0.9,growth,8418.6,monthly,PAYMENT_LINK,0.7157191340953457,3.0,6025.353102295077,6022.353102295077,1
FAIL_000868,PAY_005892,CUST_0356,SUB_0356,8418.6,2026-01-10,BANK_DECLINED,ISSUER_DECLINE,922,27,3,30,0.9,0.82,0.9,high_value_loyal,0.1,0.9,growth,8418.6,monthly,WAIT_AND_RETRY,0.5829262375620426,2.0,4907.422823539812,4905.422823539812,2
FAIL_000868,PAY_005892,CUST_0356,SUB_0356,8418.6,2026-01-10,BANK_DECLINED,ISSUER_DECLINE,922,27,3,30,0.9,0.82,0.9,high_value_loyal,0.1,0.9,growth,8418.6,monthly,RETRY_NOW,0.40667695713572277,2.0,3423.650631342796,3421.650631342796,3
FAIL_000868,PAY_005892,CUST_0356,SUB_0356,8418.6,2026-01-10,BANK_DECLINED,ISSUER_DECLINE,922,27,3,30,0.9,0.82,0.9,high_value_loyal,0.1,0.9,growth,8418.6,monthly,UPDATE_PAYMENT_METHOD,0.36680857945195927,3.0,3088.0147069742643,3085.0147069742643,4
FAIL_000868,PAY_005892,CUST_0356,SUB_0356,8418.6,2026-01-10,BANK_DECLINED,ISSUER_DECLINE,922,27,3,30,0.9,0.82,0.9,high_value_loyal,0.1,0.9,growth,8418.6,monthly,SEND_REMINDER,0.3360322719162578,1.0,2828.9212843542077,2827.9212843542077,5
FAIL_000868,PAY_005892,CUST_0356,SUB_0356,8418.6,2026-01-10,BANK_DECLINED,ISSUER_DECLINE,922,27,3,30,0.9,0.82,0.9,high_value_loyal,0.1,0.9,growth,8418.6,monthly,STOP,0.0,0.0,0.0,0.0,6
FAIL_000871,PAY_005919,CUST_0358,SUB_0358,533.16,2025-07-22,BANK_DECLINED,ISSUER_DECLINE,884,24,5,29,0.8276,0.6,0.6,normal,0.1724,0.8276,pro,533.16,monthly,WAIT_AND_RETRY,0.6655988908648106,2.0,354.8707046534824,352.8707046534824,1
FAIL_000871,PAY_005919,CUST_0358,SUB_0358,533.16,2025-07-22,BANK_DECLINED,ISSUER_DECLINE,884,24,5,29,0.8276,0.6,0.6,normal,0.1724,0.8276,pro,533.16,monthly,PAYMENT_LINK,0.6275247334876721,3.0,334.57108690628723,331.57108690628723,2
FAIL_000871,PAY_005919,CUST_0358,SUB_0358,533.16,2025-07-22,BANK_DECLINED,ISSUER_DECLINE,884,24,5,29,0.8276,0.6,0.6,normal,0.1724,0.8276,pro,533.16,monthly,SEND_REMINDER,0.3006153240932963,1.0,160.27606619358184,159.27606619358184,3
FAIL_000871,PAY_005919,CUST_0358,SUB_0358,533.16,2025-07-22,BANK_DECLINED,ISSUER_DECLINE,884,24,5,29,0.8276,0.6,0.6,normal,0.1724,0.8276,pro,533.16,monthly,UPDATE_PAYMENT_METHOD,0.26550838735837023,3.0,141.55845180398867,138.55845180398867,4
FAIL_000871,PAY_005919,CUST_0358,SUB_0358,533.16,2025-07-22,BANK_DECLINED,ISSUER_DECLINE,884,24,5,29,0.8276,0.6,0.6,normal,0.1724,0.8276,pro,533.16,monthly,RETRY_NOW,0.2368754625775,2.0,126.2925216278199,124.2925216278199,5
FAIL_000871,PAY_005919,CUST_0358,SUB_0358,533.16,2025-07-22,BANK_DECLINED,ISSUER_DECLINE,884,24,5,29,0.8276,0.6,0.6,normal,0.1724,0.8276,pro,533.16,monthly,STOP,0.0,0.0,0.0,0.0,6
FAIL_000874,PAY_005928,CUST_0358,SUB_0358,533.16,2026-04-18,INSUFFICIENT_FUNDS,CUSTOMER_FINANCIAL,884,24,5,29,0.8276,0.6,0.6,normal,0.1724,0.8276,pro,533.16,monthly,WAIT_AND_RETRY,0.7435854149544209,2.0,396.449999837099,394.449999837099,1
FAIL_000874,PAY_005928,CUST_0358,SUB_0358,533.16,2026-04-18,INSUFFICIENT_FUNDS,CUSTOMER_FINANCIAL,884,24,5,29,0.8276,0.6,0.6,normal,0.1724,0.8276,pro,533.16,monthly,PAYMENT_LINK,0.7319069608213179,3.0,390.2235152314938,387.2235152314938,2
FAIL_000874,PAY_005928,CUST_0358,SUB_0358,533.16,2026-04-18,INSUFFICIENT_FUNDS,CUSTOMER_FINANCIAL,884,24,5,29,0.8276,0.6,0.6,normal,0.1724,0.8276,pro,533.16,monthly,SEND_REMINDER,0.6489537985094012,1.0,345.9962072132723,344.9962072132723,3
FAIL_000874,PAY_005928,CUST_0358,SUB_0358,533.16,2026-04-18,INSUFFICIENT_FUNDS,CUSTOMER_FINANCIAL,884,24,5,29,0.8276,0.6,0.6,normal,0.1724,0.8276,pro,533.16,monthly,RETRY_NOW,0.3853013217172469,2.0,205.42725268676736,203.42725268676736,4
FAIL_000874,PAY_005928,CUST_0358,SUB_0358,533.16,2026-04-18,INSUFFICIENT_FUNDS,CUSTOMER_FINANCIAL,884,24,5,29,0.8276,0.6,0.6,normal,0.1724,0.8276,pro,533.16,monthly,UPDATE_PAYMENT_METHOD,0.33810237531536524,3.0,180.2626624231401,177.2626624231401,5
FAIL_000874,PAY_005928,CUST_0358,SUB_0358,533.16,2026-04-18,INSUFFICIENT_FUNDS,CUSTOMER_FINANCIAL,884,24,5,29,0.8276,0.6,0.6,normal,0.1724,0.8276,pro,533.16,monthly,STOP,0.0,0.0,0.0,0.0,6
FAIL_000876,PAY_005933,CUST_0359,SUB_0359,762.6,2025-05-24,NETWORK_ERROR,TECHNICAL,493,13,3,16,0.8125,0.3,0.25,low_engagement,0.1875,0.8125,starter,762.6,monthly,RETRY_NOW,0.9083731549531517,2.0,692.7253679672735,690.7253679672735,1
FAIL_000876,PAY_005933,CUST_0359,SUB_0359,762.6,2025-05-24,NETWORK_ERROR,TECHNICAL,493,13,3,16,0.8125,0.3,0.25,low_engagement,0.1875,0.8125,starter,762.6,monthly,WAIT_AND_RETRY,0.8639621160411416,2.0,658.8575096929746,656.8575096929746,2
FAIL_000876,PAY_005933,CUST_0359,SUB_0359,762.6,2025-05-24,NETWORK_ERROR,TECHNICAL,493,13,3,16,0.8125,0.3,0.25,low_engagement,0.1875,0.8125,starter,762.6,monthly,PAYMENT_LINK,0.4304943824274823,3.0,328.295016039198,325.295016039198,3
FAIL_000876,PAY_005933,CUST_0359,SUB_0359,762.6,2025-05-24,NETWORK_ERROR,TECHNICAL,493,13,3,16,0.8125,0.3,0.25,low_engagement,0.1875,0.8125,starter,762.6,monthly,SEND_REMINDER,0.1257524792274229,1.0,95.8988406588327,94.8988406588327,4
FAIL_000876,PAY_005933,CUST_0359,SUB_0359,762.6,2025-05-24,NETWORK_ERROR,TECHNICAL,493,13,3,16,0.8125,0.3,0.25,low_engagement,0.1875,0.8125,starter,762.6,monthly,UPDATE_PAYMENT_METHOD,0.03850986438594505,3.0,29.367622580721697,26.367622580721697,5
FAIL_000876,PAY_005933,CUST_0359,SUB_0359,762.6,2025-05-24,NETWORK_ERROR,TECHNICAL,493,13,3,16,0.8125,0.3,0.25,low_engagement,0.1875,0.8125,starter,762.6,monthly,STOP,0.0,0.0,0.0,0.0,6
FAIL_000878,PAY_005939,CUST_0359,SUB_0359,762.6,2025-11-20,AUTHENTICATION_FAILED,CUSTOMER_ACTION,493,13,3,16,0.8125,0.3,0.25,low_engagement,0.1875,0.8125,starter,762.6,monthly,UPDATE_PAYMENT_METHOD,0.6807863772866153,3.0,519.1676913187729,516.1676913187729,1
FAIL_000878,PAY_005939,CUST_0359,SUB_0359,762.6,2025-11-20,AUTHENTICATION_FAILED,CUSTOMER_ACTION,493,13,3,16,0.8125,0.3,0.25,low_engagement,0.1875,0.8125,starter,762.6,monthly,SEND_REMINDER,0.40430333409672536,1.0,308.32172258216275,307.32172258216275,2
FAIL_000878,PAY_005939,CUST_0359,SUB_0359,762.6,2025-11-20,AUTHENTICATION_FAILED,CUSTOMER_ACTION,493,13,3,16,0.8125,0.3,0.25,low_engagement,0.1875,0.8125,starter,762.6,monthly,PAYMENT_LINK,0.39245506229597643,3.0,299.28623050691164,296.28623050691164,3
FAIL_000878,PAY_005939,CUST_0359,SUB_0359,762.6,2025-11-20,AUTHENTICATION_FAILED,CUSTOMER_ACTION,493,13,3,16,0.8125,0.3,0.25,low_engagement,0.1875,0.8125,starter,762.6,monthly,WAIT_AND_RETRY,0.1550440278560421,2.0,118.2365756430177,116.2365756430177,4
FAIL_000878,PAY_005939,CUST_0359,SUB_0359,762.6,2025-11-20,AUTHENTICATION_FAILED,CUSTOMER_ACTION,493,13,3,16,0.8125,0.3,0.25,low_engagement,0.1875,0.8125,starter,762.6,monthly,RETRY_NOW,0.028812776483991043,2.0,21.97262334669157,19.97262334669157,5
FAIL_000878,PAY_005939,CUST_0359,SUB_0359,762.6,2025-11-20,AUTHENTICATION_FAILED,CUSTOMER_ACTION,493,13,3,16,0.8125,0.3,0.25,low_engagement,0.1875,0.8125,starter,762.6,monthly,STOP,0.0,0.0,0.0,0.0,6
FAIL_000882,PAY_005955,CUST_0361,SUB_0361,1451.55,2026-06-28,INSUFFICIENT_FUNDS,CUSTOMER_FINANCIAL,153,3,2,5,0.6,0.6,0.6,normal,0.4,0.6,growth,1451.55,monthly,WAIT_AND_RETRY,0.7114543081060494,2.0,1032.7115009313359,1030.7115009313359,1
FAIL_000882,PAY_005955,CUST_0361,SUB_0361,1451.55,2026-06-28,INSUFFICIENT_FUNDS,CUSTOMER_FINANCIAL,153,3,2,5,0.6,0.6,0.6,normal,0.4,0.6,growth,1451.55,monthly,SEND_REMINDER,0.659423184829362,1.0,957.1857239390604,956.1857239390604,2
FAIL_000882,PAY_005955,CUST_0361,SUB_0361,1451.55,2026-06-28,INSUFFICIENT_FUNDS,CUSTOMER_FINANCIAL,153,3,2,5,0.6,0.6,0.6,normal,0.4,0.6,growth,1451.55,monthly,PAYMENT_LINK,0.5129615710785431,3.0,744.5893684990592,741.5893684990592,3
FAIL_000882,PAY_005955,CUST_0361,SUB_0361,1451.55,2026-06-28,INSUFFICIENT_FUNDS,CUSTOMER_FINANCIAL,153,3,2,5,0.6,0.6,0.6,normal,0.4,0.6,growth,1451.55,monthly,RETRY_NOW,0.307738690634296,2.0,446.6980963902123,444.6980963902123,4
FAIL_000882,PAY_005955,CUST_0361,SUB_0361,1451.55,2026-06-28,INSUFFICIENT_FUNDS,CUSTOMER_FINANCIAL,153,3,2,5,0.6,0.6,0.6,normal,0.4,0.6,growth,1451.55,monthly,UPDATE_PAYMENT_METHOD,0.08025941552174261,3.0,116.50055460058547,113.50055460058547,5
FAIL_000882,PAY_005955,CUST_0361,SUB_0361,1451.55,2026-06-28,INSUFFICIENT_FUNDS,CUSTOMER_FINANCIAL,153,3,2,5,0.6,0.6,0.6,normal,0.4,0.6,growth,1451.55,monthly,STOP,0.0,0.0,0.0,0.0,6
FAIL_000892,PAY_005993,CUST_0364,SUB_0364,376.34,2025-02-15,BANK_DECLINED,ISSUER_DECLINE,891,17,12,29,0.5862,0.35,0.45,friction_prone,0.4138,0.5862,starter,376.34,monthly,PAYMENT_LINK,0.524991334596071,3.0,197.57523886188534,194.57523886188534,1
FAIL_000892,PAY_005993,CUST_0364,SUB_0364,376.34,2025-02-15,BANK_DECLINED,ISSUER_DECLINE,891,17,12,29,0.5862,0.35,0.45,friction_prone,0.4138,0.5862,starter,376.34,monthly,WAIT_AND_RETRY,0.5188050550741077,2.0,195.24709442658968,193.24709442658968,2
FAIL_000892,PAY_005993,CUST_0364,SUB_0364,376.34,2025-02-15,BANK_DECLINED,ISSUER_DECLINE,891,17,12,29,0.5862,0.35,0.45,friction_prone,0.4138,0.5862,starter,376.34,monthly,SEND_REMINDER,0.5077319380357075,1.0,191.07983756035813,190.07983756035813,3
FAIL_000892,PAY_005993,CUST_0364,SUB_0364,376.34,2025-02-15,BANK_DECLINED,ISSUER_DECLINE,891,17,12,29,0.5862,0.35,0.45,friction_prone,0.4138,0.5862,starter,376.34,monthly,UPDATE_PAYMENT_METHOD,0.3601584533120386,3.0,135.5420323194526,132.5420323194526,4
FAIL_000892,PAY_005993,CUST_0364,SUB_0364,376.34,2025-02-15,BANK_DECLINED,ISSUER_DECLINE,891,17,12,29,0.5862,0.35,0.45,friction_prone,0.4138,0.5862,starter,376.34,monthly,RETRY_NOW,0.29250008727475535,2.0,110.07948284498143,108.07948284498143,5
FAIL_000892,PAY_005993,CUST_0364,SUB_0364,376.34,2025-02-15,BANK_DECLINED,ISSUER_DECLINE,891,17,12,29,0.5862,0.35,0.45,friction_prone,0.4138,0.5862,starter,376.34,monthly,STOP,0.0,0.0,0.0,0.0,6
FAIL_000896,PAY_006008,CUST_0364,SUB_0364,376.34,2026-05-11,INSUFFICIENT_FUNDS,CUSTOMER_FINANCIAL,891,17,12,29,0.5862,0.35,0.45,friction_prone,0.4138,0.5862,starter,376.34,monthly,WAIT_AND_RETRY,0.7378223746867617,2.0,277.67207248961586,275.67207248961586,1
FAIL_000896,PAY_006008,CUST_0364,SUB_0364,376.34,2026-05-11,INSUFFICIENT_FUNDS,CUSTOMER_FINANCIAL,891,17,12,29,0.5862,0.35,0.45,friction_prone,0.4138,0.5862,starter,376.34,monthly,PAYMENT_LINK,0.6756927661336811,3.0,254.29021560674954,251.29021560674954,2
FAIL_000896,PAY_006008,CUST_0364,SUB_0364,376.34,2026-05-11,INSUFFICIENT_FUNDS,CUSTOMER_FINANCIAL,891,17,12,29,0.5862,0.35,0.45,friction_prone,0.4138,0.5862,starter,376.34,monthly,SEND_REMINDER,0.5444314101585441,1.0,204.89131689906648,203.89131689906648,3
FAIL_000896,PAY_006008,CUST_0364,SUB_0364,376.34,2026-05-11,INSUFFICIENT_FUNDS,CUSTOMER_FINANCIAL,891,17,12,29,0.5862,0.35,0.45,friction_prone,0.4138,0.5862,starter,376.34,monthly,UPDATE_PAYMENT_METHOD,0.17075027189754297,3.0,64.26015732592131,61.26015732592131,4
FAIL_000896,PAY_006008,CUST_0364,SUB_0364,376.34,2026-05-11,INSUFFICIENT_FUNDS,CUSTOMER_FINANCIAL,891,17,12,29,0.5862,0.35,0.45,friction_prone,0.4138,0.5862,starter,376.34,monthly,RETRY_NOW,0.12527536457024407,2.0,47.14613070236565,45.14613070236565,5
FAIL_000896,PAY_006008,CUST_0364,SUB_0364,376.34,2026-05-11,INSUFFICIENT_FUNDS,CUSTOMER_FINANCIAL,891,17,12,29,0.5862,0.35,0.45,friction_prone,0.4138,0.5862,starter,376.34,monthly,STOP,0.0,0.0,0.0,0.0,6
FAIL_000897,PAY_006013,CUST_0365,SUB_0365,578.62,2026-03-24,BANK_DECLINED,ISSUER_DECLINE,219,6,1,7,0.8571,0.6,0.6,normal,0.1429,0.8571,pro,578.62,monthly,PAYMENT_LINK,0.7333287528244349,3.0,424.3186829592745,421.3186829592745,1
FAIL_000897,PAY_006013,CUST_0365,SUB_0365,578.62,2026-03-24,BANK_DECLINED,ISSUER_DECLINE,219,6,1,7,0.8571,0.6,0.6,normal,0.1429,0.8571,pro,578.62,monthly,WAIT_AND_RETRY,0.5863996107206497,2.0,339.30254275518234,337.30254275518234,2
FAIL_000897,PAY_006013,CUST_0365,SUB_0365,578.62,2026-03-24,BANK_DECLINED,ISSUER_DECLINE,219,6,1,7,0.8571,0.6,0.6,normal,0.1429,0.8571,pro,578.62,monthly,RETRY_NOW,0.42645698680186633,2.0,246.7565417032959,244.7565417032959,3
FAIL_000897,PAY_006013,CUST_0365,SUB_0365,578.62,2026-03-24,BANK_DECLINED,ISSUER_DECLINE,219,6,1,7,0.8571,0.6,0.6,normal,0.1429,0.8571,pro,578.62,monthly,UPDATE_PAYMENT_METHOD,0.35533057703402227,3.0,205.60137848342598,202.60137848342598,4
FAIL_000897,PAY_006013,CUST_0365,SUB_0365,578.62,2026-03-24,BANK_DECLINED,ISSUER_DECLINE,219,6,1,7,0.8571,0.6,0.6,normal,0.1429,0.8571,pro,578.62,monthly,SEND_REMINDER,0.3061032115671509,1.0,177.11744027698487,176.11744027698487,5
FAIL_000897,PAY_006013,CUST_0365,SUB_0365,578.62,2026-03-24,BANK_DECLINED,ISSUER_DECLINE,219,6,1,7,0.8571,0.6,0.6,normal,0.1429,0.8571,pro,578.62,monthly,STOP,0.0,0.0,0.0,0.0,6
FAIL_000899,PAY_006027,CUST_0366,SUB_0366,1420.91,2025-06-25,BANK_DECLINED,ISSUER_DECLINE,701,18,5,23,0.7826,0.6,0.6,normal,0.2174,0.7826,starter,1420.91,monthly,PAYMENT_LINK,0.6376223992155953,3.0,906.0040432694316,903.0040432694316,1
FAIL_000899,PAY_006027,CUST_0366,SUB_0366,1420.91,2025-06-25,BANK_DECLINED,ISSUER_DECLINE,701,18,5,23,0.7826,0.6,0.6,normal,0.2174,0.7826,starter,1420.91,monthly,WAIT_AND_RETRY,0.5293631680694032,2.0,752.1774191414958,750.1774191414958,2
FAIL_000899,PAY_006027,CUST_0366,SUB_0366,1420.91,2025-06-25,BANK_DECLINED,ISSUER_DECLINE,701,18,5,23,0.7826,0.6,0.6,normal,0.2174,0.7826,starter,1420.91,monthly,UPDATE_PAYMENT_METHOD,0.35028372312685374,3.0,497.72164502817776,494.72164502817776,3
FAIL_000899,PAY_006027,CUST_0366,SUB_0366,1420.91,2025-06-25,BANK_DECLINED,ISSUER_DECLINE,701,18,5,23,0.7826,0.6,0.6,normal,0.2174,0.7826,starter,1420.91,monthly,RETRY_NOW,0.2875210856550947,2.0,408.54158581818064,406.54158581818064,4
FAIL_000899,PAY_006027,CUST_0366,SUB_0366,1420.91,2025-06-25,BANK_DECLINED,ISSUER_DECLINE,701,18,5,23,0.7826,0.6,0.6,normal,0.2174,0.7826,starter,1420.91,monthly,SEND_REMINDER,0.2740896348441755,1.0,389.4567030464374,388.4567030464374,5
FAIL_000899,PAY_006027,CUST_0366,SUB_0366,1420.91,2025-06-25,BANK_DECLINED,ISSUER_DECLINE,701,18,5,23,0.7826,0.6,0.6,normal,0.2174,0.7826,starter,1420.91,monthly,STOP,0.0,0.0,0.0,0.0,6
FAIL_000900,PAY_006032,CUST_0366,SUB_0366,1420.91,2025-11-22,BANK_DECLINED,ISSUER_DECLINE,701,18,5,23,0.7826,0.6,0.6,normal,0.2174,0.7826,starter,1420.91,monthly,PAYMENT_LINK,0.6376223992155953,3.0,906.0040432694316,903.0040432694316,1
FAIL_000900,PAY_006032,CUST_0366,SUB_0366,1420.91,2025-11-22,BANK_DECLINED,ISSUER_DECLINE,701,18,5,23,0.7826,0.6,0.6,normal,0.2174,0.7826,starter,1420.91,monthly,WAIT_AND_RETRY,0.5293631680694032,2.0,752.1774191414958,750.1774191414958,2
FAIL_000900,PAY_006032,CUST_0366,SUB_0366,1420.91,2025-11-22,BANK_DECLINED,ISSUER_DECLINE,701,18,5,23,0.7826,0.6,0.6,normal,0.2174,0.7826,starter,1420.91,monthly,UPDATE_PAYMENT_METHOD,0.35028372312685374,3.0,497.72164502817776,494.72164502817776,3
FAIL_000900,PAY_006032,CUST_0366,SUB_0366,1420.91,2025-11-22,BANK_DECLINED,ISSUER_DECLINE,701,18,5,23,0.7826,0.6,0.6,normal,0.2174,0.7826,starter,1420.91,monthly,RETRY_NOW,0.2875210856550947,2.0,408.54158581818064,406.54158581818064,4
FAIL_000900,PAY_006032,CUST_0366,SUB_0366,1420.91,2025-11-22,BANK_DECLINED,ISSUER_DECLINE,701,18,5,23,0.7826,0.6,0.6,normal,0.2174,0.7826,starter,1420.91,monthly,SEND_REMINDER,0.2740896348441755,1.0,389.4567030464374,388.4567030464374,5
FAIL_000900,PAY_006032,CUST_0366,SUB_0366,1420.91,2025-11-22,BANK_DECLINED,ISSUER_DECLINE,701,18,5,23,0.7826,0.6,0.6,normal,0.2174,0.7826,starter,1420.91,monthly,STOP,0.0,0.0,0.0,0.0,6
FAIL_000903,PAY_006078,CUST_0369,SUB_0369,803.69,2025-08-13,LIMIT_EXCEEDED,PAYMENT_LIMIT,772,21,4,25,0.84,0.3,0.25,low_engagement,0.16,0.84,starter,803.69,monthly,PAYMENT_LINK,0.6567267859128586,3.0,527.8047505703054,524.8047505703054,1
FAIL_000903,PAY_006078,CUST_0369,SUB_0369,803.69,2025-08-13,LIMIT_EXCEEDED,PAYMENT_LIMIT,772,21,4,25,0.84,0.3,0.25,low_engagement,0.16,0.84,starter,803.69,monthly,UPDATE_PAYMENT_METHOD,0.3234575251409783,3.0,259.9595783805529,256.9595783805529,2
FAIL_000903,PAY_006078,CUST_0369,SUB_0369,803.69,2025-08-13,LIMIT_EXCEEDED,PAYMENT_LIMIT,772,21,4,25,0.84,0.3,0.25,low_engagement,0.16,0.84,starter,803.69,monthly,WAIT_AND_RETRY,0.21169377640132214,2.0,170.13617115597862,168.13617115597862,3
FAIL_000903,PAY_006078,CUST_0369,SUB_0369,803.69,2025-08-13,LIMIT_EXCEEDED,PAYMENT_LIMIT,772,21,4,25,0.84,0.3,0.25,low_engagement,0.16,0.84,starter,803.69,monthly,SEND_REMINDER,0.18572259004869315,1.0,149.2633883962342,148.2633883962342,4
FAIL_000903,PAY_006078,CUST_0369,SUB_0369,803.69,2025-08-13,LIMIT_EXCEEDED,PAYMENT_LIMIT,772,21,4,25,0.84,0.3,0.25,low_engagement,0.16,0.84,starter,803.69,monthly,RETRY_NOW,0.05343737756979277,2.0,42.947085979066756,40.947085979066756,5
FAIL_000903,PAY_006078,CUST_0369,SUB_0369,803.69,2025-08-13,LIMIT_EXCEEDED,PAYMENT_LIMIT,772,21,4,25,0.84,0.3,0.25,low_engagement,0.16,0.84,starter,803.69,monthly,STOP,0.0,0.0,0.0,0.0,6
FAIL_000912,PAY_006129,CUST_0372,SUB_0372,454.36,2024-12-01,AUTHENTICATION_FAILED,CUSTOMER_ACTION,817,18,9,27,0.6667,0.35,0.45,friction_prone,0.3333,0.6667,growth,454.36,monthly,UPDATE_PAYMENT_METHOD,0.7187356122281545,3.0,326.5647127719843,323.5647127719843,1
FAIL_000912,PAY_006129,CUST_0372,SUB_0372,454.36,2024-12-01,AUTHENTICATION_FAILED,CUSTOMER_ACTION,817,18,9,27,0.6667,0.35,0.45,friction_prone,0.3333,0.6667,growth,454.36,monthly,PAYMENT_LINK,0.6989491650519153,3.0,317.57454263298825,314.57454263298825,2
FAIL_000912,PAY_006129,CUST_0372,SUB_0372,454.36,2024-12-01,AUTHENTICATION_FAILED,CUSTOMER_ACTION,817,18,9,27,0.6667,0.35,0.45,friction_prone,0.3333,0.6667,growth,454.36,monthly,SEND_REMINDER,0.3949594290940207,1.0,179.45376620315926,178.45376620315926,3
FAIL_000912,PAY_006129,CUST_0372,SUB_0372,454.36,2024-12-01,AUTHENTICATION_FAILED,CUSTOMER_ACTION,817,18,9,27,0.6667,0.35,0.45,friction_prone,0.3333,0.6667,growth,454.36,monthly,WAIT_AND_RETRY,0.09776553127763438,2.0,44.42074679130596,42.42074679130596,4
FAIL_000912,PAY_006129,CUST_0372,SUB_0372,454.36,2024-12-01,AUTHENTICATION_FAILED,CUSTOMER_ACTION,817,18,9,27,0.6667,0.35,0.45,friction_prone,0.3333,0.6667,growth,454.36,monthly,RETRY_NOW,0.03911445605018446,2.0,17.772044250961812,15.772044250961812,5
FAIL_000912,PAY_006129,CUST_0372,SUB_0372,454.36,2024-12-01,AUTHENTICATION_FAILED,CUSTOMER_ACTION,817,18,9,27,0.6667,0.35,0.45,friction_prone,0.3333,0.6667,growth,454.36,monthly,STOP,0.0,0.0,0.0,0.0,6
FAIL_000914,PAY_006136,CUST_0372,SUB_0372,454.36,2025-06-29,CARD_EXPIRED,PAYMENT_METHOD,817,18,9,27,0.6667,0.35,0.45,friction_prone,0.3333,0.6667,growth,454.36,monthly,UPDATE_PAYMENT_METHOD,0.8464323693544158,3.0,384.5850113398724,381.5850113398724,1
FAIL_000914,PAY_006136,CUST_0372,SUB_0372,454.36,2025-06-29,CARD_EXPIRED,PAYMENT_METHOD,817,18,9,27,0.6667,0.35,0.45,friction_prone,0.3333,0.6667,growth,454.36,monthly,PAYMENT_LINK,0.5804216847878068,3.0,263.7203967001879,260.7203967001879,2
FAIL_000914,PAY_006136,CUST_0372,SUB_0372,454.36,2025-06-29,CARD_EXPIRED,PAYMENT_METHOD,817,18,9,27,0.6667,0.35,0.45,friction_prone,0.3333,0.6667,growth,454.36,monthly,SEND_REMINDER,0.20268424576731703,1.0,92.09161390683816,91.09161390683816,3
FAIL_000914,PAY_006136,CUST_0372,SUB_0372,454.36,2025-06-29,CARD_EXPIRED,PAYMENT_METHOD,817,18,9,27,0.6667,0.35,0.45,friction_prone,0.3333,0.6667,growth,454.36,monthly,WAIT_AND_RETRY,0.044866044644163744,2.0,20.38533604452224,18.38533604452224,4
FAIL_000914,PAY_006136,CUST_0372,SUB_0372,454.36,2025-06-29,CARD_EXPIRED,PAYMENT_METHOD,817,18,9,27,0.6667,0.35,0.45,friction_prone,0.3333,0.6667,growth,454.36,monthly,RETRY_NOW,0.030293794021635668,2.0,13.764288251670383,11.764288251670383,5
FAIL_000914,PAY_006136,CUST_0372,SUB_0372,454.36,2025-06-29,CARD_EXPIRED,PAYMENT_METHOD,817,18,9,27,0.6667,0.35,0.45,friction_prone,0.3333,0.6667,growth,454.36,monthly,STOP,0.0,0.0,0.0,0.0,6
FAIL_000915,PAY_006138,CUST_0372,SUB_0372,454.36,2025-08-28,BANK_DECLINED,ISSUER_DECLINE,817,18,9,27,0.6667,0.35,0.45,friction_prone,0.3333,0.6667,growth,454.36,monthly,PAYMENT_LINK,0.6276302017956386,3.0,285.17005848786636,282.17005848786636,1
FAIL_000915,PAY_006138,CUST_0372,SUB_0372,454.36,2025-08-28,BANK_DECLINED,ISSUER_DECLINE,817,18,9,27,0.6667,0.35,0.45,friction_prone,0.3333,0.6667,growth,454.36,monthly,WAIT_AND_RETRY,0.6129584728187211,2.0,278.5038117099141,276.5038117099141,2
FAIL_000915,PAY_006138,CUST_0372,SUB_0372,454.36,2025-08-28,BANK_DECLINED,ISSUER_DECLINE,817,18,9,27,0.6667,0.35,0.45,friction_prone,0.3333,0.6667,growth,454.36,monthly,SEND_REMINDER,0.39865249288576804,1.0,181.13174666757757,180.13174666757757,3
FAIL_000915,PAY_006138,CUST_0372,SUB_0372,454.36,2025-08-28,BANK_DECLINED,ISSUER_DECLINE,817,18,9,27,0.6667,0.35,0.45,friction_prone,0.3333,0.6667,growth,454.36,monthly,UPDATE_PAYMENT_METHOD,0.3415832942269778,3.0,155.20178556496964,152.20178556496964,4
FAIL_000915,PAY_006138,CUST_0372,SUB_0372,454.36,2025-08-28,BANK_DECLINED,ISSUER_DECLINE,817,18,9,27,0.6667,0.35,0.45,friction_prone,0.3333,0.6667,growth,454.36,monthly,RETRY_NOW,0.2457483315312202,2.0,111.65821191452521,109.65821191452521,5
FAIL_000915,PAY_006138,CUST_0372,SUB_0372,454.36,2025-08-28,BANK_DECLINED,ISSUER_DECLINE,817,18,9,27,0.6667,0.35,0.45,friction_prone,0.3333,0.6667,growth,454.36,monthly,STOP,0.0,0.0,0.0,0.0,6
FAIL_000921,PAY_006182,CUST_0374,SUB_0374,1655.04,2024-09-03,BANK_DECLINED,ISSUER_DECLINE,996,23,10,33,0.697,0.35,0.45,friction_prone,0.303,0.697,pro,1655.04,monthly,WAIT_AND_RETRY,0.45360621112430016,2.0,750.7364236591617,748.7364236591617,1
FAIL_000921,PAY_006182,CUST_0374,SUB_0374,1655.04,2024-09-03,BANK_DECLINED,ISSUER_DECLINE,996,23,10,33,0.697,0.35,0.45,friction_prone,0.303,0.697,pro,1655.04,monthly,SEND_REMINDER,0.4524172222495258,1.0,748.7685995118552,747.7685995118552,2
FAIL_000921,PAY_006182,CUST_0374,SUB_0374,1655.04,2024-09-03,BANK_DECLINED,ISSUER_DECLINE,996,23,10,33,0.697,0.35,0.45,friction_prone,0.303,0.697,pro,1655.04,monthly,PAYMENT_LINK,0.451364217018712,3.0,747.025833734649,744.025833734649,3
FAIL_000921,PAY_006182,CUST_0374,SUB_0374,1655.04,2024-09-03,BANK_DECLINED,ISSUER_DECLINE,996,23,10,33,0.697,0.35,0.45,friction_prone,0.303,0.697,pro,1655.04,monthly,UPDATE_PAYMENT_METHOD,0.3757648264795733,3.0,621.905818416753,618.905818416753,4
FAIL_000921,PAY_006182,CUST_0374,SUB_0374,1655.04,2024-09-03,BANK_DECLINED,ISSUER_DECLINE,996,23,10,33,0.697,0.35,0.45,friction_prone,0.303,0.697,pro,1655.04,monthly,RETRY_NOW,0.12950218892499502,2.0,214.33130275842373,212.33130275842373,5
FAIL_000921,PAY_006182,CUST_0374,SUB_0374,1655.04,2024-09-03,BANK_DECLINED,ISSUER_DECLINE,996,23,10,33,0.697,0.35,0.45,friction_prone,0.303,0.697,pro,1655.04,monthly,STOP,0.0,0.0,0.0,0.0,6
FAIL_000933,PAY_006275,CUST_0377,SUB_0377,929.32,2025-08-27,INSUFFICIENT_FUNDS,CUSTOMER_FINANCIAL,758,21,4,25,0.84,0.6,0.6,normal,0.16,0.84,starter,929.32,monthly,WAIT_AND_RETRY,0.7907116955496519,2.0,734.8241929082026,732.8241929082026,1
FAIL_000933,PAY_006275,CUST_0377,SUB_0377,929.32,2025-08-27,INSUFFICIENT_FUNDS,CUSTOMER_FINANCIAL,758,21,4,25,0.84,0.6,0.6,normal,0.16,0.84,starter,929.32,monthly,PAYMENT_LINK,0.7115350688666894,3.0,661.2437701991918,658.2437701991918,2
FAIL_000933,PAY_006275,CUST_0377,SUB_0377,929.32,2025-08-27,INSUFFICIENT_FUNDS,CUSTOMER_FINANCIAL,758,21,4,25,0.84,0.6,0.6,normal,0.16,0.84,starter,929.32,monthly,SEND_REMINDER,0.6107369235102103,1.0,567.5700377565087,566.5700377565087,3
FAIL_000933,PAY_006275,CUST_0377,SUB_0377,929.32,2025-08-27,INSUFFICIENT_FUNDS,CUSTOMER_FINANCIAL,758,21,4,25,0.84,0.6,0.6,normal,0.16,0.84,starter,929.32,monthly,UPDATE_PAYMENT_METHOD,0.4192157511592483,3.0,389.58558186731267,386.58558186731267,4
FAIL_000933,PAY_006275,CUST_0377,SUB_0377,929.32,2025-08-27,INSUFFICIENT_FUNDS,CUSTOMER_FINANCIAL,758,21,4,25,0.84,0.6,0.6,normal,0.16,0.84,starter,929.32,monthly,RETRY_NOW,0.30356092349774577,2.0,282.1052374249251,280.1052374249251,5
FAIL_000933,PAY_006275,CUST_0377,SUB_0377,929.32,2025-08-27,INSUFFICIENT_FUNDS,CUSTOMER_FINANCIAL,758,21,4,25,0.84,0.6,0.6,normal,0.16,0.84,starter,929.32,monthly,STOP,0.0,0.0,0.0,0.0,6
FAIL_000934,PAY_006277,CUST_0377,SUB_0377,929.32,2025-10-26,INSUFFICIENT_FUNDS,CUSTOMER_FINANCIAL,758,21,4,25,0.84,0.6,0.6,normal,0.16,0.84,starter,929.32,monthly,WAIT_AND_RETRY,0.7907116955496519,2.0,734.8241929082026,732.8241929082026,1
FAIL_000934,PAY_006277,CUST_0377,SUB_0377,929.32,2025-10-26,INSUFFICIENT_FUNDS,CUSTOMER_FINANCIAL,758,21,4,25,0.84,0.6,0.6,normal,0.16,0.84,starter,929.32,monthly,PAYMENT_LINK,0.7115350688666894,3.0,661.2437701991918,658.2437701991918,2
FAIL_000934,PAY_006277,CUST_0377,SUB_0377,929.32,2025-10-26,INSUFFICIENT_FUNDS,CUSTOMER_FINANCIAL,758,21,4,25,0.84,0.6,0.6,normal,0.16,0.84,starter,929.32,monthly,SEND_REMINDER,0.6107369235102103,1.0,567.5700377565087,566.5700377565087,3
FAIL_000934,PAY_006277,CUST_0377,SUB_0377,929.32,2025-10-26,INSUFFICIENT_FUNDS,CUSTOMER_FINANCIAL,758,21,4,25,0.84,0.6,0.6,normal,0.16,0.84,starter,929.32,monthly,UPDATE_PAYMENT_METHOD,0.4192157511592483,3.0,389.58558186731267,386.58558186731267,4
FAIL_000934,PAY_006277,CUST_0377,SUB_0377,929.32,2025-10-26,INSUFFICIENT_FUNDS,CUSTOMER_FINANCIAL,758,21,4,25,0.84,0.6,0.6,normal,0.16,0.84,starter,929.32,monthly,RETRY_NOW,0.30356092349774577,2.0,282.1052374249251,280.1052374249251,5
FAIL_000934,PAY_006277,CUST_0377,SUB_0377,929.32,2025-10-26,INSUFFICIENT_FUNDS,CUSTOMER_FINANCIAL,758,21,4,25,0.84,0.6,0.6,normal,0.16,0.84,starter,929.32,monthly,STOP,0.0,0.0,0.0,0.0,6
FAIL_000938,PAY_006328,CUST_0380,SUB_0380,2093.21,2025-05-17,AUTHENTICATION_FAILED,CUSTOMER_ACTION,830,21,6,27,0.7778,0.35,0.45,friction_prone,0.2222,0.7778,pro,2093.21,monthly,UPDATE_PAYMENT_METHOD,0.6221332213887449,3.0,1302.2554803431349,1299.2554803431349,1
FAIL_000938,PAY_006328,CUST_0380,SUB_0380,2093.21,2025-05-17,AUTHENTICATION_FAILED,CUSTOMER_ACTION,830,21,6,27,0.7778,0.35,0.45,friction_prone,0.2222,0.7778,pro,2093.21,monthly,PAYMENT_LINK,0.5237343397671654,3.0,1096.2859573440285,1093.2859573440285,2
FAIL_000938,PAY_006328,CUST_0380,SUB_0380,2093.21,2025-05-17,AUTHENTICATION_FAILED,CUSTOMER_ACTION,830,21,6,27,0.7778,0.35,0.45,friction_prone,0.2222,0.7778,pro,2093.21,monthly,SEND_REMINDER,0.29653672557051125,1.0,620.7136393314498,619.7136393314498,3
FAIL_000938,PAY_006328,CUST_0380,SUB_0380,2093.21,2025-05-17,AUTHENTICATION_FAILED,CUSTOMER_ACTION,830,21,6,27,0.7778,0.35,0.45,friction_prone,0.2222,0.7778,pro,2093.21,monthly,WAIT_AND_RETRY,0.07094136331174242,2.0,148.49517109777236,146.49517109777236,4
FAIL_000938,PAY_006328,CUST_0380,SUB_0380,2093.21,2025-05-17,AUTHENTICATION_FAILED,CUSTOMER_ACTION,830,21,6,27,0.7778,0.35,0.45,friction_prone,0.2222,0.7778,pro,2093.21,monthly,RETRY_NOW,0.03190101624069639,2.0,66.77552620518809,64.77552620518809,5
FAIL_000938,PAY_006328,CUST_0380,SUB_0380,2093.21,2025-05-17,AUTHENTICATION_FAILED,CUSTOMER_ACTION,830,21,6,27,0.7778,0.35,0.45,friction_prone,0.2222,0.7778,pro,2093.21,monthly,STOP,0.0,0.0,0.0,0.0,6
FAIL_000939,PAY_006332,CUST_0380,SUB_0380,2093.21,2025-09-14,CARD_EXPIRED,PAYMENT_METHOD,830,21,6,27,0.7778,0.35,0.45,friction_prone,0.2222,0.7778,pro,2093.21,monthly,UPDATE_PAYMENT_METHOD,0.718409495085489,3.0,1503.7819392078966,1500.7819392078966,1
FAIL_000939,PAY_006332,CUST_0380,SUB_0380,2093.21,2025-09-14,CARD_EXPIRED,PAYMENT_METHOD,830,21,6,27,0.7778,0.35,0.45,friction_prone,0.2222,0.7778,pro,2093.21,monthly,SEND_REMINDER,0.5563907710199143,1.0,1164.6427258065949,1163.6427258065949,2
FAIL_000939,PAY_006332,CUST_0380,SUB_0380,2093.21,2025-09-14,CARD_EXPIRED,PAYMENT_METHOD,830,21,6,27,0.7778,0.35,0.45,friction_prone,0.2222,0.7778,pro,2093.21,monthly,PAYMENT_LINK,0.42059840243882124,3.0,880.400781968965,877.400781968965,3
FAIL_000939,PAY_006332,CUST_0380,SUB_0380,2093.21,2025-09-14,CARD_EXPIRED,PAYMENT_METHOD,830,21,6,27,0.7778,0.35,0.45,friction_prone,0.2222,0.7778,pro,2093.21,monthly,WAIT_AND_RETRY,0.04354522763302533,2.0,91.14930593372496,89.14930593372496,4
FAIL_000939,PAY_006332,CUST_0380,SUB_0380,2093.21,2025-09-14,CARD_EXPIRED,PAYMENT_METHOD,830,21,6,27,0.7778,0.35,0.45,friction_prone,0.2222,0.7778,pro,2093.21,monthly,RETRY_NOW,0.026676948853805962,2.0,55.84045611027518,53.84045611027518,5
FAIL_000939,PAY_006332,CUST_0380,SUB_0380,2093.21,2025-09-14,CARD_EXPIRED,PAYMENT_METHOD,830,21,6,27,0.7778,0.35,0.45,friction_prone,0.2222,0.7778,pro,2093.21,monthly,STOP,0.0,0.0,0.0,0.0,6
FAIL_000943,PAY_006383,CUST_0384,SUB_0384,686.09,2025-10-25,CARD_EXPIRED,PAYMENT_METHOD,429,10,4,14,0.7143,0.35,0.45,friction_prone,0.2857,0.7143,starter,686.09,monthly,UPDATE_PAYMENT_METHOD,0.8822125020152608,3.0,605.2771755076503,602.2771755076503,1
FAIL_000943,PAY_006383,CUST_0384,SUB_0384,686.09,2025-10-25,CARD_EXPIRED,PAYMENT_METHOD,429,10,4,14,0.7143,0.35,0.45,friction_prone,0.2857,0.7143,starter,686.09,monthly,PAYMENT_LINK,0.4984253643885229,3.0,341.9646582533217,338.9646582533217,2
FAIL_000943,PAY_006383,CUST_0384,SUB_0384,686.09,2025-10-25,CARD_EXPIRED,PAYMENT_METHOD,429,10,4,14,0.7143,0.35,0.45,friction_prone,0.2857,0.7143,starter,686.09,monthly,SEND_REMINDER,0.26754724107743044,1.0,183.56148663081427,182.56148663081427,3
FAIL_000943,PAY_006383,CUST_0384,SUB_0384,686.09,2025-10-25,CARD_EXPIRED,PAYMENT_METHOD,429,10,4,14,0.7143,0.35,0.45,friction_prone,0.2857,0.7143,starter,686.09,monthly,RETRY_NOW,0.07527491972386392,2.0,51.645369673345805,49.645369673345805,4
FAIL_000943,PAY_006383,CUST_0384,SUB_0384,686.09,2025-10-25,CARD_EXPIRED,PAYMENT_METHOD,429,10,4,14,0.7143,0.35,0.45,friction_prone,0.2857,0.7143,starter,686.09,monthly,WAIT_AND_RETRY,0.0500315525257211,2.0,34.32614787237199,32.32614787237199,5
FAIL_000943,PAY_006383,CUST_0384,SUB_0384,686.09,2025-10-25,CARD_EXPIRED,PAYMENT_METHOD,429,10,4,14,0.7143,0.35,0.45,friction_prone,0.2857,0.7143,starter,686.09,monthly,STOP,0.0,0.0,0.0,0.0,6
FAIL_000953,PAY_006419,CUST_0386,SUB_0386,978.94,2025-08-25,LIMIT_EXCEEDED,PAYMENT_LIMIT,580,14,5,19,0.7368,0.6,0.6,normal,0.2632,0.7368,pro,978.94,monthly,PAYMENT_LINK,0.7478561660725677,3.0,732.1063152150795,729.1063152150795,1
FAIL_000953,PAY_006419,CUST_0386,SUB_0386,978.94,2025-08-25,LIMIT_EXCEEDED,PAYMENT_LIMIT,580,14,5,19,0.7368,0.6,0.6,normal,0.2632,0.7368,pro,978.94,monthly,UPDATE_PAYMENT_METHOD,0.4700065497473761,3.0,460.1082118096964,457.1082118096964,2
FAIL_000953,PAY_006419,CUST_0386,SUB_0386,978.94,2025-08-25,LIMIT_EXCEEDED,PAYMENT_LIMIT,580,14,5,19,0.7368,0.6,0.6,normal,0.2632,0.7368,pro,978.94,monthly,SEND_REMINDER,0.4078280962046417,1.0,399.239236498572,398.239236498572,3
FAIL_000953,PAY_006419,CUST_0386,SUB_0386,978.94,2025-08-25,LIMIT_EXCEEDED,PAYMENT_LIMIT,580,14,5,19,0.7368,0.6,0.6,normal,0.2632,0.7368,pro,978.94,monthly,WAIT_AND_RETRY,0.3559584779645484,2.0,348.461992418615,346.461992418615,4
FAIL_000953,PAY_006419,CUST_0386,SUB_0386,978.94,2025-08-25,LIMIT_EXCEEDED,PAYMENT_LIMIT,580,14,5,19,0.7368,0.6,0.6,normal,0.2632,0.7368,pro,978.94,monthly,RETRY_NOW,0.1266968688828298,2.0,124.02863282415741,122.02863282415741,5
FAIL_000953,PAY_006419,CUST_0386,SUB_0386,978.94,2025-08-25,LIMIT_EXCEEDED,PAYMENT_LIMIT,580,14,5,19,0.7368,0.6,0.6,normal,0.2632,0.7368,pro,978.94,monthly,STOP,0.0,0.0,0.0,0.0,6
FAIL_000954,PAY_006420,CUST_0386,SUB_0386,978.94,2025-09-24,CARD_EXPIRED,PAYMENT_METHOD,580,14,5,19,0.7368,0.6,0.6,normal,0.2632,0.7368,pro,978.94,monthly,UPDATE_PAYMENT_METHOD,0.8583229801194237,3.0,840.2466981581086,837.2466981581086,1
FAIL_000954,PAY_006420,CUST_0386,SUB_0386,978.94,2025-09-24,CARD_EXPIRED,PAYMENT_METHOD,580,14,5,19,0.7368,0.6,0.6,normal,0.2632,0.7368,pro,978.94,monthly,SEND_REMINDER,0.5443595178094113,1.0,532.8953063643451,531.8953063643451,2
FAIL_000954,PAY_006420,CUST_0386,SUB_0386,978.94,2025-09-24,CARD_EXPIRED,PAYMENT_METHOD,580,14,5,19,0.7368,0.6,0.6,normal,0.2632,0.7368,pro,978.94,monthly,PAYMENT_LINK,0.33391367550074796,3.0,326.8814534947022,323.8814534947022,3
FAIL_000954,PAY_006420,CUST_0386,SUB_0386,978.94,2025-09-24,CARD_EXPIRED,PAYMENT_METHOD,580,14,5,19,0.7368,0.6,0.6,normal,0.2632,0.7368,pro,978.94,monthly,RETRY_NOW,0.2661192263019518,2.0,260.5147553960327,258.5147553960327,4
FAIL_000954,PAY_006420,CUST_0386,SUB_0386,978.94,2025-09-24,CARD_EXPIRED,PAYMENT_METHOD,580,14,5,19,0.7368,0.6,0.6,normal,0.2632,0.7368,pro,978.94,monthly,WAIT_AND_RETRY,0.11115231641770423,2.0,108.81144863394739,106.81144863394739,5
FAIL_000954,PAY_006420,CUST_0386,SUB_0386,978.94,2025-09-24,CARD_EXPIRED,PAYMENT_METHOD,580,14,5,19,0.7368,0.6,0.6,normal,0.2632,0.7368,pro,978.94,monthly,STOP,0.0,0.0,0.0,0.0,6
FAIL_000961,PAY_006433,CUST_0387,SUB_0387,524.81,2025-03-02,CARD_EXPIRED,PAYMENT_METHOD,606,12,8,20,0.6,0.3,0.25,low_engagement,0.4,0.6,growth,524.81,monthly,UPDATE_PAYMENT_METHOD,0.8915861661454364,3.0,467.91333585478645,464.91333585478645,1
FAIL_000961,PAY_006433,CUST_0387,SUB_0387,524.81,2025-03-02,CARD_EXPIRED,PAYMENT_METHOD,606,12,8,20,0.6,0.3,0.25,low_engagement,0.4,0.6,growth,524.81,monthly,SEND_REMINDER,0.2569391257344452,1.0,134.8442225766942,133.8442225766942,2
FAIL_000961,PAY_006433,CUST_0387,SUB_0387,524.81,2025-03-02,CARD_EXPIRED,PAYMENT_METHOD,606,12,8,20,0.6,0.3,0.25,low_engagement,0.4,0.6,growth,524.81,monthly,PAYMENT_LINK,0.23952652170647,3.0,125.70591385677251,122.70591385677251,3
FAIL_000961,PAY_006433,CUST_0387,SUB_0387,524.81,2025-03-02,CARD_EXPIRED,PAYMENT_METHOD,606,12,8,20,0.6,0.3,0.25,low_engagement,0.4,0.6,growth,524.81,monthly,RETRY_NOW,0.04786181175351805,2.0,25.118357426363804,23.118357426363804,4
FAIL_000961,PAY_006433,CUST_0387,SUB_0387,524.81,2025-03-02,CARD_EXPIRED,PAYMENT_METHOD,606,12,8,20,0.6,0.3,0.25,low_engagement,0.4,0.6,growth,524.81,monthly,WAIT_AND_RETRY,0.025536274664511742,2.0,13.401692306682406,11.401692306682406,5
FAIL_000961,PAY_006433,CUST_0387,SUB_0387,524.81,2025-03-02,CARD_EXPIRED,PAYMENT_METHOD,606,12,8,20,0.6,0.3,0.25,low_engagement,0.4,0.6,growth,524.81,monthly,STOP,0.0,0.0,0.0,0.0,6
FAIL_000963,PAY_006437,CUST_0387,SUB_0387,524.81,2025-06-30,AUTHENTICATION_FAILED,CUSTOMER_ACTION,606,12,8,20,0.6,0.3,0.25,low_engagement,0.4,0.6,growth,524.81,monthly,UPDATE_PAYMENT_METHOD,0.624028309019147,3.0,327.49629685633846,324.49629685633846,1
FAIL_000963,PAY_006437,CUST_0387,SUB_0387,524.81,2025-06-30,AUTHENTICATION_FAILED,CUSTOMER_ACTION,606,12,8,20,0.6,0.3,0.25,low_engagement,0.4,0.6,growth,524.81,monthly,SEND_REMINDER,0.48621537721130326,1.0,255.17069211426403,254.17069211426403,2
FAIL_000963,PAY_006437,CUST_0387,SUB_0387,524.81,2025-06-30,AUTHENTICATION_FAILED,CUSTOMER_ACTION,606,12,8,20,0.6,0.3,0.25,low_engagement,0.4,0.6,growth,524.81,monthly,WAIT_AND_RETRY,0.34717211070725523,2.0,182.1993954202746,180.1993954202746,3
FAIL_000963,PAY_006437,CUST_0387,SUB_0387,524.81,2025-06-30,AUTHENTICATION_FAILED,CUSTOMER_ACTION,606,12,8,20,0.6,0.3,0.25,low_engagement,0.4,0.6,growth,524.81,monthly,PAYMENT_LINK,0.2011681032073929,3.0,105.57503224427185,102.57503224427185,4
FAIL_000963,PAY_006437,CUST_0387,SUB_0387,524.81,2025-06-30,AUTHENTICATION_FAILED,CUSTOMER_ACTION,606,12,8,20,0.6,0.3,0.25,low_engagement,0.4,0.6,growth,524.81,monthly,RETRY_NOW,0.18499102877349122,2.0,97.08514181061591,95.08514181061591,5
FAIL_000963,PAY_006437,CUST_0387,SUB_0387,524.81,2025-06-30,AUTHENTICATION_FAILED,CUSTOMER_ACTION,606,12,8,20,0.6,0.3,0.25,low_engagement,0.4,0.6,growth,524.81,monthly,STOP,0.0,0.0,0.0,0.0,6
FAIL_000964,PAY_006438,CUST_0387,SUB_0387,524.81,2025-07-30,AUTHENTICATION_FAILED,CUSTOMER_ACTION,606,12,8,20,0.6,0.3,0.25,low_engagement,0.4,0.6,growth,524.81,monthly,UPDATE_PAYMENT_METHOD,0.624028309019147,3.0,327.49629685633846,324.49629685633846,1
FAIL_000964,PAY_006438,CUST_0387,SUB_0387,524.81,2025-07-30,AUTHENTICATION_FAILED,CUSTOMER_ACTION,606,12,8,20,0.6,0.3,0.25,low_engagement,0.4,0.6,growth,524.81,monthly,SEND_REMINDER,0.48621537721130326,1.0,255.17069211426403,254.17069211426403,2
FAIL_000964,PAY_006438,CUST_0387,SUB_0387,524.81,2025-07-30,AUTHENTICATION_FAILED,CUSTOMER_ACTION,606,12,8,20,0.6,0.3,0.25,low_engagement,0.4,0.6,growth,524.81,monthly,WAIT_AND_RETRY,0.34717211070725523,2.0,182.1993954202746,180.1993954202746,3
FAIL_000964,PAY_006438,CUST_0387,SUB_0387,524.81,2025-07-30,AUTHENTICATION_FAILED,CUSTOMER_ACTION,606,12,8,20,0.6,0.3,0.25,low_engagement,0.4,0.6,growth,524.81,monthly,PAYMENT_LINK,0.2011681032073929,3.0,105.57503224427185,102.57503224427185,4
FAIL_000964,PAY_006438,CUST_0387,SUB_0387,524.81,2025-07-30,AUTHENTICATION_FAILED,CUSTOMER_ACTION,606,12,8,20,0.6,0.3,0.25,low_engagement,0.4,0.6,growth,524.81,monthly,RETRY_NOW,0.18499102877349122,2.0,97.08514181061591,95.08514181061591,5
FAIL_000964,PAY_006438,CUST_0387,SUB_0387,524.81,2025-07-30,AUTHENTICATION_FAILED,CUSTOMER_ACTION,606,12,8,20,0.6,0.3,0.25,low_engagement,0.4,0.6,growth,524.81,monthly,STOP,0.0,0.0,0.0,0.0,6
FAIL_000969,PAY_006445,CUST_0387,SUB_0387,524.81,2026-02-25,NETWORK_ERROR,TECHNICAL,606,12,8,20,0.6,0.3,0.25,low_engagement,0.4,0.6,growth,524.81,monthly,RETRY_NOW,0.9050795965231587,2.0,474.99482305131886,472.99482305131886,1
FAIL_000969,PAY_006445,CUST_0387,SUB_0387,524.81,2026-02-25,NETWORK_ERROR,TECHNICAL,606,12,8,20,0.6,0.3,0.25,low_engagement,0.4,0.6,growth,524.81,monthly,WAIT_AND_RETRY,0.7706391509734835,2.0,404.4391328223938,402.4391328223938,2
FAIL_000969,PAY_006445,CUST_0387,SUB_0387,524.81,2026-02-25,NETWORK_ERROR,TECHNICAL,606,12,8,20,0.6,0.3,0.25,low_engagement,0.4,0.6,growth,524.81,monthly,PAYMENT_LINK,0.364317285785126,3.0,191.19735475289195,188.19735475289195,3
FAIL_000969,PAY_006445,CUST_0387,SUB_0387,524.81,2026-02-25,NETWORK_ERROR,TECHNICAL,606,12,8,20,0.6,0.3,0.25,low_engagement,0.4,0.6,growth,524.81,monthly,SEND_REMINDER,0.2623928031340005,1.0,137.70636701275478,136.70636701275478,4
FAIL_000969,PAY_006445,CUST_0387,SUB_0387,524.81,2026-02-25,NETWORK_ERROR,TECHNICAL,606,12,8,20,0.6,0.3,0.25,low_engagement,0.4,0.6,growth,524.81,monthly,UPDATE_PAYMENT_METHOD,0.039471955049978566,3.0,20.715276729779248,17.715276729779248,5
FAIL_000969,PAY_006445,CUST_0387,SUB_0387,524.81,2026-02-25,NETWORK_ERROR,TECHNICAL,606,12,8,20,0.6,0.3,0.25,low_engagement,0.4,0.6,growth,524.81,monthly,STOP,0.0,0.0,0.0,0.0,6
FAIL_000970,PAY_006446,CUST_0387,SUB_0387,524.81,2026-03-27,AUTHENTICATION_FAILED,CUSTOMER_ACTION,606,12,8,20,0.6,0.3,0.25,low_engagement,0.4,0.6,growth,524.81,monthly,UPDATE_PAYMENT_METHOD,0.624028309019147,3.0,327.49629685633846,324.49629685633846,1
FAIL_000970,PAY_006446,CUST_0387,SUB_0387,524.81,2026-03-27,AUTHENTICATION_FAILED,CUSTOMER_ACTION,606,12,8,20,0.6,0.3,0.25,low_engagement,0.4,0.6,growth,524.81,monthly,SEND_REMINDER,0.48621537721130326,1.0,255.17069211426403,254.17069211426403,2
FAIL_000970,PAY_006446,CUST_0387,SUB_0387,524.81,2026-03-27,AUTHENTICATION_FAILED,CUSTOMER_ACTION,606,12,8,20,0.6,0.3,0.25,low_engagement,0.4,0.6,growth,524.81,monthly,WAIT_AND_RETRY,0.34717211070725523,2.0,182.1993954202746,180.1993954202746,3
FAIL_000970,PAY_006446,CUST_0387,SUB_0387,524.81,2026-03-27,AUTHENTICATION_FAILED,CUSTOMER_ACTION,606,12,8,20,0.6,0.3,0.25,low_engagement,0.4,0.6,growth,524.81,monthly,PAYMENT_LINK,0.2011681032073929,3.0,105.57503224427185,102.57503224427185,4
FAIL_000970,PAY_006446,CUST_0387,SUB_0387,524.81,2026-03-27,AUTHENTICATION_FAILED,CUSTOMER_ACTION,606,12,8,20,0.6,0.3,0.25,low_engagement,0.4,0.6,growth,524.81,monthly,RETRY_NOW,0.18499102877349122,2.0,97.08514181061591,95.08514181061591,5
FAIL_000970,PAY_006446,CUST_0387,SUB_0387,524.81,2026-03-27,AUTHENTICATION_FAILED,CUSTOMER_ACTION,606,12,8,20,0.6,0.3,0.25,low_engagement,0.4,0.6,growth,524.81,monthly,STOP,0.0,0.0,0.0,0.0,6
FAIL_000975,PAY_006500,CUST_0393,SUB_0393,814.36,2025-03-10,BANK_DECLINED,ISSUER_DECLINE,718,18,5,23,0.7826,0.3,0.25,low_engagement,0.2174,0.7826,growth,814.36,monthly,WAIT_AND_RETRY,0.6272514946536419,2.0,510.8085271861399,508.8085271861399,1
FAIL_000975,PAY_006500,CUST_0393,SUB_0393,814.36,2025-03-10,BANK_DECLINED,ISSUER_DECLINE,718,18,5,23,0.7826,0.3,0.25,low_engagement,0.2174,0.7826,growth,814.36,monthly,PAYMENT_LINK,0.501526390937795,3.0,408.42303172410277,405.42303172410277,2
FAIL_000975,PAY_006500,CUST_0393,SUB_0393,814.36,2025-03-10,BANK_DECLINED,ISSUER_DECLINE,718,18,5,23,0.7826,0.3,0.25,low_engagement,0.2174,0.7826,growth,814.36,monthly,SEND_REMINDER,0.3574167485094047,1.0,291.0659033161188,290.0659033161188,3
FAIL_000975,PAY_006500,CUST_0393,SUB_0393,814.36,2025-03-10,BANK_DECLINED,ISSUER_DECLINE,718,18,5,23,0.7826,0.3,0.25,low_engagement,0.2174,0.7826,growth,814.36,monthly,RETRY_NOW,0.22891266408834424,2.0,186.41731712698402,184.41731712698402,4
FAIL_000975,PAY_006500,CUST_0393,SUB_0393,814.36,2025-03-10,BANK_DECLINED,ISSUER_DECLINE,718,18,5,23,0.7826,0.3,0.25,low_engagement,0.2174,0.7826,growth,814.36,monthly,UPDATE_PAYMENT_METHOD,0.11199670219481567,3.0,91.20563439937008,88.20563439937008,5
FAIL_000975,PAY_006500,CUST_0393,SUB_0393,814.36,2025-03-10,BANK_DECLINED,ISSUER_DECLINE,718,18,5,23,0.7826,0.3,0.25,low_engagement,0.2174,0.7826,growth,814.36,monthly,STOP,0.0,0.0,0.0,0.0,6
FAIL_000978,PAY_006515,CUST_0393,SUB_0393,814.36,2026-06-03,LIMIT_EXCEEDED,PAYMENT_LIMIT,718,18,5,23,0.7826,0.3,0.25,low_engagement,0.2174,0.7826,growth,814.36,monthly,PAYMENT_LINK,0.627744095952856,3.0,511.2096819801678,508.2096819801678,1
FAIL_000978,PAY_006515,CUST_0393,SUB_0393,814.36,2026-06-03,LIMIT_EXCEEDED,PAYMENT_LIMIT,718,18,5,23,0.7826,0.3,0.25,low_engagement,0.2174,0.7826,growth,814.36,monthly,UPDATE_PAYMENT_METHOD,0.4204524319661873,3.0,342.3996424959843,339.3996424959843,2
FAIL_000978,PAY_006515,CUST_0393,SUB_0393,814.36,2026-06-03,LIMIT_EXCEEDED,PAYMENT_LIMIT,718,18,5,23,0.7826,0.3,0.25,low_engagement,0.2174,0.7826,growth,814.36,monthly,WAIT_AND_RETRY,0.26332051536842516,2.0,214.43769489543072,212.43769489543072,3
FAIL_000978,PAY_006515,CUST_0393,SUB_0393,814.36,2026-06-03,LIMIT_EXCEEDED,PAYMENT_LIMIT,718,18,5,23,0.7826,0.3,0.25,low_engagement,0.2174,0.7826,growth,814.36,monthly,SEND_REMINDER,0.22403306379351254,1.0,182.44356583088486,181.44356583088486,4
FAIL_000978,PAY_006515,CUST_0393,SUB_0393,814.36,2026-06-03,LIMIT_EXCEEDED,PAYMENT_LIMIT,718,18,5,23,0.7826,0.3,0.25,low_engagement,0.2174,0.7826,growth,814.36,monthly,RETRY_NOW,0.06841960368683947,2.0,55.718188458414595,53.718188458414595,5
FAIL_000978,PAY_006515,CUST_0393,SUB_0393,814.36,2026-06-03,LIMIT_EXCEEDED,PAYMENT_LIMIT,718,18,5,23,0.7826,0.3,0.25,low_engagement,0.2174,0.7826,growth,814.36,monthly,STOP,0.0,0.0,0.0,0.0,6
FAIL_000980,PAY_006544,CUST_0396,SUB_0396,5752.09,2024-09-22,BANK_DECLINED,ISSUER_DECLINE,857,25,3,28,0.8929,0.82,0.9,high_value_loyal,0.1071,0.8929,pro,5752.09,monthly,PAYMENT_LINK,0.7371012407835277,3.0,4239.872676098522,4236.872676098522,1
FAIL_000980,PAY_006544,CUST_0396,SUB_0396,5752.09,2024-09-22,BANK_DECLINED,ISSUER_DECLINE,857,25,3,28,0.8929,0.82,0.9,high_value_loyal,0.1071,0.8929,pro,5752.09,monthly,WAIT_AND_RETRY,0.6309622630997168,2.0,3629.3517239532503,3627.3517239532503,2
FAIL_000980,PAY_006544,CUST_0396,SUB_0396,5752.09,2024-09-22,BANK_DECLINED,ISSUER_DECLINE,857,25,3,28,0.8929,0.82,0.9,high_value_loyal,0.1071,0.8929,pro,5752.09,monthly,SEND_REMINDER,0.5923777870993454,1.0,3407.410345396274,3406.410345396274,3
FAIL_000980,PAY_006544,CUST_0396,SUB_0396,5752.09,2024-09-22,BANK_DECLINED,ISSUER_DECLINE,857,25,3,28,0.8929,0.82,0.9,high_value_loyal,0.1071,0.8929,pro,5752.09,monthly,UPDATE_PAYMENT_METHOD,0.545206116536567,3.0,3136.074650868822,3133.074650868822,4
FAIL_000980,PAY_006544,CUST_0396,SUB_0396,5752.09,2024-09-22,BANK_DECLINED,ISSUER_DECLINE,857,25,3,28,0.8929,0.82,0.9,high_value_loyal,0.1071,0.8929,pro,5752.09,monthly,RETRY_NOW,0.2222716584400576,2.0,1278.526583796471,1276.526583796471,5
FAIL_000980,PAY_006544,CUST_0396,SUB_0396,5752.09,2024-09-22,BANK_DECLINED,ISSUER_DECLINE,857,25,3,28,0.8929,0.82,0.9,high_value_loyal,0.1071,0.8929,pro,5752.09,monthly,STOP,0.0,0.0,0.0,0.0,6
FAIL_000981,PAY_006545,CUST_0396,SUB_0396,5752.09,2024-10-22,INSUFFICIENT_FUNDS,CUSTOMER_FINANCIAL,857,25,3,28,0.8929,0.82,0.9,high_value_loyal,0.1071,0.8929,pro,5752.09,monthly,WAIT_AND_RETRY,0.7873062037211814,2.0,4528.65614136257,4526.65614136257,1
FAIL_000981,PAY_006545,CUST_0396,SUB_0396,5752.09,2024-10-22,INSUFFICIENT_FUNDS,CUSTOMER_FINANCIAL,857,25,3,28,0.8929,0.82,0.9,high_value_loyal,0.1071,0.8929,pro,5752.09,monthly,PAYMENT_LINK,0.6925129328182392,3.0,3983.396715734466,3980.396715734466,2
FAIL_000981,PAY_006545,CUST_0396,SUB_0396,5752.09,2024-10-22,INSUFFICIENT_FUNDS,CUSTOMER_FINANCIAL,857,25,3,28,0.8929,0.82,0.9,high_value_loyal,0.1071,0.8929,pro,5752.09,monthly,SEND_REMINDER,0.632552290318438,1.0,3638.497703617784,3637.497703617784,3
FAIL_000981,PAY_006545,CUST_0396,SUB_0396,5752.09,2024-10-22,INSUFFICIENT_FUNDS,CUSTOMER_FINANCIAL,857,25,3,28,0.8929,0.82,0.9,high_value_loyal,0.1071,0.8929,pro,5752.09,monthly,UPDATE_PAYMENT_METHOD,0.4752704191296799,3.0,2733.7982251716403,2730.7982251716403,4
FAIL_000981,PAY_006545,CUST_0396,SUB_0396,5752.09,2024-10-22,INSUFFICIENT_FUNDS,CUSTOMER_FINANCIAL,857,25,3,28,0.8929,0.82,0.9,high_value_loyal,0.1071,0.8929,pro,5752.09,monthly,RETRY_NOW,0.2989128366151272,2.0,1719.3735383655069,1717.3735383655069,5
FAIL_000981,PAY_006545,CUST_0396,SUB_0396,5752.09,2024-10-22,INSUFFICIENT_FUNDS,CUSTOMER_FINANCIAL,857,25,3,28,0.8929,0.82,0.9,high_value_loyal,0.1071,0.8929,pro,5752.09,monthly,STOP,0.0,0.0,0.0,0.0,6
FAIL_000987,PAY_006602,CUST_0398,SUB_0398,669.19,2025-08-07,LIMIT_EXCEEDED,PAYMENT_LIMIT,838,23,4,27,0.8519,0.3,0.25,low_engagement,0.1481,0.8519,starter,669.19,monthly,PAYMENT_LINK,0.6399534929961799,3.0,428.2504779781136,425.2504779781136,1
FAIL_000987,PAY_006602,CUST_0398,SUB_0398,669.19,2025-08-07,LIMIT_EXCEEDED,PAYMENT_LIMIT,838,23,4,27,0.8519,0.3,0.25,low_engagement,0.1481,0.8519,starter,669.19,monthly,UPDATE_PAYMENT_METHOD,0.3843995426666588,3.0,257.2363299571014,254.23632995710142,2
FAIL_000987,PAY_006602,CUST_0398,SUB_0398,669.19,2025-08-07,LIMIT_EXCEEDED,PAYMENT_LIMIT,838,23,4,27,0.8519,0.3,0.25,low_engagement,0.1481,0.8519,starter,669.19,monthly,WAIT_AND_RETRY,0.27572485244795897,2.0,184.51231400964969,182.51231400964969,3
FAIL_000987,PAY_006602,CUST_0398,SUB_0398,669.19,2025-08-07,LIMIT_EXCEEDED,PAYMENT_LIMIT,838,23,4,27,0.8519,0.3,0.25,low_engagement,0.1481,0.8519,starter,669.19,monthly,SEND_REMINDER,0.21527614617945914,1.0,144.06064426183227,143.06064426183227,4
FAIL_000987,PAY_006602,CUST_0398,SUB_0398,669.19,2025-08-07,LIMIT_EXCEEDED,PAYMENT_LIMIT,838,23,4,27,0.8519,0.3,0.25,low_engagement,0.1481,0.8519,starter,669.19,monthly,RETRY_NOW,0.0667133410007555,2.0,44.64390066429558,42.64390066429558,5
FAIL_000987,PAY_006602,CUST_0398,SUB_0398,669.19,2025-08-07,LIMIT_EXCEEDED,PAYMENT_LIMIT,838,23,4,27,0.8519,0.3,0.25,low_engagement,0.1481,0.8519,starter,669.19,monthly,STOP,0.0,0.0,0.0,0.0,6
FAIL_000996,PAY_006650,CUST_0400,SUB_0400,7063.31,2025-11-06,INSUFFICIENT_FUNDS,CUSTOMER_FINANCIAL,927,28,2,30,0.9333,0.82,0.9,high_value_loyal,0.0667,0.9333,growth,7063.31,monthly,PAYMENT_LINK,0.856704034151391,3.0,6051.166171461861,6048.166171461861,1
FAIL_000996,PAY_006650,CUST_0400,SUB_0400,7063.31,2025-11-06,INSUFFICIENT_FUNDS,CUSTOMER_FINANCIAL,927,28,2,30,0.9333,0.82,0.9,high_value_loyal,0.0667,0.9333,growth,7063.31,monthly,WAIT_AND_RETRY,0.6747829988547172,2.0,4766.201503640513,4764.201503640513,2
FAIL_000996,PAY_006650,CUST_0400,SUB_0400,7063.31,2025-11-06,INSUFFICIENT_FUNDS,CUSTOMER_FINANCIAL,927,28,2,30,0.9333,0.82,0.9,high_value_loyal,0.0667,0.9333,growth,7063.31,monthly,RETRY_NOW,0.5959107336988648,2.0,4209.102244442529,4207.102244442529,3
FAIL_000996,PAY_006650,CUST_0400,SUB_0400,7063.31,2025-11-06,INSUFFICIENT_FUNDS,CUSTOMER_FINANCIAL,927,28,2,30,0.9333,0.82,0.9,high_value_loyal,0.0667,0.9333,growth,7063.31,monthly,SEND_REMINDER,0.5468781794309023,1.0,3862.770113556087,3861.770113556087,4
FAIL_000996,PAY_006650,CUST_0400,SUB_0400,7063.31,2025-11-06,INSUFFICIENT_FUNDS,CUSTOMER_FINANCIAL,927,28,2,30,0.9333,0.82,0.9,high_value_loyal,0.0667,0.9333,growth,7063.31,monthly,UPDATE_PAYMENT_METHOD,0.41585672438979054,3.0,2937.3249599496517,2934.3249599496517,5
FAIL_000996,PAY_006650,CUST_0400,SUB_0400,7063.31,2025-11-06,INSUFFICIENT_FUNDS,CUSTOMER_FINANCIAL,927,28,2,30,0.9333,0.82,0.9,high_value_loyal,0.0667,0.9333,growth,7063.31,monthly,STOP,0.0,0.0,0.0,0.0,6
FAIL_001000,PAY_006694,CUST_0402,SUB_0402,568.13,2026-04-04,CARD_EXPIRED,PAYMENT_METHOD,988,26,6,32,0.8125,0.35,0.45,friction_prone,0.1875,0.8125,pro,568.13,monthly,UPDATE_PAYMENT_METHOD,0.8483583496701603,3.0,481.97782919810817,478.97782919810817,1
FAIL_001000,PAY_006694,CUST_0402,SUB_0402,568.13,2026-04-04,CARD_EXPIRED,PAYMENT_METHOD,988,26,6,32,0.8125,0.35,0.45,friction_prone,0.1875,0.8125,pro,568.13,monthly,PAYMENT_LINK,0.3818417464670848,3.0,216.93575142034487,213.93575142034487,2
FAIL_001000,PAY_006694,CUST_0402,SUB_0402,568.13,2026-04-04,CARD_EXPIRED,PAYMENT_METHOD,988,26,6,32,0.8125,0.35,0.45,friction_prone,0.1875,0.8125,pro,568.13,monthly,SEND_REMINDER,0.2523305470661452,1.0,143.35655370468908,142.35655370468908,3
FAIL_001000,PAY_006694,CUST_0402,SUB_0402,568.13,2026-04-04,CARD_EXPIRED,PAYMENT_METHOD,988,26,6,32,0.8125,0.35,0.45,friction_prone,0.1875,0.8125,pro,568.13,monthly,WAIT_AND_RETRY,0.07353738963280715,2.0,41.778797172086726,39.778797172086726,4
FAIL_001000,PAY_006694,CUST_0402,SUB_0402,568.13,2026-04-04,CARD_EXPIRED,PAYMENT_METHOD,988,26,6,32,0.8125,0.35,0.45,friction_prone,0.1875,0.8125,pro,568.13,monthly,RETRY_NOW,0.039556057833207356,2.0,22.472983136780094,20.472983136780094,5
FAIL_001000,PAY_006694,CUST_0402,SUB_0402,568.13,2026-04-04,CARD_EXPIRED,PAYMENT_METHOD,988,26,6,32,0.8125,0.35,0.45,friction_prone,0.1875,0.8125,pro,568.13,monthly,STOP,0.0,0.0,0.0,0.0,6
FAIL_001001,PAY_006733,CUST_0405,SUB_0405,703.31,2025-11-19,INSUFFICIENT_FUNDS,CUSTOMER_FINANCIAL,374,10,2,12,0.8333,0.3,0.25,low_engagement,0.1667,0.8333,growth,703.31,monthly,WAIT_AND_RETRY,0.7489966875191663,2.0,526.7768602991048,524.7768602991048,1
FAIL_001001,PAY_006733,CUST_0405,SUB_0405,703.31,2025-11-19,INSUFFICIENT_FUNDS,CUSTOMER_FINANCIAL,374,10,2,12,0.8333,0.3,0.25,low_engagement,0.1667,0.8333,growth,703.31,monthly,PAYMENT_LINK,0.4715025926518003,3.0,331.6124884379376,328.6124884379376,2
FAIL_001001,PAY_006733,CUST_0405,SUB_0405,703.31,2025-11-19,INSUFFICIENT_FUNDS,CUSTOMER_FINANCIAL,374,10,2,12,0.8333,0.3,0.25,low_engagement,0.1667,0.8333,growth,703.31,monthly,RETRY_NOW,0.3138383569578565,2.0,220.72565483203005,218.72565483203005,3
FAIL_001001,PAY_006733,CUST_0405,SUB_0405,703.31,2025-11-19,INSUFFICIENT_FUNDS,CUSTOMER_FINANCIAL,374,10,2,12,0.8333,0.3,0.25,low_engagement,0.1667,0.8333,growth,703.31,monthly,SEND_REMINDER,0.2994551579129744,1.0,210.609807111774,209.609807111774,4
FAIL_001001,PAY_006733,CUST_0405,SUB_0405,703.31,2025-11-19,INSUFFICIENT_FUNDS,CUSTOMER_FINANCIAL,374,10,2,12,0.8333,0.3,0.25,low_engagement,0.1667,0.8333,growth,703.31,monthly,UPDATE_PAYMENT_METHOD,0.09027009188842436,3.0,63.48785832604773,60.48785832604773,5
FAIL_001001,PAY_006733,CUST_0405,SUB_0405,703.31,2025-11-19,INSUFFICIENT_FUNDS,CUSTOMER_FINANCIAL,374,10,2,12,0.8333,0.3,0.25,low_engagement,0.1667,0.8333,growth,703.31,monthly,STOP,0.0,0.0,0.0,0.0,6
FAIL_001003,PAY_006742,CUST_0406,SUB_0406,449.13,2024-10-10,NETWORK_ERROR,TECHNICAL,689,20,2,22,0.9091,0.3,0.25,low_engagement,0.0909,0.9091,starter,449.13,monthly,RETRY_NOW,0.9150271339940088,2.0,410.9661366907292,408.9661366907292,1
FAIL_001003,PAY_006742,CUST_0406,SUB_0406,449.13,2024-10-10,NETWORK_ERROR,TECHNICAL,689,20,2,22,0.9091,0.3,0.25,low_engagement,0.0909,0.9091,starter,449.13,monthly,WAIT_AND_RETRY,0.800097906088011,2.0,359.3479725613084,357.3479725613084,2
FAIL_001003,PAY_006742,CUST_0406,SUB_0406,449.13,2024-10-10,NETWORK_ERROR,TECHNICAL,689,20,2,22,0.9091,0.3,0.25,low_engagement,0.0909,0.9091,starter,449.13,monthly,PAYMENT_LINK,0.26782321009025967,3.0,120.28743834783832,117.28743834783832,3
FAIL_001003,PAY_006742,CUST_0406,SUB_0406,449.13,2024-10-10,NETWORK_ERROR,TECHNICAL,689,20,2,22,0.9091,0.3,0.25,low_engagement,0.0909,0.9091,starter,449.13,monthly,SEND_REMINDER,0.1649198821312718,1.0,74.0704666616181,73.0704666616181,4
FAIL_001003,PAY_006742,CUST_0406,SUB_0406,449.13,2024-10-10,NETWORK_ERROR,TECHNICAL,689,20,2,22,0.9091,0.3,0.25,low_engagement,0.0909,0.9091,starter,449.13,monthly,UPDATE_PAYMENT_METHOD,0.05363962155152972,3.0,24.091163227438543,21.091163227438543,5
FAIL_001003,PAY_006742,CUST_0406,SUB_0406,449.13,2024-10-10,NETWORK_ERROR,TECHNICAL,689,20,2,22,0.9091,0.3,0.25,low_engagement,0.0909,0.9091,starter,449.13,monthly,STOP,0.0,0.0,0.0,0.0,6
FAIL_001004,PAY_006746,CUST_0406,SUB_0406,449.13,2025-02-07,LIMIT_EXCEEDED,PAYMENT_LIMIT,689,20,2,22,0.9091,0.3,0.25,low_engagement,0.0909,0.9091,starter,449.13,monthly,PAYMENT_LINK,0.5972738829850712,3.0,268.25361906508505,265.25361906508505,1
FAIL_001004,PAY_006746,CUST_0406,SUB_0406,449.13,2025-02-07,LIMIT_EXCEEDED,PAYMENT_LIMIT,689,20,2,22,0.9091,0.3,0.25,low_engagement,0.0909,0.9091,starter,449.13,monthly,UPDATE_PAYMENT_METHOD,0.49215685426308403,3.0,221.04240795517893,218.04240795517893,2
FAIL_001004,PAY_006746,CUST_0406,SUB_0406,449.13,2025-02-07,LIMIT_EXCEEDED,PAYMENT_LIMIT,689,20,2,22,0.9091,0.3,0.25,low_engagement,0.0909,0.9091,starter,449.13,monthly,WAIT_AND_RETRY,0.2689122285287799,2.0,120.77654919913091,118.77654919913091,3
FAIL_001004,PAY_006746,CUST_0406,SUB_0406,449.13,2025-02-07,LIMIT_EXCEEDED,PAYMENT_LIMIT,689,20,2,22,0.9091,0.3,0.25,low_engagement,0.0909,0.9091,starter,449.13,monthly,SEND_REMINDER,0.1744074962038124,1.0,78.33163877001826,77.33163877001826,4
FAIL_001004,PAY_006746,CUST_0406,SUB_0406,449.13,2025-02-07,LIMIT_EXCEEDED,PAYMENT_LIMIT,689,20,2,22,0.9091,0.3,0.25,low_engagement,0.0909,0.9091,starter,449.13,monthly,RETRY_NOW,0.06840118131812095,2.0,30.72102256540766,28.72102256540766,5
FAIL_001004,PAY_006746,CUST_0406,SUB_0406,449.13,2025-02-07,LIMIT_EXCEEDED,PAYMENT_LIMIT,689,20,2,22,0.9091,0.3,0.25,low_engagement,0.0909,0.9091,starter,449.13,monthly,STOP,0.0,0.0,0.0,0.0,6
FAIL_001009,PAY_006796,CUST_0408,SUB_0408,1572.78,2025-11-16,CARD_EXPIRED,PAYMENT_METHOD,377,8,4,12,0.6667,0.35,0.45,friction_prone,0.3333,0.6667,growth,1572.78,monthly,UPDATE_PAYMENT_METHOD,0.8898116764346954,3.0,1399.4780084629601,1396.4780084629601,1
FAIL_001009,PAY_006796,CUST_0408,SUB_0408,1572.78,2025-11-16,CARD_EXPIRED,PAYMENT_METHOD,377,8,4,12,0.6667,0.35,0.45,friction_prone,0.3333,0.6667,growth,1572.78,monthly,PAYMENT_LINK,0.4101649556818413,3.0,645.0992389972863,642.0992389972863,2
FAIL_001009,PAY_006796,CUST_0408,SUB_0408,1572.78,2025-11-16,CARD_EXPIRED,PAYMENT_METHOD,377,8,4,12,0.6667,0.35,0.45,friction_prone,0.3333,0.6667,growth,1572.78,monthly,SEND_REMINDER,0.25830881165765374,1.0,406.2629327989246,405.2629327989246,3
FAIL_001009,PAY_006796,CUST_0408,SUB_0408,1572.78,2025-11-16,CARD_EXPIRED,PAYMENT_METHOD,377,8,4,12,0.6667,0.35,0.45,friction_prone,0.3333,0.6667,growth,1572.78,monthly,RETRY_NOW,0.04906307045401709,2.0,77.165415948669,75.165415948669,4
FAIL_001009,PAY_006796,CUST_0408,SUB_0408,1572.78,2025-11-16,CARD_EXPIRED,PAYMENT_METHOD,377,8,4,12,0.6667,0.35,0.45,friction_prone,0.3333,0.6667,growth,1572.78,monthly,WAIT_AND_RETRY,0.04356761927304985,2.0,68.52228024026734,66.52228024026734,5
FAIL_001009,PAY_006796,CUST_0408,SUB_0408,1572.78,2025-11-16,CARD_EXPIRED,PAYMENT_METHOD,377,8,4,12,0.6667,0.35,0.45,friction_prone,0.3333,0.6667,growth,1572.78,monthly,STOP,0.0,0.0,0.0,0.0,6
FAIL_001011,PAY_006805,CUST_0409,SUB_0409,432.26,2024-01-08,CARD_EXPIRED,PAYMENT_METHOD,965,27,5,32,0.8438,0.3,0.25,low_engagement,0.1562,0.8438,starter,432.26,monthly,UPDATE_PAYMENT_METHOD,0.7609312092223844,3.0,328.9201244984679,325.9201244984679,1
FAIL_001011,PAY_006805,CUST_0409,SUB_0409,432.26,2024-01-08,CARD_EXPIRED,PAYMENT_METHOD,965,27,5,32,0.8438,0.3,0.25,low_engagement,0.1562,0.8438,starter,432.26,monthly,PAYMENT_LINK,0.46403037830070204,3.0,200.58177132426147,197.58177132426147,2
FAIL_001011,PAY_006805,CUST_0409,SUB_0409,432.26,2024-01-08,CARD_EXPIRED,PAYMENT_METHOD,965,27,5,32,0.8438,0.3,0.25,low_engagement,0.1562,0.8438,starter,432.26,monthly,SEND_REMINDER,0.3389077729851953,1.0,146.49627395058053,145.49627395058053,3
FAIL_001011,PAY_006805,CUST_0409,SUB_0409,432.26,2024-01-08,CARD_EXPIRED,PAYMENT_METHOD,965,27,5,32,0.8438,0.3,0.25,low_engagement,0.1562,0.8438,starter,432.26,monthly,WAIT_AND_RETRY,0.08429774018067633,2.0,36.43854117049915,34.43854117049915,4
FAIL_001011,PAY_006805,CUST_0409,SUB_0409,432.26,2024-01-08,CARD_EXPIRED,PAYMENT_METHOD,965,27,5,32,0.8438,0.3,0.25,low_engagement,0.1562,0.8438,starter,432.26,monthly,RETRY_NOW,0.08374061613100885,2.0,36.19771872878988,34.19771872878988,5
FAIL_001011,PAY_006805,CUST_0409,SUB_0409,432.26,2024-01-08,CARD_EXPIRED,PAYMENT_METHOD,965,27,5,32,0.8438,0.3,0.25,low_engagement,0.1562,0.8438,starter,432.26,monthly,STOP,0.0,0.0,0.0,0.0,6
FAIL_001013,PAY_006822,CUST_0409,SUB_0409,432.26,2025-06-01,NETWORK_ERROR,TECHNICAL,965,27,5,32,0.8438,0.3,0.25,low_engagement,0.1562,0.8438,starter,432.26,monthly,RETRY_NOW,0.8661406452691212,2.0,374.3979553240303,372.3979553240303,1
FAIL_001013,PAY_006822,CUST_0409,SUB_0409,432.26,2025-06-01,NETWORK_ERROR,TECHNICAL,965,27,5,32,0.8438,0.3,0.25,low_engagement,0.1562,0.8438,starter,432.26,monthly,WAIT_AND_RETRY,0.8460905879616337,2.0,365.73111755229576,363.73111755229576,2
FAIL_001013,PAY_006822,CUST_0409,SUB_0409,432.26,2025-06-01,NETWORK_ERROR,TECHNICAL,965,27,5,32,0.8438,0.3,0.25,low_engagement,0.1562,0.8438,starter,432.26,monthly,PAYMENT_LINK,0.5314933730029662,3.0,229.74332541426216,226.74332541426216,3
FAIL_001013,PAY_006822,CUST_0409,SUB_0409,432.26,2025-06-01,NETWORK_ERROR,TECHNICAL,965,27,5,32,0.8438,0.3,0.25,low_engagement,0.1562,0.8438,starter,432.26,monthly,SEND_REMINDER,0.1447131654800893,1.0,62.5537129104234,61.5537129104234,4
FAIL_001013,PAY_006822,CUST_0409,SUB_0409,432.26,2025-06-01,NETWORK_ERROR,TECHNICAL,965,27,5,32,0.8438,0.3,0.25,low_engagement,0.1562,0.8438,starter,432.26,monthly,UPDATE_PAYMENT_METHOD,0.03818962981207477,3.0,16.50784938256744,13.50784938256744,5
FAIL_001013,PAY_006822,CUST_0409,SUB_0409,432.26,2025-06-01,NETWORK_ERROR,TECHNICAL,965,27,5,32,0.8438,0.3,0.25,low_engagement,0.1562,0.8438,starter,432.26,monthly,STOP,0.0,0.0,0.0,0.0,6
FAIL_001016,PAY_006858,CUST_0412,SUB_0412,449.29,2024-06-11,INSUFFICIENT_FUNDS,CUSTOMER_FINANCIAL,930,22,9,31,0.7097,0.3,0.25,low_engagement,0.2903,0.7097,starter,449.29,monthly,WAIT_AND_RETRY,0.7270928215171351,2.0,326.67553377943364,324.67553377943364,1
FAIL_001016,PAY_006858,CUST_0412,SUB_0412,449.29,2024-06-11,INSUFFICIENT_FUNDS,CUSTOMER_FINANCIAL,930,22,9,31,0.7097,0.3,0.25,low_engagement,0.2903,0.7097,starter,449.29,monthly,SEND_REMINDER,0.5718480859408707,1.0,256.92562653237377,255.92562653237377,2
FAIL_001016,PAY_006858,CUST_0412,SUB_0412,449.29,2024-06-11,INSUFFICIENT_FUNDS,CUSTOMER_FINANCIAL,930,22,9,31,0.7097,0.3,0.25,low_engagement,0.2903,0.7097,starter,449.29,monthly,PAYMENT_LINK,0.4280317924195416,3.0,192.31040401617585,189.31040401617585,3
FAIL_001016,PAY_006858,CUST_0412,SUB_0412,449.29,2024-06-11,INSUFFICIENT_FUNDS,CUSTOMER_FINANCIAL,930,22,9,31,0.7097,0.3,0.25,low_engagement,0.2903,0.7097,starter,449.29,monthly,RETRY_NOW,0.3652116747694366,2.0,164.08595335716018,162.08595335716018,4
FAIL_001016,PAY_006858,CUST_0412,SUB_0412,449.29,2024-06-11,INSUFFICIENT_FUNDS,CUSTOMER_FINANCIAL,930,22,9,31,0.7097,0.3,0.25,low_engagement,0.2903,0.7097,starter,449.29,monthly,UPDATE_PAYMENT_METHOD,0.07498086355249037,3.0,33.688152185498396,30.688152185498396,5
FAIL_001016,PAY_006858,CUST_0412,SUB_0412,449.29,2024-06-11,INSUFFICIENT_FUNDS,CUSTOMER_FINANCIAL,930,22,9,31,0.7097,0.3,0.25,low_engagement,0.2903,0.7097,starter,449.29,monthly,STOP,0.0,0.0,0.0,0.0,6
FAIL_001017,PAY_006865,CUST_0412,SUB_0412,449.29,2025-01-07,INSUFFICIENT_FUNDS,CUSTOMER_FINANCIAL,930,22,9,31,0.7097,0.3,0.25,low_engagement,0.2903,0.7097,starter,449.29,monthly,WAIT_AND_RETRY,0.7270928215171351,2.0,326.67553377943364,324.67553377943364,1
FAIL_001017,PAY_006865,CUST_0412,SUB_0412,449.29,2025-01-07,INSUFFICIENT_FUNDS,CUSTOMER_FINANCIAL,930,22,9,31,0.7097,0.3,0.25,low_engagement,0.2903,0.7097,starter,449.29,monthly,SEND_REMINDER,0.5718480859408707,1.0,256.92562653237377,255.92562653237377,2
FAIL_001017,PAY_006865,CUST_0412,SUB_0412,449.29,2025-01-07,INSUFFICIENT_FUNDS,CUSTOMER_FINANCIAL,930,22,9,31,0.7097,0.3,0.25,low_engagement,0.2903,0.7097,starter,449.29,monthly,PAYMENT_LINK,0.4280317924195416,3.0,192.31040401617585,189.31040401617585,3
FAIL_001017,PAY_006865,CUST_0412,SUB_0412,449.29,2025-01-07,INSUFFICIENT_FUNDS,CUSTOMER_FINANCIAL,930,22,9,31,0.7097,0.3,0.25,low_engagement,0.2903,0.7097,starter,449.29,monthly,RETRY_NOW,0.3652116747694366,2.0,164.08595335716018,162.08595335716018,4
FAIL_001017,PAY_006865,CUST_0412,SUB_0412,449.29,2025-01-07,INSUFFICIENT_FUNDS,CUSTOMER_FINANCIAL,930,22,9,31,0.7097,0.3,0.25,low_engagement,0.2903,0.7097,starter,449.29,monthly,UPDATE_PAYMENT_METHOD,0.07498086355249037,3.0,33.688152185498396,30.688152185498396,5
FAIL_001017,PAY_006865,CUST_0412,SUB_0412,449.29,2025-01-07,INSUFFICIENT_FUNDS,CUSTOMER_FINANCIAL,930,22,9,31,0.7097,0.3,0.25,low_engagement,0.2903,0.7097,starter,449.29,monthly,STOP,0.0,0.0,0.0,0.0,6
FAIL_001019,PAY_006872,CUST_0412,SUB_0412,449.29,2025-08-05,INSUFFICIENT_FUNDS,CUSTOMER_FINANCIAL,930,22,9,31,0.7097,0.3,0.25,low_engagement,0.2903,0.7097,starter,449.29,monthly,WAIT_AND_RETRY,0.7270928215171351,2.0,326.67553377943364,324.67553377943364,1
FAIL_001019,PAY_006872,CUST_0412,SUB_0412,449.29,2025-08-05,INSUFFICIENT_FUNDS,CUSTOMER_FINANCIAL,930,22,9,31,0.7097,0.3,0.25,low_engagement,0.2903,0.7097,starter,449.29,monthly,SEND_REMINDER,0.5718480859408707,1.0,256.92562653237377,255.92562653237377,2
FAIL_001019,PAY_006872,CUST_0412,SUB_0412,449.29,2025-08-05,INSUFFICIENT_FUNDS,CUSTOMER_FINANCIAL,930,22,9,31,0.7097,0.3,0.25,low_engagement,0.2903,0.7097,starter,449.29,monthly,PAYMENT_LINK,0.4280317924195416,3.0,192.31040401617585,189.31040401617585,3
FAIL_001019,PAY_006872,CUST_0412,SUB_0412,449.29,2025-08-05,INSUFFICIENT_FUNDS,CUSTOMER_FINANCIAL,930,22,9,31,0.7097,0.3,0.25,low_engagement,0.2903,0.7097,starter,449.29,monthly,RETRY_NOW,0.3652116747694366,2.0,164.08595335716018,162.08595335716018,4
FAIL_001019,PAY_006872,CUST_0412,SUB_0412,449.29,2025-08-05,INSUFFICIENT_FUNDS,CUSTOMER_FINANCIAL,930,22,9,31,0.7097,0.3,0.25,low_engagement,0.2903,0.7097,starter,449.29,monthly,UPDATE_PAYMENT_METHOD,0.07498086355249037,3.0,33.688152185498396,30.688152185498396,5
FAIL_001019,PAY_006872,CUST_0412,SUB_0412,449.29,2025-08-05,INSUFFICIENT_FUNDS,CUSTOMER_FINANCIAL,930,22,9,31,0.7097,0.3,0.25,low_engagement,0.2903,0.7097,starter,449.29,monthly,STOP,0.0,0.0,0.0,0.0,6
FAIL_001021,PAY_006874,CUST_0412,SUB_0412,449.29,2025-10-04,INSUFFICIENT_FUNDS,CUSTOMER_FINANCIAL,930,22,9,31,0.7097,0.3,0.25,low_engagement,0.2903,0.7097,starter,449.29,monthly,WAIT_AND_RETRY,0.7270928215171351,2.0,326.67553377943364,324.67553377943364,1
FAIL_001021,PAY_006874,CUST_0412,SUB_0412,449.29,2025-10-04,INSUFFICIENT_FUNDS,CUSTOMER_FINANCIAL,930,22,9,31,0.7097,0.3,0.25,low_engagement,0.2903,0.7097,starter,449.29,monthly,SEND_REMINDER,0.5718480859408707,1.0,256.92562653237377,255.92562653237377,2
FAIL_001021,PAY_006874,CUST_0412,SUB_0412,449.29,2025-10-04,INSUFFICIENT_FUNDS,CUSTOMER_FINANCIAL,930,22,9,31,0.7097,0.3,0.25,low_engagement,0.2903,0.7097,starter,449.29,monthly,PAYMENT_LINK,0.4280317924195416,3.0,192.31040401617585,189.31040401617585,3
FAIL_001021,PAY_006874,CUST_0412,SUB_0412,449.29,2025-10-04,INSUFFICIENT_FUNDS,CUSTOMER_FINANCIAL,930,22,9,31,0.7097,0.3,0.25,low_engagement,0.2903,0.7097,starter,449.29,monthly,RETRY_NOW,0.3652116747694366,2.0,164.08595335716018,162.08595335716018,4
FAIL_001021,PAY_006874,CUST_0412,SUB_0412,449.29,2025-10-04,INSUFFICIENT_FUNDS,CUSTOMER_FINANCIAL,930,22,9,31,0.7097,0.3,0.25,low_engagement,0.2903,0.7097,starter,449.29,monthly,UPDATE_PAYMENT_METHOD,0.07498086355249037,3.0,33.688152185498396,30.688152185498396,5
FAIL_001021,PAY_006874,CUST_0412,SUB_0412,449.29,2025-10-04,INSUFFICIENT_FUNDS,CUSTOMER_FINANCIAL,930,22,9,31,0.7097,0.3,0.25,low_engagement,0.2903,0.7097,starter,449.29,monthly,STOP,0.0,0.0,0.0,0.0,6
FAIL_001023,PAY_006879,CUST_0412,SUB_0412,449.29,2026-03-03,AUTHENTICATION_FAILED,CUSTOMER_ACTION,930,22,9,31,0.7097,0.3,0.25,low_engagement,0.2903,0.7097,starter,449.29,monthly,UPDATE_PAYMENT_METHOD,0.7220135733363685,3.0,324.39347836429704,321.39347836429704,1
FAIL_001023,PAY_006879,CUST_0412,SUB_0412,449.29,2026-03-03,AUTHENTICATION_FAILED,CUSTOMER_ACTION,930,22,9,31,0.7097,0.3,0.25,low_engagement,0.2903,0.7097,starter,449.29,monthly,PAYMENT_LINK,0.5626200710942827,3.0,252.7795717419503,249.7795717419503,2
FAIL_001023,PAY_006879,CUST_0412,SUB_0412,449.29,2026-03-03,AUTHENTICATION_FAILED,CUSTOMER_ACTION,930,22,9,31,0.7097,0.3,0.25,low_engagement,0.2903,0.7097,starter,449.29,monthly,SEND_REMINDER,0.34424429623299846,1.0,154.6655198545239,153.6655198545239,3
FAIL_001023,PAY_006879,CUST_0412,SUB_0412,449.29,2026-03-03,AUTHENTICATION_FAILED,CUSTOMER_ACTION,930,22,9,31,0.7097,0.3,0.25,low_engagement,0.2903,0.7097,starter,449.29,monthly,WAIT_AND_RETRY,0.23933799411878118,2.0,107.5321673776272,105.5321673776272,4
FAIL_001023,PAY_006879,CUST_0412,SUB_0412,449.29,2026-03-03,AUTHENTICATION_FAILED,CUSTOMER_ACTION,930,22,9,31,0.7097,0.3,0.25,low_engagement,0.2903,0.7097,starter,449.29,monthly,RETRY_NOW,0.04937779583026301,2.0,22.18494988857887,20.18494988857887,5
FAIL_001023,PAY_006879,CUST_0412,SUB_0412,449.29,2026-03-03,AUTHENTICATION_FAILED,CUSTOMER_ACTION,930,22,9,31,0.7097,0.3,0.25,low_engagement,0.2903,0.7097,starter,449.29,monthly,STOP,0.0,0.0,0.0,0.0,6
FAIL_001024,PAY_006884,CUST_0412,SUB_0412,449.29,2026-07-31,BANK_DECLINED,ISSUER_DECLINE,930,22,9,31,0.7097,0.3,0.25,low_engagement,0.2903,0.7097,starter,449.29,monthly,WAIT_AND_RETRY,0.5937908495322801,2.0,266.78429078635816,264.78429078635816,1
FAIL_001024,PAY_006884,CUST_0412,SUB_0412,449.29,2026-07-31,BANK_DECLINED,ISSUER_DECLINE,930,22,9,31,0.7097,0.3,0.25,low_engagement,0.2903,0.7097,starter,449.29,monthly,PAYMENT_LINK,0.5390720604629234,3.0,242.1996860453869,239.1996860453869,2
FAIL_001024,PAY_006884,CUST_0412,SUB_0412,449.29,2026-07-31,BANK_DECLINED,ISSUER_DECLINE,930,22,9,31,0.7097,0.3,0.25,low_engagement,0.2903,0.7097,starter,449.29,monthly,RETRY_NOW,0.35568916787720223,2.0,159.8075862355482,157.8075862355482,3
FAIL_001024,PAY_006884,CUST_0412,SUB_0412,449.29,2026-07-31,BANK_DECLINED,ISSUER_DECLINE,930,22,9,31,0.7097,0.3,0.25,low_engagement,0.2903,0.7097,starter,449.29,monthly,SEND_REMINDER,0.2737765310902626,1.0,123.0050576535441,122.0050576535441,4
FAIL_001024,PAY_006884,CUST_0412,SUB_0412,449.29,2026-07-31,BANK_DECLINED,ISSUER_DECLINE,930,22,9,31,0.7097,0.3,0.25,low_engagement,0.2903,0.7097,starter,449.29,monthly,UPDATE_PAYMENT_METHOD,0.15303280470304387,3.0,68.75610882503058,65.75610882503058,5
FAIL_001024,PAY_006884,CUST_0412,SUB_0412,449.29,2026-07-31,BANK_DECLINED,ISSUER_DECLINE,930,22,9,31,0.7097,0.3,0.25,low_engagement,0.2903,0.7097,starter,449.29,monthly,STOP,0.0,0.0,0.0,0.0,6
FAIL_001029,PAY_006960,CUST_0417,SUB_0417,850.96,2025-12-03,INSUFFICIENT_FUNDS,CUSTOMER_FINANCIAL,960,26,6,32,0.8125,0.35,0.45,friction_prone,0.1875,0.8125,starter,850.96,monthly,WAIT_AND_RETRY,0.7686868621220295,2.0,654.1217721913623,652.1217721913623,1
FAIL_001029,PAY_006960,CUST_0417,SUB_0417,850.96,2025-12-03,INSUFFICIENT_FUNDS,CUSTOMER_FINANCIAL,960,26,6,32,0.8125,0.35,0.45,friction_prone,0.1875,0.8125,starter,850.96,monthly,SEND_REMINDER,0.45738667591565313,1.0,389.2177657371842,388.2177657371842,2
FAIL_001029,PAY_006960,CUST_0417,SUB_0417,850.96,2025-12-03,INSUFFICIENT_FUNDS,CUSTOMER_FINANCIAL,960,26,6,32,0.8125,0.35,0.45,friction_prone,0.1875,0.8125,starter,850.96,monthly,PAYMENT_LINK,0.37190210258772666,3.0,316.4738132180519,313.4738132180519,3
FAIL_001029,PAY_006960,CUST_0417,SUB_0417,850.96,2025-12-03,INSUFFICIENT_FUNDS,CUSTOMER_FINANCIAL,960,26,6,32,0.8125,0.35,0.45,friction_prone,0.1875,0.8125,starter,850.96,monthly,RETRY_NOW,0.2075071342431541,2.0,176.58027095555443,174.58027095555443,4
FAIL_001029,PAY_006960,CUST_0417,SUB_0417,850.96,2025-12-03,INSUFFICIENT_FUNDS,CUSTOMER_FINANCIAL,960,26,6,32,0.8125,0.35,0.45,friction_prone,0.1875,0.8125,starter,850.96,monthly,UPDATE_PAYMENT_METHOD,0.1338181602274591,3.0,113.8739016271586,110.8739016271586,5
FAIL_001029,PAY_006960,CUST_0417,SUB_0417,850.96,2025-12-03,INSUFFICIENT_FUNDS,CUSTOMER_FINANCIAL,960,26,6,32,0.8125,0.35,0.45,friction_prone,0.1875,0.8125,starter,850.96,monthly,STOP,0.0,0.0,0.0,0.0,6
FAIL_001030,PAY_006973,CUST_0419,SUB_0419,1157.68,2024-08-31,INSUFFICIENT_FUNDS,CUSTOMER_FINANCIAL,759,20,5,25,0.8,0.8,0.85,reliable,0.2,0.8,starter,1157.68,monthly,SEND_REMINDER,0.7224173124260579,1.0,836.3280742493987,835.3280742493987,1
FAIL_001030,PAY_006973,CUST_0419,SUB_0419,1157.68,2024-08-31,INSUFFICIENT_FUNDS,CUSTOMER_FINANCIAL,759,20,5,25,0.8,0.8,0.85,reliable,0.2,0.8,starter,1157.68,monthly,WAIT_AND_RETRY,0.7165329941501183,2.0,829.515916667709,827.515916667709,2
FAIL_001030,PAY_006973,CUST_0419,SUB_0419,1157.68,2024-08-31,INSUFFICIENT_FUNDS,CUSTOMER_FINANCIAL,759,20,5,25,0.8,0.8,0.85,reliable,0.2,0.8,starter,1157.68,monthly,PAYMENT_LINK,0.670043038294507,3.0,775.6954245727849,772.6954245727849,3
FAIL_001030,PAY_006973,CUST_0419,SUB_0419,1157.68,2024-08-31,INSUFFICIENT_FUNDS,CUSTOMER_FINANCIAL,759,20,5,25,0.8,0.8,0.85,reliable,0.2,0.8,starter,1157.68,monthly,UPDATE_PAYMENT_METHOD,0.43875985626442693,3.0,507.9435104002018,504.9435104002018,4
FAIL_001030,PAY_006973,CUST_0419,SUB_0419,1157.68,2024-08-31,INSUFFICIENT_FUNDS,CUSTOMER_FINANCIAL,759,20,5,25,0.8,0.8,0.85,reliable,0.2,0.8,starter,1157.68,monthly,RETRY_NOW,0.1255027849026066,2.0,145.29206402604962,143.29206402604962,5
FAIL_001030,PAY_006973,CUST_0419,SUB_0419,1157.68,2024-08-31,INSUFFICIENT_FUNDS,CUSTOMER_FINANCIAL,759,20,5,25,0.8,0.8,0.85,reliable,0.2,0.8,starter,1157.68,monthly,STOP,0.0,0.0,0.0,0.0,6
FAIL_001044,PAY_007106,CUST_0426,SUB_0426,542.66,2025-03-15,BANK_DECLINED,ISSUER_DECLINE,743,18,6,24,0.75,0.35,0.45,friction_prone,0.25,0.75,pro,542.66,monthly,WAIT_AND_RETRY,0.653912472235501,2.0,354.8521421833169,352.8521421833169,1
FAIL_001044,PAY_007106,CUST_0426,SUB_0426,542.66,2025-03-15,BANK_DECLINED,ISSUER_DECLINE,743,18,6,24,0.75,0.35,0.45,friction_prone,0.25,0.75,pro,542.66,monthly,PAYMENT_LINK,0.4855022838708271,3.0,263.462669365343,260.462669365343,2
FAIL_001044,PAY_007106,CUST_0426,SUB_0426,542.66,2025-03-15,BANK_DECLINED,ISSUER_DECLINE,743,18,6,24,0.75,0.35,0.45,friction_prone,0.25,0.75,pro,542.66,monthly,RETRY_NOW,0.3924008446276599,2.0,212.9402423456459,210.9402423456459,3
FAIL_001044,PAY_007106,CUST_0426,SUB_0426,542.66,2025-03-15,BANK_DECLINED,ISSUER_DECLINE,743,18,6,24,0.75,0.35,0.45,friction_prone,0.25,0.75,pro,542.66,monthly,UPDATE_PAYMENT_METHOD,0.33734171577077826,3.0,183.06185548017052,180.06185548017052,4
FAIL_001044,PAY_007106,CUST_0426,SUB_0426,542.66,2025-03-15,BANK_DECLINED,ISSUER_DECLINE,743,18,6,24,0.75,0.35,0.45,friction_prone,0.25,0.75,pro,542.66,monthly,SEND_REMINDER,0.30844906533994826,1.0,167.38296979737632,166.38296979737632,5
FAIL_001044,PAY_007106,CUST_0426,SUB_0426,542.66,2025-03-15,BANK_DECLINED,ISSUER_DECLINE,743,18,6,24,0.75,0.35,0.45,friction_prone,0.25,0.75,pro,542.66,monthly,STOP,0.0,0.0,0.0,0.0,6
FAIL_001062,PAY_007221,CUST_0430,SUB_0430,2619.41,2026-03-30,INSUFFICIENT_FUNDS,CUSTOMER_FINANCIAL,993,24,9,33,0.7273,0.6,0.6,normal,0.2727,0.7273,pro,2619.41,monthly,WAIT_AND_RETRY,0.7617346027528054,2.0,1995.2952357967258,1993.2952357967258,1
FAIL_001062,PAY_007221,CUST_0430,SUB_0430,2619.41,2026-03-30,INSUFFICIENT_FUNDS,CUSTOMER_FINANCIAL,993,24,9,33,0.7273,0.6,0.6,normal,0.2727,0.7273,pro,2619.41,monthly,PAYMENT_LINK,0.5702168063446956,3.0,1493.631604707359,1490.631604707359,2
FAIL_001062,PAY_007221,CUST_0430,SUB_0430,2619.41,2026-03-30,INSUFFICIENT_FUNDS,CUSTOMER_FINANCIAL,993,24,9,33,0.7273,0.6,0.6,normal,0.2727,0.7273,pro,2619.41,monthly,SEND_REMINDER,0.5022911644625815,1.0,1315.7064991049306,1314.7064991049306,3
FAIL_001062,PAY_007221,CUST_0430,SUB_0430,2619.41,2026-03-30,INSUFFICIENT_FUNDS,CUSTOMER_FINANCIAL,993,24,9,33,0.7273,0.6,0.6,normal,0.2727,0.7273,pro,2619.41,monthly,RETRY_NOW,0.4156676129553375,2.0,1088.8039020513406,1086.8039020513406,4
FAIL_001062,PAY_007221,CUST_0430,SUB_0430,2619.41,2026-03-30,INSUFFICIENT_FUNDS,CUSTOMER_FINANCIAL,993,24,9,33,0.7273,0.6,0.6,normal,0.2727,0.7273,pro,2619.41,monthly,UPDATE_PAYMENT_METHOD,0.3972028556627618,3.0,1040.4371321515948,1037.4371321515948,5
FAIL_001062,PAY_007221,CUST_0430,SUB_0430,2619.41,2026-03-30,INSUFFICIENT_FUNDS,CUSTOMER_FINANCIAL,993,24,9,33,0.7273,0.6,0.6,normal,0.2727,0.7273,pro,2619.41,monthly,STOP,0.0,0.0,0.0,0.0,6
FAIL_001069,PAY_007241,CUST_0431,SUB_0431,745.87,2025-08-02,BANK_DECLINED,ISSUER_DECLINE,843,20,8,28,0.7143,0.3,0.25,low_engagement,0.2857,0.7143,starter,745.87,monthly,WAIT_AND_RETRY,0.6152263633535878,2.0,458.87888763454055,456.87888763454055,1
FAIL_001069,PAY_007241,CUST_0431,SUB_0431,745.87,2025-08-02,BANK_DECLINED,ISSUER_DECLINE,843,20,8,28,0.7143,0.3,0.25,low_engagement,0.2857,0.7143,starter,745.87,monthly,PAYMENT_LINK,0.5267587410579211,3.0,392.8935421928716,389.8935421928716,2
FAIL_001069,PAY_007241,CUST_0431,SUB_0431,745.87,2025-08-02,BANK_DECLINED,ISSUER_DECLINE,843,20,8,28,0.7143,0.3,0.25,low_engagement,0.2857,0.7143,starter,745.87,monthly,RETRY_NOW,0.2905408277434407,2.0,216.70568718900012,214.70568718900012,3
FAIL_001069,PAY_007241,CUST_0431,SUB_0431,745.87,2025-08-02,BANK_DECLINED,ISSUER_DECLINE,843,20,8,28,0.7143,0.3,0.25,low_engagement,0.2857,0.7143,starter,745.87,monthly,SEND_REMINDER,0.27202966634922054,1.0,202.89876723989312,201.89876723989312,4
FAIL_001069,PAY_007241,CUST_0431,SUB_0431,745.87,2025-08-02,BANK_DECLINED,ISSUER_DECLINE,843,20,8,28,0.7143,0.3,0.25,low_engagement,0.2857,0.7143,starter,745.87,monthly,UPDATE_PAYMENT_METHOD,0.12683294575610338,3.0,94.60088925110483,91.60088925110483,5
FAIL_001069,PAY_007241,CUST_0431,SUB_0431,745.87,2025-08-02,BANK_DECLINED,ISSUER_DECLINE,843,20,8,28,0.7143,0.3,0.25,low_engagement,0.2857,0.7143,starter,745.87,monthly,STOP,0.0,0.0,0.0,0.0,6
FAIL_001070,PAY_007246,CUST_0431,SUB_0431,745.87,2025-12-30,LIMIT_EXCEEDED,PAYMENT_LIMIT,843,20,8,28,0.7143,0.3,0.25,low_engagement,0.2857,0.7143,starter,745.87,monthly,PAYMENT_LINK,0.663572615154433,3.0,494.9389064652369,491.9389064652369,1
FAIL_001070,PAY_007246,CUST_0431,SUB_0431,745.87,2025-12-30,LIMIT_EXCEEDED,PAYMENT_LIMIT,843,20,8,28,0.7143,0.3,0.25,low_engagement,0.2857,0.7143,starter,745.87,monthly,UPDATE_PAYMENT_METHOD,0.5770177169430135,3.0,430.3802045362855,427.3802045362855,2
FAIL_001070,PAY_007246,CUST_0431,SUB_0431,745.87,2025-12-30,LIMIT_EXCEEDED,PAYMENT_LIMIT,843,20,8,28,0.7143,0.3,0.25,low_engagement,0.2857,0.7143,starter,745.87,monthly,WAIT_AND_RETRY,0.30216749464119835,2.0,225.3776692280306,223.3776692280306,3
FAIL_001070,PAY_007246,CUST_0431,SUB_0431,745.87,2025-12-30,LIMIT_EXCEEDED,PAYMENT_LIMIT,843,20,8,28,0.7143,0.3,0.25,low_engagement,0.2857,0.7143,starter,745.87,monthly,SEND_REMINDER,0.16652771817743844,1.0,124.20802915700601,123.20802915700601,4
FAIL_001070,PAY_007246,CUST_0431,SUB_0431,745.87,2025-12-30,LIMIT_EXCEEDED,PAYMENT_LIMIT,843,20,8,28,0.7143,0.3,0.25,low_engagement,0.2857,0.7143,starter,745.87,monthly,RETRY_NOW,0.1483668618055107,2.0,110.66239121487627,108.66239121487627,5
FAIL_001070,PAY_007246,CUST_0431,SUB_0431,745.87,2025-12-30,LIMIT_EXCEEDED,PAYMENT_LIMIT,843,20,8,28,0.7143,0.3,0.25,low_engagement,0.2857,0.7143,starter,745.87,monthly,STOP,0.0,0.0,0.0,0.0,6
FAIL_001073,PAY_007262,CUST_0433,SUB_0433,699.79,2026-04-17,BANK_DECLINED,ISSUER_DECLINE,255,5,3,8,0.625,0.35,0.45,friction_prone,0.375,0.625,starter,699.79,monthly,WAIT_AND_RETRY,0.6316688524131964,2.0,442.03554623023064,440.03554623023064,1
FAIL_001073,PAY_007262,CUST_0433,SUB_0433,699.79,2026-04-17,BANK_DECLINED,ISSUER_DECLINE,255,5,3,8,0.625,0.35,0.45,friction_prone,0.375,0.625,starter,699.79,monthly,UPDATE_PAYMENT_METHOD,0.4670563940967551,3.0,326.8413940249682,323.8413940249682,2
FAIL_001073,PAY_007262,CUST_0433,SUB_0433,699.79,2026-04-17,BANK_DECLINED,ISSUER_DECLINE,255,5,3,8,0.625,0.35,0.45,friction_prone,0.375,0.625,starter,699.79,monthly,PAYMENT_LINK,0.3905989345202596,3.0,273.33722838793244,270.33722838793244,3
FAIL_001073,PAY_007262,CUST_0433,SUB_0433,699.79,2026-04-17,BANK_DECLINED,ISSUER_DECLINE,255,5,3,8,0.625,0.35,0.45,friction_prone,0.375,0.625,starter,699.79,monthly,SEND_REMINDER,0.209823990667059,1.0,146.83273042890121,145.83273042890121,4
FAIL_001073,PAY_007262,CUST_0433,SUB_0433,699.79,2026-04-17,BANK_DECLINED,ISSUER_DECLINE,255,5,3,8,0.625,0.35,0.45,friction_prone,0.375,0.625,starter,699.79,monthly,RETRY_NOW,0.13780084909732612,2.0,96.43165618981784,94.43165618981784,5
FAIL_001073,PAY_007262,CUST_0433,SUB_0433,699.79,2026-04-17,BANK_DECLINED,ISSUER_DECLINE,255,5,3,8,0.625,0.35,0.45,friction_prone,0.375,0.625,starter,699.79,monthly,STOP,0.0,0.0,0.0,0.0,6
FAIL_001077,PAY_007290,CUST_0434,SUB_0434,418.23,2025-12-09,NETWORK_ERROR,TECHNICAL,984,27,5,32,0.8438,0.6,0.6,normal,0.1562,0.8438,starter,418.23,monthly,RETRY_NOW,0.9471376619354115,2.0,396.1213843512472,394.1213843512472,1
FAIL_001077,PAY_007290,CUST_0434,SUB_0434,418.23,2025-12-09,NETWORK_ERROR,TECHNICAL,984,27,5,32,0.8438,0.6,0.6,normal,0.1562,0.8438,starter,418.23,monthly,WAIT_AND_RETRY,0.8522188226331,2.0,356.42347818984143,354.42347818984143,2
FAIL_001077,PAY_007290,CUST_0434,SUB_0434,418.23,2025-12-09,NETWORK_ERROR,TECHNICAL,984,27,5,32,0.8438,0.6,0.6,normal,0.1562,0.8438,starter,418.23,monthly,SEND_REMINDER,0.37839803982092346,1.0,158.25741219430483,157.25741219430483,3
FAIL_001077,PAY_007290,CUST_0434,SUB_0434,418.23,2025-12-09,NETWORK_ERROR,TECHNICAL,984,27,5,32,0.8438,0.6,0.6,normal,0.1562,0.8438,starter,418.23,monthly,UPDATE_PAYMENT_METHOD,0.244094543715005,3.0,102.08766101792655,99.08766101792655,4
FAIL_001077,PAY_007290,CUST_0434,SUB_0434,418.23,2025-12-09,NETWORK_ERROR,TECHNICAL,984,27,5,32,0.8438,0.6,0.6,normal,0.1562,0.8438,starter,418.23,monthly,PAYMENT_LINK,0.16187158943059882,3.0,67.69955484755934,64.69955484755934,5
FAIL_001077,PAY_007290,CUST_0434,SUB_0434,418.23,2025-12-09,NETWORK_ERROR,TECHNICAL,984,27,5,32,0.8438,0.6,0.6,normal,0.1562,0.8438,starter,418.23,monthly,STOP,0.0,0.0,0.0,0.0,6
FAIL_001079,PAY_007298,CUST_0435,SUB_0435,779.11,2024-09-20,CARD_EXPIRED,PAYMENT_METHOD,709,17,6,23,0.7391,0.3,0.25,low_engagement,0.2609,0.7391,growth,779.11,monthly,UPDATE_PAYMENT_METHOD,0.783923226314772,3.0,610.7624248541019,607.7624248541019,1
FAIL_001079,PAY_007298,CUST_0435,SUB_0435,779.11,2024-09-20,CARD_EXPIRED,PAYMENT_METHOD,709,17,6,23,0.7391,0.3,0.25,low_engagement,0.2609,0.7391,growth,779.11,monthly,PAYMENT_LINK,0.38780828677860946,3.0,302.1453143120824,299.1453143120824,2
FAIL_001079,PAY_007298,CUST_0435,SUB_0435,779.11,2024-09-20,CARD_EXPIRED,PAYMENT_METHOD,709,17,6,23,0.7391,0.3,0.25,low_engagement,0.2609,0.7391,growth,779.11,monthly,SEND_REMINDER,0.19504069645860336,1.0,151.95815701786248,150.95815701786248,3
FAIL_001079,PAY_007298,CUST_0435,SUB_0435,779.11,2024-09-20,CARD_EXPIRED,PAYMENT_METHOD,709,17,6,23,0.7391,0.3,0.25,low_engagement,0.2609,0.7391,growth,779.11,monthly,RETRY_NOW,0.052921755348217935,2.0,41.231868809350075,39.231868809350075,4
FAIL_001079,PAY_007298,CUST_0435,SUB_0435,779.11,2024-09-20,CARD_EXPIRED,PAYMENT_METHOD,709,17,6,23,0.7391,0.3,0.25,low_engagement,0.2609,0.7391,growth,779.11,monthly,WAIT_AND_RETRY,0.043613178942708795,2.0,33.979463846053854,31.979463846053854,5
FAIL_001079,PAY_007298,CUST_0435,SUB_0435,779.11,2024-09-20,CARD_EXPIRED,PAYMENT_METHOD,709,17,6,23,0.7391,0.3,0.25,low_engagement,0.2609,0.7391,growth,779.11,monthly,STOP,0.0,0.0,0.0,0.0,6
FAIL_001082,PAY_007328,CUST_0436,SUB_0436,829.5,2025-03-07,INSUFFICIENT_FUNDS,CUSTOMER_FINANCIAL,751,12,13,25,0.48,0.35,0.45,friction_prone,0.52,0.48,growth,829.5,monthly,WAIT_AND_RETRY,0.7793951362825796,2.0,646.5082655463998,644.5082655463998,1
FAIL_001082,PAY_007328,CUST_0436,SUB_0436,829.5,2025-03-07,INSUFFICIENT_FUNDS,CUSTOMER_FINANCIAL,751,12,13,25,0.48,0.35,0.45,friction_prone,0.52,0.48,growth,829.5,monthly,PAYMENT_LINK,0.5983475870421215,3.0,496.32932345143985,493.32932345143985,2
FAIL_001082,PAY_007328,CUST_0436,SUB_0436,829.5,2025-03-07,INSUFFICIENT_FUNDS,CUSTOMER_FINANCIAL,751,12,13,25,0.48,0.35,0.45,friction_prone,0.52,0.48,growth,829.5,monthly,SEND_REMINDER,0.47552289732008857,1.0,394.44624332701346,393.44624332701346,3
FAIL_001082,PAY_007328,CUST_0436,SUB_0436,829.5,2025-03-07,INSUFFICIENT_FUNDS,CUSTOMER_FINANCIAL,751,12,13,25,0.48,0.35,0.45,friction_prone,0.52,0.48,growth,829.5,monthly,RETRY_NOW,0.22720237497592252,2.0,188.46437004252772,186.46437004252772,4
FAIL_001082,PAY_007328,CUST_0436,SUB_0436,829.5,2025-03-07,INSUFFICIENT_FUNDS,CUSTOMER_FINANCIAL,751,12,13,25,0.48,0.35,0.45,friction_prone,0.52,0.48,growth,829.5,monthly,UPDATE_PAYMENT_METHOD,0.10516366959104123,3.0,87.2332639257687,84.2332639257687,5
FAIL_001082,PAY_007328,CUST_0436,SUB_0436,829.5,2025-03-07,INSUFFICIENT_FUNDS,CUSTOMER_FINANCIAL,751,12,13,25,0.48,0.35,0.45,friction_prone,0.52,0.48,growth,829.5,monthly,STOP,0.0,0.0,0.0,0.0,6
FAIL_001084,PAY_007330,CUST_0436,SUB_0436,829.5,2025-05-06,BANK_DECLINED,ISSUER_DECLINE,751,12,13,25,0.48,0.35,0.45,friction_prone,0.52,0.48,growth,829.5,monthly,PAYMENT_LINK,0.5584764363324869,3.0,463.25620393779786,460.25620393779786,1
FAIL_001084,PAY_007330,CUST_0436,SUB_0436,829.5,2025-05-06,BANK_DECLINED,ISSUER_DECLINE,751,12,13,25,0.48,0.35,0.45,friction_prone,0.52,0.48,growth,829.5,monthly,WAIT_AND_RETRY,0.43357074041356747,2.0,359.6469291730542,357.6469291730542,2
FAIL_001084,PAY_007330,CUST_0436,SUB_0436,829.5,2025-05-06,BANK_DECLINED,ISSUER_DECLINE,751,12,13,25,0.48,0.35,0.45,friction_prone,0.52,0.48,growth,829.5,monthly,SEND_REMINDER,0.41049159889692305,1.0,340.5027812849977,339.5027812849977,3
FAIL_001084,PAY_007330,CUST_0436,SUB_0436,829.5,2025-05-06,BANK_DECLINED,ISSUER_DECLINE,751,12,13,25,0.48,0.35,0.45,friction_prone,0.52,0.48,growth,829.5,monthly,UPDATE_PAYMENT_METHOD,0.286510477973371,3.0,237.66044147891122,234.66044147891122,4
FAIL_001084,PAY_007330,CUST_0436,SUB_0436,829.5,2025-05-06,BANK_DECLINED,ISSUER_DECLINE,751,12,13,25,0.48,0.35,0.45,friction_prone,0.52,0.48,growth,829.5,monthly,RETRY_NOW,0.2592596984317582,2.0,215.05591984914344,213.05591984914344,5
FAIL_001084,PAY_007330,CUST_0436,SUB_0436,829.5,2025-05-06,BANK_DECLINED,ISSUER_DECLINE,751,12,13,25,0.48,0.35,0.45,friction_prone,0.52,0.48,growth,829.5,monthly,STOP,0.0,0.0,0.0,0.0,6
FAIL_001085,PAY_007331,CUST_0436,SUB_0436,829.5,2025-06-05,BANK_DECLINED,ISSUER_DECLINE,751,12,13,25,0.48,0.35,0.45,friction_prone,0.52,0.48,growth,829.5,monthly,PAYMENT_LINK,0.5584764363324869,3.0,463.25620393779786,460.25620393779786,1
FAIL_001085,PAY_007331,CUST_0436,SUB_0436,829.5,2025-06-05,BANK_DECLINED,ISSUER_DECLINE,751,12,13,25,0.48,0.35,0.45,friction_prone,0.52,0.48,growth,829.5,monthly,WAIT_AND_RETRY,0.43357074041356747,2.0,359.6469291730542,357.6469291730542,2
FAIL_001085,PAY_007331,CUST_0436,SUB_0436,829.5,2025-06-05,BANK_DECLINED,ISSUER_DECLINE,751,12,13,25,0.48,0.35,0.45,friction_prone,0.52,0.48,growth,829.5,monthly,SEND_REMINDER,0.41049159889692305,1.0,340.5027812849977,339.5027812849977,3
FAIL_001085,PAY_007331,CUST_0436,SUB_0436,829.5,2025-06-05,BANK_DECLINED,ISSUER_DECLINE,751,12,13,25,0.48,0.35,0.45,friction_prone,0.52,0.48,growth,829.5,monthly,UPDATE_PAYMENT_METHOD,0.286510477973371,3.0,237.66044147891122,234.66044147891122,4
FAIL_001085,PAY_007331,CUST_0436,SUB_0436,829.5,2025-06-05,BANK_DECLINED,ISSUER_DECLINE,751,12,13,25,0.48,0.35,0.45,friction_prone,0.52,0.48,growth,829.5,monthly,RETRY_NOW,0.2592596984317582,2.0,215.05591984914344,213.05591984914344,5
FAIL_001085,PAY_007331,CUST_0436,SUB_0436,829.5,2025-06-05,BANK_DECLINED,ISSUER_DECLINE,751,12,13,25,0.48,0.35,0.45,friction_prone,0.52,0.48,growth,829.5,monthly,STOP,0.0,0.0,0.0,0.0,6
FAIL_001086,PAY_007332,CUST_0436,SUB_0436,829.5,2025-07-05,INSUFFICIENT_FUNDS,CUSTOMER_FINANCIAL,751,12,13,25,0.48,0.35,0.45,friction_prone,0.52,0.48,growth,829.5,monthly,WAIT_AND_RETRY,0.7793951362825796,2.0,646.5082655463998,644.5082655463998,1
FAIL_001086,PAY_007332,CUST_0436,SUB_0436,829.5,2025-07-05,INSUFFICIENT_FUNDS,CUSTOMER_FINANCIAL,751,12,13,25,0.48,0.35,0.45,friction_prone,0.52,0.48,growth,829.5,monthly,PAYMENT_LINK,0.5983475870421215,3.0,496.32932345143985,493.32932345143985,2
FAIL_001086,PAY_007332,CUST_0436,SUB_0436,829.5,2025-07-05,INSUFFICIENT_FUNDS,CUSTOMER_FINANCIAL,751,12,13,25,0.48,0.35,0.45,friction_prone,0.52,0.48,growth,829.5,monthly,SEND_REMINDER,0.47552289732008857,1.0,394.44624332701346,393.44624332701346,3
FAIL_001086,PAY_007332,CUST_0436,SUB_0436,829.5,2025-07-05,INSUFFICIENT_FUNDS,CUSTOMER_FINANCIAL,751,12,13,25,0.48,0.35,0.45,friction_prone,0.52,0.48,growth,829.5,monthly,RETRY_NOW,0.22720237497592252,2.0,188.46437004252772,186.46437004252772,4
FAIL_001086,PAY_007332,CUST_0436,SUB_0436,829.5,2025-07-05,INSUFFICIENT_FUNDS,CUSTOMER_FINANCIAL,751,12,13,25,0.48,0.35,0.45,friction_prone,0.52,0.48,growth,829.5,monthly,UPDATE_PAYMENT_METHOD,0.10516366959104123,3.0,87.2332639257687,84.2332639257687,5
FAIL_001086,PAY_007332,CUST_0436,SUB_0436,829.5,2025-07-05,INSUFFICIENT_FUNDS,CUSTOMER_FINANCIAL,751,12,13,25,0.48,0.35,0.45,friction_prone,0.52,0.48,growth,829.5,monthly,STOP,0.0,0.0,0.0,0.0,6
FAIL_001087,PAY_007333,CUST_0436,SUB_0436,829.5,2025-08-04,BANK_DECLINED,ISSUER_DECLINE,751,12,13,25,0.48,0.35,0.45,friction_prone,0.52,0.48,growth,829.5,monthly,PAYMENT_LINK,0.5584764363324869,3.0,463.25620393779786,460.25620393779786,1
FAIL_001087,PAY_007333,CUST_0436,SUB_0436,829.5,2025-08-04,BANK_DECLINED,ISSUER_DECLINE,751,12,13,25,0.48,0.35,0.45,friction_prone,0.52,0.48,growth,829.5,monthly,WAIT_AND_RETRY,0.43357074041356747,2.0,359.6469291730542,357.6469291730542,2
FAIL_001087,PAY_007333,CUST_0436,SUB_0436,829.5,2025-08-04,BANK_DECLINED,ISSUER_DECLINE,751,12,13,25,0.48,0.35,0.45,friction_prone,0.52,0.48,growth,829.5,monthly,SEND_REMINDER,0.41049159889692305,1.0,340.5027812849977,339.5027812849977,3
FAIL_001087,PAY_007333,CUST_0436,SUB_0436,829.5,2025-08-04,BANK_DECLINED,ISSUER_DECLINE,751,12,13,25,0.48,0.35,0.45,friction_prone,0.52,0.48,growth,829.5,monthly,UPDATE_PAYMENT_METHOD,0.286510477973371,3.0,237.66044147891122,234.66044147891122,4
FAIL_001087,PAY_007333,CUST_0436,SUB_0436,829.5,2025-08-04,BANK_DECLINED,ISSUER_DECLINE,751,12,13,25,0.48,0.35,0.45,friction_prone,0.52,0.48,growth,829.5,monthly,RETRY_NOW,0.2592596984317582,2.0,215.05591984914344,213.05591984914344,5
FAIL_001087,PAY_007333,CUST_0436,SUB_0436,829.5,2025-08-04,BANK_DECLINED,ISSUER_DECLINE,751,12,13,25,0.48,0.35,0.45,friction_prone,0.52,0.48,growth,829.5,monthly,STOP,0.0,0.0,0.0,0.0,6
FAIL_001088,PAY_007334,CUST_0436,SUB_0436,829.5,2025-09-03,BANK_DECLINED,ISSUER_DECLINE,751,12,13,25,0.48,0.35,0.45,friction_prone,0.52,0.48,growth,829.5,monthly,PAYMENT_LINK,0.5584764363324869,3.0,463.25620393779786,460.25620393779786,1
FAIL_001088,PAY_007334,CUST_0436,SUB_0436,829.5,2025-09-03,BANK_DECLINED,ISSUER_DECLINE,751,12,13,25,0.48,0.35,0.45,friction_prone,0.52,0.48,growth,829.5,monthly,WAIT_AND_RETRY,0.43357074041356747,2.0,359.6469291730542,357.6469291730542,2
FAIL_001088,PAY_007334,CUST_0436,SUB_0436,829.5,2025-09-03,BANK_DECLINED,ISSUER_DECLINE,751,12,13,25,0.48,0.35,0.45,friction_prone,0.52,0.48,growth,829.5,monthly,SEND_REMINDER,0.41049159889692305,1.0,340.5027812849977,339.5027812849977,3
FAIL_001088,PAY_007334,CUST_0436,SUB_0436,829.5,2025-09-03,BANK_DECLINED,ISSUER_DECLINE,751,12,13,25,0.48,0.35,0.45,friction_prone,0.52,0.48,growth,829.5,monthly,UPDATE_PAYMENT_METHOD,0.286510477973371,3.0,237.66044147891122,234.66044147891122,4
FAIL_001088,PAY_007334,CUST_0436,SUB_0436,829.5,2025-09-03,BANK_DECLINED,ISSUER_DECLINE,751,12,13,25,0.48,0.35,0.45,friction_prone,0.52,0.48,growth,829.5,monthly,RETRY_NOW,0.2592596984317582,2.0,215.05591984914344,213.05591984914344,5
FAIL_001088,PAY_007334,CUST_0436,SUB_0436,829.5,2025-09-03,BANK_DECLINED,ISSUER_DECLINE,751,12,13,25,0.48,0.35,0.45,friction_prone,0.52,0.48,growth,829.5,monthly,STOP,0.0,0.0,0.0,0.0,6
FAIL_001093,PAY_007362,CUST_0437,SUB_0437,1516.92,2025-12-06,CARD_EXPIRED,PAYMENT_METHOD,747,21,3,24,0.875,0.6,0.6,normal,0.125,0.875,growth,1516.92,monthly,UPDATE_PAYMENT_METHOD,0.7714422987641243,3.0,1170.2162518412754,1167.2162518412754,1
FAIL_001093,PAY_007362,CUST_0437,SUB_0437,1516.92,2025-12-06,CARD_EXPIRED,PAYMENT_METHOD,747,21,3,24,0.875,0.6,0.6,normal,0.125,0.875,growth,1516.92,monthly,PAYMENT_LINK,0.6298753451110434,3.0,955.470508505844,952.470508505844,2
FAIL_001093,PAY_007362,CUST_0437,SUB_0437,1516.92,2025-12-06,CARD_EXPIRED,PAYMENT_METHOD,747,21,3,24,0.875,0.6,0.6,normal,0.125,0.875,growth,1516.92,monthly,SEND_REMINDER,0.26112130721685883,1.0,396.10013334339754,395.10013334339754,3
FAIL_001093,PAY_007362,CUST_0437,SUB_0437,1516.92,2025-12-06,CARD_EXPIRED,PAYMENT_METHOD,747,21,3,24,0.875,0.6,0.6,normal,0.125,0.875,growth,1516.92,monthly,RETRY_NOW,0.13021977719098002,2.0,197.5329844165414,195.5329844165414,4
FAIL_001093,PAY_007362,CUST_0437,SUB_0437,1516.92,2025-12-06,CARD_EXPIRED,PAYMENT_METHOD,747,21,3,24,0.875,0.6,0.6,normal,0.125,0.875,growth,1516.92,monthly,WAIT_AND_RETRY,0.10341044387104531,2.0,156.86537051686605,154.86537051686605,5
FAIL_001093,PAY_007362,CUST_0437,SUB_0437,1516.92,2025-12-06,CARD_EXPIRED,PAYMENT_METHOD,747,21,3,24,0.875,0.6,0.6,normal,0.125,0.875,growth,1516.92,monthly,STOP,0.0,0.0,0.0,0.0,6
FAIL_001094,PAY_007383,CUST_0438,SUB_0438,1106.29,2025-01-19,INSUFFICIENT_FUNDS,CUSTOMER_FINANCIAL,978,29,3,32,0.9062,0.6,0.6,normal,0.0938,0.9062,starter,1106.29,monthly,WAIT_AND_RETRY,0.7041673527722406,2.0,779.0133006984021,777.0133006984021,1
FAIL_001094,PAY_007383,CUST_0438,SUB_0438,1106.29,2025-01-19,INSUFFICIENT_FUNDS,CUSTOMER_FINANCIAL,978,29,3,32,0.9062,0.6,0.6,normal,0.0938,0.9062,starter,1106.29,monthly,PAYMENT_LINK,0.6154107285432505,3.0,680.8227348801126,677.8227348801126,2
FAIL_001094,PAY_007383,CUST_0438,SUB_0438,1106.29,2025-01-19,INSUFFICIENT_FUNDS,CUSTOMER_FINANCIAL,978,29,3,32,0.9062,0.6,0.6,normal,0.0938,0.9062,starter,1106.29,monthly,SEND_REMINDER,0.5757870874155294,1.0,636.987496936926,635.987496936926,3
FAIL_001094,PAY_007383,CUST_0438,SUB_0438,1106.29,2025-01-19,INSUFFICIENT_FUNDS,CUSTOMER_FINANCIAL,978,29,3,32,0.9062,0.6,0.6,normal,0.0938,0.9062,starter,1106.29,monthly,UPDATE_PAYMENT_METHOD,0.4128012165048818,3.0,456.67785780718566,453.67785780718566,4
FAIL_001094,PAY_007383,CUST_0438,SUB_0438,1106.29,2025-01-19,INSUFFICIENT_FUNDS,CUSTOMER_FINANCIAL,978,29,3,32,0.9062,0.6,0.6,normal,0.0938,0.9062,starter,1106.29,monthly,RETRY_NOW,0.33026133855656215,2.0,365.3648162317391,363.3648162317391,5
FAIL_001094,PAY_007383,CUST_0438,SUB_0438,1106.29,2025-01-19,INSUFFICIENT_FUNDS,CUSTOMER_FINANCIAL,978,29,3,32,0.9062,0.6,0.6,normal,0.0938,0.9062,starter,1106.29,monthly,STOP,0.0,0.0,0.0,0.0,6
FAIL_001097,PAY_007411,CUST_0439,SUB_0439,694.64,2025-09-18,AUTHENTICATION_FAILED,CUSTOMER_ACTION,616,16,4,20,0.8,0.3,0.25,low_engagement,0.2,0.8,starter,694.64,monthly,UPDATE_PAYMENT_METHOD,0.6743997252854088,3.0,468.4650251722564,465.4650251722564,1
FAIL_001097,PAY_007411,CUST_0439,SUB_0439,694.64,2025-09-18,AUTHENTICATION_FAILED,CUSTOMER_ACTION,616,16,4,20,0.8,0.3,0.25,low_engagement,0.2,0.8,starter,694.64,monthly,SEND_REMINDER,0.4380567363399153,1.0,304.29173133115876,303.29173133115876,2
FAIL_001097,PAY_007411,CUST_0439,SUB_0439,694.64,2025-09-18,AUTHENTICATION_FAILED,CUSTOMER_ACTION,616,16,4,20,0.8,0.3,0.25,low_engagement,0.2,0.8,starter,694.64,monthly,PAYMENT_LINK,0.3951303351703493,3.0,274.4733360227314,271.4733360227314,3
FAIL_001097,PAY_007411,CUST_0439,SUB_0439,694.64,2025-09-18,AUTHENTICATION_FAILED,CUSTOMER_ACTION,616,16,4,20,0.8,0.3,0.25,low_engagement,0.2,0.8,starter,694.64,monthly,WAIT_AND_RETRY,0.2075829887408943,2.0,144.1954472989748,142.1954472989748,4
FAIL_001097,PAY_007411,CUST_0439,SUB_0439,694.64,2025-09-18,AUTHENTICATION_FAILED,CUSTOMER_ACTION,616,16,4,20,0.8,0.3,0.25,low_engagement,0.2,0.8,starter,694.64,monthly,RETRY_NOW,0.0375567291014794,2.0,26.08840630305165,24.08840630305165,5
FAIL_001097,PAY_007411,CUST_0439,SUB_0439,694.64,2025-09-18,AUTHENTICATION_FAILED,CUSTOMER_ACTION,616,16,4,20,0.8,0.3,0.25,low_engagement,0.2,0.8,starter,694.64,monthly,STOP,0.0,0.0,0.0,0.0,6
FAIL_001106,PAY_007450,CUST_0441,SUB_0441,791.33,2026-04-20,CARD_EXPIRED,PAYMENT_METHOD,402,9,4,13,0.6923,0.35,0.45,friction_prone,0.3077,0.6923,starter,791.33,monthly,UPDATE_PAYMENT_METHOD,0.8875150741489547,3.0,702.3173036262923,699.3173036262923,1
FAIL_001106,PAY_007450,CUST_0441,SUB_0441,791.33,2026-04-20,CARD_EXPIRED,PAYMENT_METHOD,402,9,4,13,0.6923,0.35,0.45,friction_prone,0.3077,0.6923,starter,791.33,monthly,PAYMENT_LINK,0.48145078280787124,3.0,380.98644795935274,377.98644795935274,2
FAIL_001106,PAY_007450,CUST_0441,SUB_0441,791.33,2026-04-20,CARD_EXPIRED,PAYMENT_METHOD,402,9,4,13,0.6923,0.35,0.45,friction_prone,0.3077,0.6923,starter,791.33,monthly,SEND_REMINDER,0.31579484887978215,1.0,249.89793776403803,248.89793776403803,3
FAIL_001106,PAY_007450,CUST_0441,SUB_0441,791.33,2026-04-20,CARD_EXPIRED,PAYMENT_METHOD,402,9,4,13,0.6923,0.35,0.45,friction_prone,0.3077,0.6923,starter,791.33,monthly,RETRY_NOW,0.081349364869094,2.0,64.37419290186016,62.374192901860155,4
FAIL_001106,PAY_007450,CUST_0441,SUB_0441,791.33,2026-04-20,CARD_EXPIRED,PAYMENT_METHOD,402,9,4,13,0.6923,0.35,0.45,friction_prone,0.3077,0.6923,starter,791.33,monthly,WAIT_AND_RETRY,0.05011011884431093,2.0,39.65364034506857,37.65364034506857,5
FAIL_001106,PAY_007450,CUST_0441,SUB_0441,791.33,2026-04-20,CARD_EXPIRED,PAYMENT_METHOD,402,9,4,13,0.6923,0.35,0.45,friction_prone,0.3077,0.6923,starter,791.33,monthly,STOP,0.0,0.0,0.0,0.0,6
FAIL_001116,PAY_007506,CUST_0444,SUB_0444,1927.55,2025-02-20,CARD_EXPIRED,PAYMENT_METHOD,826,16,11,27,0.5926,0.35,0.45,friction_prone,0.4074,0.5926,pro,1927.55,monthly,UPDATE_PAYMENT_METHOD,0.7245994829383846,3.0,1396.7017333378833,1393.7017333378833,1
FAIL_001116,PAY_007506,CUST_0444,SUB_0444,1927.55,2025-02-20,CARD_EXPIRED,PAYMENT_METHOD,826,16,11,27,0.5926,0.35,0.45,friction_prone,0.4074,0.5926,pro,1927.55,monthly,PAYMENT_LINK,0.4376690700438309,3.0,843.6290159629862,840.6290159629862,2
FAIL_001116,PAY_007506,CUST_0444,SUB_0444,1927.55,2025-02-20,CARD_EXPIRED,PAYMENT_METHOD,826,16,11,27,0.5926,0.35,0.45,friction_prone,0.4074,0.5926,pro,1927.55,monthly,SEND_REMINDER,0.38090057533783367,1.0,734.2049039924412,733.2049039924412,3
FAIL_001116,PAY_007506,CUST_0444,SUB_0444,1927.55,2025-02-20,CARD_EXPIRED,PAYMENT_METHOD,826,16,11,27,0.5926,0.35,0.45,friction_prone,0.4074,0.5926,pro,1927.55,monthly,WAIT_AND_RETRY,0.037724576518893535,2.0,72.71600746899323,70.71600746899323,4
FAIL_001116,PAY_007506,CUST_0444,SUB_0444,1927.55,2025-02-20,CARD_EXPIRED,PAYMENT_METHOD,826,16,11,27,0.5926,0.35,0.45,friction_prone,0.4074,0.5926,pro,1927.55,monthly,RETRY_NOW,0.024423200347908906,2.0,47.07693983061181,45.07693983061181,5
FAIL_001116,PAY_007506,CUST_0444,SUB_0444,1927.55,2025-02-20,CARD_EXPIRED,PAYMENT_METHOD,826,16,11,27,0.5926,0.35,0.45,friction_prone,0.4074,0.5926,pro,1927.55,monthly,STOP,0.0,0.0,0.0,0.0,6
FAIL_001125,PAY_007583,CUST_0449,SUB_0449,688.54,2025-07-27,CARD_EXPIRED,PAYMENT_METHOD,489,11,5,16,0.6875,0.3,0.25,low_engagement,0.3125,0.6875,starter,688.54,monthly,UPDATE_PAYMENT_METHOD,0.8722540156682977,3.0,600.5817799482497,597.5817799482497,1
FAIL_001125,PAY_007583,CUST_0449,SUB_0449,688.54,2025-07-27,CARD_EXPIRED,PAYMENT_METHOD,489,11,5,16,0.6875,0.3,0.25,low_engagement,0.3125,0.6875,starter,688.54,monthly,PAYMENT_LINK,0.3216746222506035,3.0,221.48584440443054,218.48584440443054,2
FAIL_001125,PAY_007583,CUST_0449,SUB_0449,688.54,2025-07-27,CARD_EXPIRED,PAYMENT_METHOD,489,11,5,16,0.6875,0.3,0.25,low_engagement,0.3125,0.6875,starter,688.54,monthly,SEND_REMINDER,0.14257168478890037,1.0,98.16630784454945,97.16630784454945,3
FAIL_001125,PAY_007583,CUST_0449,SUB_0449,688.54,2025-07-27,CARD_EXPIRED,PAYMENT_METHOD,489,11,5,16,0.6875,0.3,0.25,low_engagement,0.3125,0.6875,starter,688.54,monthly,RETRY_NOW,0.08016458038820769,2.0,55.19652018049652,53.19652018049652,4
FAIL_001125,PAY_007583,CUST_0449,SUB_0449,688.54,2025-07-27,CARD_EXPIRED,PAYMENT_METHOD,489,11,5,16,0.6875,0.3,0.25,low_engagement,0.3125,0.6875,starter,688.54,monthly,WAIT_AND_RETRY,0.03254884975244782,2.0,22.41118500855042,20.41118500855042,5
FAIL_001125,PAY_007583,CUST_0449,SUB_0449,688.54,2025-07-27,CARD_EXPIRED,PAYMENT_METHOD,489,11,5,16,0.6875,0.3,0.25,low_engagement,0.3125,0.6875,starter,688.54,monthly,STOP,0.0,0.0,0.0,0.0,6
FAIL_001127,PAY_007592,CUST_0449,SUB_0449,688.54,2026-04-23,AUTHENTICATION_FAILED,CUSTOMER_ACTION,489,11,5,16,0.6875,0.3,0.25,low_engagement,0.3125,0.6875,starter,688.54,monthly,UPDATE_PAYMENT_METHOD,0.7077148926135408,3.0,487.2900121601274,484.2900121601274,1
FAIL_001127,PAY_007592,CUST_0449,SUB_0449,688.54,2026-04-23,AUTHENTICATION_FAILED,CUSTOMER_ACTION,489,11,5,16,0.6875,0.3,0.25,low_engagement,0.3125,0.6875,starter,688.54,monthly,SEND_REMINDER,0.5650421857250544,1.0,389.0541465591289,388.0541465591289,2
FAIL_001127,PAY_007592,CUST_0449,SUB_0449,688.54,2026-04-23,AUTHENTICATION_FAILED,CUSTOMER_ACTION,489,11,5,16,0.6875,0.3,0.25,low_engagement,0.3125,0.6875,starter,688.54,monthly,PAYMENT_LINK,0.5247770600897248,3.0,361.3299969541791,358.3299969541791,3
FAIL_001127,PAY_007592,CUST_0449,SUB_0449,688.54,2026-04-23,AUTHENTICATION_FAILED,CUSTOMER_ACTION,489,11,5,16,0.6875,0.3,0.25,low_engagement,0.3125,0.6875,starter,688.54,monthly,WAIT_AND_RETRY,0.19362991542820168,2.0,133.32194196893397,131.32194196893397,4
FAIL_001127,PAY_007592,CUST_0449,SUB_0449,688.54,2026-04-23,AUTHENTICATION_FAILED,CUSTOMER_ACTION,489,11,5,16,0.6875,0.3,0.25,low_engagement,0.3125,0.6875,starter,688.54,monthly,RETRY_NOW,0.03780769895744939,2.0,26.0321130401622,24.0321130401622,5
FAIL_001127,PAY_007592,CUST_0449,SUB_0449,688.54,2026-04-23,AUTHENTICATION_FAILED,CUSTOMER_ACTION,489,11,5,16,0.6875,0.3,0.25,low_engagement,0.3125,0.6875,starter,688.54,monthly,STOP,0.0,0.0,0.0,0.0,6
FAIL_001134,PAY_007711,CUST_0457,SUB_0457,1961.94,2024-01-13,INSUFFICIENT_FUNDS,CUSTOMER_FINANCIAL,960,25,7,32,0.7812,0.35,0.45,friction_prone,0.2188,0.7812,pro,1961.94,monthly,WAIT_AND_RETRY,0.6667806603820325,2.0,1308.183648829925,1306.183648829925,1
FAIL_001134,PAY_007711,CUST_0457,SUB_0457,1961.94,2024-01-13,INSUFFICIENT_FUNDS,CUSTOMER_FINANCIAL,960,25,7,32,0.7812,0.35,0.45,friction_prone,0.2188,0.7812,pro,1961.94,monthly,PAYMENT_LINK,0.6340507750406978,3.0,1243.9695775833468,1240.9695775833468,2
FAIL_001134,PAY_007711,CUST_0457,SUB_0457,1961.94,2024-01-13,INSUFFICIENT_FUNDS,CUSTOMER_FINANCIAL,960,25,7,32,0.7812,0.35,0.45,friction_prone,0.2188,0.7812,pro,1961.94,monthly,RETRY_NOW,0.44809016390013273,2.0,879.1260161622264,877.1260161622264,3
FAIL_001134,PAY_007711,CUST_0457,SUB_0457,1961.94,2024-01-13,INSUFFICIENT_FUNDS,CUSTOMER_FINANCIAL,960,25,7,32,0.7812,0.35,0.45,friction_prone,0.2188,0.7812,pro,1961.94,monthly,SEND_REMINDER,0.4099813489819338,1.0,804.3588078216152,803.3588078216152,4
FAIL_001134,PAY_007711,CUST_0457,SUB_0457,1961.94,2024-01-13,INSUFFICIENT_FUNDS,CUSTOMER_FINANCIAL,960,25,7,32,0.7812,0.35,0.45,friction_prone,0.2188,0.7812,pro,1961.94,monthly,UPDATE_PAYMENT_METHOD,0.26045737251239837,3.0,511.00173742697484,508.00173742697484,5
FAIL_001134,PAY_007711,CUST_0457,SUB_0457,1961.94,2024-01-13,INSUFFICIENT_FUNDS,CUSTOMER_FINANCIAL,960,25,7,32,0.7812,0.35,0.45,friction_prone,0.2188,0.7812,pro,1961.94,monthly,STOP,0.0,0.0,0.0,0.0,6
FAIL_001136,PAY_007722,CUST_0457,SUB_0457,1961.94,2024-12-08,BANK_DECLINED,ISSUER_DECLINE,960,25,7,32,0.7812,0.35,0.45,friction_prone,0.2188,0.7812,pro,1961.94,monthly,PAYMENT_LINK,0.6996849035529453,3.0,1372.7397996766656,1369.7397996766656,1
FAIL_001136,PAY_007722,CUST_0457,SUB_0457,1961.94,2024-12-08,BANK_DECLINED,ISSUER_DECLINE,960,25,7,32,0.7812,0.35,0.45,friction_prone,0.2188,0.7812,pro,1961.94,monthly,WAIT_AND_RETRY,0.6535408705151013,2.0,1282.207975498398,1280.207975498398,2
FAIL_001136,PAY_007722,CUST_0457,SUB_0457,1961.94,2024-12-08,BANK_DECLINED,ISSUER_DECLINE,960,25,7,32,0.7812,0.35,0.45,friction_prone,0.2188,0.7812,pro,1961.94,monthly,UPDATE_PAYMENT_METHOD,0.3364479101357416,3.0,660.0906128117169,657.0906128117169,3
FAIL_001136,PAY_007722,CUST_0457,SUB_0457,1961.94,2024-12-08,BANK_DECLINED,ISSUER_DECLINE,960,25,7,32,0.7812,0.35,0.45,friction_prone,0.2188,0.7812,pro,1961.94,monthly,RETRY_NOW,0.3143375497277222,2.0,616.7114123128073,614.7114123128073,4
FAIL_001136,PAY_007722,CUST_0457,SUB_0457,1961.94,2024-12-08,BANK_DECLINED,ISSUER_DECLINE,960,25,7,32,0.7812,0.35,0.45,friction_prone,0.2188,0.7812,pro,1961.94,monthly,SEND_REMINDER,0.22949242430011751,1.0,450.2503669313726,449.2503669313726,5
FAIL_001136,PAY_007722,CUST_0457,SUB_0457,1961.94,2024-12-08,BANK_DECLINED,ISSUER_DECLINE,960,25,7,32,0.7812,0.35,0.45,friction_prone,0.2188,0.7812,pro,1961.94,monthly,STOP,0.0,0.0,0.0,0.0,6
FAIL_001139,PAY_007742,CUST_0457,SUB_0457,1961.94,2026-07-31,BANK_DECLINED,ISSUER_DECLINE,960,25,7,32,0.7812,0.35,0.45,friction_prone,0.2188,0.7812,pro,1961.94,monthly,PAYMENT_LINK,0.6996849035529453,3.0,1372.7397996766656,1369.7397996766656,1
FAIL_001139,PAY_007742,CUST_0457,SUB_0457,1961.94,2026-07-31,BANK_DECLINED,ISSUER_DECLINE,960,25,7,32,0.7812,0.35,0.45,friction_prone,0.2188,0.7812,pro,1961.94,monthly,WAIT_AND_RETRY,0.6535408705151013,2.0,1282.207975498398,1280.207975498398,2
FAIL_001139,PAY_007742,CUST_0457,SUB_0457,1961.94,2026-07-31,BANK_DECLINED,ISSUER_DECLINE,960,25,7,32,0.7812,0.35,0.45,friction_prone,0.2188,0.7812,pro,1961.94,monthly,UPDATE_PAYMENT_METHOD,0.3364479101357416,3.0,660.0906128117169,657.0906128117169,3
FAIL_001139,PAY_007742,CUST_0457,SUB_0457,1961.94,2026-07-31,BANK_DECLINED,ISSUER_DECLINE,960,25,7,32,0.7812,0.35,0.45,friction_prone,0.2188,0.7812,pro,1961.94,monthly,RETRY_NOW,0.3143375497277222,2.0,616.7114123128073,614.7114123128073,4
FAIL_001139,PAY_007742,CUST_0457,SUB_0457,1961.94,2026-07-31,BANK_DECLINED,ISSUER_DECLINE,960,25,7,32,0.7812,0.35,0.45,friction_prone,0.2188,0.7812,pro,1961.94,monthly,SEND_REMINDER,0.22949242430011751,1.0,450.2503669313726,449.2503669313726,5
FAIL_001139,PAY_007742,CUST_0457,SUB_0457,1961.94,2026-07-31,BANK_DECLINED,ISSUER_DECLINE,960,25,7,32,0.7812,0.35,0.45,friction_prone,0.2188,0.7812,pro,1961.94,monthly,STOP,0.0,0.0,0.0,0.0,6
FAIL_001140,PAY_007743,CUST_0458,SUB_0458,3086.94,2025-01-31,INSUFFICIENT_FUNDS,CUSTOMER_FINANCIAL,576,12,7,19,0.6316,0.6,0.6,normal,0.3684,0.6316,pro,3086.94,monthly,PAYMENT_LINK,0.7015912745822831,3.0,2165.7701691590332,2162.7701691590332,1
FAIL_001140,PAY_007743,CUST_0458,SUB_0458,3086.94,2025-01-31,INSUFFICIENT_FUNDS,CUSTOMER_FINANCIAL,576,12,7,19,0.6316,0.6,0.6,normal,0.3684,0.6316,pro,3086.94,monthly,WAIT_AND_RETRY,0.5345643880556092,2.0,1650.1681920643823,1648.1681920643823,2
FAIL_001140,PAY_007743,CUST_0458,SUB_0458,3086.94,2025-01-31,INSUFFICIENT_FUNDS,CUSTOMER_FINANCIAL,576,12,7,19,0.6316,0.6,0.6,normal,0.3684,0.6316,pro,3086.94,monthly,SEND_REMINDER,0.4665713718621249,1.0,1440.2778306560679,1439.2778306560679,3
FAIL_001140,PAY_007743,CUST_0458,SUB_0458,3086.94,2025-01-31,INSUFFICIENT_FUNDS,CUSTOMER_FINANCIAL,576,12,7,19,0.6316,0.6,0.6,normal,0.3684,0.6316,pro,3086.94,monthly,UPDATE_PAYMENT_METHOD,0.12570493171786287,3.0,388.04358191713965,385.04358191713965,4
FAIL_001140,PAY_007743,CUST_0458,SUB_0458,3086.94,2025-01-31,INSUFFICIENT_FUNDS,CUSTOMER_FINANCIAL,576,12,7,19,0.6316,0.6,0.6,normal,0.3684,0.6316,pro,3086.94,monthly,RETRY_NOW,0.11926058729104375,2.0,368.1502773322146,366.1502773322146,5
FAIL_001140,PAY_007743,CUST_0458,SUB_0458,3086.94,2025-01-31,INSUFFICIENT_FUNDS,CUSTOMER_FINANCIAL,576,12,7,19,0.6316,0.6,0.6,normal,0.3684,0.6316,pro,3086.94,monthly,STOP,0.0,0.0,0.0,0.0,6
FAIL_001141,PAY_007744,CUST_0458,SUB_0458,3086.94,2025-03-02,CARD_EXPIRED,PAYMENT_METHOD,576,12,7,19,0.6316,0.6,0.6,normal,0.3684,0.6316,pro,3086.94,monthly,UPDATE_PAYMENT_METHOD,0.8692507260901022,3.0,2683.3248363965804,2680.3248363965804,1
FAIL_001141,PAY_007744,CUST_0458,SUB_0458,3086.94,2025-03-02,CARD_EXPIRED,PAYMENT_METHOD,576,12,7,19,0.6316,0.6,0.6,normal,0.3684,0.6316,pro,3086.94,monthly,PAYMENT_LINK,0.4578056692096155,3.0,1413.2186325099306,1410.2186325099306,2
FAIL_001141,PAY_007744,CUST_0458,SUB_0458,3086.94,2025-03-02,CARD_EXPIRED,PAYMENT_METHOD,576,12,7,19,0.6316,0.6,0.6,normal,0.3684,0.6316,pro,3086.94,monthly,RETRY_NOW,0.3489291019089804,2.0,1077.123201846908,1075.123201846908,3
FAIL_001141,PAY_007744,CUST_0458,SUB_0458,3086.94,2025-03-02,CARD_EXPIRED,PAYMENT_METHOD,576,12,7,19,0.6316,0.6,0.6,normal,0.3684,0.6316,pro,3086.94,monthly,SEND_REMINDER,0.14876508720895185,1.0,459.22889830880183,458.22889830880183,4
FAIL_001141,PAY_007744,CUST_0458,SUB_0458,3086.94,2025-03-02,CARD_EXPIRED,PAYMENT_METHOD,576,12,7,19,0.6316,0.6,0.6,normal,0.3684,0.6316,pro,3086.94,monthly,WAIT_AND_RETRY,0.10446380596932463,2.0,322.47350119894696,320.47350119894696,5
FAIL_001141,PAY_007744,CUST_0458,SUB_0458,3086.94,2025-03-02,CARD_EXPIRED,PAYMENT_METHOD,576,12,7,19,0.6316,0.6,0.6,normal,0.3684,0.6316,pro,3086.94,monthly,STOP,0.0,0.0,0.0,0.0,6
FAIL_001142,PAY_007745,CUST_0458,SUB_0458,3086.94,2025-04-01,INSUFFICIENT_FUNDS,CUSTOMER_FINANCIAL,576,12,7,19,0.6316,0.6,0.6,normal,0.3684,0.6316,pro,3086.94,monthly,PAYMENT_LINK,0.7015912745822831,3.0,2165.7701691590332,2162.7701691590332,1
FAIL_001142,PAY_007745,CUST_0458,SUB_0458,3086.94,2025-04-01,INSUFFICIENT_FUNDS,CUSTOMER_FINANCIAL,576,12,7,19,0.6316,0.6,0.6,normal,0.3684,0.6316,pro,3086.94,monthly,WAIT_AND_RETRY,0.5345643880556092,2.0,1650.1681920643823,1648.1681920643823,2
FAIL_001142,PAY_007745,CUST_0458,SUB_0458,3086.94,2025-04-01,INSUFFICIENT_FUNDS,CUSTOMER_FINANCIAL,576,12,7,19,0.6316,0.6,0.6,normal,0.3684,0.6316,pro,3086.94,monthly,SEND_REMINDER,0.4665713718621249,1.0,1440.2778306560679,1439.2778306560679,3
FAIL_001142,PAY_007745,CUST_0458,SUB_0458,3086.94,2025-04-01,INSUFFICIENT_FUNDS,CUSTOMER_FINANCIAL,576,12,7,19,0.6316,0.6,0.6,normal,0.3684,0.6316,pro,3086.94,monthly,UPDATE_PAYMENT_METHOD,0.12570493171786287,3.0,388.04358191713965,385.04358191713965,4
FAIL_001142,PAY_007745,CUST_0458,SUB_0458,3086.94,2025-04-01,INSUFFICIENT_FUNDS,CUSTOMER_FINANCIAL,576,12,7,19,0.6316,0.6,0.6,normal,0.3684,0.6316,pro,3086.94,monthly,RETRY_NOW,0.11926058729104375,2.0,368.1502773322146,366.1502773322146,5
FAIL_001142,PAY_007745,CUST_0458,SUB_0458,3086.94,2025-04-01,INSUFFICIENT_FUNDS,CUSTOMER_FINANCIAL,576,12,7,19,0.6316,0.6,0.6,normal,0.3684,0.6316,pro,3086.94,monthly,STOP,0.0,0.0,0.0,0.0,6
FAIL_001144,PAY_007751,CUST_0458,SUB_0458,3086.94,2025-09-28,BANK_DECLINED,ISSUER_DECLINE,576,12,7,19,0.6316,0.6,0.6,normal,0.3684,0.6316,pro,3086.94,monthly,PAYMENT_LINK,0.7446567302367028,3.0,2298.7106468368875,2295.7106468368875,1
FAIL_001144,PAY_007751,CUST_0458,SUB_0458,3086.94,2025-09-28,BANK_DECLINED,ISSUER_DECLINE,576,12,7,19,0.6316,0.6,0.6,normal,0.3684,0.6316,pro,3086.94,monthly,WAIT_AND_RETRY,0.5870181156621634,2.0,1812.0897019621589,1810.0897019621589,2
FAIL_001144,PAY_007751,CUST_0458,SUB_0458,3086.94,2025-09-28,BANK_DECLINED,ISSUER_DECLINE,576,12,7,19,0.6316,0.6,0.6,normal,0.3684,0.6316,pro,3086.94,monthly,SEND_REMINDER,0.42548910090753117,1.0,1313.4593251554943,1312.4593251554943,3
FAIL_001144,PAY_007751,CUST_0458,SUB_0458,3086.94,2025-09-28,BANK_DECLINED,ISSUER_DECLINE,576,12,7,19,0.6316,0.6,0.6,normal,0.3684,0.6316,pro,3086.94,monthly,RETRY_NOW,0.2874745925101189,2.0,887.4168186031865,885.4168186031865,4
FAIL_001144,PAY_007751,CUST_0458,SUB_0458,3086.94,2025-09-28,BANK_DECLINED,ISSUER_DECLINE,576,12,7,19,0.6316,0.6,0.6,normal,0.3684,0.6316,pro,3086.94,monthly,UPDATE_PAYMENT_METHOD,0.27256547339311704,3.0,841.3932624361487,838.3932624361487,5
FAIL_001144,PAY_007751,CUST_0458,SUB_0458,3086.94,2025-09-28,BANK_DECLINED,ISSUER_DECLINE,576,12,7,19,0.6316,0.6,0.6,normal,0.3684,0.6316,pro,3086.94,monthly,STOP,0.0,0.0,0.0,0.0,6
FAIL_001155,PAY_007798,CUST_0461,SUB_0461,1652.19,2026-01-07,BANK_DECLINED,ISSUER_DECLINE,595,13,6,19,0.6842,0.35,0.45,friction_prone,0.3158,0.6842,growth,1652.19,monthly,PAYMENT_LINK,0.5995241239657665,3.0,990.5277623749997,987.5277623749997,1
FAIL_001155,PAY_007798,CUST_0461,SUB_0461,1652.19,2026-01-07,BANK_DECLINED,ISSUER_DECLINE,595,13,6,19,0.6842,0.35,0.45,friction_prone,0.3158,0.6842,growth,1652.19,monthly,WAIT_AND_RETRY,0.521615045348347,2.0,861.8071617740854,859.8071617740854,2
FAIL_001155,PAY_007798,CUST_0461,SUB_0461,1652.19,2026-01-07,BANK_DECLINED,ISSUER_DECLINE,595,13,6,19,0.6842,0.35,0.45,friction_prone,0.3158,0.6842,growth,1652.19,monthly,SEND_REMINDER,0.43479292385978663,1.0,718.3605208719009,717.3605208719009,3
FAIL_001155,PAY_007798,CUST_0461,SUB_0461,1652.19,2026-01-07,BANK_DECLINED,ISSUER_DECLINE,595,13,6,19,0.6842,0.35,0.45,friction_prone,0.3158,0.6842,growth,1652.19,monthly,UPDATE_PAYMENT_METHOD,0.3412133923880061,3.0,563.7493547695398,560.7493547695398,4
FAIL_001155,PAY_007798,CUST_0461,SUB_0461,1652.19,2026-01-07,BANK_DECLINED,ISSUER_DECLINE,595,13,6,19,0.6842,0.35,0.45,friction_prone,0.3158,0.6842,growth,1652.19,monthly,RETRY_NOW,0.2795903812737794,2.0,461.9364320367256,459.9364320367256,5
FAIL_001155,PAY_007798,CUST_0461,SUB_0461,1652.19,2026-01-07,BANK_DECLINED,ISSUER_DECLINE,595,13,6,19,0.6842,0.35,0.45,friction_prone,0.3158,0.6842,growth,1652.19,monthly,STOP,0.0,0.0,0.0,0.0,6
FAIL_001163,PAY_007821,CUST_0462,SUB_0462,1399.49,2025-11-14,NETWORK_ERROR,TECHNICAL,769,18,7,25,0.72,0.35,0.45,friction_prone,0.28,0.72,growth,1399.49,monthly,RETRY_NOW,0.844860944831416,2.0,1182.3744436821185,1180.3744436821185,1
FAIL_001163,PAY_007821,CUST_0462,SUB_0462,1399.49,2025-11-14,NETWORK_ERROR,TECHNICAL,769,18,7,25,0.72,0.35,0.45,friction_prone,0.28,0.72,growth,1399.49,monthly,WAIT_AND_RETRY,0.7541706895537186,2.0,1055.4543383235336,1053.4543383235336,2
FAIL_001163,PAY_007821,CUST_0462,SUB_0462,1399.49,2025-11-14,NETWORK_ERROR,TECHNICAL,769,18,7,25,0.72,0.35,0.45,friction_prone,0.28,0.72,growth,1399.49,monthly,SEND_REMINDER,0.4306825738429407,1.0,602.735955267457,601.735955267457,3
FAIL_001163,PAY_007821,CUST_0462,SUB_0462,1399.49,2025-11-14,NETWORK_ERROR,TECHNICAL,769,18,7,25,0.72,0.35,0.45,friction_prone,0.28,0.72,growth,1399.49,monthly,PAYMENT_LINK,0.34105348721638495,3.0,477.30094482445855,474.30094482445855,4
FAIL_001163,PAY_007821,CUST_0462,SUB_0462,1399.49,2025-11-14,NETWORK_ERROR,TECHNICAL,769,18,7,25,0.72,0.35,0.45,friction_prone,0.28,0.72,growth,1399.49,monthly,UPDATE_PAYMENT_METHOD,0.10126656543842458,3.0,141.72154566542082,138.72154566542082,5
FAIL_001163,PAY_007821,CUST_0462,SUB_0462,1399.49,2025-11-14,NETWORK_ERROR,TECHNICAL,769,18,7,25,0.72,0.35,0.45,friction_prone,0.28,0.72,growth,1399.49,monthly,STOP,0.0,0.0,0.0,0.0,6
FAIL_001168,PAY_007864,CUST_0465,SUB_0465,200.0,2026-07-18,NETWORK_ERROR,TECHNICAL,43,0,1,1,0.0,0.3,0.25,low_engagement,1.0,0.0,starter,200.0,monthly,RETRY_NOW,0.931635276299146,2.0,186.3270552598292,184.3270552598292,1
FAIL_001168,PAY_007864,CUST_0465,SUB_0465,200.0,2026-07-18,NETWORK_ERROR,TECHNICAL,43,0,1,1,0.0,0.3,0.25,low_engagement,1.0,0.0,starter,200.0,monthly,WAIT_AND_RETRY,0.7964102261768515,2.0,159.2820452353703,157.2820452353703,2
FAIL_001168,PAY_007864,CUST_0465,SUB_0465,200.0,2026-07-18,NETWORK_ERROR,TECHNICAL,43,0,1,1,0.0,0.3,0.25,low_engagement,1.0,0.0,starter,200.0,monthly,PAYMENT_LINK,0.20625207489636543,3.0,41.25041497927309,38.25041497927309,3
FAIL_001168,PAY_007864,CUST_0465,SUB_0465,200.0,2026-07-18,NETWORK_ERROR,TECHNICAL,43,0,1,1,0.0,0.3,0.25,low_engagement,1.0,0.0,starter,200.0,monthly,SEND_REMINDER,0.11310074951024918,1.0,22.620149902049835,21.620149902049835,4
FAIL_001168,PAY_007864,CUST_0465,SUB_0465,200.0,2026-07-18,NETWORK_ERROR,TECHNICAL,43,0,1,1,0.0,0.3,0.25,low_engagement,1.0,0.0,starter,200.0,monthly,UPDATE_PAYMENT_METHOD,0.07415822532982357,3.0,14.831645065964713,11.831645065964713,5
FAIL_001168,PAY_007864,CUST_0465,SUB_0465,200.0,2026-07-18,NETWORK_ERROR,TECHNICAL,43,0,1,1,0.0,0.3,0.25,low_engagement,1.0,0.0,starter,200.0,monthly,STOP,0.0,0.0,0.0,0.0,6
FAIL_001169,PAY_007915,CUST_0467,SUB_0467,2634.12,2026-07-27,INSUFFICIENT_FUNDS,CUSTOMER_FINANCIAL,964,30,2,32,0.9375,0.8,0.85,reliable,0.0625,0.9375,growth,2634.12,monthly,WAIT_AND_RETRY,0.8549244457476501,2.0,2251.9735810328,2249.9735810328,1
FAIL_001169,PAY_007915,CUST_0467,SUB_0467,2634.12,2026-07-27,INSUFFICIENT_FUNDS,CUSTOMER_FINANCIAL,964,30,2,32,0.9375,0.8,0.85,reliable,0.0625,0.9375,growth,2634.12,monthly,PAYMENT_LINK,0.6967734589833576,3.0,1835.384903777242,1832.384903777242,2
FAIL_001169,PAY_007915,CUST_0467,SUB_0467,2634.12,2026-07-27,INSUFFICIENT_FUNDS,CUSTOMER_FINANCIAL,964,30,2,32,0.9375,0.8,0.85,reliable,0.0625,0.9375,growth,2634.12,monthly,SEND_REMINDER,0.6493517758016016,1.0,1710.470499674515,1709.470499674515,3
FAIL_001169,PAY_007915,CUST_0467,SUB_0467,2634.12,2026-07-27,INSUFFICIENT_FUNDS,CUSTOMER_FINANCIAL,964,30,2,32,0.9375,0.8,0.85,reliable,0.0625,0.9375,growth,2634.12,monthly,RETRY_NOW,0.564268216629313,2.0,1486.350194787606,1484.350194787606,4
FAIL_001169,PAY_007915,CUST_0467,SUB_0467,2634.12,2026-07-27,INSUFFICIENT_FUNDS,CUSTOMER_FINANCIAL,964,30,2,32,0.9375,0.8,0.85,reliable,0.0625,0.9375,growth,2634.12,monthly,UPDATE_PAYMENT_METHOD,0.22026369394684686,3.0,580.2010014992683,577.2010014992683,5
FAIL_001169,PAY_007915,CUST_0467,SUB_0467,2634.12,2026-07-27,INSUFFICIENT_FUNDS,CUSTOMER_FINANCIAL,964,30,2,32,0.9375,0.8,0.85,reliable,0.0625,0.9375,growth,2634.12,monthly,STOP,0.0,0.0,0.0,0.0,6
FAIL_001171,PAY_007919,CUST_0468,SUB_0468,1737.7,2024-03-18,INSUFFICIENT_FUNDS,CUSTOMER_FINANCIAL,985,18,14,32,0.5625,0.35,0.45,friction_prone,0.4375,0.5625,pro,1737.7,monthly,WAIT_AND_RETRY,0.6953076543279523,2.0,1208.2361109256826,1206.2361109256826,1
FAIL_001171,PAY_007919,CUST_0468,SUB_0468,1737.7,2024-03-18,INSUFFICIENT_FUNDS,CUSTOMER_FINANCIAL,985,18,14,32,0.5625,0.35,0.45,friction_prone,0.4375,0.5625,pro,1737.7,monthly,PAYMENT_LINK,0.6740346697564934,3.0,1171.2700456358587,1168.2700456358587,2
FAIL_001171,PAY_007919,CUST_0468,SUB_0468,1737.7,2024-03-18,INSUFFICIENT_FUNDS,CUSTOMER_FINANCIAL,985,18,14,32,0.5625,0.35,0.45,friction_prone,0.4375,0.5625,pro,1737.7,monthly,SEND_REMINDER,0.3495442597323575,1.0,607.4030601369176,606.4030601369176,3
FAIL_001171,PAY_007919,CUST_0468,SUB_0468,1737.7,2024-03-18,INSUFFICIENT_FUNDS,CUSTOMER_FINANCIAL,985,18,14,32,0.5625,0.35,0.45,friction_prone,0.4375,0.5625,pro,1737.7,monthly,UPDATE_PAYMENT_METHOD,0.22369485116715887,3.0,388.714542873172,385.714542873172,4
FAIL_001171,PAY_007919,CUST_0468,SUB_0468,1737.7,2024-03-18,INSUFFICIENT_FUNDS,CUSTOMER_FINANCIAL,985,18,14,32,0.5625,0.35,0.45,friction_prone,0.4375,0.5625,pro,1737.7,monthly,RETRY_NOW,0.21205643521245707,2.0,368.49046746868663,366.49046746868663,5
FAIL_001171,PAY_007919,CUST_0468,SUB_0468,1737.7,2024-03-18,INSUFFICIENT_FUNDS,CUSTOMER_FINANCIAL,985,18,14,32,0.5625,0.35,0.45,friction_prone,0.4375,0.5625,pro,1737.7,monthly,STOP,0.0,0.0,0.0,0.0,6
FAIL_001176,PAY_007930,CUST_0468,SUB_0468,1737.7,2025-02-11,NETWORK_ERROR,TECHNICAL,985,18,14,32,0.5625,0.35,0.45,friction_prone,0.4375,0.5625,pro,1737.7,monthly,RETRY_NOW,0.864463430406831,2.0,1502.1781030179504,1500.1781030179504,1
FAIL_001176,PAY_007930,CUST_0468,SUB_0468,1737.7,2025-02-11,NETWORK_ERROR,TECHNICAL,985,18,14,32,0.5625,0.35,0.45,friction_prone,0.4375,0.5625,pro,1737.7,monthly,WAIT_AND_RETRY,0.8341516157034674,2.0,1449.5052626079153,1447.5052626079153,2
FAIL_001176,PAY_007930,CUST_0468,SUB_0468,1737.7,2025-02-11,NETWORK_ERROR,TECHNICAL,985,18,14,32,0.5625,0.35,0.45,friction_prone,0.4375,0.5625,pro,1737.7,monthly,PAYMENT_LINK,0.6381375368828693,3.0,1108.891597841362,1105.891597841362,3
FAIL_001176,PAY_007930,CUST_0468,SUB_0468,1737.7,2025-02-11,NETWORK_ERROR,TECHNICAL,985,18,14,32,0.5625,0.35,0.45,friction_prone,0.4375,0.5625,pro,1737.7,monthly,SEND_REMINDER,0.38682727452065113,1.0,672.1897549345355,671.1897549345355,4
FAIL_001176,PAY_007930,CUST_0468,SUB_0468,1737.7,2025-02-11,NETWORK_ERROR,TECHNICAL,985,18,14,32,0.5625,0.35,0.45,friction_prone,0.4375,0.5625,pro,1737.7,monthly,UPDATE_PAYMENT_METHOD,0.31009691246039434,3.0,538.8554047824273,535.8554047824273,5
FAIL_001176,PAY_007930,CUST_0468,SUB_0468,1737.7,2025-02-11,NETWORK_ERROR,TECHNICAL,985,18,14,32,0.5625,0.35,0.45,friction_prone,0.4375,0.5625,pro,1737.7,monthly,STOP,0.0,0.0,0.0,0.0,6
FAIL_001186,PAY_007944,CUST_0468,SUB_0468,1737.7,2026-04-07,INSUFFICIENT_FUNDS,CUSTOMER_FINANCIAL,985,18,14,32,0.5625,0.35,0.45,friction_prone,0.4375,0.5625,pro,1737.7,monthly,WAIT_AND_RETRY,0.6953076543279523,2.0,1208.2361109256826,1206.2361109256826,1
FAIL_001186,PAY_007944,CUST_0468,SUB_0468,1737.7,2026-04-07,INSUFFICIENT_FUNDS,CUSTOMER_FINANCIAL,985,18,14,32,0.5625,0.35,0.45,friction_prone,0.4375,0.5625,pro,1737.7,monthly,PAYMENT_LINK,0.6740346697564934,3.0,1171.2700456358587,1168.2700456358587,2
FAIL_001186,PAY_007944,CUST_0468,SUB_0468,1737.7,2026-04-07,INSUFFICIENT_FUNDS,CUSTOMER_FINANCIAL,985,18,14,32,0.5625,0.35,0.45,friction_prone,0.4375,0.5625,pro,1737.7,monthly,SEND_REMINDER,0.3495442597323575,1.0,607.4030601369176,606.4030601369176,3
FAIL_001186,PAY_007944,CUST_0468,SUB_0468,1737.7,2026-04-07,INSUFFICIENT_FUNDS,CUSTOMER_FINANCIAL,985,18,14,32,0.5625,0.35,0.45,friction_prone,0.4375,0.5625,pro,1737.7,monthly,UPDATE_PAYMENT_METHOD,0.22369485116715887,3.0,388.714542873172,385.714542873172,4
FAIL_001186,PAY_007944,CUST_0468,SUB_0468,1737.7,2026-04-07,INSUFFICIENT_FUNDS,CUSTOMER_FINANCIAL,985,18,14,32,0.5625,0.35,0.45,friction_prone,0.4375,0.5625,pro,1737.7,monthly,RETRY_NOW,0.21205643521245707,2.0,368.49046746868663,366.49046746868663,5
FAIL_001186,PAY_007944,CUST_0468,SUB_0468,1737.7,2026-04-07,INSUFFICIENT_FUNDS,CUSTOMER_FINANCIAL,985,18,14,32,0.5625,0.35,0.45,friction_prone,0.4375,0.5625,pro,1737.7,monthly,STOP,0.0,0.0,0.0,0.0,6
FAIL_001201,PAY_008048,CUST_0473,SUB_0473,1039.13,2025-12-31,CARD_EXPIRED,PAYMENT_METHOD,692,19,4,23,0.8261,0.35,0.45,friction_prone,0.1739,0.8261,growth,1039.13,monthly,UPDATE_PAYMENT_METHOD,0.8104094949199643,3.0,842.1208184561825,839.1208184561825,1
FAIL_001201,PAY_008048,CUST_0473,SUB_0473,1039.13,2025-12-31,CARD_EXPIRED,PAYMENT_METHOD,692,19,4,23,0.8261,0.35,0.45,friction_prone,0.1739,0.8261,growth,1039.13,monthly,PAYMENT_LINK,0.22125593562746462,3.0,229.91368038856734,226.91368038856734,2
FAIL_001201,PAY_008048,CUST_0473,SUB_0473,1039.13,2025-12-31,CARD_EXPIRED,PAYMENT_METHOD,692,19,4,23,0.8261,0.35,0.45,friction_prone,0.1739,0.8261,growth,1039.13,monthly,WAIT_AND_RETRY,0.21002205493238682,2.0,218.24021794189113,216.24021794189113,3
FAIL_001201,PAY_008048,CUST_0473,SUB_0473,1039.13,2025-12-31,CARD_EXPIRED,PAYMENT_METHOD,692,19,4,23,0.8261,0.35,0.45,friction_prone,0.1739,0.8261,growth,1039.13,monthly,SEND_REMINDER,0.14902860995493503,1.0,154.86009946247165,153.86009946247165,4
FAIL_001201,PAY_008048,CUST_0473,SUB_0473,1039.13,2025-12-31,CARD_EXPIRED,PAYMENT_METHOD,692,19,4,23,0.8261,0.35,0.45,friction_prone,0.1739,0.8261,growth,1039.13,monthly,RETRY_NOW,0.027129604933704487,2.0,28.191186374760346,26.191186374760346,5
FAIL_001201,PAY_008048,CUST_0473,SUB_0473,1039.13,2025-12-31,CARD_EXPIRED,PAYMENT_METHOD,692,19,4,23,0.8261,0.35,0.45,friction_prone,0.1739,0.8261,growth,1039.13,monthly,STOP,0.0,0.0,0.0,0.0,6
FAIL_001203,PAY_008059,CUST_0474,SUB_0474,468.79,2025-10-29,NETWORK_ERROR,TECHNICAL,395,12,1,13,0.9231,0.8,0.85,reliable,0.0769,0.9231,starter,468.79,monthly,WAIT_AND_RETRY,0.8905125750039411,2.0,417.46339003609756,415.46339003609756,1
FAIL_001203,PAY_008059,CUST_0474,SUB_0474,468.79,2025-10-29,NETWORK_ERROR,TECHNICAL,395,12,1,13,0.9231,0.8,0.85,reliable,0.0769,0.9231,starter,468.79,monthly,RETRY_NOW,0.810214813227683,2.0,379.8206022930055,377.8206022930055,2
FAIL_001203,PAY_008059,CUST_0474,SUB_0474,468.79,2025-10-29,NETWORK_ERROR,TECHNICAL,395,12,1,13,0.9231,0.8,0.85,reliable,0.0769,0.9231,starter,468.79,monthly,PAYMENT_LINK,0.5905089732826204,3.0,276.82470158515963,273.82470158515963,3
FAIL_001203,PAY_008059,CUST_0474,SUB_0474,468.79,2025-10-29,NETWORK_ERROR,TECHNICAL,395,12,1,13,0.9231,0.8,0.85,reliable,0.0769,0.9231,starter,468.79,monthly,SEND_REMINDER,0.26333559886751134,1.0,123.44909539310065,122.44909539310065,4
FAIL_001203,PAY_008059,CUST_0474,SUB_0474,468.79,2025-10-29,NETWORK_ERROR,TECHNICAL,395,12,1,13,0.9231,0.8,0.85,reliable,0.0769,0.9231,starter,468.79,monthly,UPDATE_PAYMENT_METHOD,0.15811534594974697,3.0,74.12289302778188,71.12289302778188,5
FAIL_001203,PAY_008059,CUST_0474,SUB_0474,468.79,2025-10-29,NETWORK_ERROR,TECHNICAL,395,12,1,13,0.9231,0.8,0.85,reliable,0.0769,0.9231,starter,468.79,monthly,STOP,0.0,0.0,0.0,0.0,6
FAIL_001212,PAY_008090,CUST_0475,SUB_0475,332.6,2026-01-27,NETWORK_ERROR,TECHNICAL,845,19,9,28,0.6786,0.3,0.25,low_engagement,0.3214,0.6786,starter,332.6,monthly,WAIT_AND_RETRY,0.8493535965170546,2.0,282.4950062015724,280.4950062015724,1
FAIL_001212,PAY_008090,CUST_0475,SUB_0475,332.6,2026-01-27,NETWORK_ERROR,TECHNICAL,845,19,9,28,0.6786,0.3,0.25,low_engagement,0.3214,0.6786,starter,332.6,monthly,RETRY_NOW,0.8118466700254674,2.0,270.0202024504705,268.0202024504705,2
FAIL_001212,PAY_008090,CUST_0475,SUB_0475,332.6,2026-01-27,NETWORK_ERROR,TECHNICAL,845,19,9,28,0.6786,0.3,0.25,low_engagement,0.3214,0.6786,starter,332.6,monthly,PAYMENT_LINK,0.44236829231992186,3.0,147.131694025606,144.131694025606,3
FAIL_001212,PAY_008090,CUST_0475,SUB_0475,332.6,2026-01-27,NETWORK_ERROR,TECHNICAL,845,19,9,28,0.6786,0.3,0.25,low_engagement,0.3214,0.6786,starter,332.6,monthly,SEND_REMINDER,0.1432871820984509,1.0,47.65731676594477,46.65731676594477,4
FAIL_001212,PAY_008090,CUST_0475,SUB_0475,332.6,2026-01-27,NETWORK_ERROR,TECHNICAL,845,19,9,28,0.6786,0.3,0.25,low_engagement,0.3214,0.6786,starter,332.6,monthly,UPDATE_PAYMENT_METHOD,0.02354518350846677,3.0,7.831128034916048,4.831128034916048,5
FAIL_001212,PAY_008090,CUST_0475,SUB_0475,332.6,2026-01-27,NETWORK_ERROR,TECHNICAL,845,19,9,28,0.6786,0.3,0.25,low_engagement,0.3214,0.6786,starter,332.6,monthly,STOP,0.0,0.0,0.0,0.0,6
FAIL_001216,PAY_008109,CUST_0476,SUB_0476,457.08,2025-11-12,AUTHENTICATION_FAILED,CUSTOMER_ACTION,651,16,5,21,0.7619,0.3,0.25,low_engagement,0.2381,0.7619,starter,457.08,monthly,UPDATE_PAYMENT_METHOD,0.7037906745142581,3.0,321.6886415069771,318.6886415069771,1
FAIL_001216,PAY_008109,CUST_0476,SUB_0476,457.08,2025-11-12,AUTHENTICATION_FAILED,CUSTOMER_ACTION,651,16,5,21,0.7619,0.3,0.25,low_engagement,0.2381,0.7619,starter,457.08,monthly,PAYMENT_LINK,0.4562328442733317,3.0,208.53490846045446,205.53490846045446,2
FAIL_001216,PAY_008109,CUST_0476,SUB_0476,457.08,2025-11-12,AUTHENTICATION_FAILED,CUSTOMER_ACTION,651,16,5,21,0.7619,0.3,0.25,low_engagement,0.2381,0.7619,starter,457.08,monthly,SEND_REMINDER,0.44068962682910306,1.0,201.43041463104643,200.43041463104643,3
FAIL_001216,PAY_008109,CUST_0476,SUB_0476,457.08,2025-11-12,AUTHENTICATION_FAILED,CUSTOMER_ACTION,651,16,5,21,0.7619,0.3,0.25,low_engagement,0.2381,0.7619,starter,457.08,monthly,WAIT_AND_RETRY,0.29262036041078565,2.0,133.7509143365619,131.7509143365619,4
FAIL_001216,PAY_008109,CUST_0476,SUB_0476,457.08,2025-11-12,AUTHENTICATION_FAILED,CUSTOMER_ACTION,651,16,5,21,0.7619,0.3,0.25,low_engagement,0.2381,0.7619,starter,457.08,monthly,RETRY_NOW,0.038369654798300803,2.0,17.53800181520733,15.53800181520733,5
FAIL_001216,PAY_008109,CUST_0476,SUB_0476,457.08,2025-11-12,AUTHENTICATION_FAILED,CUSTOMER_ACTION,651,16,5,21,0.7619,0.3,0.25,low_engagement,0.2381,0.7619,starter,457.08,monthly,STOP,0.0,0.0,0.0,0.0,6
FAIL_001223,PAY_008125,CUST_0477,SUB_0477,580.5,2025-01-06,BANK_DECLINED,ISSUER_DECLINE,811,17,10,27,0.6296,0.35,0.45,friction_prone,0.3704,0.6296,starter,580.5,monthly,PAYMENT_LINK,0.606414449266513,3.0,352.0235877992108,349.0235877992108,1
FAIL_001223,PAY_008125,CUST_0477,SUB_0477,580.5,2025-01-06,BANK_DECLINED,ISSUER_DECLINE,811,17,10,27,0.6296,0.35,0.45,friction_prone,0.3704,0.6296,starter,580.5,monthly,WAIT_AND_RETRY,0.538121283656719,2.0,312.37940516272533,310.37940516272533,2
FAIL_001223,PAY_008125,CUST_0477,SUB_0477,580.5,2025-01-06,BANK_DECLINED,ISSUER_DECLINE,811,17,10,27,0.6296,0.35,0.45,friction_prone,0.3704,0.6296,starter,580.5,monthly,UPDATE_PAYMENT_METHOD,0.4149996086154392,3.0,240.90727280126248,237.90727280126248,3
FAIL_001223,PAY_008125,CUST_0477,SUB_0477,580.5,2025-01-06,BANK_DECLINED,ISSUER_DECLINE,811,17,10,27,0.6296,0.35,0.45,friction_prone,0.3704,0.6296,starter,580.5,monthly,SEND_REMINDER,0.3541328697847643,1.0,205.5741309100557,204.5741309100557,4
FAIL_001223,PAY_008125,CUST_0477,SUB_0477,580.5,2025-01-06,BANK_DECLINED,ISSUER_DECLINE,811,17,10,27,0.6296,0.35,0.45,friction_prone,0.3704,0.6296,starter,580.5,monthly,RETRY_NOW,0.24810821055331517,2.0,144.02681622619946,142.02681622619946,5
FAIL_001223,PAY_008125,CUST_0477,SUB_0477,580.5,2025-01-06,BANK_DECLINED,ISSUER_DECLINE,811,17,10,27,0.6296,0.35,0.45,friction_prone,0.3704,0.6296,starter,580.5,monthly,STOP,0.0,0.0,0.0,0.0,6
FAIL_001227,PAY_008134,CUST_0477,SUB_0477,580.5,2025-10-03,NETWORK_ERROR,TECHNICAL,811,17,10,27,0.6296,0.35,0.45,friction_prone,0.3704,0.6296,starter,580.5,monthly,RETRY_NOW,0.8593638408510822,2.0,498.86070961405323,496.86070961405323,1
FAIL_001227,PAY_008134,CUST_0477,SUB_0477,580.5,2025-10-03,NETWORK_ERROR,TECHNICAL,811,17,10,27,0.6296,0.35,0.45,friction_prone,0.3704,0.6296,starter,580.5,monthly,WAIT_AND_RETRY,0.8500847236482827,2.0,493.4741820778281,491.4741820778281,2
FAIL_001227,PAY_008134,CUST_0477,SUB_0477,580.5,2025-10-03,NETWORK_ERROR,TECHNICAL,811,17,10,27,0.6296,0.35,0.45,friction_prone,0.3704,0.6296,starter,580.5,monthly,PAYMENT_LINK,0.4805895857442051,3.0,278.98225452451106,275.98225452451106,3
FAIL_001227,PAY_008134,CUST_0477,SUB_0477,580.5,2025-10-03,NETWORK_ERROR,TECHNICAL,811,17,10,27,0.6296,0.35,0.45,friction_prone,0.3704,0.6296,starter,580.5,monthly,SEND_REMINDER,0.2546840760911303,1.0,147.84410617090114,146.84410617090114,4
FAIL_001227,PAY_008134,CUST_0477,SUB_0477,580.5,2025-10-03,NETWORK_ERROR,TECHNICAL,811,17,10,27,0.6296,0.35,0.45,friction_prone,0.3704,0.6296,starter,580.5,monthly,UPDATE_PAYMENT_METHOD,0.06712213679501766,3.0,38.96440040950775,35.96440040950775,5
FAIL_001227,PAY_008134,CUST_0477,SUB_0477,580.5,2025-10-03,NETWORK_ERROR,TECHNICAL,811,17,10,27,0.6296,0.35,0.45,friction_prone,0.3704,0.6296,starter,580.5,monthly,STOP,0.0,0.0,0.0,0.0,6
FAIL_001229,PAY_008138,CUST_0477,SUB_0477,580.5,2026-01-31,BANK_DECLINED,ISSUER_DECLINE,811,17,10,27,0.6296,0.35,0.45,friction_prone,0.3704,0.6296,starter,580.5,monthly,PAYMENT_LINK,0.606414449266513,3.0,352.0235877992108,349.0235877992108,1
FAIL_001229,PAY_008138,CUST_0477,SUB_0477,580.5,2026-01-31,BANK_DECLINED,ISSUER_DECLINE,811,17,10,27,0.6296,0.35,0.45,friction_prone,0.3704,0.6296,starter,580.5,monthly,WAIT_AND_RETRY,0.538121283656719,2.0,312.37940516272533,310.37940516272533,2
FAIL_001229,PAY_008138,CUST_0477,SUB_0477,580.5,2026-01-31,BANK_DECLINED,ISSUER_DECLINE,811,17,10,27,0.6296,0.35,0.45,friction_prone,0.3704,0.6296,starter,580.5,monthly,UPDATE_PAYMENT_METHOD,0.4149996086154392,3.0,240.90727280126248,237.90727280126248,3
FAIL_001229,PAY_008138,CUST_0477,SUB_0477,580.5,2026-01-31,BANK_DECLINED,ISSUER_DECLINE,811,17,10,27,0.6296,0.35,0.45,friction_prone,0.3704,0.6296,starter,580.5,monthly,SEND_REMINDER,0.3541328697847643,1.0,205.5741309100557,204.5741309100557,4
FAIL_001229,PAY_008138,CUST_0477,SUB_0477,580.5,2026-01-31,BANK_DECLINED,ISSUER_DECLINE,811,17,10,27,0.6296,0.35,0.45,friction_prone,0.3704,0.6296,starter,580.5,monthly,RETRY_NOW,0.24810821055331517,2.0,144.02681622619946,142.02681622619946,5
FAIL_001229,PAY_008138,CUST_0477,SUB_0477,580.5,2026-01-31,BANK_DECLINED,ISSUER_DECLINE,811,17,10,27,0.6296,0.35,0.45,friction_prone,0.3704,0.6296,starter,580.5,monthly,STOP,0.0,0.0,0.0,0.0,6
FAIL_001231,PAY_008144,CUST_0477,SUB_0477,580.5,2026-07-30,BANK_DECLINED,ISSUER_DECLINE,811,17,10,27,0.6296,0.35,0.45,friction_prone,0.3704,0.6296,starter,580.5,monthly,PAYMENT_LINK,0.606414449266513,3.0,352.0235877992108,349.0235877992108,1
FAIL_001231,PAY_008144,CUST_0477,SUB_0477,580.5,2026-07-30,BANK_DECLINED,ISSUER_DECLINE,811,17,10,27,0.6296,0.35,0.45,friction_prone,0.3704,0.6296,starter,580.5,monthly,WAIT_AND_RETRY,0.538121283656719,2.0,312.37940516272533,310.37940516272533,2
FAIL_001231,PAY_008144,CUST_0477,SUB_0477,580.5,2026-07-30,BANK_DECLINED,ISSUER_DECLINE,811,17,10,27,0.6296,0.35,0.45,friction_prone,0.3704,0.6296,starter,580.5,monthly,UPDATE_PAYMENT_METHOD,0.4149996086154392,3.0,240.90727280126248,237.90727280126248,3
FAIL_001231,PAY_008144,CUST_0477,SUB_0477,580.5,2026-07-30,BANK_DECLINED,ISSUER_DECLINE,811,17,10,27,0.6296,0.35,0.45,friction_prone,0.3704,0.6296,starter,580.5,monthly,SEND_REMINDER,0.3541328697847643,1.0,205.5741309100557,204.5741309100557,4
FAIL_001231,PAY_008144,CUST_0477,SUB_0477,580.5,2026-07-30,BANK_DECLINED,ISSUER_DECLINE,811,17,10,27,0.6296,0.35,0.45,friction_prone,0.3704,0.6296,starter,580.5,monthly,RETRY_NOW,0.24810821055331517,2.0,144.02681622619946,142.02681622619946,5
FAIL_001231,PAY_008144,CUST_0477,SUB_0477,580.5,2026-07-30,BANK_DECLINED,ISSUER_DECLINE,811,17,10,27,0.6296,0.35,0.45,friction_prone,0.3704,0.6296,starter,580.5,monthly,STOP,0.0,0.0,0.0,0.0,6
FAIL_001233,PAY_008158,CUST_0479,SUB_0479,493.48,2024-08-19,NETWORK_ERROR,TECHNICAL,951,24,7,31,0.7742,0.3,0.25,low_engagement,0.2258,0.7742,growth,493.48,monthly,RETRY_NOW,0.9201097308080926,2.0,454.05574995917755,452.05574995917755,1
FAIL_001233,PAY_008158,CUST_0479,SUB_0479,493.48,2024-08-19,NETWORK_ERROR,TECHNICAL,951,24,7,31,0.7742,0.3,0.25,low_engagement,0.2258,0.7742,growth,493.48,monthly,WAIT_AND_RETRY,0.8959448339185965,2.0,442.130856642149,440.130856642149,2
FAIL_001233,PAY_008158,CUST_0479,SUB_0479,493.48,2024-08-19,NETWORK_ERROR,TECHNICAL,951,24,7,31,0.7742,0.3,0.25,low_engagement,0.2258,0.7742,growth,493.48,monthly,PAYMENT_LINK,0.3999110267933415,3.0,197.34809350197818,194.34809350197818,3
FAIL_001233,PAY_008158,CUST_0479,SUB_0479,493.48,2024-08-19,NETWORK_ERROR,TECHNICAL,951,24,7,31,0.7742,0.3,0.25,low_engagement,0.2258,0.7742,growth,493.48,monthly,SEND_REMINDER,0.29331092282300464,1.0,144.74307419469633,143.74307419469633,4
FAIL_001233,PAY_008158,CUST_0479,SUB_0479,493.48,2024-08-19,NETWORK_ERROR,TECHNICAL,951,24,7,31,0.7742,0.3,0.25,low_engagement,0.2258,0.7742,growth,493.48,monthly,UPDATE_PAYMENT_METHOD,0.039907285792353406,3.0,19.69344739281056,16.69344739281056,5
FAIL_001233,PAY_008158,CUST_0479,SUB_0479,493.48,2024-08-19,NETWORK_ERROR,TECHNICAL,951,24,7,31,0.7742,0.3,0.25,low_engagement,0.2258,0.7742,growth,493.48,monthly,STOP,0.0,0.0,0.0,0.0,6
FAIL_001240,PAY_008189,CUST_0481,SUB_0481,3208.7,2024-06-19,INSUFFICIENT_FUNDS,CUSTOMER_FINANCIAL,922,27,3,30,0.9,0.82,0.9,high_value_loyal,0.1,0.9,growth,3208.7,monthly,WAIT_AND_RETRY,0.7478391598133202,2.0,2399.5915120930003,2397.5915120930003,1
FAIL_001240,PAY_008189,CUST_0481,SUB_0481,3208.7,2024-06-19,INSUFFICIENT_FUNDS,CUSTOMER_FINANCIAL,922,27,3,30,0.9,0.82,0.9,high_value_loyal,0.1,0.9,growth,3208.7,monthly,PAYMENT_LINK,0.6473352824298141,3.0,2077.104720732544,2074.104720732544,2
FAIL_001240,PAY_008189,CUST_0481,SUB_0481,3208.7,2024-06-19,INSUFFICIENT_FUNDS,CUSTOMER_FINANCIAL,922,27,3,30,0.9,0.82,0.9,high_value_loyal,0.1,0.9,growth,3208.7,monthly,UPDATE_PAYMENT_METHOD,0.5237270077833254,3.0,1680.4828498743561,1677.4828498743561,3
FAIL_001240,PAY_008189,CUST_0481,SUB_0481,3208.7,2024-06-19,INSUFFICIENT_FUNDS,CUSTOMER_FINANCIAL,922,27,3,30,0.9,0.82,0.9,high_value_loyal,0.1,0.9,growth,3208.7,monthly,SEND_REMINDER,0.489184008116551,1.0,1569.644726843577,1568.644726843577,4
FAIL_001240,PAY_008189,CUST_0481,SUB_0481,3208.7,2024-06-19,INSUFFICIENT_FUNDS,CUSTOMER_FINANCIAL,922,27,3,30,0.9,0.82,0.9,high_value_loyal,0.1,0.9,growth,3208.7,monthly,RETRY_NOW,0.25325545185523446,2.0,812.6207683678907,810.6207683678907,5
FAIL_001240,PAY_008189,CUST_0481,SUB_0481,3208.7,2024-06-19,INSUFFICIENT_FUNDS,CUSTOMER_FINANCIAL,922,27,3,30,0.9,0.82,0.9,high_value_loyal,0.1,0.9,growth,3208.7,monthly,STOP,0.0,0.0,0.0,0.0,6
FAIL_001245,PAY_008226,CUST_0482,SUB_0482,1120.08,2024-12-20,INSUFFICIENT_FUNDS,CUSTOMER_FINANCIAL,948,23,8,31,0.7419,0.6,0.6,normal,0.2581,0.7419,starter,1120.08,monthly,WAIT_AND_RETRY,0.7509353657781392,2.0,841.1076845007782,839.1076845007782,1
FAIL_001245,PAY_008226,CUST_0482,SUB_0482,1120.08,2024-12-20,INSUFFICIENT_FUNDS,CUSTOMER_FINANCIAL,948,23,8,31,0.7419,0.6,0.6,normal,0.2581,0.7419,starter,1120.08,monthly,PAYMENT_LINK,0.7203537161560447,3.0,806.8537903920625,803.8537903920625,2
FAIL_001245,PAY_008226,CUST_0482,SUB_0482,1120.08,2024-12-20,INSUFFICIENT_FUNDS,CUSTOMER_FINANCIAL,948,23,8,31,0.7419,0.6,0.6,normal,0.2581,0.7419,starter,1120.08,monthly,SEND_REMINDER,0.5326447063760053,1.0,596.6046827176359,595.6046827176359,3
FAIL_001245,PAY_008226,CUST_0482,SUB_0482,1120.08,2024-12-20,INSUFFICIENT_FUNDS,CUSTOMER_FINANCIAL,948,23,8,31,0.7419,0.6,0.6,normal,0.2581,0.7419,starter,1120.08,monthly,RETRY_NOW,0.4142237684623778,2.0,463.9637585793401,461.9637585793401,4
FAIL_001245,PAY_008226,CUST_0482,SUB_0482,1120.08,2024-12-20,INSUFFICIENT_FUNDS,CUSTOMER_FINANCIAL,948,23,8,31,0.7419,0.6,0.6,normal,0.2581,0.7419,starter,1120.08,monthly,UPDATE_PAYMENT_METHOD,0.27862460300493325,3.0,312.0818453337656,309.0818453337656,5
FAIL_001245,PAY_008226,CUST_0482,SUB_0482,1120.08,2024-12-20,INSUFFICIENT_FUNDS,CUSTOMER_FINANCIAL,948,23,8,31,0.7419,0.6,0.6,normal,0.2581,0.7419,starter,1120.08,monthly,STOP,0.0,0.0,0.0,0.0,6
FAIL_001251,PAY_008244,CUST_0482,SUB_0482,1120.08,2026-06-13,BANK_DECLINED,ISSUER_DECLINE,948,23,8,31,0.7419,0.6,0.6,normal,0.2581,0.7419,starter,1120.08,monthly,WAIT_AND_RETRY,0.5492990756600099,2.0,615.2589086652639,613.2589086652639,1
FAIL_001251,PAY_008244,CUST_0482,SUB_0482,1120.08,2026-06-13,BANK_DECLINED,ISSUER_DECLINE,948,23,8,31,0.7419,0.6,0.6,normal,0.2581,0.7419,starter,1120.08,monthly,PAYMENT_LINK,0.47204546688417826,3.0,528.7286865476303,525.7286865476303,2
FAIL_001251,PAY_008244,CUST_0482,SUB_0482,1120.08,2026-06-13,BANK_DECLINED,ISSUER_DECLINE,948,23,8,31,0.7419,0.6,0.6,normal,0.2581,0.7419,starter,1120.08,monthly,SEND_REMINDER,0.44229231146143627,1.0,495.4027722217255,494.4027722217255,3
FAIL_001251,PAY_008244,CUST_0482,SUB_0482,1120.08,2026-06-13,BANK_DECLINED,ISSUER_DECLINE,948,23,8,31,0.7419,0.6,0.6,normal,0.2581,0.7419,starter,1120.08,monthly,RETRY_NOW,0.37064724818035544,2.0,415.15456974185247,413.15456974185247,4
FAIL_001251,PAY_008244,CUST_0482,SUB_0482,1120.08,2026-06-13,BANK_DECLINED,ISSUER_DECLINE,948,23,8,31,0.7419,0.6,0.6,normal,0.2581,0.7419,starter,1120.08,monthly,UPDATE_PAYMENT_METHOD,0.354032383022716,3.0,396.5445915760837,393.5445915760837,5
FAIL_001251,PAY_008244,CUST_0482,SUB_0482,1120.08,2026-06-13,BANK_DECLINED,ISSUER_DECLINE,948,23,8,31,0.7419,0.6,0.6,normal,0.2581,0.7419,starter,1120.08,monthly,STOP,0.0,0.0,0.0,0.0,6
FAIL_001260,PAY_008294,CUST_0485,SUB_0485,929.62,2025-09-20,BANK_DECLINED,ISSUER_DECLINE,344,6,5,11,0.5455,0.35,0.45,friction_prone,0.4545,0.5455,starter,929.62,monthly,WAIT_AND_RETRY,0.6755174494119992,2.0,627.9745313223827,625.9745313223827,1
FAIL_001260,PAY_008294,CUST_0485,SUB_0485,929.62,2025-09-20,BANK_DECLINED,ISSUER_DECLINE,344,6,5,11,0.5455,0.35,0.45,friction_prone,0.4545,0.5455,starter,929.62,monthly,PAYMENT_LINK,0.5431398313918591,3.0,504.9136500585,501.9136500585,2
FAIL_001260,PAY_008294,CUST_0485,SUB_0485,929.62,2025-09-20,BANK_DECLINED,ISSUER_DECLINE,344,6,5,11,0.5455,0.35,0.45,friction_prone,0.4545,0.5455,starter,929.62,monthly,SEND_REMINDER,0.4004116902664254,1.0,372.2307155054744,371.2307155054744,3
FAIL_001260,PAY_008294,CUST_0485,SUB_0485,929.62,2025-09-20,BANK_DECLINED,ISSUER_DECLINE,344,6,5,11,0.5455,0.35,0.45,friction_prone,0.4545,0.5455,starter,929.62,monthly,UPDATE_PAYMENT_METHOD,0.38514773791874524,3.0,358.04104012402394,355.04104012402394,4
FAIL_001260,PAY_008294,CUST_0485,SUB_0485,929.62,2025-09-20,BANK_DECLINED,ISSUER_DECLINE,344,6,5,11,0.5455,0.35,0.45,friction_prone,0.4545,0.5455,starter,929.62,monthly,RETRY_NOW,0.25536468193298323,2.0,237.39211561853986,235.39211561853986,5
FAIL_001260,PAY_008294,CUST_0485,SUB_0485,929.62,2025-09-20,BANK_DECLINED,ISSUER_DECLINE,344,6,5,11,0.5455,0.35,0.45,friction_prone,0.4545,0.5455,starter,929.62,monthly,STOP,0.0,0.0,0.0,0.0,6
FAIL_001263,PAY_008301,CUST_0485,SUB_0485,929.62,2026-04-18,INSUFFICIENT_FUNDS,CUSTOMER_FINANCIAL,344,6,5,11,0.5455,0.35,0.45,friction_prone,0.4545,0.5455,starter,929.62,monthly,WAIT_AND_RETRY,0.564930630161517,2.0,525.1708124107495,523.1708124107495,1
FAIL_001263,PAY_008301,CUST_0485,SUB_0485,929.62,2026-04-18,INSUFFICIENT_FUNDS,CUSTOMER_FINANCIAL,344,6,5,11,0.5455,0.35,0.45,friction_prone,0.4545,0.5455,starter,929.62,monthly,PAYMENT_LINK,0.565551834626623,3.0,525.7482965056013,522.7482965056013,2
FAIL_001263,PAY_008301,CUST_0485,SUB_0485,929.62,2026-04-18,INSUFFICIENT_FUNDS,CUSTOMER_FINANCIAL,344,6,5,11,0.5455,0.35,0.45,friction_prone,0.4545,0.5455,starter,929.62,monthly,SEND_REMINDER,0.5213940576612022,1.0,484.69834388300677,483.69834388300677,3
FAIL_001263,PAY_008301,CUST_0485,SUB_0485,929.62,2026-04-18,INSUFFICIENT_FUNDS,CUSTOMER_FINANCIAL,344,6,5,11,0.5455,0.35,0.45,friction_prone,0.4545,0.5455,starter,929.62,monthly,UPDATE_PAYMENT_METHOD,0.20490054158389379,3.0,190.47964146721935,187.47964146721935,4
FAIL_001263,PAY_008301,CUST_0485,SUB_0485,929.62,2026-04-18,INSUFFICIENT_FUNDS,CUSTOMER_FINANCIAL,344,6,5,11,0.5455,0.35,0.45,friction_prone,0.4545,0.5455,starter,929.62,monthly,RETRY_NOW,0.11400843293308283,2.0,105.98451942325245,103.98451942325245,5
FAIL_001263,PAY_008301,CUST_0485,SUB_0485,929.62,2026-04-18,INSUFFICIENT_FUNDS,CUSTOMER_FINANCIAL,344,6,5,11,0.5455,0.35,0.45,friction_prone,0.4545,0.5455,starter,929.62,monthly,STOP,0.0,0.0,0.0,0.0,6
FAIL_001267,PAY_008319,CUST_0487,SUB_0487,15000.0,2024-03-18,BANK_DECLINED,ISSUER_DECLINE,955,29,2,31,0.9355,0.82,0.9,high_value_loyal,0.0645,0.9355,pro,15000.0,monthly,PAYMENT_LINK,0.7505074661354796,3.0,11257.611992032194,11254.611992032194,1
FAIL_001267,PAY_008319,CUST_0487,SUB_0487,15000.0,2024-03-18,BANK_DECLINED,ISSUER_DECLINE,955,29,2,31,0.9355,0.82,0.9,high_value_loyal,0.0645,0.9355,pro,15000.0,monthly,WAIT_AND_RETRY,0.6796440872308657,2.0,10194.661308462984,10192.661308462984,2
FAIL_001267,PAY_008319,CUST_0487,SUB_0487,15000.0,2024-03-18,BANK_DECLINED,ISSUER_DECLINE,955,29,2,31,0.9355,0.82,0.9,high_value_loyal,0.0645,0.9355,pro,15000.0,monthly,SEND_REMINDER,0.405941837154406,1.0,6089.12755731609,6088.12755731609,3
FAIL_001267,PAY_008319,CUST_0487,SUB_0487,15000.0,2024-03-18,BANK_DECLINED,ISSUER_DECLINE,955,29,2,31,0.9355,0.82,0.9,high_value_loyal,0.0645,0.9355,pro,15000.0,monthly,RETRY_NOW,0.35044056454834854,2.0,5256.6084682252285,5254.6084682252285,4
FAIL_001267,PAY_008319,CUST_0487,SUB_0487,15000.0,2024-03-18,BANK_DECLINED,ISSUER_DECLINE,955,29,2,31,0.9355,0.82,0.9,high_value_loyal,0.0645,0.9355,pro,15000.0,monthly,UPDATE_PAYMENT_METHOD,0.34878340850415607,3.0,5231.751127562341,5228.751127562341,5
FAIL_001267,PAY_008319,CUST_0487,SUB_0487,15000.0,2024-03-18,BANK_DECLINED,ISSUER_DECLINE,955,29,2,31,0.9355,0.82,0.9,high_value_loyal,0.0645,0.9355,pro,15000.0,monthly,STOP,0.0,0.0,0.0,0.0,6
FAIL_001272,PAY_008376,CUST_0489,SUB_0489,8583.5,2025-10-10,NETWORK_ERROR,TECHNICAL,414,12,1,13,0.9231,0.82,0.9,high_value_loyal,0.0769,0.9231,growth,8583.5,monthly,WAIT_AND_RETRY,0.9053226377459115,2.0,7770.8368610920315,7768.8368610920315,1
FAIL_001272,PAY_008376,CUST_0489,SUB_0489,8583.5,2025-10-10,NETWORK_ERROR,TECHNICAL,414,12,1,13,0.9231,0.82,0.9,high_value_loyal,0.0769,0.9231,growth,8583.5,monthly,RETRY_NOW,0.8763819077681093,2.0,7522.424105327566,7520.424105327566,2
FAIL_001272,PAY_008376,CUST_0489,SUB_0489,8583.5,2025-10-10,NETWORK_ERROR,TECHNICAL,414,12,1,13,0.9231,0.82,0.9,high_value_loyal,0.0769,0.9231,growth,8583.5,monthly,PAYMENT_LINK,0.578795679236784,3.0,4968.092712728935,4965.092712728935,3
FAIL_001272,PAY_008376,CUST_0489,SUB_0489,8583.5,2025-10-10,NETWORK_ERROR,TECHNICAL,414,12,1,13,0.9231,0.82,0.9,high_value_loyal,0.0769,0.9231,growth,8583.5,monthly,SEND_REMINDER,0.4141315704374356,1.0,3554.6983348497283,3553.6983348497283,4
FAIL_001272,PAY_008376,CUST_0489,SUB_0489,8583.5,2025-10-10,NETWORK_ERROR,TECHNICAL,414,12,1,13,0.9231,0.82,0.9,high_value_loyal,0.0769,0.9231,growth,8583.5,monthly,UPDATE_PAYMENT_METHOD,0.27526001301732306,3.0,2362.6943217341923,2359.6943217341923,5
FAIL_001272,PAY_008376,CUST_0489,SUB_0489,8583.5,2025-10-10,NETWORK_ERROR,TECHNICAL,414,12,1,13,0.9231,0.82,0.9,high_value_loyal,0.0769,0.9231,growth,8583.5,monthly,STOP,0.0,0.0,0.0,0.0,6
FAIL_001277,PAY_008396,CUST_0491,SUB_0491,540.07,2024-09-21,INSUFFICIENT_FUNDS,CUSTOMER_FINANCIAL,978,22,10,32,0.6875,0.35,0.45,friction_prone,0.3125,0.6875,starter,540.07,monthly,WAIT_AND_RETRY,0.7546935441547482,2.0,407.5873423916549,405.5873423916549,1
FAIL_001277,PAY_008396,CUST_0491,SUB_0491,540.07,2024-09-21,INSUFFICIENT_FUNDS,CUSTOMER_FINANCIAL,978,22,10,32,0.6875,0.35,0.45,friction_prone,0.3125,0.6875,starter,540.07,monthly,PAYMENT_LINK,0.6844940774318152,3.0,369.6747163986005,366.6747163986005,2
FAIL_001277,PAY_008396,CUST_0491,SUB_0491,540.07,2024-09-21,INSUFFICIENT_FUNDS,CUSTOMER_FINANCIAL,978,22,10,32,0.6875,0.35,0.45,friction_prone,0.3125,0.6875,starter,540.07,monthly,SEND_REMINDER,0.556047185710337,1.0,300.3044035865817,299.3044035865817,3
FAIL_001277,PAY_008396,CUST_0491,SUB_0491,540.07,2024-09-21,INSUFFICIENT_FUNDS,CUSTOMER_FINANCIAL,978,22,10,32,0.6875,0.35,0.45,friction_prone,0.3125,0.6875,starter,540.07,monthly,RETRY_NOW,0.40699617825050627,2.0,219.80642598775094,217.80642598775094,4
FAIL_001277,PAY_008396,CUST_0491,SUB_0491,540.07,2024-09-21,INSUFFICIENT_FUNDS,CUSTOMER_FINANCIAL,978,22,10,32,0.6875,0.35,0.45,friction_prone,0.3125,0.6875,starter,540.07,monthly,UPDATE_PAYMENT_METHOD,0.31770440771367403,3.0,171.58261947392396,168.58261947392396,5
FAIL_001277,PAY_008396,CUST_0491,SUB_0491,540.07,2024-09-21,INSUFFICIENT_FUNDS,CUSTOMER_FINANCIAL,978,22,10,32,0.6875,0.35,0.45,friction_prone,0.3125,0.6875,starter,540.07,monthly,STOP,0.0,0.0,0.0,0.0,6
FAIL_001285,PAY_008418,CUST_0491,SUB_0491,540.07,2026-07-13,NETWORK_ERROR,TECHNICAL,978,22,10,32,0.6875,0.35,0.45,friction_prone,0.3125,0.6875,starter,540.07,monthly,RETRY_NOW,0.9104242806490516,2.0,491.6928412501333,489.6928412501333,1
FAIL_001285,PAY_008418,CUST_0491,SUB_0491,540.07,2026-07-13,NETWORK_ERROR,TECHNICAL,978,22,10,32,0.6875,0.35,0.45,friction_prone,0.3125,0.6875,starter,540.07,monthly,WAIT_AND_RETRY,0.8262749530449122,2.0,446.2463138909658,444.2463138909658,2
FAIL_001285,PAY_008418,CUST_0491,SUB_0491,540.07,2026-07-13,NETWORK_ERROR,TECHNICAL,978,22,10,32,0.6875,0.35,0.45,friction_prone,0.3125,0.6875,starter,540.07,monthly,PAYMENT_LINK,0.6178331490015366,3.0,333.6731487812599,330.6731487812599,3
FAIL_001285,PAY_008418,CUST_0491,SUB_0491,540.07,2026-07-13,NETWORK_ERROR,TECHNICAL,978,22,10,32,0.6875,0.35,0.45,friction_prone,0.3125,0.6875,starter,540.07,monthly,SEND_REMINDER,0.4500427182952958,1.0,243.05457086974042,242.05457086974042,4
FAIL_001285,PAY_008418,CUST_0491,SUB_0491,540.07,2026-07-13,NETWORK_ERROR,TECHNICAL,978,22,10,32,0.6875,0.35,0.45,friction_prone,0.3125,0.6875,starter,540.07,monthly,UPDATE_PAYMENT_METHOD,0.16452399448704366,3.0,88.85447370261768,85.85447370261768,5
FAIL_001285,PAY_008418,CUST_0491,SUB_0491,540.07,2026-07-13,NETWORK_ERROR,TECHNICAL,978,22,10,32,0.6875,0.35,0.45,friction_prone,0.3125,0.6875,starter,540.07,monthly,STOP,0.0,0.0,0.0,0.0,6
FAIL_001286,PAY_008435,CUST_0493,SUB_0493,489.64,2024-05-06,CARD_EXPIRED,PAYMENT_METHOD,876,24,5,29,0.8276,0.3,0.25,low_engagement,0.1724,0.8276,starter,489.64,monthly,UPDATE_PAYMENT_METHOD,0.852557357102272,3.0,417.4461843315564,414.4461843315564,1
FAIL_001286,PAY_008435,CUST_0493,SUB_0493,489.64,2024-05-06,CARD_EXPIRED,PAYMENT_METHOD,876,24,5,29,0.8276,0.3,0.25,low_engagement,0.1724,0.8276,starter,489.64,monthly,PAYMENT_LINK,0.5629511078938365,3.0,275.6433804691381,272.6433804691381,2
FAIL_001286,PAY_008435,CUST_0493,SUB_0493,489.64,2024-05-06,CARD_EXPIRED,PAYMENT_METHOD,876,24,5,29,0.8276,0.3,0.25,low_engagement,0.1724,0.8276,starter,489.64,monthly,SEND_REMINDER,0.2976642722115544,1.0,145.7483342456655,144.7483342456655,3
FAIL_001286,PAY_008435,CUST_0493,SUB_0493,489.64,2024-05-06,CARD_EXPIRED,PAYMENT_METHOD,876,24,5,29,0.8276,0.3,0.25,low_engagement,0.1724,0.8276,starter,489.64,monthly,WAIT_AND_RETRY,0.11916369151705082,2.0,58.34730991440876,56.34730991440876,4
FAIL_001286,PAY_008435,CUST_0493,SUB_0493,489.64,2024-05-06,CARD_EXPIRED,PAYMENT_METHOD,876,24,5,29,0.8276,0.3,0.25,low_engagement,0.1724,0.8276,starter,489.64,monthly,RETRY_NOW,0.10445760421918779,2.0,51.14662132988311,49.14662132988311,5
FAIL_001286,PAY_008435,CUST_0493,SUB_0493,489.64,2024-05-06,CARD_EXPIRED,PAYMENT_METHOD,876,24,5,29,0.8276,0.3,0.25,low_engagement,0.1724,0.8276,starter,489.64,monthly,STOP,0.0,0.0,0.0,0.0,6
FAIL_001287,PAY_008436,CUST_0493,SUB_0493,489.64,2024-06-05,AUTHENTICATION_FAILED,CUSTOMER_ACTION,876,24,5,29,0.8276,0.3,0.25,low_engagement,0.1724,0.8276,starter,489.64,monthly,UPDATE_PAYMENT_METHOD,0.7633915176640741,3.0,373.7870227090372,370.7870227090372,1
FAIL_001287,PAY_008436,CUST_0493,SUB_0493,489.64,2024-06-05,AUTHENTICATION_FAILED,CUSTOMER_ACTION,876,24,5,29,0.8276,0.3,0.25,low_engagement,0.1724,0.8276,starter,489.64,monthly,PAYMENT_LINK,0.60743308766895,3.0,297.4235370462247,294.4235370462247,2
FAIL_001287,PAY_008436,CUST_0493,SUB_0493,489.64,2024-06-05,AUTHENTICATION_FAILED,CUSTOMER_ACTION,876,24,5,29,0.8276,0.3,0.25,low_engagement,0.1724,0.8276,starter,489.64,monthly,SEND_REMINDER,0.44466551701788537,1.0,217.7260237526374,216.7260237526374,3
FAIL_001287,PAY_008436,CUST_0493,SUB_0493,489.64,2024-06-05,AUTHENTICATION_FAILED,CUSTOMER_ACTION,876,24,5,29,0.8276,0.3,0.25,low_engagement,0.1724,0.8276,starter,489.64,monthly,WAIT_AND_RETRY,0.15652686134961702,2.0,76.64181239122648,74.64181239122648,4
FAIL_001287,PAY_008436,CUST_0493,SUB_0493,489.64,2024-06-05,AUTHENTICATION_FAILED,CUSTOMER_ACTION,876,24,5,29,0.8276,0.3,0.25,low_engagement,0.1724,0.8276,starter,489.64,monthly,RETRY_NOW,0.060373579207374864,2.0,29.561319323099028,27.561319323099028,5
FAIL_001287,PAY_008436,CUST_0493,SUB_0493,489.64,2024-06-05,AUTHENTICATION_FAILED,CUSTOMER_ACTION,876,24,5,29,0.8276,0.3,0.25,low_engagement,0.1724,0.8276,starter,489.64,monthly,STOP,0.0,0.0,0.0,0.0,6
FAIL_001289,PAY_008443,CUST_0493,SUB_0493,489.64,2025-01-01,BANK_DECLINED,ISSUER_DECLINE,876,24,5,29,0.8276,0.3,0.25,low_engagement,0.1724,0.8276,starter,489.64,monthly,WAIT_AND_RETRY,0.726981034759467,2.0,355.95899385962537,353.95899385962537,1
FAIL_001289,PAY_008443,CUST_0493,SUB_0493,489.64,2025-01-01,BANK_DECLINED,ISSUER_DECLINE,876,24,5,29,0.8276,0.3,0.25,low_engagement,0.1724,0.8276,starter,489.64,monthly,PAYMENT_LINK,0.6137723002007898,3.0,300.5274690703147,297.5274690703147,2
FAIL_001289,PAY_008443,CUST_0493,SUB_0493,489.64,2025-01-01,BANK_DECLINED,ISSUER_DECLINE,876,24,5,29,0.8276,0.3,0.25,low_engagement,0.1724,0.8276,starter,489.64,monthly,UPDATE_PAYMENT_METHOD,0.19979047329660485,3.0,97.8254073449496,94.8254073449496,3
FAIL_001289,PAY_008443,CUST_0493,SUB_0493,489.64,2025-01-01,BANK_DECLINED,ISSUER_DECLINE,876,24,5,29,0.8276,0.3,0.25,low_engagement,0.1724,0.8276,starter,489.64,monthly,RETRY_NOW,0.16005691874423233,2.0,78.37026969392592,76.37026969392592,4
FAIL_001289,PAY_008443,CUST_0493,SUB_0493,489.64,2025-01-01,BANK_DECLINED,ISSUER_DECLINE,876,24,5,29,0.8276,0.3,0.25,low_engagement,0.1724,0.8276,starter,489.64,monthly,SEND_REMINDER,0.1365561247043524,1.0,66.86334090023911,65.86334090023911,5
FAIL_001289,PAY_008443,CUST_0493,SUB_0493,489.64,2025-01-01,BANK_DECLINED,ISSUER_DECLINE,876,24,5,29,0.8276,0.3,0.25,low_engagement,0.1724,0.8276,starter,489.64,monthly,STOP,0.0,0.0,0.0,0.0,6
FAIL_001293,PAY_008460,CUST_0493,SUB_0493,489.64,2026-05-26,LIMIT_EXCEEDED,PAYMENT_LIMIT,876,24,5,29,0.8276,0.3,0.25,low_engagement,0.1724,0.8276,starter,489.64,monthly,PAYMENT_LINK,0.6582240873670573,3.0,322.29284213840594,319.29284213840594,1
FAIL_001293,PAY_008460,CUST_0493,SUB_0493,489.64,2026-05-26,LIMIT_EXCEEDED,PAYMENT_LIMIT,876,24,5,29,0.8276,0.3,0.25,low_engagement,0.1724,0.8276,starter,489.64,monthly,UPDATE_PAYMENT_METHOD,0.4183451035463966,3.0,204.8384965004576,201.8384965004576,2
FAIL_001293,PAY_008460,CUST_0493,SUB_0493,489.64,2026-05-26,LIMIT_EXCEEDED,PAYMENT_LIMIT,876,24,5,29,0.8276,0.3,0.25,low_engagement,0.1724,0.8276,starter,489.64,monthly,WAIT_AND_RETRY,0.23871600745833685,2.0,116.88490589190005,114.88490589190005,3
FAIL_001293,PAY_008460,CUST_0493,SUB_0493,489.64,2026-05-26,LIMIT_EXCEEDED,PAYMENT_LIMIT,876,24,5,29,0.8276,0.3,0.25,low_engagement,0.1724,0.8276,starter,489.64,monthly,SEND_REMINDER,0.19801017835260232,1.0,96.9537037285682,95.9537037285682,4
FAIL_001293,PAY_008460,CUST_0493,SUB_0493,489.64,2026-05-26,LIMIT_EXCEEDED,PAYMENT_LIMIT,876,24,5,29,0.8276,0.3,0.25,low_engagement,0.1724,0.8276,starter,489.64,monthly,RETRY_NOW,0.05384571465206443,2.0,26.36501572223683,24.36501572223683,5
FAIL_001293,PAY_008460,CUST_0493,SUB_0493,489.64,2026-05-26,LIMIT_EXCEEDED,PAYMENT_LIMIT,876,24,5,29,0.8276,0.3,0.25,low_engagement,0.1724,0.8276,starter,489.64,monthly,STOP,0.0,0.0,0.0,0.0,6
FAIL_001296,PAY_008485,CUST_0494,SUB_0494,14846.24,2026-06-23,NETWORK_ERROR,TECHNICAL,728,22,2,24,0.9167,0.82,0.9,high_value_loyal,0.0833,0.9167,pro,14846.24,monthly,RETRY_NOW,0.8777637465548183,2.0,13031.491244652005,13029.491244652005,1
FAIL_001296,PAY_008485,CUST_0494,SUB_0494,14846.24,2026-06-23,NETWORK_ERROR,TECHNICAL,728,22,2,24,0.9167,0.82,0.9,high_value_loyal,0.0833,0.9167,pro,14846.24,monthly,WAIT_AND_RETRY,0.8363070021615372,2.0,12416.0144677707,12414.0144677707,2
FAIL_001296,PAY_008485,CUST_0494,SUB_0494,14846.24,2026-06-23,NETWORK_ERROR,TECHNICAL,728,22,2,24,0.9167,0.82,0.9,high_value_loyal,0.0833,0.9167,pro,14846.24,monthly,PAYMENT_LINK,0.7750868180493761,3.0,11507.12492159737,11504.12492159737,3
FAIL_001296,PAY_008485,CUST_0494,SUB_0494,14846.24,2026-06-23,NETWORK_ERROR,TECHNICAL,728,22,2,24,0.9167,0.82,0.9,high_value_loyal,0.0833,0.9167,pro,14846.24,monthly,SEND_REMINDER,0.5639592054413471,1.0,8372.673714191546,8371.673714191546,4
FAIL_001296,PAY_008485,CUST_0494,SUB_0494,14846.24,2026-06-23,NETWORK_ERROR,TECHNICAL,728,22,2,24,0.9167,0.82,0.9,high_value_loyal,0.0833,0.9167,pro,14846.24,monthly,UPDATE_PAYMENT_METHOD,0.2515439304642399,3.0,3734.481562215417,3731.481562215417,5
FAIL_001296,PAY_008485,CUST_0494,SUB_0494,14846.24,2026-06-23,NETWORK_ERROR,TECHNICAL,728,22,2,24,0.9167,0.82,0.9,high_value_loyal,0.0833,0.9167,pro,14846.24,monthly,STOP,0.0,0.0,0.0,0.0,6
FAIL_001300,PAY_008527,CUST_0500,SUB_0500,878.95,2025-06-11,NETWORK_ERROR,TECHNICAL,745,17,7,24,0.7083,0.35,0.45,friction_prone,0.2917,0.7083,pro,878.95,monthly,RETRY_NOW,0.8335504908153671,2.0,732.649203902167,730.649203902167,1
FAIL_001300,PAY_008527,CUST_0500,SUB_0500,878.95,2025-06-11,NETWORK_ERROR,TECHNICAL,745,17,7,24,0.7083,0.35,0.45,friction_prone,0.2917,0.7083,pro,878.95,monthly,WAIT_AND_RETRY,0.7923593847355965,2.0,696.4442812133526,694.4442812133526,2
FAIL_001300,PAY_008527,CUST_0500,SUB_0500,878.95,2025-06-11,NETWORK_ERROR,TECHNICAL,745,17,7,24,0.7083,0.35,0.45,friction_prone,0.2917,0.7083,pro,878.95,monthly,PAYMENT_LINK,0.487856004863175,3.0,428.80103547448766,425.80103547448766,3
FAIL_001300,PAY_008527,CUST_0500,SUB_0500,878.95,2025-06-11,NETWORK_ERROR,TECHNICAL,745,17,7,24,0.7083,0.35,0.45,friction_prone,0.2917,0.7083,pro,878.95,monthly,SEND_REMINDER,0.45254118470781474,1.0,397.7610742989338,396.7610742989338,4
FAIL_001300,PAY_008527,CUST_0500,SUB_0500,878.95,2025-06-11,NETWORK_ERROR,TECHNICAL,745,17,7,24,0.7083,0.35,0.45,friction_prone,0.2917,0.7083,pro,878.95,monthly,UPDATE_PAYMENT_METHOD,0.1476502560415539,3.0,129.7771925477238,126.77719254772381,5
FAIL_001300,PAY_008527,CUST_0500,SUB_0500,878.95,2025-06-11,NETWORK_ERROR,TECHNICAL,745,17,7,24,0.7083,0.35,0.45,friction_prone,0.2917,0.7083,pro,878.95,monthly,STOP,0.0,0.0,0.0,0.0,6
FAIL_001320,PAY_008671,CUST_0508,SUB_0508,676.53,2025-05-22,CARD_EXPIRED,PAYMENT_METHOD,705,16,7,23,0.6957,0.6,0.6,normal,0.3043,0.6957,starter,676.53,monthly,UPDATE_PAYMENT_METHOD,0.9426326713671003,3.0,637.7192811599843,634.7192811599843,1
FAIL_001320,PAY_008671,CUST_0508,SUB_0508,676.53,2025-05-22,CARD_EXPIRED,PAYMENT_METHOD,705,16,7,23,0.6957,0.6,0.6,normal,0.3043,0.6957,starter,676.53,monthly,PAYMENT_LINK,0.6004893482841348,3.0,406.2490587946657,403.2490587946657,2
FAIL_001320,PAY_008671,CUST_0508,SUB_0508,676.53,2025-05-22,CARD_EXPIRED,PAYMENT_METHOD,705,16,7,23,0.6957,0.6,0.6,normal,0.3043,0.6957,starter,676.53,monthly,SEND_REMINDER,0.415148490744376,1.0,280.86040844329267,279.86040844329267,3
FAIL_001320,PAY_008671,CUST_0508,SUB_0508,676.53,2025-05-22,CARD_EXPIRED,PAYMENT_METHOD,705,16,7,23,0.6957,0.6,0.6,normal,0.3043,0.6957,starter,676.53,monthly,WAIT_AND_RETRY,0.07815341984966134,2.0,52.87313313089139,50.87313313089139,4
FAIL_001320,PAY_008671,CUST_0508,SUB_0508,676.53,2025-05-22,CARD_EXPIRED,PAYMENT_METHOD,705,16,7,23,0.6957,0.6,0.6,normal,0.3043,0.6957,starter,676.53,monthly,RETRY_NOW,0.07191346851237784,2.0,48.65161885267898,46.65161885267898,5
FAIL_001320,PAY_008671,CUST_0508,SUB_0508,676.53,2025-05-22,CARD_EXPIRED,PAYMENT_METHOD,705,16,7,23,0.6957,0.6,0.6,normal,0.3043,0.6957,starter,676.53,monthly,STOP,0.0,0.0,0.0,0.0,6
FAIL_001328,PAY_008697,CUST_0511,SUB_0511,418.75,2025-10-08,INSUFFICIENT_FUNDS,CUSTOMER_FINANCIAL,326,9,1,10,0.9,0.3,0.25,low_engagement,0.1,0.9,starter,418.75,monthly,WAIT_AND_RETRY,0.8357347804197757,2.0,349.9639393007811,347.9639393007811,1
FAIL_001328,PAY_008697,CUST_0511,SUB_0511,418.75,2025-10-08,INSUFFICIENT_FUNDS,CUSTOMER_FINANCIAL,326,9,1,10,0.9,0.3,0.25,low_engagement,0.1,0.9,starter,418.75,monthly,PAYMENT_LINK,0.6537718780446984,3.0,273.7669739312174,270.7669739312174,2
FAIL_001328,PAY_008697,CUST_0511,SUB_0511,418.75,2025-10-08,INSUFFICIENT_FUNDS,CUSTOMER_FINANCIAL,326,9,1,10,0.9,0.3,0.25,low_engagement,0.1,0.9,starter,418.75,monthly,RETRY_NOW,0.5634780567742,2.0,235.95643627419628,233.95643627419628,3
FAIL_001328,PAY_008697,CUST_0511,SUB_0511,418.75,2025-10-08,INSUFFICIENT_FUNDS,CUSTOMER_FINANCIAL,326,9,1,10,0.9,0.3,0.25,low_engagement,0.1,0.9,starter,418.75,monthly,SEND_REMINDER,0.5582209920365847,1.0,233.75504041531985,232.75504041531985,4
FAIL_001328,PAY_008697,CUST_0511,SUB_0511,418.75,2025-10-08,INSUFFICIENT_FUNDS,CUSTOMER_FINANCIAL,326,9,1,10,0.9,0.3,0.25,low_engagement,0.1,0.9,starter,418.75,monthly,UPDATE_PAYMENT_METHOD,0.11508124007133716,3.0,48.19026927987244,45.19026927987244,5
FAIL_001328,PAY_008697,CUST_0511,SUB_0511,418.75,2025-10-08,INSUFFICIENT_FUNDS,CUSTOMER_FINANCIAL,326,9,1,10,0.9,0.3,0.25,low_engagement,0.1,0.9,starter,418.75,monthly,STOP,0.0,0.0,0.0,0.0,6
FAIL_001329,PAY_008719,CUST_0512,SUB_0512,2720.0,2026-05-12,CARD_EXPIRED,PAYMENT_METHOD,470,13,2,15,0.8667,0.8,0.85,reliable,0.1333,0.8667,pro,2720.0,monthly,UPDATE_PAYMENT_METHOD,0.8952902252905051,3.0,2435.1894127901737,2432.1894127901737,1
FAIL_001329,PAY_008719,CUST_0512,SUB_0512,2720.0,2026-05-12,CARD_EXPIRED,PAYMENT_METHOD,470,13,2,15,0.8667,0.8,0.85,reliable,0.1333,0.8667,pro,2720.0,monthly,PAYMENT_LINK,0.6683539397868586,3.0,1817.9227162202556,1814.9227162202556,2
FAIL_001329,PAY_008719,CUST_0512,SUB_0512,2720.0,2026-05-12,CARD_EXPIRED,PAYMENT_METHOD,470,13,2,15,0.8667,0.8,0.85,reliable,0.1333,0.8667,pro,2720.0,monthly,SEND_REMINDER,0.3996581981366741,1.0,1087.0702989317535,1086.0702989317535,3
FAIL_001329,PAY_008719,CUST_0512,SUB_0512,2720.0,2026-05-12,CARD_EXPIRED,PAYMENT_METHOD,470,13,2,15,0.8667,0.8,0.85,reliable,0.1333,0.8667,pro,2720.0,monthly,WAIT_AND_RETRY,0.08927482770127561,2.0,242.82753134746966,240.82753134746966,4
FAIL_001329,PAY_008719,CUST_0512,SUB_0512,2720.0,2026-05-12,CARD_EXPIRED,PAYMENT_METHOD,470,13,2,15,0.8667,0.8,0.85,reliable,0.1333,0.8667,pro,2720.0,monthly,RETRY_NOW,0.07869846676498089,2.0,214.05982960074803,212.05982960074803,5
FAIL_001329,PAY_008719,CUST_0512,SUB_0512,2720.0,2026-05-12,CARD_EXPIRED,PAYMENT_METHOD,470,13,2,15,0.8667,0.8,0.85,reliable,0.1333,0.8667,pro,2720.0,monthly,STOP,0.0,0.0,0.0,0.0,6
FAIL_001337,PAY_008845,CUST_0521,SUB_0521,1196.46,2025-06-04,BANK_DECLINED,ISSUER_DECLINE,542,11,7,18,0.6111,0.35,0.45,friction_prone,0.3889,0.6111,growth,1196.46,monthly,WAIT_AND_RETRY,0.5672092793119268,2.0,678.6432143255479,676.6432143255479,1
FAIL_001337,PAY_008845,CUST_0521,SUB_0521,1196.46,2025-06-04,BANK_DECLINED,ISSUER_DECLINE,542,11,7,18,0.6111,0.35,0.45,friction_prone,0.3889,0.6111,growth,1196.46,monthly,PAYMENT_LINK,0.5150210291160672,3.0,616.2020604962097,613.2020604962097,2
FAIL_001337,PAY_008845,CUST_0521,SUB_0521,1196.46,2025-06-04,BANK_DECLINED,ISSUER_DECLINE,542,11,7,18,0.6111,0.35,0.45,friction_prone,0.3889,0.6111,growth,1196.46,monthly,SEND_REMINDER,0.40474346996183075,1.0,484.25937207053204,483.25937207053204,3
FAIL_001337,PAY_008845,CUST_0521,SUB_0521,1196.46,2025-06-04,BANK_DECLINED,ISSUER_DECLINE,542,11,7,18,0.6111,0.35,0.45,friction_prone,0.3889,0.6111,growth,1196.46,monthly,RETRY_NOW,0.32353882936018674,2.0,387.10126777628903,385.10126777628903,4
FAIL_001337,PAY_008845,CUST_0521,SUB_0521,1196.46,2025-06-04,BANK_DECLINED,ISSUER_DECLINE,542,11,7,18,0.6111,0.35,0.45,friction_prone,0.3889,0.6111,growth,1196.46,monthly,UPDATE_PAYMENT_METHOD,0.3219118464645644,3.0,385.1546478209927,382.1546478209927,5
FAIL_001337,PAY_008845,CUST_0521,SUB_0521,1196.46,2025-06-04,BANK_DECLINED,ISSUER_DECLINE,542,11,7,18,0.6111,0.35,0.45,friction_prone,0.3889,0.6111,growth,1196.46,monthly,STOP,0.0,0.0,0.0,0.0,6
FAIL_001345,PAY_008883,CUST_0523,SUB_0523,1492.87,2026-06-14,CARD_EXPIRED,PAYMENT_METHOD,137,2,2,4,0.5,0.6,0.6,normal,0.5,0.5,growth,1492.87,monthly,UPDATE_PAYMENT_METHOD,0.750044603852642,3.0,1119.7190877534936,1116.7190877534936,1
FAIL_001345,PAY_008883,CUST_0523,SUB_0523,1492.87,2026-06-14,CARD_EXPIRED,PAYMENT_METHOD,137,2,2,4,0.5,0.6,0.6,normal,0.5,0.5,growth,1492.87,monthly,PAYMENT_LINK,0.6578341268219514,3.0,982.0608329086865,979.0608329086865,2
FAIL_001345,PAY_008883,CUST_0523,SUB_0523,1492.87,2026-06-14,CARD_EXPIRED,PAYMENT_METHOD,137,2,2,4,0.5,0.6,0.6,normal,0.5,0.5,growth,1492.87,monthly,SEND_REMINDER,0.31047347284232685,1.0,463.49653340212444,462.49653340212444,3
FAIL_001345,PAY_008883,CUST_0523,SUB_0523,1492.87,2026-06-14,CARD_EXPIRED,PAYMENT_METHOD,137,2,2,4,0.5,0.6,0.6,normal,0.5,0.5,growth,1492.87,monthly,WAIT_AND_RETRY,0.06283564572283043,2.0,93.80545043024186,91.80545043024186,4
FAIL_001345,PAY_008883,CUST_0523,SUB_0523,1492.87,2026-06-14,CARD_EXPIRED,PAYMENT_METHOD,137,2,2,4,0.5,0.6,0.6,normal,0.5,0.5,growth,1492.87,monthly,RETRY_NOW,0.04445645615488407,2.0,66.36770969994177,64.36770969994177,5
FAIL_001345,PAY_008883,CUST_0523,SUB_0523,1492.87,2026-06-14,CARD_EXPIRED,PAYMENT_METHOD,137,2,2,4,0.5,0.6,0.6,normal,0.5,0.5,growth,1492.87,monthly,STOP,0.0,0.0,0.0,0.0,6
FAIL_001353,PAY_008952,CUST_0527,SUB_0527,633.24,2026-07-22,LIMIT_EXCEEDED,PAYMENT_LIMIT,429,9,5,14,0.6429,0.35,0.45,friction_prone,0.3571,0.6429,starter,633.24,monthly,PAYMENT_LINK,0.5298185914120837,3.0,335.50232482578787,332.50232482578787,1
FAIL_001353,PAY_008952,CUST_0527,SUB_0527,633.24,2026-07-22,LIMIT_EXCEEDED,PAYMENT_LIMIT,429,9,5,14,0.6429,0.35,0.45,friction_prone,0.3571,0.6429,starter,633.24,monthly,UPDATE_PAYMENT_METHOD,0.46670999063363433,3.0,295.5394344688426,292.5394344688426,2
FAIL_001353,PAY_008952,CUST_0527,SUB_0527,633.24,2026-07-22,LIMIT_EXCEEDED,PAYMENT_LIMIT,429,9,5,14,0.6429,0.35,0.45,friction_prone,0.3571,0.6429,starter,633.24,monthly,WAIT_AND_RETRY,0.40596635787509644,2.0,257.0741364608261,255.07413646082608,3
FAIL_001353,PAY_008952,CUST_0527,SUB_0527,633.24,2026-07-22,LIMIT_EXCEEDED,PAYMENT_LIMIT,429,9,5,14,0.6429,0.35,0.45,friction_prone,0.3571,0.6429,starter,633.24,monthly,SEND_REMINDER,0.24999294483775522,1.0,158.30553238906012,157.30553238906012,4
FAIL_001353,PAY_008952,CUST_0527,SUB_0527,633.24,2026-07-22,LIMIT_EXCEEDED,PAYMENT_LIMIT,429,9,5,14,0.6429,0.35,0.45,friction_prone,0.3571,0.6429,starter,633.24,monthly,RETRY_NOW,0.054128677828508165,2.0,34.27644394812451,32.27644394812451,5
FAIL_001353,PAY_008952,CUST_0527,SUB_0527,633.24,2026-07-22,LIMIT_EXCEEDED,PAYMENT_LIMIT,429,9,5,14,0.6429,0.35,0.45,friction_prone,0.3571,0.6429,starter,633.24,monthly,STOP,0.0,0.0,0.0,0.0,6
FAIL_001354,PAY_008965,CUST_0530,SUB_0530,2315.15,2025-08-10,CARD_EXPIRED,PAYMENT_METHOD,535,12,5,17,0.7059,0.6,0.6,normal,0.2941,0.7059,pro,2315.15,monthly,UPDATE_PAYMENT_METHOD,0.9209056911204484,3.0,2132.034810797506,2129.034810797506,1
FAIL_001354,PAY_008965,CUST_0530,SUB_0530,2315.15,2025-08-10,CARD_EXPIRED,PAYMENT_METHOD,535,12,5,17,0.7059,0.6,0.6,normal,0.2941,0.7059,pro,2315.15,monthly,SEND_REMINDER,0.37428385193124547,1.0,866.523259798623,865.523259798623,2
FAIL_001354,PAY_008965,CUST_0530,SUB_0530,2315.15,2025-08-10,CARD_EXPIRED,PAYMENT_METHOD,535,12,5,17,0.7059,0.6,0.6,normal,0.2941,0.7059,pro,2315.15,monthly,PAYMENT_LINK,0.2942493331393088,3.0,681.2313436174708,678.2313436174708,3
FAIL_001354,PAY_008965,CUST_0530,SUB_0530,2315.15,2025-08-10,CARD_EXPIRED,PAYMENT_METHOD,535,12,5,17,0.7059,0.6,0.6,normal,0.2941,0.7059,pro,2315.15,monthly,WAIT_AND_RETRY,0.2674039359274183,2.0,619.0802222623624,617.0802222623624,4
FAIL_001354,PAY_008965,CUST_0530,SUB_0530,2315.15,2025-08-10,CARD_EXPIRED,PAYMENT_METHOD,535,12,5,17,0.7059,0.6,0.6,normal,0.2941,0.7059,pro,2315.15,monthly,RETRY_NOW,0.09535743614477547,2.0,220.76676829057695,218.76676829057695,5
FAIL_001354,PAY_008965,CUST_0530,SUB_0530,2315.15,2025-08-10,CARD_EXPIRED,PAYMENT_METHOD,535,12,5,17,0.7059,0.6,0.6,normal,0.2941,0.7059,pro,2315.15,monthly,STOP,0.0,0.0,0.0,0.0,6
FAIL_001357,PAY_008980,CUST_0531,SUB_0531,412.94,2025-08-14,INSUFFICIENT_FUNDS,CUSTOMER_FINANCIAL,471,11,4,15,0.7333,0.35,0.45,friction_prone,0.2667,0.7333,growth,412.94,monthly,WAIT_AND_RETRY,0.7960938923559285,2.0,328.73901190945713,326.73901190945713,1
FAIL_001357,PAY_008980,CUST_0531,SUB_0531,412.94,2025-08-14,INSUFFICIENT_FUNDS,CUSTOMER_FINANCIAL,471,11,4,15,0.7333,0.35,0.45,friction_prone,0.2667,0.7333,growth,412.94,monthly,PAYMENT_LINK,0.5615970848165357,3.0,231.90590020414024,228.90590020414024,2
FAIL_001357,PAY_008980,CUST_0531,SUB_0531,412.94,2025-08-14,INSUFFICIENT_FUNDS,CUSTOMER_FINANCIAL,471,11,4,15,0.7333,0.35,0.45,friction_prone,0.2667,0.7333,growth,412.94,monthly,SEND_REMINDER,0.47032580683817854,1.0,194.21633867575744,193.21633867575744,3
FAIL_001357,PAY_008980,CUST_0531,SUB_0531,412.94,2025-08-14,INSUFFICIENT_FUNDS,CUSTOMER_FINANCIAL,471,11,4,15,0.7333,0.35,0.45,friction_prone,0.2667,0.7333,growth,412.94,monthly,RETRY_NOW,0.3201239369142482,2.0,132.19197850936965,130.19197850936965,4
FAIL_001357,PAY_008980,CUST_0531,SUB_0531,412.94,2025-08-14,INSUFFICIENT_FUNDS,CUSTOMER_FINANCIAL,471,11,4,15,0.7333,0.35,0.45,friction_prone,0.2667,0.7333,growth,412.94,monthly,UPDATE_PAYMENT_METHOD,0.31164060481043016,3.0,128.68887135041902,125.68887135041902,5
FAIL_001357,PAY_008980,CUST_0531,SUB_0531,412.94,2025-08-14,INSUFFICIENT_FUNDS,CUSTOMER_FINANCIAL,471,11,4,15,0.7333,0.35,0.45,friction_prone,0.2667,0.7333,growth,412.94,monthly,STOP,0.0,0.0,0.0,0.0,6
FAIL_001361,PAY_009014,CUST_0532,SUB_0532,8636.92,2026-06-03,INSUFFICIENT_FUNDS,CUSTOMER_FINANCIAL,748,22,2,24,0.9167,0.82,0.9,high_value_loyal,0.0833,0.9167,pro,8636.92,monthly,PAYMENT_LINK,0.7843994867912768,3.0,6774.795615457315,6771.795615457315,1
FAIL_001361,PAY_009014,CUST_0532,SUB_0532,8636.92,2026-06-03,INSUFFICIENT_FUNDS,CUSTOMER_FINANCIAL,748,22,2,24,0.9167,0.82,0.9,high_value_loyal,0.0833,0.9167,pro,8636.92,monthly,WAIT_AND_RETRY,0.7798254191029808,2.0,6735.289758758917,6733.289758758917,2
FAIL_001361,PAY_009014,CUST_0532,SUB_0532,8636.92,2026-06-03,INSUFFICIENT_FUNDS,CUSTOMER_FINANCIAL,748,22,2,24,0.9167,0.82,0.9,high_value_loyal,0.0833,0.9167,pro,8636.92,monthly,SEND_REMINDER,0.6350953600542386,1.0,5485.267817159654,5484.267817159654,3
FAIL_001361,PAY_009014,CUST_0532,SUB_0532,8636.92,2026-06-03,INSUFFICIENT_FUNDS,CUSTOMER_FINANCIAL,748,22,2,24,0.9167,0.82,0.9,high_value_loyal,0.0833,0.9167,pro,8636.92,monthly,UPDATE_PAYMENT_METHOD,0.49218939702510184,3.0,4251.000446954043,4248.000446954043,4
FAIL_001361,PAY_009014,CUST_0532,SUB_0532,8636.92,2026-06-03,INSUFFICIENT_FUNDS,CUSTOMER_FINANCIAL,748,22,2,24,0.9167,0.82,0.9,high_value_loyal,0.0833,0.9167,pro,8636.92,monthly,RETRY_NOW,0.4321106757343702,2.0,3732.1053374636963,3730.1053374636963,5
FAIL_001361,PAY_009014,CUST_0532,SUB_0532,8636.92,2026-06-03,INSUFFICIENT_FUNDS,CUSTOMER_FINANCIAL,748,22,2,24,0.9167,0.82,0.9,high_value_loyal,0.0833,0.9167,pro,8636.92,monthly,STOP,0.0,0.0,0.0,0.0,6
FAIL_001367,PAY_009026,CUST_0533,SUB_0533,444.14,2025-07-26,AUTHENTICATION_FAILED,CUSTOMER_ACTION,700,15,8,23,0.6522,0.3,0.25,low_engagement,0.3478,0.6522,starter,444.14,monthly,UPDATE_PAYMENT_METHOD,0.7527486391797241,3.0,334.32578060528266,331.32578060528266,1
FAIL_001367,PAY_009026,CUST_0533,SUB_0533,444.14,2025-07-26,AUTHENTICATION_FAILED,CUSTOMER_ACTION,700,15,8,23,0.6522,0.3,0.25,low_engagement,0.3478,0.6522,starter,444.14,monthly,PAYMENT_LINK,0.41327295534452135,3.0,183.5510503867157,180.5510503867157,2
FAIL_001367,PAY_009026,CUST_0533,SUB_0533,444.14,2025-07-26,AUTHENTICATION_FAILED,CUSTOMER_ACTION,700,15,8,23,0.6522,0.3,0.25,low_engagement,0.3478,0.6522,starter,444.14,monthly,SEND_REMINDER,0.3890056380433462,1.0,172.77296408057177,171.77296408057177,3
FAIL_001367,PAY_009026,CUST_0533,SUB_0533,444.14,2025-07-26,AUTHENTICATION_FAILED,CUSTOMER_ACTION,700,15,8,23,0.6522,0.3,0.25,low_engagement,0.3478,0.6522,starter,444.14,monthly,WAIT_AND_RETRY,0.3635428880523082,2.0,161.46393829955218,159.46393829955218,4
FAIL_001367,PAY_009026,CUST_0533,SUB_0533,444.14,2025-07-26,AUTHENTICATION_FAILED,CUSTOMER_ACTION,700,15,8,23,0.6522,0.3,0.25,low_engagement,0.3478,0.6522,starter,444.14,monthly,RETRY_NOW,0.08879390876161342,2.0,39.43692663738298,37.43692663738298,5
FAIL_001367,PAY_009026,CUST_0533,SUB_0533,444.14,2025-07-26,AUTHENTICATION_FAILED,CUSTOMER_ACTION,700,15,8,23,0.6522,0.3,0.25,low_engagement,0.3478,0.6522,starter,444.14,monthly,STOP,0.0,0.0,0.0,0.0,6
FAIL_001373,PAY_009066,CUST_0535,SUB_0535,11601.39,2025-09-01,BANK_DECLINED,ISSUER_DECLINE,423,13,1,14,0.9286,0.82,0.9,high_value_loyal,0.0714,0.9286,pro,11601.39,monthly,WAIT_AND_RETRY,0.6718193588849363,2.0,7794.038391974111,7792.038391974111,1
FAIL_001373,PAY_009066,CUST_0535,SUB_0535,11601.39,2025-09-01,BANK_DECLINED,ISSUER_DECLINE,423,13,1,14,0.9286,0.82,0.9,high_value_loyal,0.0714,0.9286,pro,11601.39,monthly,SEND_REMINDER,0.5818574843913698,1.0,6750.355600843192,6749.355600843192,2
FAIL_001373,PAY_009066,CUST_0535,SUB_0535,11601.39,2025-09-01,BANK_DECLINED,ISSUER_DECLINE,423,13,1,14,0.9286,0.82,0.9,high_value_loyal,0.0714,0.9286,pro,11601.39,monthly,PAYMENT_LINK,0.5184345850726338,3.0,6014.561810915803,6011.561810915803,3
FAIL_001373,PAY_009066,CUST_0535,SUB_0535,11601.39,2025-09-01,BANK_DECLINED,ISSUER_DECLINE,423,13,1,14,0.9286,0.82,0.9,high_value_loyal,0.0714,0.9286,pro,11601.39,monthly,UPDATE_PAYMENT_METHOD,0.37647553325398186,3.0,4367.639486737413,4364.639486737413,4
FAIL_001373,PAY_009066,CUST_0535,SUB_0535,11601.39,2025-09-01,BANK_DECLINED,ISSUER_DECLINE,423,13,1,14,0.9286,0.82,0.9,high_value_loyal,0.0714,0.9286,pro,11601.39,monthly,RETRY_NOW,0.2642280252441162,2.0,3065.412369786837,3063.412369786837,5
FAIL_001373,PAY_009066,CUST_0535,SUB_0535,11601.39,2025-09-01,BANK_DECLINED,ISSUER_DECLINE,423,13,1,14,0.9286,0.82,0.9,high_value_loyal,0.0714,0.9286,pro,11601.39,monthly,STOP,0.0,0.0,0.0,0.0,6
FAIL_001379,PAY_009095,CUST_0537,SUB_0537,547.66,2026-03-26,BANK_DECLINED,ISSUER_DECLINE,427,8,6,14,0.5714,0.3,0.25,low_engagement,0.4286,0.5714,growth,547.66,monthly,WAIT_AND_RETRY,0.351659015469747,2.0,192.58957641216162,190.58957641216162,1
FAIL_001379,PAY_009095,CUST_0537,SUB_0537,547.66,2026-03-26,BANK_DECLINED,ISSUER_DECLINE,427,8,6,14,0.5714,0.3,0.25,low_engagement,0.4286,0.5714,growth,547.66,monthly,PAYMENT_LINK,0.3464658067308853,3.0,189.74546371423662,186.74546371423662,2
FAIL_001379,PAY_009095,CUST_0537,SUB_0537,547.66,2026-03-26,BANK_DECLINED,ISSUER_DECLINE,427,8,6,14,0.5714,0.3,0.25,low_engagement,0.4286,0.5714,growth,547.66,monthly,SEND_REMINDER,0.26332531061063635,1.0,144.2127396090211,143.2127396090211,3
FAIL_001379,PAY_009095,CUST_0537,SUB_0537,547.66,2026-03-26,BANK_DECLINED,ISSUER_DECLINE,427,8,6,14,0.5714,0.3,0.25,low_engagement,0.4286,0.5714,growth,547.66,monthly,RETRY_NOW,0.15009212959686768,2.0,82.19945569502055,80.19945569502055,4
FAIL_001379,PAY_009095,CUST_0537,SUB_0537,547.66,2026-03-26,BANK_DECLINED,ISSUER_DECLINE,427,8,6,14,0.5714,0.3,0.25,low_engagement,0.4286,0.5714,growth,547.66,monthly,UPDATE_PAYMENT_METHOD,0.09811640825011833,3.0,53.7344321422598,50.7344321422598,5
FAIL_001379,PAY_009095,CUST_0537,SUB_0537,547.66,2026-03-26,BANK_DECLINED,ISSUER_DECLINE,427,8,6,14,0.5714,0.3,0.25,low_engagement,0.4286,0.5714,growth,547.66,monthly,STOP,0.0,0.0,0.0,0.0,6
FAIL_001385,PAY_009117,CUST_0540,SUB_0540,2023.63,2025-05-16,INSUFFICIENT_FUNDS,CUSTOMER_FINANCIAL,831,21,6,27,0.7778,0.35,0.45,friction_prone,0.2222,0.7778,pro,2023.63,monthly,WAIT_AND_RETRY,0.726594197208104,2.0,1470.3578152962357,1468.3578152962357,1
FAIL_001385,PAY_009117,CUST_0540,SUB_0540,2023.63,2025-05-16,INSUFFICIENT_FUNDS,CUSTOMER_FINANCIAL,831,21,6,27,0.7778,0.35,0.45,friction_prone,0.2222,0.7778,pro,2023.63,monthly,PAYMENT_LINK,0.683507142654024,3.0,1383.1655590889627,1380.1655590889627,2
FAIL_001385,PAY_009117,CUST_0540,SUB_0540,2023.63,2025-05-16,INSUFFICIENT_FUNDS,CUSTOMER_FINANCIAL,831,21,6,27,0.7778,0.35,0.45,friction_prone,0.2222,0.7778,pro,2023.63,monthly,SEND_REMINDER,0.355185781770218,1.0,718.7646035636662,717.7646035636662,3
FAIL_001385,PAY_009117,CUST_0540,SUB_0540,2023.63,2025-05-16,INSUFFICIENT_FUNDS,CUSTOMER_FINANCIAL,831,21,6,27,0.7778,0.35,0.45,friction_prone,0.2222,0.7778,pro,2023.63,monthly,RETRY_NOW,0.35050512663738753,2.0,709.2926894172166,707.2926894172166,4
FAIL_001385,PAY_009117,CUST_0540,SUB_0540,2023.63,2025-05-16,INSUFFICIENT_FUNDS,CUSTOMER_FINANCIAL,831,21,6,27,0.7778,0.35,0.45,friction_prone,0.2222,0.7778,pro,2023.63,monthly,UPDATE_PAYMENT_METHOD,0.23813240680947903,3.0,481.8918823918661,478.8918823918661,5
FAIL_001385,PAY_009117,CUST_0540,SUB_0540,2023.63,2025-05-16,INSUFFICIENT_FUNDS,CUSTOMER_FINANCIAL,831,21,6,27,0.7778,0.35,0.45,friction_prone,0.2222,0.7778,pro,2023.63,monthly,STOP,0.0,0.0,0.0,0.0,6
FAIL_001390,PAY_009154,CUST_0543,SUB_0543,601.97,2025-08-20,CARD_EXPIRED,PAYMENT_METHOD,765,21,4,25,0.84,0.3,0.25,low_engagement,0.16,0.84,starter,601.97,monthly,UPDATE_PAYMENT_METHOD,0.822382316686245,3.0,495.0494831756189,492.0494831756189,1
FAIL_001390,PAY_009154,CUST_0543,SUB_0543,601.97,2025-08-20,CARD_EXPIRED,PAYMENT_METHOD,765,21,4,25,0.84,0.3,0.25,low_engagement,0.16,0.84,starter,601.97,monthly,PAYMENT_LINK,0.5608159263452513,3.0,337.594363182051,334.594363182051,2
FAIL_001390,PAY_009154,CUST_0543,SUB_0543,601.97,2025-08-20,CARD_EXPIRED,PAYMENT_METHOD,765,21,4,25,0.84,0.3,0.25,low_engagement,0.16,0.84,starter,601.97,monthly,SEND_REMINDER,0.1064394654390211,1.0,64.07336501032754,63.073365010327535,3
FAIL_001390,PAY_009154,CUST_0543,SUB_0543,601.97,2025-08-20,CARD_EXPIRED,PAYMENT_METHOD,765,21,4,25,0.84,0.3,0.25,low_engagement,0.16,0.84,starter,601.97,monthly,RETRY_NOW,0.10049061327791185,2.0,60.4923344749046,58.4923344749046,4
FAIL_001390,PAY_009154,CUST_0543,SUB_0543,601.97,2025-08-20,CARD_EXPIRED,PAYMENT_METHOD,765,21,4,25,0.84,0.3,0.25,low_engagement,0.16,0.84,starter,601.97,monthly,WAIT_AND_RETRY,0.037061675336814384,2.0,22.310016702502157,20.310016702502157,5
FAIL_001390,PAY_009154,CUST_0543,SUB_0543,601.97,2025-08-20,CARD_EXPIRED,PAYMENT_METHOD,765,21,4,25,0.84,0.3,0.25,low_engagement,0.16,0.84,starter,601.97,monthly,STOP,0.0,0.0,0.0,0.0,6
FAIL_001394,PAY_009174,CUST_0545,SUB_0545,321.75,2024-11-29,INSUFFICIENT_FUNDS,CUSTOMER_FINANCIAL,759,20,5,25,0.8,0.3,0.25,low_engagement,0.2,0.8,starter,321.75,monthly,WAIT_AND_RETRY,0.7134198945984705,2.0,229.5428510870579,227.5428510870579,1
FAIL_001394,PAY_009174,CUST_0545,SUB_0545,321.75,2024-11-29,INSUFFICIENT_FUNDS,CUSTOMER_FINANCIAL,759,20,5,25,0.8,0.3,0.25,low_engagement,0.2,0.8,starter,321.75,monthly,PAYMENT_LINK,0.5484693984673741,3.0,176.4700289568776,173.4700289568776,2
FAIL_001394,PAY_009174,CUST_0545,SUB_0545,321.75,2024-11-29,INSUFFICIENT_FUNDS,CUSTOMER_FINANCIAL,759,20,5,25,0.8,0.3,0.25,low_engagement,0.2,0.8,starter,321.75,monthly,SEND_REMINDER,0.4192590199650351,1.0,134.89658967375004,133.89658967375004,3
FAIL_001394,PAY_009174,CUST_0545,SUB_0545,321.75,2024-11-29,INSUFFICIENT_FUNDS,CUSTOMER_FINANCIAL,759,20,5,25,0.8,0.3,0.25,low_engagement,0.2,0.8,starter,321.75,monthly,RETRY_NOW,0.30402381959790103,2.0,97.81966395562466,95.81966395562466,4
FAIL_001394,PAY_009174,CUST_0545,SUB_0545,321.75,2024-11-29,INSUFFICIENT_FUNDS,CUSTOMER_FINANCIAL,759,20,5,25,0.8,0.3,0.25,low_engagement,0.2,0.8,starter,321.75,monthly,UPDATE_PAYMENT_METHOD,0.10691669856758358,3.0,34.40044776412002,31.400447764120017,5
FAIL_001394,PAY_009174,CUST_0545,SUB_0545,321.75,2024-11-29,INSUFFICIENT_FUNDS,CUSTOMER_FINANCIAL,759,20,5,25,0.8,0.3,0.25,low_engagement,0.2,0.8,starter,321.75,monthly,STOP,0.0,0.0,0.0,0.0,6
FAIL_001405,PAY_009211,CUST_0547,SUB_0547,2231.07,2025-08-02,BANK_DECLINED,ISSUER_DECLINE,603,16,4,20,0.8,0.35,0.45,friction_prone,0.2,0.8,pro,2231.07,monthly,WAIT_AND_RETRY,0.6621324093360079,2.0,1477.2637544972872,1475.2637544972872,1
FAIL_001405,PAY_009211,CUST_0547,SUB_0547,2231.07,2025-08-02,BANK_DECLINED,ISSUER_DECLINE,603,16,4,20,0.8,0.35,0.45,friction_prone,0.2,0.8,pro,2231.07,monthly,PAYMENT_LINK,0.5171890820202464,3.0,1153.8850452229112,1150.8850452229112,2
FAIL_001405,PAY_009211,CUST_0547,SUB_0547,2231.07,2025-08-02,BANK_DECLINED,ISSUER_DECLINE,603,16,4,20,0.8,0.35,0.45,friction_prone,0.2,0.8,pro,2231.07,monthly,RETRY_NOW,0.46746253248835234,2.0,1042.9416323587884,1040.9416323587884,3
FAIL_001405,PAY_009211,CUST_0547,SUB_0547,2231.07,2025-08-02,BANK_DECLINED,ISSUER_DECLINE,603,16,4,20,0.8,0.35,0.45,friction_prone,0.2,0.8,pro,2231.07,monthly,UPDATE_PAYMENT_METHOD,0.4130715045790376,3.0,921.5914417211534,918.5914417211534,4
FAIL_001405,PAY_009211,CUST_0547,SUB_0547,2231.07,2025-08-02,BANK_DECLINED,ISSUER_DECLINE,603,16,4,20,0.8,0.35,0.45,friction_prone,0.2,0.8,pro,2231.07,monthly,SEND_REMINDER,0.3174291570353274,1.0,708.206669386808,707.206669386808,5
FAIL_001405,PAY_009211,CUST_0547,SUB_0547,2231.07,2025-08-02,BANK_DECLINED,ISSUER_DECLINE,603,16,4,20,0.8,0.35,0.45,friction_prone,0.2,0.8,pro,2231.07,monthly,STOP,0.0,0.0,0.0,0.0,6
FAIL_001409,PAY_009258,CUST_0550,SUB_0550,7064.05,2024-08-14,INSUFFICIENT_FUNDS,CUSTOMER_FINANCIAL,746,22,2,24,0.9167,0.82,0.9,high_value_loyal,0.0833,0.9167,pro,7064.05,monthly,PAYMENT_LINK,0.7803604739573914,3.0,5512.505406058711,5509.505406058711,1
FAIL_001409,PAY_009258,CUST_0550,SUB_0550,7064.05,2024-08-14,INSUFFICIENT_FUNDS,CUSTOMER_FINANCIAL,746,22,2,24,0.9167,0.82,0.9,high_value_loyal,0.0833,0.9167,pro,7064.05,monthly,WAIT_AND_RETRY,0.7624065034019292,2.0,5385.677660356398,5383.677660356398,2
FAIL_001409,PAY_009258,CUST_0550,SUB_0550,7064.05,2024-08-14,INSUFFICIENT_FUNDS,CUSTOMER_FINANCIAL,746,22,2,24,0.9167,0.82,0.9,high_value_loyal,0.0833,0.9167,pro,7064.05,monthly,SEND_REMINDER,0.6173282213087862,1.0,4360.837421736331,4359.837421736331,3
FAIL_001409,PAY_009258,CUST_0550,SUB_0550,7064.05,2024-08-14,INSUFFICIENT_FUNDS,CUSTOMER_FINANCIAL,746,22,2,24,0.9167,0.82,0.9,high_value_loyal,0.0833,0.9167,pro,7064.05,monthly,UPDATE_PAYMENT_METHOD,0.46228248079227485,3.0,3265.5865584406693,3262.5865584406693,4
FAIL_001409,PAY_009258,CUST_0550,SUB_0550,7064.05,2024-08-14,INSUFFICIENT_FUNDS,CUSTOMER_FINANCIAL,746,22,2,24,0.9167,0.82,0.9,high_value_loyal,0.0833,0.9167,pro,7064.05,monthly,RETRY_NOW,0.43931876180010687,2.0,3103.369699294045,3101.369699294045,5
FAIL_001409,PAY_009258,CUST_0550,SUB_0550,7064.05,2024-08-14,INSUFFICIENT_FUNDS,CUSTOMER_FINANCIAL,746,22,2,24,0.9167,0.82,0.9,high_value_loyal,0.0833,0.9167,pro,7064.05,monthly,STOP,0.0,0.0,0.0,0.0,6
FAIL_001416,PAY_009293,CUST_0552,SUB_0552,507.97,2024-08-10,BANK_DECLINED,ISSUER_DECLINE,930,20,11,31,0.6452,0.3,0.25,low_engagement,0.3548,0.6452,growth,507.97,monthly,WAIT_AND_RETRY,0.684810104733062,2.0,347.8629889012535,345.8629889012535,1
FAIL_001416,PAY_009293,CUST_0552,SUB_0552,507.97,2024-08-10,BANK_DECLINED,ISSUER_DECLINE,930,20,11,31,0.6452,0.3,0.25,low_engagement,0.3548,0.6452,growth,507.97,monthly,PAYMENT_LINK,0.5727895187008515,3.0,290.9598918144715,287.9598918144715,2
FAIL_001416,PAY_009293,CUST_0552,SUB_0552,507.97,2024-08-10,BANK_DECLINED,ISSUER_DECLINE,930,20,11,31,0.6452,0.3,0.25,low_engagement,0.3548,0.6452,growth,507.97,monthly,SEND_REMINDER,0.39538368404683766,1.0,200.84304998527213,199.84304998527213,3
FAIL_001416,PAY_009293,CUST_0552,SUB_0552,507.97,2024-08-10,BANK_DECLINED,ISSUER_DECLINE,930,20,11,31,0.6452,0.3,0.25,low_engagement,0.3548,0.6452,growth,507.97,monthly,RETRY_NOW,0.28563192746967675,2.0,145.0924501967717,143.0924501967717,4
FAIL_001416,PAY_009293,CUST_0552,SUB_0552,507.97,2024-08-10,BANK_DECLINED,ISSUER_DECLINE,930,20,11,31,0.6452,0.3,0.25,low_engagement,0.3548,0.6452,growth,507.97,monthly,UPDATE_PAYMENT_METHOD,0.170126654595733,3.0,86.4192367349945,83.4192367349945,5
FAIL_001416,PAY_009293,CUST_0552,SUB_0552,507.97,2024-08-10,BANK_DECLINED,ISSUER_DECLINE,930,20,11,31,0.6452,0.3,0.25,low_engagement,0.3548,0.6452,growth,507.97,monthly,STOP,0.0,0.0,0.0,0.0,6
FAIL_001430,PAY_009399,CUST_0556,SUB_0556,1271.26,2025-05-21,INSUFFICIENT_FUNDS,CUSTOMER_FINANCIAL,706,15,8,23,0.6522,0.35,0.45,friction_prone,0.3478,0.6522,pro,1271.26,monthly,WAIT_AND_RETRY,0.5988821069061082,2.0,761.3348672254591,759.3348672254591,1
FAIL_001430,PAY_009399,CUST_0556,SUB_0556,1271.26,2025-05-21,INSUFFICIENT_FUNDS,CUSTOMER_FINANCIAL,706,15,8,23,0.6522,0.35,0.45,friction_prone,0.3478,0.6522,pro,1271.26,monthly,PAYMENT_LINK,0.5058166394941663,3.0,643.0244611233538,640.0244611233538,2
FAIL_001430,PAY_009399,CUST_0556,SUB_0556,1271.26,2025-05-21,INSUFFICIENT_FUNDS,CUSTOMER_FINANCIAL,706,15,8,23,0.6522,0.35,0.45,friction_prone,0.3478,0.6522,pro,1271.26,monthly,SEND_REMINDER,0.4621863731973919,1.0,587.5590487909164,586.5590487909164,3
FAIL_001430,PAY_009399,CUST_0556,SUB_0556,1271.26,2025-05-21,INSUFFICIENT_FUNDS,CUSTOMER_FINANCIAL,706,15,8,23,0.6522,0.35,0.45,friction_prone,0.3478,0.6522,pro,1271.26,monthly,UPDATE_PAYMENT_METHOD,0.31080554156138923,3.0,395.1146527653317,392.1146527653317,4
FAIL_001430,PAY_009399,CUST_0556,SUB_0556,1271.26,2025-05-21,INSUFFICIENT_FUNDS,CUSTOMER_FINANCIAL,706,15,8,23,0.6522,0.35,0.45,friction_prone,0.3478,0.6522,pro,1271.26,monthly,RETRY_NOW,0.23662984480081045,2.0,300.8180565014783,298.8180565014783,5
FAIL_001430,PAY_009399,CUST_0556,SUB_0556,1271.26,2025-05-21,INSUFFICIENT_FUNDS,CUSTOMER_FINANCIAL,706,15,8,23,0.6522,0.35,0.45,friction_prone,0.3478,0.6522,pro,1271.26,monthly,STOP,0.0,0.0,0.0,0.0,6
FAIL_001433,PAY_009409,CUST_0556,SUB_0556,1271.26,2026-03-17,NETWORK_ERROR,TECHNICAL,706,15,8,23,0.6522,0.35,0.45,friction_prone,0.3478,0.6522,pro,1271.26,monthly,RETRY_NOW,0.9079008268011226,2.0,1154.1780050791951,1152.1780050791951,1
FAIL_001433,PAY_009409,CUST_0556,SUB_0556,1271.26,2026-03-17,NETWORK_ERROR,TECHNICAL,706,15,8,23,0.6522,0.35,0.45,friction_prone,0.3478,0.6522,pro,1271.26,monthly,WAIT_AND_RETRY,0.8127596788712801,2.0,1033.2288693619034,1031.2288693619034,2
FAIL_001433,PAY_009409,CUST_0556,SUB_0556,1271.26,2026-03-17,NETWORK_ERROR,TECHNICAL,706,15,8,23,0.6522,0.35,0.45,friction_prone,0.3478,0.6522,pro,1271.26,monthly,PAYMENT_LINK,0.5276831734025552,3.0,670.8225110197324,667.8225110197324,3
FAIL_001433,PAY_009409,CUST_0556,SUB_0556,1271.26,2026-03-17,NETWORK_ERROR,TECHNICAL,706,15,8,23,0.6522,0.35,0.45,friction_prone,0.3478,0.6522,pro,1271.26,monthly,SEND_REMINDER,0.47358625449498726,1.0,602.0512618892975,601.0512618892975,4
FAIL_001433,PAY_009409,CUST_0556,SUB_0556,1271.26,2026-03-17,NETWORK_ERROR,TECHNICAL,706,15,8,23,0.6522,0.35,0.45,friction_prone,0.3478,0.6522,pro,1271.26,monthly,UPDATE_PAYMENT_METHOD,0.18778362564971243,3.0,238.72181194345342,235.72181194345342,5
FAIL_001433,PAY_009409,CUST_0556,SUB_0556,1271.26,2026-03-17,NETWORK_ERROR,TECHNICAL,706,15,8,23,0.6522,0.35,0.45,friction_prone,0.3478,0.6522,pro,1271.26,monthly,STOP,0.0,0.0,0.0,0.0,6
FAIL_001439,PAY_009481,CUST_0563,SUB_0563,404.63,2025-08-24,NETWORK_ERROR,TECHNICAL,971,28,4,32,0.875,0.3,0.25,low_engagement,0.125,0.875,starter,404.63,monthly,WAIT_AND_RETRY,0.8534752456365122,2.0,345.34168864190195,343.34168864190195,1
FAIL_001439,PAY_009481,CUST_0563,SUB_0563,404.63,2025-08-24,NETWORK_ERROR,TECHNICAL,971,28,4,32,0.875,0.3,0.25,low_engagement,0.125,0.875,starter,404.63,monthly,RETRY_NOW,0.8327879177554682,2.0,336.97097516139513,334.97097516139513,2
FAIL_001439,PAY_009481,CUST_0563,SUB_0563,404.63,2025-08-24,NETWORK_ERROR,TECHNICAL,971,28,4,32,0.875,0.3,0.25,low_engagement,0.125,0.875,starter,404.63,monthly,PAYMENT_LINK,0.5320992788328854,3.0,215.30333119415045,212.30333119415045,3
FAIL_001439,PAY_009481,CUST_0563,SUB_0563,404.63,2025-08-24,NETWORK_ERROR,TECHNICAL,971,28,4,32,0.875,0.3,0.25,low_engagement,0.125,0.875,starter,404.63,monthly,SEND_REMINDER,0.14967545199101395,1.0,60.56317813912398,59.56317813912398,4
FAIL_001439,PAY_009481,CUST_0563,SUB_0563,404.63,2025-08-24,NETWORK_ERROR,TECHNICAL,971,28,4,32,0.875,0.3,0.25,low_engagement,0.125,0.875,starter,404.63,monthly,UPDATE_PAYMENT_METHOD,0.054369125778374404,3.0,21.999379363703635,18.999379363703635,5
FAIL_001439,PAY_009481,CUST_0563,SUB_0563,404.63,2025-08-24,NETWORK_ERROR,TECHNICAL,971,28,4,32,0.875,0.3,0.25,low_engagement,0.125,0.875,starter,404.63,monthly,STOP,0.0,0.0,0.0,0.0,6
FAIL_001449,PAY_009527,CUST_0565,SUB_0565,200.0,2025-10-19,BANK_DECLINED,ISSUER_DECLINE,735,16,8,24,0.6667,0.35,0.45,friction_prone,0.3333,0.6667,starter,200.0,monthly,WAIT_AND_RETRY,0.6015603583253256,2.0,120.31207166506512,118.31207166506512,1
FAIL_001449,PAY_009527,CUST_0565,SUB_0565,200.0,2025-10-19,BANK_DECLINED,ISSUER_DECLINE,735,16,8,24,0.6667,0.35,0.45,friction_prone,0.3333,0.6667,starter,200.0,monthly,PAYMENT_LINK,0.5841869421675353,3.0,116.83738843350706,113.83738843350706,2
FAIL_001449,PAY_009527,CUST_0565,SUB_0565,200.0,2025-10-19,BANK_DECLINED,ISSUER_DECLINE,735,16,8,24,0.6667,0.35,0.45,friction_prone,0.3333,0.6667,starter,200.0,monthly,SEND_REMINDER,0.503089915430776,1.0,100.61798308615519,99.61798308615519,3
FAIL_001449,PAY_009527,CUST_0565,SUB_0565,200.0,2025-10-19,BANK_DECLINED,ISSUER_DECLINE,735,16,8,24,0.6667,0.35,0.45,friction_prone,0.3333,0.6667,starter,200.0,monthly,UPDATE_PAYMENT_METHOD,0.36024550567134817,3.0,72.04910113426963,69.04910113426963,4
FAIL_001449,PAY_009527,CUST_0565,SUB_0565,200.0,2025-10-19,BANK_DECLINED,ISSUER_DECLINE,735,16,8,24,0.6667,0.35,0.45,friction_prone,0.3333,0.6667,starter,200.0,monthly,RETRY_NOW,0.3217601256129267,2.0,64.35202512258535,62.352025122585346,5
FAIL_001449,PAY_009527,CUST_0565,SUB_0565,200.0,2025-10-19,BANK_DECLINED,ISSUER_DECLINE,735,16,8,24,0.6667,0.35,0.45,friction_prone,0.3333,0.6667,starter,200.0,monthly,STOP,0.0,0.0,0.0,0.0,6
FAIL_001452,PAY_009556,CUST_0567,SUB_0567,950.44,2024-09-28,INSUFFICIENT_FUNDS,CUSTOMER_FINANCIAL,761,22,3,25,0.88,0.3,0.25,low_engagement,0.12,0.88,starter,950.44,monthly,WAIT_AND_RETRY,0.8673298159899215,2.0,824.3449503094611,822.3449503094611,1
FAIL_001452,PAY_009556,CUST_0567,SUB_0567,950.44,2024-09-28,INSUFFICIENT_FUNDS,CUSTOMER_FINANCIAL,761,22,3,25,0.88,0.3,0.25,low_engagement,0.12,0.88,starter,950.44,monthly,PAYMENT_LINK,0.6324339046713803,3.0,601.0904803558667,598.0904803558667,2
FAIL_001452,PAY_009556,CUST_0567,SUB_0567,950.44,2024-09-28,INSUFFICIENT_FUNDS,CUSTOMER_FINANCIAL,761,22,3,25,0.88,0.3,0.25,low_engagement,0.12,0.88,starter,950.44,monthly,SEND_REMINDER,0.4152833146231647,1.0,394.70187355044067,393.70187355044067,3
FAIL_001452,PAY_009556,CUST_0567,SUB_0567,950.44,2024-09-28,INSUFFICIENT_FUNDS,CUSTOMER_FINANCIAL,761,22,3,25,0.88,0.3,0.25,low_engagement,0.12,0.88,starter,950.44,monthly,RETRY_NOW,0.3494239141750456,2.0,332.1064649885304,330.1064649885304,4
FAIL_001452,PAY_009556,CUST_0567,SUB_0567,950.44,2024-09-28,INSUFFICIENT_FUNDS,CUSTOMER_FINANCIAL,761,22,3,25,0.88,0.3,0.25,low_engagement,0.12,0.88,starter,950.44,monthly,UPDATE_PAYMENT_METHOD,0.10559817900592358,3.0,100.36473325439002,97.36473325439002,5
FAIL_001452,PAY_009556,CUST_0567,SUB_0567,950.44,2024-09-28,INSUFFICIENT_FUNDS,CUSTOMER_FINANCIAL,761,22,3,25,0.88,0.3,0.25,low_engagement,0.12,0.88,starter,950.44,monthly,STOP,0.0,0.0,0.0,0.0,6
FAIL_001456,PAY_009624,CUST_0572,SUB_0572,12441.81,2026-03-18,LIMIT_EXCEEDED,PAYMENT_LIMIT,465,13,2,15,0.8667,0.82,0.9,high_value_loyal,0.1333,0.8667,pro,12441.81,monthly,PAYMENT_LINK,0.5775189153601017,3.0,7185.380616316466,7182.380616316466,1
FAIL_001456,PAY_009624,CUST_0572,SUB_0572,12441.81,2026-03-18,LIMIT_EXCEEDED,PAYMENT_LIMIT,465,13,2,15,0.8667,0.82,0.9,high_value_loyal,0.1333,0.8667,pro,12441.81,monthly,WAIT_AND_RETRY,0.5060718207121894,2.0,6296.4494396551245,6294.4494396551245,2
FAIL_001456,PAY_009624,CUST_0572,SUB_0572,12441.81,2026-03-18,LIMIT_EXCEEDED,PAYMENT_LIMIT,465,13,2,15,0.8667,0.82,0.9,high_value_loyal,0.1333,0.8667,pro,12441.81,monthly,RETRY_NOW,0.42717806827577404,2.0,5314.868361654208,5312.868361654208,3
FAIL_001456,PAY_009624,CUST_0572,SUB_0572,12441.81,2026-03-18,LIMIT_EXCEEDED,PAYMENT_LIMIT,465,13,2,15,0.8667,0.82,0.9,high_value_loyal,0.1333,0.8667,pro,12441.81,monthly,UPDATE_PAYMENT_METHOD,0.4038721494217474,3.0,5024.90054739699,5021.90054739699,4
FAIL_001456,PAY_009624,CUST_0572,SUB_0572,12441.81,2026-03-18,LIMIT_EXCEEDED,PAYMENT_LIMIT,465,13,2,15,0.8667,0.82,0.9,high_value_loyal,0.1333,0.8667,pro,12441.81,monthly,SEND_REMINDER,0.3586744457172278,1.0,4462.559305469062,4461.559305469062,5
FAIL_001456,PAY_009624,CUST_0572,SUB_0572,12441.81,2026-03-18,LIMIT_EXCEEDED,PAYMENT_LIMIT,465,13,2,15,0.8667,0.82,0.9,high_value_loyal,0.1333,0.8667,pro,12441.81,monthly,STOP,0.0,0.0,0.0,0.0,6
FAIL_001466,PAY_009650,CUST_0573,SUB_0573,557.68,2026-04-24,INSUFFICIENT_FUNDS,CUSTOMER_FINANCIAL,758,17,8,25,0.68,0.35,0.45,friction_prone,0.32,0.68,starter,557.68,monthly,WAIT_AND_RETRY,0.6230486932386757,2.0,347.46179524534466,345.46179524534466,1
FAIL_001466,PAY_009650,CUST_0573,SUB_0573,557.68,2026-04-24,INSUFFICIENT_FUNDS,CUSTOMER_FINANCIAL,758,17,8,25,0.68,0.35,0.45,friction_prone,0.32,0.68,starter,557.68,monthly,PAYMENT_LINK,0.5736208697628443,3.0,319.896886649343,316.896886649343,2
FAIL_001466,PAY_009650,CUST_0573,SUB_0573,557.68,2026-04-24,INSUFFICIENT_FUNDS,CUSTOMER_FINANCIAL,758,17,8,25,0.68,0.35,0.45,friction_prone,0.32,0.68,starter,557.68,monthly,SEND_REMINDER,0.4707159145699582,1.0,262.50885123737424,261.50885123737424,3
FAIL_001466,PAY_009650,CUST_0573,SUB_0573,557.68,2026-04-24,INSUFFICIENT_FUNDS,CUSTOMER_FINANCIAL,758,17,8,25,0.68,0.35,0.45,friction_prone,0.32,0.68,starter,557.68,monthly,RETRY_NOW,0.31029810287411097,2.0,173.04704601083418,171.04704601083418,4
FAIL_001466,PAY_009650,CUST_0573,SUB_0573,557.68,2026-04-24,INSUFFICIENT_FUNDS,CUSTOMER_FINANCIAL,758,17,8,25,0.68,0.35,0.45,friction_prone,0.32,0.68,starter,557.68,monthly,UPDATE_PAYMENT_METHOD,0.24852014512988166,3.0,138.5947145360324,135.5947145360324,5
FAIL_001466,PAY_009650,CUST_0573,SUB_0573,557.68,2026-04-24,INSUFFICIENT_FUNDS,CUSTOMER_FINANCIAL,758,17,8,25,0.68,0.35,0.45,friction_prone,0.32,0.68,starter,557.68,monthly,STOP,0.0,0.0,0.0,0.0,6
FAIL_001471,PAY_009670,CUST_0574,SUB_0574,918.08,2025-05-05,LIMIT_EXCEEDED,PAYMENT_LIMIT,962,30,2,32,0.9375,0.8,0.85,reliable,0.0625,0.9375,growth,918.08,monthly,PAYMENT_LINK,0.6745725457924795,3.0,619.3115628411596,616.3115628411596,1
FAIL_001471,PAY_009670,CUST_0574,SUB_0574,918.08,2025-05-05,LIMIT_EXCEEDED,PAYMENT_LIMIT,962,30,2,32,0.9375,0.8,0.85,reliable,0.0625,0.9375,growth,918.08,monthly,WAIT_AND_RETRY,0.6092074718603503,2.0,559.3011957655505,557.3011957655505,2
FAIL_001471,PAY_009670,CUST_0574,SUB_0574,918.08,2025-05-05,LIMIT_EXCEEDED,PAYMENT_LIMIT,962,30,2,32,0.9375,0.8,0.85,reliable,0.0625,0.9375,growth,918.08,monthly,UPDATE_PAYMENT_METHOD,0.5559729463096785,3.0,510.4276425479897,507.4276425479897,3
FAIL_001471,PAY_009670,CUST_0574,SUB_0574,918.08,2025-05-05,LIMIT_EXCEEDED,PAYMENT_LIMIT,962,30,2,32,0.9375,0.8,0.85,reliable,0.0625,0.9375,growth,918.08,monthly,SEND_REMINDER,0.5509641535101207,1.0,505.82917005457165,504.82917005457165,4
FAIL_001471,PAY_009670,CUST_0574,SUB_0574,918.08,2025-05-05,LIMIT_EXCEEDED,PAYMENT_LIMIT,962,30,2,32,0.9375,0.8,0.85,reliable,0.0625,0.9375,growth,918.08,monthly,RETRY_NOW,0.2741452338887652,2.0,251.68725632859758,249.68725632859758,5
FAIL_001471,PAY_009670,CUST_0574,SUB_0574,918.08,2025-05-05,LIMIT_EXCEEDED,PAYMENT_LIMIT,962,30,2,32,0.9375,0.8,0.85,reliable,0.0625,0.9375,growth,918.08,monthly,STOP,0.0,0.0,0.0,0.0,6
FAIL_001482,PAY_009722,CUST_0577,SUB_0577,576.58,2024-03-21,BANK_DECLINED,ISSUER_DECLINE,982,27,5,32,0.8438,0.3,0.25,low_engagement,0.1562,0.8438,starter,576.58,monthly,WAIT_AND_RETRY,0.6798455931320504,2.0,391.98537208807767,389.98537208807767,1
FAIL_001482,PAY_009722,CUST_0577,SUB_0577,576.58,2024-03-21,BANK_DECLINED,ISSUER_DECLINE,982,27,5,32,0.8438,0.3,0.25,low_engagement,0.1562,0.8438,starter,576.58,monthly,PAYMENT_LINK,0.6377226593489542,3.0,367.69813092742004,364.69813092742004,2
FAIL_001482,PAY_009722,CUST_0577,SUB_0577,576.58,2024-03-21,BANK_DECLINED,ISSUER_DECLINE,982,27,5,32,0.8438,0.3,0.25,low_engagement,0.1562,0.8438,starter,576.58,monthly,RETRY_NOW,0.3754264409478815,2.0,216.46337732172955,214.46337732172955,3
FAIL_001482,PAY_009722,CUST_0577,SUB_0577,576.58,2024-03-21,BANK_DECLINED,ISSUER_DECLINE,982,27,5,32,0.8438,0.3,0.25,low_engagement,0.1562,0.8438,starter,576.58,monthly,SEND_REMINDER,0.2722139248238837,1.0,156.95310477495485,155.95310477495485,4
FAIL_001482,PAY_009722,CUST_0577,SUB_0577,576.58,2024-03-21,BANK_DECLINED,ISSUER_DECLINE,982,27,5,32,0.8438,0.3,0.25,low_engagement,0.1562,0.8438,starter,576.58,monthly,UPDATE_PAYMENT_METHOD,0.08285753622455276,3.0,47.77399823635263,44.77399823635263,5
FAIL_001482,PAY_009722,CUST_0577,SUB_0577,576.58,2024-03-21,BANK_DECLINED,ISSUER_DECLINE,982,27,5,32,0.8438,0.3,0.25,low_engagement,0.1562,0.8438,starter,576.58,monthly,STOP,0.0,0.0,0.0,0.0,6
FAIL_001483,PAY_009732,CUST_0577,SUB_0577,576.58,2025-01-15,INSUFFICIENT_FUNDS,CUSTOMER_FINANCIAL,982,27,5,32,0.8438,0.3,0.25,low_engagement,0.1562,0.8438,starter,576.58,monthly,WAIT_AND_RETRY,0.8603118676804777,2.0,496.0386166672099,494.0386166672099,1
FAIL_001483,PAY_009732,CUST_0577,SUB_0577,576.58,2025-01-15,INSUFFICIENT_FUNDS,CUSTOMER_FINANCIAL,982,27,5,32,0.8438,0.3,0.25,low_engagement,0.1562,0.8438,starter,576.58,monthly,PAYMENT_LINK,0.4604100990685843,3.0,265.46325492096435,262.46325492096435,2
FAIL_001483,PAY_009732,CUST_0577,SUB_0577,576.58,2025-01-15,INSUFFICIENT_FUNDS,CUSTOMER_FINANCIAL,982,27,5,32,0.8438,0.3,0.25,low_engagement,0.1562,0.8438,starter,576.58,monthly,SEND_REMINDER,0.3812697511763515,1.0,219.83251313326076,218.83251313326076,3
FAIL_001483,PAY_009732,CUST_0577,SUB_0577,576.58,2025-01-15,INSUFFICIENT_FUNDS,CUSTOMER_FINANCIAL,982,27,5,32,0.8438,0.3,0.25,low_engagement,0.1562,0.8438,starter,576.58,monthly,RETRY_NOW,0.25421855541152294,2.0,146.57733467917592,144.57733467917592,4
FAIL_001483,PAY_009732,CUST_0577,SUB_0577,576.58,2025-01-15,INSUFFICIENT_FUNDS,CUSTOMER_FINANCIAL,982,27,5,32,0.8438,0.3,0.25,low_engagement,0.1562,0.8438,starter,576.58,monthly,UPDATE_PAYMENT_METHOD,0.09375533309157681,3.0,54.057449953941365,51.057449953941365,5
FAIL_001483,PAY_009732,CUST_0577,SUB_0577,576.58,2025-01-15,INSUFFICIENT_FUNDS,CUSTOMER_FINANCIAL,982,27,5,32,0.8438,0.3,0.25,low_engagement,0.1562,0.8438,starter,576.58,monthly,STOP,0.0,0.0,0.0,0.0,6
FAIL_001487,PAY_009764,CUST_0578,SUB_0578,1586.51,2026-01-10,BANK_DECLINED,ISSUER_DECLINE,622,14,6,20,0.7,0.35,0.45,friction_prone,0.3,0.7,pro,1586.51,monthly,WAIT_AND_RETRY,0.6058835148976706,2.0,961.2402552203033,959.2402552203033,1
FAIL_001487,PAY_009764,CUST_0578,SUB_0578,1586.51,2026-01-10,BANK_DECLINED,ISSUER_DECLINE,622,14,6,20,0.7,0.35,0.45,friction_prone,0.3,0.7,pro,1586.51,monthly,PAYMENT_LINK,0.5879929621453933,3.0,932.8567143732879,929.8567143732879,2
FAIL_001487,PAY_009764,CUST_0578,SUB_0578,1586.51,2026-01-10,BANK_DECLINED,ISSUER_DECLINE,622,14,6,20,0.7,0.35,0.45,friction_prone,0.3,0.7,pro,1586.51,monthly,SEND_REMINDER,0.4455452445849813,1.0,706.8619859865187,705.8619859865187,3
FAIL_001487,PAY_009764,CUST_0578,SUB_0578,1586.51,2026-01-10,BANK_DECLINED,ISSUER_DECLINE,622,14,6,20,0.7,0.35,0.45,friction_prone,0.3,0.7,pro,1586.51,monthly,UPDATE_PAYMENT_METHOD,0.4083371413719642,3.0,647.830958158035,644.830958158035,4
FAIL_001487,PAY_009764,CUST_0578,SUB_0578,1586.51,2026-01-10,BANK_DECLINED,ISSUER_DECLINE,622,14,6,20,0.7,0.35,0.45,friction_prone,0.3,0.7,pro,1586.51,monthly,RETRY_NOW,0.28080043689598916,2.0,445.49270113985574,443.49270113985574,5
FAIL_001487,PAY_009764,CUST_0578,SUB_0578,1586.51,2026-01-10,BANK_DECLINED,ISSUER_DECLINE,622,14,6,20,0.7,0.35,0.45,friction_prone,0.3,0.7,pro,1586.51,monthly,STOP,0.0,0.0,0.0,0.0,6
FAIL_001492,PAY_009805,CUST_0580,SUB_0580,1096.45,2026-02-09,BANK_DECLINED,ISSUER_DECLINE,952,24,7,31,0.7742,0.3,0.25,low_engagement,0.2258,0.7742,growth,1096.45,monthly,WAIT_AND_RETRY,0.5932312590163137,2.0,650.4484139484372,648.4484139484372,1
FAIL_001492,PAY_009805,CUST_0580,SUB_0580,1096.45,2026-02-09,BANK_DECLINED,ISSUER_DECLINE,952,24,7,31,0.7742,0.3,0.25,low_engagement,0.2258,0.7742,growth,1096.45,monthly,PAYMENT_LINK,0.432548850810313,3.0,474.26818747096775,471.26818747096775,2
FAIL_001492,PAY_009805,CUST_0580,SUB_0580,1096.45,2026-02-09,BANK_DECLINED,ISSUER_DECLINE,952,24,7,31,0.7742,0.3,0.25,low_engagement,0.2258,0.7742,growth,1096.45,monthly,SEND_REMINDER,0.37895830191674496,1.0,415.508830136615,414.508830136615,3
FAIL_001492,PAY_009805,CUST_0580,SUB_0580,1096.45,2026-02-09,BANK_DECLINED,ISSUER_DECLINE,952,24,7,31,0.7742,0.3,0.25,low_engagement,0.2258,0.7742,growth,1096.45,monthly,RETRY_NOW,0.17612222241988398,2.0,193.1092107722818,191.1092107722818,4
FAIL_001492,PAY_009805,CUST_0580,SUB_0580,1096.45,2026-02-09,BANK_DECLINED,ISSUER_DECLINE,952,24,7,31,0.7742,0.3,0.25,low_engagement,0.2258,0.7742,growth,1096.45,monthly,UPDATE_PAYMENT_METHOD,0.07974039510087279,3.0,87.43135620835197,84.43135620835197,5
FAIL_001492,PAY_009805,CUST_0580,SUB_0580,1096.45,2026-02-09,BANK_DECLINED,ISSUER_DECLINE,952,24,7,31,0.7742,0.3,0.25,low_engagement,0.2258,0.7742,growth,1096.45,monthly,STOP,0.0,0.0,0.0,0.0,6
FAIL_001494,PAY_009816,CUST_0581,SUB_0581,369.27,2025-05-16,INSUFFICIENT_FUNDS,CUSTOMER_FINANCIAL,621,10,10,20,0.5,0.35,0.45,friction_prone,0.5,0.5,starter,369.27,monthly,SEND_REMINDER,0.6469461286042905,1.0,238.89779690970633,237.89779690970633,1
FAIL_001494,PAY_009816,CUST_0581,SUB_0581,369.27,2025-05-16,INSUFFICIENT_FUNDS,CUSTOMER_FINANCIAL,621,10,10,20,0.5,0.35,0.45,friction_prone,0.5,0.5,starter,369.27,monthly,PAYMENT_LINK,0.632701360763485,3.0,233.6376314891321,230.6376314891321,2
FAIL_001494,PAY_009816,CUST_0581,SUB_0581,369.27,2025-05-16,INSUFFICIENT_FUNDS,CUSTOMER_FINANCIAL,621,10,10,20,0.5,0.35,0.45,friction_prone,0.5,0.5,starter,369.27,monthly,WAIT_AND_RETRY,0.6285515744142066,2.0,232.10523988393408,230.10523988393408,3
FAIL_001494,PAY_009816,CUST_0581,SUB_0581,369.27,2025-05-16,INSUFFICIENT_FUNDS,CUSTOMER_FINANCIAL,621,10,10,20,0.5,0.35,0.45,friction_prone,0.5,0.5,starter,369.27,monthly,RETRY_NOW,0.3597286217775046,2.0,132.83698816377913,130.83698816377913,4
FAIL_001494,PAY_009816,CUST_0581,SUB_0581,369.27,2025-05-16,INSUFFICIENT_FUNDS,CUSTOMER_FINANCIAL,621,10,10,20,0.5,0.35,0.45,friction_prone,0.5,0.5,starter,369.27,monthly,UPDATE_PAYMENT_METHOD,0.2526063521910463,3.0,93.27994767358767,90.27994767358767,5
FAIL_001494,PAY_009816,CUST_0581,SUB_0581,369.27,2025-05-16,INSUFFICIENT_FUNDS,CUSTOMER_FINANCIAL,621,10,10,20,0.5,0.35,0.45,friction_prone,0.5,0.5,starter,369.27,monthly,STOP,0.0,0.0,0.0,0.0,6
FAIL_001495,PAY_009821,CUST_0581,SUB_0581,369.27,2025-10-13,LIMIT_EXCEEDED,PAYMENT_LIMIT,621,10,10,20,0.5,0.35,0.45,friction_prone,0.5,0.5,starter,369.27,monthly,PAYMENT_LINK,0.5554907912084023,3.0,205.1260844695267,202.1260844695267,1
FAIL_001495,PAY_009821,CUST_0581,SUB_0581,369.27,2025-10-13,LIMIT_EXCEEDED,PAYMENT_LIMIT,621,10,10,20,0.5,0.35,0.45,friction_prone,0.5,0.5,starter,369.27,monthly,UPDATE_PAYMENT_METHOD,0.515424164315351,3.0,190.33068115672964,187.33068115672964,2
FAIL_001495,PAY_009821,CUST_0581,SUB_0581,369.27,2025-10-13,LIMIT_EXCEEDED,PAYMENT_LIMIT,621,10,10,20,0.5,0.35,0.45,friction_prone,0.5,0.5,starter,369.27,monthly,SEND_REMINDER,0.2368732921521668,1.0,87.47020059303063,86.47020059303063,3
FAIL_001495,PAY_009821,CUST_0581,SUB_0581,369.27,2025-10-13,LIMIT_EXCEEDED,PAYMENT_LIMIT,621,10,10,20,0.5,0.35,0.45,friction_prone,0.5,0.5,starter,369.27,monthly,WAIT_AND_RETRY,0.10094003978048263,2.0,37.27412848973882,35.27412848973882,4
FAIL_001495,PAY_009821,CUST_0581,SUB_0581,369.27,2025-10-13,LIMIT_EXCEEDED,PAYMENT_LIMIT,621,10,10,20,0.5,0.35,0.45,friction_prone,0.5,0.5,starter,369.27,monthly,RETRY_NOW,0.08767933183380122,2.0,32.37734686626778,30.37734686626778,5
FAIL_001495,PAY_009821,CUST_0581,SUB_0581,369.27,2025-10-13,LIMIT_EXCEEDED,PAYMENT_LIMIT,621,10,10,20,0.5,0.35,0.45,friction_prone,0.5,0.5,starter,369.27,monthly,STOP,0.0,0.0,0.0,0.0,6
FAIL_001513,PAY_009962,CUST_0588,SUB_0588,278.46,2025-11-21,CARD_EXPIRED,PAYMENT_METHOD,612,13,7,20,0.65,0.3,0.25,low_engagement,0.35,0.65,starter,278.46,monthly,UPDATE_PAYMENT_METHOD,0.7712660873080351,3.0,214.76675467179544,211.76675467179544,1
FAIL_001513,PAY_009962,CUST_0588,SUB_0588,278.46,2025-11-21,CARD_EXPIRED,PAYMENT_METHOD,612,13,7,20,0.65,0.3,0.25,low_engagement,0.35,0.65,starter,278.46,monthly,PAYMENT_LINK,0.40046243138643456,3.0,111.51276864386656,108.51276864386656,2
FAIL_001513,PAY_009962,CUST_0588,SUB_0588,278.46,2025-11-21,CARD_EXPIRED,PAYMENT_METHOD,612,13,7,20,0.65,0.3,0.25,low_engagement,0.35,0.65,starter,278.46,monthly,SEND_REMINDER,0.20909994245496388,1.0,58.22596997600924,57.22596997600924,3
FAIL_001513,PAY_009962,CUST_0588,SUB_0588,278.46,2025-11-21,CARD_EXPIRED,PAYMENT_METHOD,612,13,7,20,0.65,0.3,0.25,low_engagement,0.35,0.65,starter,278.46,monthly,WAIT_AND_RETRY,0.046185629273330725,2.0,12.860850327451672,10.860850327451672,4
FAIL_001513,PAY_009962,CUST_0588,SUB_0588,278.46,2025-11-21,CARD_EXPIRED,PAYMENT_METHOD,612,13,7,20,0.65,0.3,0.25,low_engagement,0.35,0.65,starter,278.46,monthly,RETRY_NOW,0.045764512425533664,2.0,12.743586130014103,10.743586130014103,5
FAIL_001513,PAY_009962,CUST_0588,SUB_0588,278.46,2025-11-21,CARD_EXPIRED,PAYMENT_METHOD,612,13,7,20,0.65,0.3,0.25,low_engagement,0.35,0.65,starter,278.46,monthly,STOP,0.0,0.0,0.0,0.0,6
FAIL_001514,PAY_009969,CUST_0588,SUB_0588,278.46,2026-06-19,LIMIT_EXCEEDED,PAYMENT_LIMIT,612,13,7,20,0.65,0.3,0.25,low_engagement,0.35,0.65,starter,278.46,monthly,WAIT_AND_RETRY,0.6152429420408793,2.0,171.32054964070323,169.32054964070323,1
FAIL_001514,PAY_009969,CUST_0588,SUB_0588,278.46,2026-06-19,LIMIT_EXCEEDED,PAYMENT_LIMIT,612,13,7,20,0.65,0.3,0.25,low_engagement,0.35,0.65,starter,278.46,monthly,PAYMENT_LINK,0.5464262406849735,3.0,152.1578509811377,149.1578509811377,2
FAIL_001514,PAY_009969,CUST_0588,SUB_0588,278.46,2026-06-19,LIMIT_EXCEEDED,PAYMENT_LIMIT,612,13,7,20,0.65,0.3,0.25,low_engagement,0.35,0.65,starter,278.46,monthly,UPDATE_PAYMENT_METHOD,0.4421176386015415,3.0,123.11207764498525,120.11207764498525,3
FAIL_001514,PAY_009969,CUST_0588,SUB_0588,278.46,2026-06-19,LIMIT_EXCEEDED,PAYMENT_LIMIT,612,13,7,20,0.65,0.3,0.25,low_engagement,0.35,0.65,starter,278.46,monthly,SEND_REMINDER,0.3330403402365553,1.0,92.73841314227118,91.73841314227118,4
FAIL_001514,PAY_009969,CUST_0588,SUB_0588,278.46,2026-06-19,LIMIT_EXCEEDED,PAYMENT_LIMIT,612,13,7,20,0.65,0.3,0.25,low_engagement,0.35,0.65,starter,278.46,monthly,RETRY_NOW,0.21473681492969077,2.0,59.79561348532169,57.79561348532169,5
FAIL_001514,PAY_009969,CUST_0588,SUB_0588,278.46,2026-06-19,LIMIT_EXCEEDED,PAYMENT_LIMIT,612,13,7,20,0.65,0.3,0.25,low_engagement,0.35,0.65,starter,278.46,monthly,STOP,0.0,0.0,0.0,0.0,6
FAIL_001517,PAY_009979,CUST_0589,SUB_0589,998.51,2025-08-21,BANK_DECLINED,ISSUER_DECLINE,614,18,2,20,0.9,0.6,0.6,normal,0.1,0.9,starter,998.51,monthly,WAIT_AND_RETRY,0.7303921315101901,2.0,729.3038472342399,727.3038472342399,1
FAIL_001517,PAY_009979,CUST_0589,SUB_0589,998.51,2025-08-21,BANK_DECLINED,ISSUER_DECLINE,614,18,2,20,0.9,0.6,0.6,normal,0.1,0.9,starter,998.51,monthly,PAYMENT_LINK,0.40929910626825555,3.0,408.68925059991585,405.68925059991585,2
FAIL_001517,PAY_009979,CUST_0589,SUB_0589,998.51,2025-08-21,BANK_DECLINED,ISSUER_DECLINE,614,18,2,20,0.9,0.6,0.6,normal,0.1,0.9,starter,998.51,monthly,SEND_REMINDER,0.3895045528535631,1.0,388.9241910698113,387.9241910698113,3
FAIL_001517,PAY_009979,CUST_0589,SUB_0589,998.51,2025-08-21,BANK_DECLINED,ISSUER_DECLINE,614,18,2,20,0.9,0.6,0.6,normal,0.1,0.9,starter,998.51,monthly,RETRY_NOW,0.3129831687775458,2.0,312.5168238560672,310.5168238560672,4
FAIL_001517,PAY_009979,CUST_0589,SUB_0589,998.51,2025-08-21,BANK_DECLINED,ISSUER_DECLINE,614,18,2,20,0.9,0.6,0.6,normal,0.1,0.9,starter,998.51,monthly,UPDATE_PAYMENT_METHOD,0.25484064930836914,3.0,254.46093674089965,251.46093674089965,5
FAIL_001517,PAY_009979,CUST_0589,SUB_0589,998.51,2025-08-21,BANK_DECLINED,ISSUER_DECLINE,614,18,2,20,0.9,0.6,0.6,normal,0.1,0.9,starter,998.51,monthly,STOP,0.0,0.0,0.0,0.0,6
FAIL_001530,PAY_010123,CUST_0597,SUB_0597,12778.74,2026-07-19,LIMIT_EXCEEDED,PAYMENT_LIMIT,102,2,1,3,0.6667,0.82,0.9,high_value_loyal,0.3333,0.6667,pro,12778.74,monthly,PAYMENT_LINK,0.73913010407715,3.0,9445.15142617484,9442.15142617484,1
FAIL_001530,PAY_010123,CUST_0597,SUB_0597,12778.74,2026-07-19,LIMIT_EXCEEDED,PAYMENT_LIMIT,102,2,1,3,0.6667,0.82,0.9,high_value_loyal,0.3333,0.6667,pro,12778.74,monthly,WAIT_AND_RETRY,0.566564184918614,2.0,7239.97641238689,7237.97641238689,2
FAIL_001530,PAY_010123,CUST_0597,SUB_0597,12778.74,2026-07-19,LIMIT_EXCEEDED,PAYMENT_LIMIT,102,2,1,3,0.6667,0.82,0.9,high_value_loyal,0.3333,0.6667,pro,12778.74,monthly,SEND_REMINDER,0.4963905944353219,1.0,6343.246344734425,6342.246344734425,3
FAIL_001530,PAY_010123,CUST_0597,SUB_0597,12778.74,2026-07-19,LIMIT_EXCEEDED,PAYMENT_LIMIT,102,2,1,3,0.6667,0.82,0.9,high_value_loyal,0.3333,0.6667,pro,12778.74,monthly,UPDATE_PAYMENT_METHOD,0.32094920636257285,3.0,4101.326461313664,4098.326461313664,4
FAIL_001530,PAY_010123,CUST_0597,SUB_0597,12778.74,2026-07-19,LIMIT_EXCEEDED,PAYMENT_LIMIT,102,2,1,3,0.6667,0.82,0.9,high_value_loyal,0.3333,0.6667,pro,12778.74,monthly,RETRY_NOW,0.11221028509917606,2.0,1433.906058608245,1431.906058608245,5
FAIL_001530,PAY_010123,CUST_0597,SUB_0597,12778.74,2026-07-19,LIMIT_EXCEEDED,PAYMENT_LIMIT,102,2,1,3,0.6667,0.82,0.9,high_value_loyal,0.3333,0.6667,pro,12778.74,monthly,STOP,0.0,0.0,0.0,0.0,6
FAIL_001532,PAY_010153,CUST_0599,SUB_0599,1262.66,2026-03-03,AUTHENTICATION_FAILED,CUSTOMER_ACTION,300,9,1,10,0.9,0.6,0.6,normal,0.1,0.9,starter,1262.66,monthly,UPDATE_PAYMENT_METHOD,0.8671760421226268,3.0,1094.948501346556,1091.948501346556,1
FAIL_001532,PAY_010153,CUST_0599,SUB_0599,1262.66,2026-03-03,AUTHENTICATION_FAILED,CUSTOMER_ACTION,300,9,1,10,0.9,0.6,0.6,normal,0.1,0.9,starter,1262.66,monthly,SEND_REMINDER,0.47729393317194224,1.0,602.6599576588847,601.6599576588847,2
FAIL_001532,PAY_010153,CUST_0599,SUB_0599,1262.66,2026-03-03,AUTHENTICATION_FAILED,CUSTOMER_ACTION,300,9,1,10,0.9,0.6,0.6,normal,0.1,0.9,starter,1262.66,monthly,PAYMENT_LINK,0.41053317059670186,3.0,518.3638131856316,515.3638131856316,3
FAIL_001532,PAY_010153,CUST_0599,SUB_0599,1262.66,2026-03-03,AUTHENTICATION_FAILED,CUSTOMER_ACTION,300,9,1,10,0.9,0.6,0.6,normal,0.1,0.9,starter,1262.66,monthly,WAIT_AND_RETRY,0.18292050951057504,2.0,230.96641053862268,228.96641053862268,4
FAIL_001532,PAY_010153,CUST_0599,SUB_0599,1262.66,2026-03-03,AUTHENTICATION_FAILED,CUSTOMER_ACTION,300,9,1,10,0.9,0.6,0.6,normal,0.1,0.9,starter,1262.66,monthly,RETRY_NOW,0.0858313052701362,2.0,108.37575591239019,106.37575591239019,5
FAIL_001532,PAY_010153,CUST_0599,SUB_0599,1262.66,2026-03-03,AUTHENTICATION_FAILED,CUSTOMER_ACTION,300,9,1,10,0.9,0.6,0.6,normal,0.1,0.9,starter,1262.66,monthly,STOP,0.0,0.0,0.0,0.0,6
FAIL_001551,PAY_010344,CUST_0609,SUB_0609,1520.27,2026-07-07,CARD_EXPIRED,PAYMENT_METHOD,774,16,9,25,0.64,0.35,0.45,friction_prone,0.36,0.64,pro,1520.27,monthly,UPDATE_PAYMENT_METHOD,0.8811736005105895,3.0,1339.6217896482337,1336.6217896482337,1
FAIL_001551,PAY_010344,CUST_0609,SUB_0609,1520.27,2026-07-07,CARD_EXPIRED,PAYMENT_METHOD,774,16,9,25,0.64,0.35,0.45,friction_prone,0.36,0.64,pro,1520.27,monthly,PAYMENT_LINK,0.37789474238842385,3.0,574.5020400108491,571.5020400108491,2
FAIL_001551,PAY_010344,CUST_0609,SUB_0609,1520.27,2026-07-07,CARD_EXPIRED,PAYMENT_METHOD,774,16,9,25,0.64,0.35,0.45,friction_prone,0.36,0.64,pro,1520.27,monthly,SEND_REMINDER,0.3310227280986939,1.0,503.2439228466013,502.2439228466013,3
FAIL_001551,PAY_010344,CUST_0609,SUB_0609,1520.27,2026-07-07,CARD_EXPIRED,PAYMENT_METHOD,774,16,9,25,0.64,0.35,0.45,friction_prone,0.36,0.64,pro,1520.27,monthly,WAIT_AND_RETRY,0.03468066680214676,2.0,52.72397731929965,50.72397731929965,4
FAIL_001551,PAY_010344,CUST_0609,SUB_0609,1520.27,2026-07-07,CARD_EXPIRED,PAYMENT_METHOD,774,16,9,25,0.64,0.35,0.45,friction_prone,0.36,0.64,pro,1520.27,monthly,RETRY_NOW,0.024666861800364513,2.0,37.50028998924016,35.50028998924016,5
FAIL_001551,PAY_010344,CUST_0609,SUB_0609,1520.27,2026-07-07,CARD_EXPIRED,PAYMENT_METHOD,774,16,9,25,0.64,0.35,0.45,friction_prone,0.36,0.64,pro,1520.27,monthly,STOP,0.0,0.0,0.0,0.0,6
FAIL_001553,PAY_010354,CUST_0610,SUB_0610,11684.35,2024-12-02,INSUFFICIENT_FUNDS,CUSTOMER_FINANCIAL,906,24,6,30,0.8,0.82,0.9,high_value_loyal,0.2,0.8,pro,11684.35,monthly,WAIT_AND_RETRY,0.8328891924160687,2.0,9731.768835406692,9729.768835406692,1
FAIL_001553,PAY_010354,CUST_0610,SUB_0610,11684.35,2024-12-02,INSUFFICIENT_FUNDS,CUSTOMER_FINANCIAL,906,24,6,30,0.8,0.82,0.9,high_value_loyal,0.2,0.8,pro,11684.35,monthly,PAYMENT_LINK,0.7932292479415384,3.0,9268.368163185714,9265.368163185714,2
FAIL_001553,PAY_010354,CUST_0610,SUB_0610,11684.35,2024-12-02,INSUFFICIENT_FUNDS,CUSTOMER_FINANCIAL,906,24,6,30,0.8,0.82,0.9,high_value_loyal,0.2,0.8,pro,11684.35,monthly,SEND_REMINDER,0.650017933056478,1.0,7595.03703610846,7594.03703610846,3
FAIL_001553,PAY_010354,CUST_0610,SUB_0610,11684.35,2024-12-02,INSUFFICIENT_FUNDS,CUSTOMER_FINANCIAL,906,24,6,30,0.8,0.82,0.9,high_value_loyal,0.2,0.8,pro,11684.35,monthly,UPDATE_PAYMENT_METHOD,0.548237696555815,3.0,6405.801129751937,6402.801129751937,4
FAIL_001553,PAY_010354,CUST_0610,SUB_0610,11684.35,2024-12-02,INSUFFICIENT_FUNDS,CUSTOMER_FINANCIAL,906,24,6,30,0.8,0.82,0.9,high_value_loyal,0.2,0.8,pro,11684.35,monthly,RETRY_NOW,0.12803983997417057,2.0,1496.0623042021998,1494.0623042021998,5
FAIL_001553,PAY_010354,CUST_0610,SUB_0610,11684.35,2024-12-02,INSUFFICIENT_FUNDS,CUSTOMER_FINANCIAL,906,24,6,30,0.8,0.82,0.9,high_value_loyal,0.2,0.8,pro,11684.35,monthly,STOP,0.0,0.0,0.0,0.0,6
FAIL_001555,PAY_010362,CUST_0610,SUB_0610,11684.35,2025-07-30,INSUFFICIENT_FUNDS,CUSTOMER_FINANCIAL,906,24,6,30,0.8,0.82,0.9,high_value_loyal,0.2,0.8,pro,11684.35,monthly,WAIT_AND_RETRY,0.8328891924160687,2.0,9731.768835406692,9729.768835406692,1
FAIL_001555,PAY_010362,CUST_0610,SUB_0610,11684.35,2025-07-30,INSUFFICIENT_FUNDS,CUSTOMER_FINANCIAL,906,24,6,30,0.8,0.82,0.9,high_value_loyal,0.2,0.8,pro,11684.35,monthly,PAYMENT_LINK,0.7932292479415384,3.0,9268.368163185714,9265.368163185714,2
FAIL_001555,PAY_010362,CUST_0610,SUB_0610,11684.35,2025-07-30,INSUFFICIENT_FUNDS,CUSTOMER_FINANCIAL,906,24,6,30,0.8,0.82,0.9,high_value_loyal,0.2,0.8,pro,11684.35,monthly,SEND_REMINDER,0.650017933056478,1.0,7595.03703610846,7594.03703610846,3
FAIL_001555,PAY_010362,CUST_0610,SUB_0610,11684.35,2025-07-30,INSUFFICIENT_FUNDS,CUSTOMER_FINANCIAL,906,24,6,30,0.8,0.82,0.9,high_value_loyal,0.2,0.8,pro,11684.35,monthly,UPDATE_PAYMENT_METHOD,0.548237696555815,3.0,6405.801129751937,6402.801129751937,4
FAIL_001555,PAY_010362,CUST_0610,SUB_0610,11684.35,2025-07-30,INSUFFICIENT_FUNDS,CUSTOMER_FINANCIAL,906,24,6,30,0.8,0.82,0.9,high_value_loyal,0.2,0.8,pro,11684.35,monthly,RETRY_NOW,0.12803983997417057,2.0,1496.0623042021998,1494.0623042021998,5
FAIL_001555,PAY_010362,CUST_0610,SUB_0610,11684.35,2025-07-30,INSUFFICIENT_FUNDS,CUSTOMER_FINANCIAL,906,24,6,30,0.8,0.82,0.9,high_value_loyal,0.2,0.8,pro,11684.35,monthly,STOP,0.0,0.0,0.0,0.0,6
FAIL_001557,PAY_010374,CUST_0610,SUB_0610,11684.35,2026-07-25,INSUFFICIENT_FUNDS,CUSTOMER_FINANCIAL,906,24,6,30,0.8,0.82,0.9,high_value_loyal,0.2,0.8,pro,11684.35,monthly,WAIT_AND_RETRY,0.8328891924160687,2.0,9731.768835406692,9729.768835406692,1
FAIL_001557,PAY_010374,CUST_0610,SUB_0610,11684.35,2026-07-25,INSUFFICIENT_FUNDS,CUSTOMER_FINANCIAL,906,24,6,30,0.8,0.82,0.9,high_value_loyal,0.2,0.8,pro,11684.35,monthly,PAYMENT_LINK,0.7932292479415384,3.0,9268.368163185714,9265.368163185714,2
FAIL_001557,PAY_010374,CUST_0610,SUB_0610,11684.35,2026-07-25,INSUFFICIENT_FUNDS,CUSTOMER_FINANCIAL,906,24,6,30,0.8,0.82,0.9,high_value_loyal,0.2,0.8,pro,11684.35,monthly,SEND_REMINDER,0.650017933056478,1.0,7595.03703610846,7594.03703610846,3
FAIL_001557,PAY_010374,CUST_0610,SUB_0610,11684.35,2026-07-25,INSUFFICIENT_FUNDS,CUSTOMER_FINANCIAL,906,24,6,30,0.8,0.82,0.9,high_value_loyal,0.2,0.8,pro,11684.35,monthly,UPDATE_PAYMENT_METHOD,0.548237696555815,3.0,6405.801129751937,6402.801129751937,4
FAIL_001557,PAY_010374,CUST_0610,SUB_0610,11684.35,2026-07-25,INSUFFICIENT_FUNDS,CUSTOMER_FINANCIAL,906,24,6,30,0.8,0.82,0.9,high_value_loyal,0.2,0.8,pro,11684.35,monthly,RETRY_NOW,0.12803983997417057,2.0,1496.0623042021998,1494.0623042021998,5
FAIL_001557,PAY_010374,CUST_0610,SUB_0610,11684.35,2026-07-25,INSUFFICIENT_FUNDS,CUSTOMER_FINANCIAL,906,24,6,30,0.8,0.82,0.9,high_value_loyal,0.2,0.8,pro,11684.35,monthly,STOP,0.0,0.0,0.0,0.0,6
FAIL_001564,PAY_010470,CUST_0617,SUB_0617,469.95,2026-06-18,INSUFFICIENT_FUNDS,CUSTOMER_FINANCIAL,583,10,9,19,0.5263,0.6,0.6,normal,0.4737,0.5263,starter,469.95,monthly,WAIT_AND_RETRY,0.821071516039079,2.0,385.8625589625652,383.8625589625652,1
FAIL_001564,PAY_010470,CUST_0617,SUB_0617,469.95,2026-06-18,INSUFFICIENT_FUNDS,CUSTOMER_FINANCIAL,583,10,9,19,0.5263,0.6,0.6,normal,0.4737,0.5263,starter,469.95,monthly,RETRY_NOW,0.7174099682162378,2.0,337.14681456322097,335.14681456322097,2
FAIL_001564,PAY_010470,CUST_0617,SUB_0617,469.95,2026-06-18,INSUFFICIENT_FUNDS,CUSTOMER_FINANCIAL,583,10,9,19,0.5263,0.6,0.6,normal,0.4737,0.5263,starter,469.95,monthly,PAYMENT_LINK,0.7006424459014119,3.0,329.2669174513685,326.2669174513685,3
FAIL_001564,PAY_010470,CUST_0617,SUB_0617,469.95,2026-06-18,INSUFFICIENT_FUNDS,CUSTOMER_FINANCIAL,583,10,9,19,0.5263,0.6,0.6,normal,0.4737,0.5263,starter,469.95,monthly,SEND_REMINDER,0.44285695801616864,1.0,208.12062741969845,207.12062741969845,4
FAIL_001564,PAY_010470,CUST_0617,SUB_0617,469.95,2026-06-18,INSUFFICIENT_FUNDS,CUSTOMER_FINANCIAL,583,10,9,19,0.5263,0.6,0.6,normal,0.4737,0.5263,starter,469.95,monthly,UPDATE_PAYMENT_METHOD,0.37334607212029386,3.0,175.4539865929321,172.4539865929321,5
FAIL_001564,PAY_010470,CUST_0617,SUB_0617,469.95,2026-06-18,INSUFFICIENT_FUNDS,CUSTOMER_FINANCIAL,583,10,9,19,0.5263,0.6,0.6,normal,0.4737,0.5263,starter,469.95,monthly,STOP,0.0,0.0,0.0,0.0,6
FAIL_001567,PAY_010518,CUST_0623,SUB_0623,1621.46,2025-01-05,BANK_DECLINED,ISSUER_DECLINE,662,13,9,22,0.5909,0.35,0.45,friction_prone,0.4091,0.5909,pro,1621.46,monthly,PAYMENT_LINK,0.6680307175722031,3.0,1083.1850873146245,1080.1850873146245,1
FAIL_001567,PAY_010518,CUST_0623,SUB_0623,1621.46,2025-01-05,BANK_DECLINED,ISSUER_DECLINE,662,13,9,22,0.5909,0.35,0.45,friction_prone,0.4091,0.5909,pro,1621.46,monthly,WAIT_AND_RETRY,0.6216222517556206,2.0,1007.9356163316686,1005.9356163316686,2
FAIL_001567,PAY_010518,CUST_0623,SUB_0623,1621.46,2025-01-05,BANK_DECLINED,ISSUER_DECLINE,662,13,9,22,0.5909,0.35,0.45,friction_prone,0.4091,0.5909,pro,1621.46,monthly,SEND_REMINDER,0.4884718739279821,1.0,792.0376046992659,791.0376046992659,3
FAIL_001567,PAY_010518,CUST_0623,SUB_0623,1621.46,2025-01-05,BANK_DECLINED,ISSUER_DECLINE,662,13,9,22,0.5909,0.35,0.45,friction_prone,0.4091,0.5909,pro,1621.46,monthly,UPDATE_PAYMENT_METHOD,0.29512460289071,3.0,478.5327386031707,475.5327386031707,4
FAIL_001567,PAY_010518,CUST_0623,SUB_0623,1621.46,2025-01-05,BANK_DECLINED,ISSUER_DECLINE,662,13,9,22,0.5909,0.35,0.45,friction_prone,0.4091,0.5909,pro,1621.46,monthly,RETRY_NOW,0.2188088853959231,2.0,354.78985531407346,352.78985531407346,5
FAIL_001567,PAY_010518,CUST_0623,SUB_0623,1621.46,2025-01-05,BANK_DECLINED,ISSUER_DECLINE,662,13,9,22,0.5909,0.35,0.45,friction_prone,0.4091,0.5909,pro,1621.46,monthly,STOP,0.0,0.0,0.0,0.0,6
FAIL_001573,PAY_010531,CUST_0623,SUB_0623,1621.46,2026-01-30,BANK_DECLINED,ISSUER_DECLINE,662,13,9,22,0.5909,0.35,0.45,friction_prone,0.4091,0.5909,pro,1621.46,monthly,PAYMENT_LINK,0.6680307175722031,3.0,1083.1850873146245,1080.1850873146245,1
FAIL_001573,PAY_010531,CUST_0623,SUB_0623,1621.46,2026-01-30,BANK_DECLINED,ISSUER_DECLINE,662,13,9,22,0.5909,0.35,0.45,friction_prone,0.4091,0.5909,pro,1621.46,monthly,WAIT_AND_RETRY,0.6216222517556206,2.0,1007.9356163316686,1005.9356163316686,2
FAIL_001573,PAY_010531,CUST_0623,SUB_0623,1621.46,2026-01-30,BANK_DECLINED,ISSUER_DECLINE,662,13,9,22,0.5909,0.35,0.45,friction_prone,0.4091,0.5909,pro,1621.46,monthly,SEND_REMINDER,0.4884718739279821,1.0,792.0376046992659,791.0376046992659,3
FAIL_001573,PAY_010531,CUST_0623,SUB_0623,1621.46,2026-01-30,BANK_DECLINED,ISSUER_DECLINE,662,13,9,22,0.5909,0.35,0.45,friction_prone,0.4091,0.5909,pro,1621.46,monthly,UPDATE_PAYMENT_METHOD,0.29512460289071,3.0,478.5327386031707,475.5327386031707,4
FAIL_001573,PAY_010531,CUST_0623,SUB_0623,1621.46,2026-01-30,BANK_DECLINED,ISSUER_DECLINE,662,13,9,22,0.5909,0.35,0.45,friction_prone,0.4091,0.5909,pro,1621.46,monthly,RETRY_NOW,0.2188088853959231,2.0,354.78985531407346,352.78985531407346,5
FAIL_001573,PAY_010531,CUST_0623,SUB_0623,1621.46,2026-01-30,BANK_DECLINED,ISSUER_DECLINE,662,13,9,22,0.5909,0.35,0.45,friction_prone,0.4091,0.5909,pro,1621.46,monthly,STOP,0.0,0.0,0.0,0.0,6
FAIL_001577,PAY_010557,CUST_0625,SUB_0625,2210.87,2024-09-27,NETWORK_ERROR,TECHNICAL,702,16,7,23,0.6957,0.35,0.45,friction_prone,0.3043,0.6957,pro,2210.87,monthly,RETRY_NOW,0.8980268632502907,2.0,1985.4206511541702,1983.4206511541702,1
FAIL_001577,PAY_010557,CUST_0625,SUB_0625,2210.87,2024-09-27,NETWORK_ERROR,TECHNICAL,702,16,7,23,0.6957,0.35,0.45,friction_prone,0.3043,0.6957,pro,2210.87,monthly,WAIT_AND_RETRY,0.8462665247821516,2.0,1870.9852716451153,1868.9852716451153,2
FAIL_001577,PAY_010557,CUST_0625,SUB_0625,2210.87,2024-09-27,NETWORK_ERROR,TECHNICAL,702,16,7,23,0.6957,0.35,0.45,friction_prone,0.3043,0.6957,pro,2210.87,monthly,SEND_REMINDER,0.5777047210062564,1.0,1277.2300365311019,1276.2300365311019,3
FAIL_001577,PAY_010557,CUST_0625,SUB_0625,2210.87,2024-09-27,NETWORK_ERROR,TECHNICAL,702,16,7,23,0.6957,0.35,0.45,friction_prone,0.3043,0.6957,pro,2210.87,monthly,PAYMENT_LINK,0.48962353168972333,3.0,1082.4939775068585,1079.4939775068585,4
FAIL_001577,PAY_010557,CUST_0625,SUB_0625,2210.87,2024-09-27,NETWORK_ERROR,TECHNICAL,702,16,7,23,0.6957,0.35,0.45,friction_prone,0.3043,0.6957,pro,2210.87,monthly,UPDATE_PAYMENT_METHOD,0.10386095456032932,3.0,229.62306860879525,226.62306860879525,5
FAIL_001577,PAY_010557,CUST_0625,SUB_0625,2210.87,2024-09-27,NETWORK_ERROR,TECHNICAL,702,16,7,23,0.6957,0.35,0.45,friction_prone,0.3043,0.6957,pro,2210.87,monthly,STOP,0.0,0.0,0.0,0.0,6
FAIL_001578,PAY_010560,CUST_0625,SUB_0625,2210.87,2024-12-26,BANK_DECLINED,ISSUER_DECLINE,702,16,7,23,0.6957,0.35,0.45,friction_prone,0.3043,0.6957,pro,2210.87,monthly,WAIT_AND_RETRY,0.7011314956698212,2.0,1550.1105898315377,1548.1105898315377,1
FAIL_001578,PAY_010560,CUST_0625,SUB_0625,2210.87,2024-12-26,BANK_DECLINED,ISSUER_DECLINE,702,16,7,23,0.6957,0.35,0.45,friction_prone,0.3043,0.6957,pro,2210.87,monthly,PAYMENT_LINK,0.5655837842804949,3.0,1250.4322211522178,1247.4322211522178,2
FAIL_001578,PAY_010560,CUST_0625,SUB_0625,2210.87,2024-12-26,BANK_DECLINED,ISSUER_DECLINE,702,16,7,23,0.6957,0.35,0.45,friction_prone,0.3043,0.6957,pro,2210.87,monthly,SEND_REMINDER,0.45927757845021694,1.0,1015.4030198682311,1014.4030198682311,3
FAIL_001578,PAY_010560,CUST_0625,SUB_0625,2210.87,2024-12-26,BANK_DECLINED,ISSUER_DECLINE,702,16,7,23,0.6957,0.35,0.45,friction_prone,0.3043,0.6957,pro,2210.87,monthly,RETRY_NOW,0.34724184846972034,2.0,767.7065855262506,765.7065855262506,4
FAIL_001578,PAY_010560,CUST_0625,SUB_0625,2210.87,2024-12-26,BANK_DECLINED,ISSUER_DECLINE,702,16,7,23,0.6957,0.35,0.45,friction_prone,0.3043,0.6957,pro,2210.87,monthly,UPDATE_PAYMENT_METHOD,0.33253472013893826,3.0,735.1910367135744,732.1910367135744,5
FAIL_001578,PAY_010560,CUST_0625,SUB_0625,2210.87,2024-12-26,BANK_DECLINED,ISSUER_DECLINE,702,16,7,23,0.6957,0.35,0.45,friction_prone,0.3043,0.6957,pro,2210.87,monthly,STOP,0.0,0.0,0.0,0.0,6
FAIL_001600,PAY_010652,CUST_0628,SUB_0628,1735.47,2025-05-06,INSUFFICIENT_FUNDS,CUSTOMER_FINANCIAL,781,21,5,26,0.8077,0.6,0.6,normal,0.1923,0.8077,growth,1735.47,monthly,WAIT_AND_RETRY,0.7797778560140877,2.0,1353.2810757767688,1351.2810757767688,1
FAIL_001600,PAY_010652,CUST_0628,SUB_0628,1735.47,2025-05-06,INSUFFICIENT_FUNDS,CUSTOMER_FINANCIAL,781,21,5,26,0.8077,0.6,0.6,normal,0.1923,0.8077,growth,1735.47,monthly,PAYMENT_LINK,0.565660956785693,3.0,981.6876206728665,978.6876206728665,2
FAIL_001600,PAY_010652,CUST_0628,SUB_0628,1735.47,2025-05-06,INSUFFICIENT_FUNDS,CUSTOMER_FINANCIAL,781,21,5,26,0.8077,0.6,0.6,normal,0.1923,0.8077,growth,1735.47,monthly,SEND_REMINDER,0.46319502750639474,1.0,803.8610743865229,802.8610743865229,3
FAIL_001600,PAY_010652,CUST_0628,SUB_0628,1735.47,2025-05-06,INSUFFICIENT_FUNDS,CUSTOMER_FINANCIAL,781,21,5,26,0.8077,0.6,0.6,normal,0.1923,0.8077,growth,1735.47,monthly,UPDATE_PAYMENT_METHOD,0.40981003180805414,3.0,711.2130159019238,708.2130159019238,4
FAIL_001600,PAY_010652,CUST_0628,SUB_0628,1735.47,2025-05-06,INSUFFICIENT_FUNDS,CUSTOMER_FINANCIAL,781,21,5,26,0.8077,0.6,0.6,normal,0.1923,0.8077,growth,1735.47,monthly,RETRY_NOW,0.31350288707077273,2.0,544.074855424714,542.074855424714,5
FAIL_001600,PAY_010652,CUST_0628,SUB_0628,1735.47,2025-05-06,INSUFFICIENT_FUNDS,CUSTOMER_FINANCIAL,781,21,5,26,0.8077,0.6,0.6,normal,0.1923,0.8077,growth,1735.47,monthly,STOP,0.0,0.0,0.0,0.0,6
FAIL_001621,PAY_010789,CUST_0635,SUB_0635,13569.88,2025-11-08,BANK_DECLINED,ISSUER_DECLINE,715,22,1,23,0.9565,0.82,0.9,high_value_loyal,0.0435,0.9565,pro,13569.88,monthly,PAYMENT_LINK,0.6257200245772141,3.0,8490.945647109846,8487.945647109846,1
FAIL_001621,PAY_010789,CUST_0635,SUB_0635,13569.88,2025-11-08,BANK_DECLINED,ISSUER_DECLINE,715,22,1,23,0.9565,0.82,0.9,high_value_loyal,0.0435,0.9565,pro,13569.88,monthly,WAIT_AND_RETRY,0.6198532455198874,2.0,8411.33415931541,8409.33415931541,2
FAIL_001621,PAY_010789,CUST_0635,SUB_0635,13569.88,2025-11-08,BANK_DECLINED,ISSUER_DECLINE,715,22,1,23,0.9565,0.82,0.9,high_value_loyal,0.0435,0.9565,pro,13569.88,monthly,SEND_REMINDER,0.5877385287019499,1.0,7975.541305862015,7974.541305862015,3
FAIL_001621,PAY_010789,CUST_0635,SUB_0635,13569.88,2025-11-08,BANK_DECLINED,ISSUER_DECLINE,715,22,1,23,0.9565,0.82,0.9,high_value_loyal,0.0435,0.9565,pro,13569.88,monthly,RETRY_NOW,0.39142794225613076,2.0,5311.630205062624,5309.630205062624,4
FAIL_001621,PAY_010789,CUST_0635,SUB_0635,13569.88,2025-11-08,BANK_DECLINED,ISSUER_DECLINE,715,22,1,23,0.9565,0.82,0.9,high_value_loyal,0.0435,0.9565,pro,13569.88,monthly,UPDATE_PAYMENT_METHOD,0.36805711738029623,3.0,4994.490915996534,4991.490915996534,5
FAIL_001621,PAY_010789,CUST_0635,SUB_0635,13569.88,2025-11-08,BANK_DECLINED,ISSUER_DECLINE,715,22,1,23,0.9565,0.82,0.9,high_value_loyal,0.0435,0.9565,pro,13569.88,monthly,STOP,0.0,0.0,0.0,0.0,6
FAIL_001622,PAY_010798,CUST_0636,SUB_0636,666.71,2024-07-03,CARD_EXPIRED,PAYMENT_METHOD,788,14,12,26,0.5385,0.35,0.45,friction_prone,0.4615,0.5385,pro,666.71,monthly,UPDATE_PAYMENT_METHOD,0.8890545346490634,3.0,592.7415487958771,589.7415487958771,1
FAIL_001622,PAY_010798,CUST_0636,SUB_0636,666.71,2024-07-03,CARD_EXPIRED,PAYMENT_METHOD,788,14,12,26,0.5385,0.35,0.45,friction_prone,0.4615,0.5385,pro,666.71,monthly,PAYMENT_LINK,0.4363887734189759,3.0,290.9447591261654,287.9447591261654,2
FAIL_001622,PAY_010798,CUST_0636,SUB_0636,666.71,2024-07-03,CARD_EXPIRED,PAYMENT_METHOD,788,14,12,26,0.5385,0.35,0.45,friction_prone,0.4615,0.5385,pro,666.71,monthly,SEND_REMINDER,0.15812797518971639,1.0,105.42550233873581,104.42550233873581,3
FAIL_001622,PAY_010798,CUST_0636,SUB_0636,666.71,2024-07-03,CARD_EXPIRED,PAYMENT_METHOD,788,14,12,26,0.5385,0.35,0.45,friction_prone,0.4615,0.5385,pro,666.71,monthly,RETRY_NOW,0.04277470576866308,2.0,28.518324083025362,26.518324083025362,4
FAIL_001622,PAY_010798,CUST_0636,SUB_0636,666.71,2024-07-03,CARD_EXPIRED,PAYMENT_METHOD,788,14,12,26,0.5385,0.35,0.45,friction_prone,0.4615,0.5385,pro,666.71,monthly,WAIT_AND_RETRY,0.03496893067369173,2.0,23.314135769457014,21.314135769457014,5
FAIL_001622,PAY_010798,CUST_0636,SUB_0636,666.71,2024-07-03,CARD_EXPIRED,PAYMENT_METHOD,788,14,12,26,0.5385,0.35,0.45,friction_prone,0.4615,0.5385,pro,666.71,monthly,STOP,0.0,0.0,0.0,0.0,6
FAIL_001633,PAY_010818,CUST_0636,SUB_0636,666.71,2026-02-23,NETWORK_ERROR,TECHNICAL,788,14,12,26,0.5385,0.35,0.45,friction_prone,0.4615,0.5385,pro,666.71,monthly,WAIT_AND_RETRY,0.7539602742163198,2.0,502.6728544227626,500.6728544227626,1
FAIL_001633,PAY_010818,CUST_0636,SUB_0636,666.71,2026-02-23,NETWORK_ERROR,TECHNICAL,788,14,12,26,0.5385,0.35,0.45,friction_prone,0.4615,0.5385,pro,666.71,monthly,RETRY_NOW,0.6703503155912688,2.0,446.92925890785483,444.92925890785483,2
FAIL_001633,PAY_010818,CUST_0636,SUB_0636,666.71,2026-02-23,NETWORK_ERROR,TECHNICAL,788,14,12,26,0.5385,0.35,0.45,friction_prone,0.4615,0.5385,pro,666.71,monthly,PAYMENT_LINK,0.4471410745726296,3.0,298.1134258283179,295.1134258283179,3
FAIL_001633,PAY_010818,CUST_0636,SUB_0636,666.71,2026-02-23,NETWORK_ERROR,TECHNICAL,788,14,12,26,0.5385,0.35,0.45,friction_prone,0.4615,0.5385,pro,666.71,monthly,SEND_REMINDER,0.41592433339471313,1.0,277.3009123175892,276.3009123175892,4
FAIL_001633,PAY_010818,CUST_0636,SUB_0636,666.71,2026-02-23,NETWORK_ERROR,TECHNICAL,788,14,12,26,0.5385,0.35,0.45,friction_prone,0.4615,0.5385,pro,666.71,monthly,UPDATE_PAYMENT_METHOD,0.053886855480645805,3.0,35.92690541750137,32.92690541750137,5
FAIL_001633,PAY_010818,CUST_0636,SUB_0636,666.71,2026-02-23,NETWORK_ERROR,TECHNICAL,788,14,12,26,0.5385,0.35,0.45,friction_prone,0.4615,0.5385,pro,666.71,monthly,STOP,0.0,0.0,0.0,0.0,6
FAIL_001635,PAY_010820,CUST_0636,SUB_0636,666.71,2026-04-24,LIMIT_EXCEEDED,PAYMENT_LIMIT,788,14,12,26,0.5385,0.35,0.45,friction_prone,0.4615,0.5385,pro,666.71,monthly,PAYMENT_LINK,0.6054395689587444,3.0,403.6526150204845,400.6526150204845,1
FAIL_001635,PAY_010820,CUST_0636,SUB_0636,666.71,2026-04-24,LIMIT_EXCEEDED,PAYMENT_LIMIT,788,14,12,26,0.5385,0.35,0.45,friction_prone,0.4615,0.5385,pro,666.71,monthly,UPDATE_PAYMENT_METHOD,0.49738577212225715,3.0,331.6120681316301,328.6120681316301,2
FAIL_001635,PAY_010820,CUST_0636,SUB_0636,666.71,2026-04-24,LIMIT_EXCEEDED,PAYMENT_LIMIT,788,14,12,26,0.5385,0.35,0.45,friction_prone,0.4615,0.5385,pro,666.71,monthly,WAIT_AND_RETRY,0.18246881531064577,2.0,121.65378385576065,119.65378385576065,3
FAIL_001635,PAY_010820,CUST_0636,SUB_0636,666.71,2026-04-24,LIMIT_EXCEEDED,PAYMENT_LIMIT,788,14,12,26,0.5385,0.35,0.45,friction_prone,0.4615,0.5385,pro,666.71,monthly,RETRY_NOW,0.17692072751563712,2.0,117.95481824195043,115.95481824195043,4
FAIL_001635,PAY_010820,CUST_0636,SUB_0636,666.71,2026-04-24,LIMIT_EXCEEDED,PAYMENT_LIMIT,788,14,12,26,0.5385,0.35,0.45,friction_prone,0.4615,0.5385,pro,666.71,monthly,SEND_REMINDER,0.15425226557728544,1.0,102.84152798303198,101.84152798303198,5
FAIL_001635,PAY_010820,CUST_0636,SUB_0636,666.71,2026-04-24,LIMIT_EXCEEDED,PAYMENT_LIMIT,788,14,12,26,0.5385,0.35,0.45,friction_prone,0.4615,0.5385,pro,666.71,monthly,STOP,0.0,0.0,0.0,0.0,6
FAIL_001636,PAY_010822,CUST_0636,SUB_0636,666.71,2026-06-23,INSUFFICIENT_FUNDS,CUSTOMER_FINANCIAL,788,14,12,26,0.5385,0.35,0.45,friction_prone,0.4615,0.5385,pro,666.71,monthly,SEND_REMINDER,0.5925673589893712,1.0,395.0705839118037,394.0705839118037,1
FAIL_001636,PAY_010822,CUST_0636,SUB_0636,666.71,2026-06-23,INSUFFICIENT_FUNDS,CUSTOMER_FINANCIAL,788,14,12,26,0.5385,0.35,0.45,friction_prone,0.4615,0.5385,pro,666.71,monthly,WAIT_AND_RETRY,0.5481867620166849,2.0,365.48159610414405,363.48159610414405,2
FAIL_001636,PAY_010822,CUST_0636,SUB_0636,666.71,2026-06-23,INSUFFICIENT_FUNDS,CUSTOMER_FINANCIAL,788,14,12,26,0.5385,0.35,0.45,friction_prone,0.4615,0.5385,pro,666.71,monthly,PAYMENT_LINK,0.4907628212724939,3.0,327.1964805705844,324.1964805705844,3
FAIL_001636,PAY_010822,CUST_0636,SUB_0636,666.71,2026-06-23,INSUFFICIENT_FUNDS,CUSTOMER_FINANCIAL,788,14,12,26,0.5385,0.35,0.45,friction_prone,0.4615,0.5385,pro,666.71,monthly,RETRY_NOW,0.23949317762154473,2.0,159.6724964520601,157.6724964520601,4
FAIL_001636,PAY_010822,CUST_0636,SUB_0636,666.71,2026-06-23,INSUFFICIENT_FUNDS,CUSTOMER_FINANCIAL,788,14,12,26,0.5385,0.35,0.45,friction_prone,0.4615,0.5385,pro,666.71,monthly,UPDATE_PAYMENT_METHOD,0.21729777112387288,3.0,144.8745969859973,141.8745969859973,5
FAIL_001636,PAY_010822,CUST_0636,SUB_0636,666.71,2026-06-23,INSUFFICIENT_FUNDS,CUSTOMER_FINANCIAL,788,14,12,26,0.5385,0.35,0.45,friction_prone,0.4615,0.5385,pro,666.71,monthly,STOP,0.0,0.0,0.0,0.0,6
FAIL_001637,PAY_010851,CUST_0638,SUB_0638,1633.25,2025-06-08,INSUFFICIENT_FUNDS,CUSTOMER_FINANCIAL,658,17,4,21,0.8095,0.35,0.45,friction_prone,0.1905,0.8095,pro,1633.25,monthly,WAIT_AND_RETRY,0.7514273769334102,2.0,1227.2687633764922,1225.2687633764922,1
FAIL_001637,PAY_010851,CUST_0638,SUB_0638,1633.25,2025-06-08,INSUFFICIENT_FUNDS,CUSTOMER_FINANCIAL,658,17,4,21,0.8095,0.35,0.45,friction_prone,0.1905,0.8095,pro,1633.25,monthly,SEND_REMINDER,0.6388758508304005,1.0,1043.4439833687518,1042.4439833687518,2
FAIL_001637,PAY_010851,CUST_0638,SUB_0638,1633.25,2025-06-08,INSUFFICIENT_FUNDS,CUSTOMER_FINANCIAL,658,17,4,21,0.8095,0.35,0.45,friction_prone,0.1905,0.8095,pro,1633.25,monthly,PAYMENT_LINK,0.6100740808715017,3.0,996.4034925833802,993.4034925833802,3
FAIL_001637,PAY_010851,CUST_0638,SUB_0638,1633.25,2025-06-08,INSUFFICIENT_FUNDS,CUSTOMER_FINANCIAL,658,17,4,21,0.8095,0.35,0.45,friction_prone,0.1905,0.8095,pro,1633.25,monthly,RETRY_NOW,0.32790607929470195,2.0,535.552604008072,533.552604008072,4
FAIL_001637,PAY_010851,CUST_0638,SUB_0638,1633.25,2025-06-08,INSUFFICIENT_FUNDS,CUSTOMER_FINANCIAL,658,17,4,21,0.8095,0.35,0.45,friction_prone,0.1905,0.8095,pro,1633.25,monthly,UPDATE_PAYMENT_METHOD,0.22135309451663465,3.0,361.52494161929354,358.52494161929354,5
FAIL_001637,PAY_010851,CUST_0638,SUB_0638,1633.25,2025-06-08,INSUFFICIENT_FUNDS,CUSTOMER_FINANCIAL,658,17,4,21,0.8095,0.35,0.45,friction_prone,0.1905,0.8095,pro,1633.25,monthly,STOP,0.0,0.0,0.0,0.0,6
FAIL_001638,PAY_010859,CUST_0638,SUB_0638,1633.25,2026-02-03,BANK_DECLINED,ISSUER_DECLINE,658,17,4,21,0.8095,0.35,0.45,friction_prone,0.1905,0.8095,pro,1633.25,monthly,WAIT_AND_RETRY,0.5989688348950043,2.0,978.2658495922658,976.2658495922658,1
FAIL_001638,PAY_010859,CUST_0638,SUB_0638,1633.25,2026-02-03,BANK_DECLINED,ISSUER_DECLINE,658,17,4,21,0.8095,0.35,0.45,friction_prone,0.1905,0.8095,pro,1633.25,monthly,PAYMENT_LINK,0.5889895521023732,3.0,961.9671859712012,958.9671859712012,2
FAIL_001638,PAY_010859,CUST_0638,SUB_0638,1633.25,2026-02-03,BANK_DECLINED,ISSUER_DECLINE,658,17,4,21,0.8095,0.35,0.45,friction_prone,0.1905,0.8095,pro,1633.25,monthly,SEND_REMINDER,0.3740205185934791,1.0,610.8690119927998,609.8690119927998,3
FAIL_001638,PAY_010859,CUST_0638,SUB_0638,1633.25,2026-02-03,BANK_DECLINED,ISSUER_DECLINE,658,17,4,21,0.8095,0.35,0.45,friction_prone,0.1905,0.8095,pro,1633.25,monthly,UPDATE_PAYMENT_METHOD,0.36394765823498876,3.0,594.4175128122954,591.4175128122954,4
FAIL_001638,PAY_010859,CUST_0638,SUB_0638,1633.25,2026-02-03,BANK_DECLINED,ISSUER_DECLINE,658,17,4,21,0.8095,0.35,0.45,friction_prone,0.1905,0.8095,pro,1633.25,monthly,RETRY_NOW,0.34895072044808284,2.0,569.9237641718313,567.9237641718313,5
FAIL_001638,PAY_010859,CUST_0638,SUB_0638,1633.25,2026-02-03,BANK_DECLINED,ISSUER_DECLINE,658,17,4,21,0.8095,0.35,0.45,friction_prone,0.1905,0.8095,pro,1633.25,monthly,STOP,0.0,0.0,0.0,0.0,6
FAIL_001643,PAY_010878,CUST_0640,SUB_0640,1249.65,2024-10-27,INSUFFICIENT_FUNDS,CUSTOMER_FINANCIAL,852,15,13,28,0.5357,0.35,0.45,friction_prone,0.4643,0.5357,growth,1249.65,monthly,WAIT_AND_RETRY,0.7738911370217232,2.0,967.0930593791965,965.0930593791965,1
FAIL_001643,PAY_010878,CUST_0640,SUB_0640,1249.65,2024-10-27,INSUFFICIENT_FUNDS,CUSTOMER_FINANCIAL,852,15,13,28,0.5357,0.35,0.45,friction_prone,0.4643,0.5357,growth,1249.65,monthly,PAYMENT_LINK,0.618600110404714,3.0,773.0336279672508,770.0336279672508,2
FAIL_001643,PAY_010878,CUST_0640,SUB_0640,1249.65,2024-10-27,INSUFFICIENT_FUNDS,CUSTOMER_FINANCIAL,852,15,13,28,0.5357,0.35,0.45,friction_prone,0.4643,0.5357,growth,1249.65,monthly,SEND_REMINDER,0.5335937933251643,1.0,666.8054838287917,665.8054838287917,3
FAIL_001643,PAY_010878,CUST_0640,SUB_0640,1249.65,2024-10-27,INSUFFICIENT_FUNDS,CUSTOMER_FINANCIAL,852,15,13,28,0.5357,0.35,0.45,friction_prone,0.4643,0.5357,growth,1249.65,monthly,RETRY_NOW,0.19217835894158217,2.0,240.1556862513482,238.1556862513482,4
FAIL_001643,PAY_010878,CUST_0640,SUB_0640,1249.65,2024-10-27,INSUFFICIENT_FUNDS,CUSTOMER_FINANCIAL,852,15,13,28,0.5357,0.35,0.45,friction_prone,0.4643,0.5357,growth,1249.65,monthly,UPDATE_PAYMENT_METHOD,0.13644340337062602,3.0,170.50649902210282,167.50649902210282,5
FAIL_001643,PAY_010878,CUST_0640,SUB_0640,1249.65,2024-10-27,INSUFFICIENT_FUNDS,CUSTOMER_FINANCIAL,852,15,13,28,0.5357,0.35,0.45,friction_prone,0.4643,0.5357,growth,1249.65,monthly,STOP,0.0,0.0,0.0,0.0,6
FAIL_001644,PAY_010880,CUST_0640,SUB_0640,1249.65,2024-12-26,INSUFFICIENT_FUNDS,CUSTOMER_FINANCIAL,852,15,13,28,0.5357,0.35,0.45,friction_prone,0.4643,0.5357,growth,1249.65,monthly,WAIT_AND_RETRY,0.7738911370217232,2.0,967.0930593791965,965.0930593791965,1
FAIL_001644,PAY_010880,CUST_0640,SUB_0640,1249.65,2024-12-26,INSUFFICIENT_FUNDS,CUSTOMER_FINANCIAL,852,15,13,28,0.5357,0.35,0.45,friction_prone,0.4643,0.5357,growth,1249.65,monthly,PAYMENT_LINK,0.618600110404714,3.0,773.0336279672508,770.0336279672508,2
FAIL_001644,PAY_010880,CUST_0640,SUB_0640,1249.65,2024-12-26,INSUFFICIENT_FUNDS,CUSTOMER_FINANCIAL,852,15,13,28,0.5357,0.35,0.45,friction_prone,0.4643,0.5357,growth,1249.65,monthly,SEND_REMINDER,0.5335937933251643,1.0,666.8054838287917,665.8054838287917,3
FAIL_001644,PAY_010880,CUST_0640,SUB_0640,1249.65,2024-12-26,INSUFFICIENT_FUNDS,CUSTOMER_FINANCIAL,852,15,13,28,0.5357,0.35,0.45,friction_prone,0.4643,0.5357,growth,1249.65,monthly,RETRY_NOW,0.19217835894158217,2.0,240.1556862513482,238.1556862513482,4
FAIL_001644,PAY_010880,CUST_0640,SUB_0640,1249.65,2024-12-26,INSUFFICIENT_FUNDS,CUSTOMER_FINANCIAL,852,15,13,28,0.5357,0.35,0.45,friction_prone,0.4643,0.5357,growth,1249.65,monthly,UPDATE_PAYMENT_METHOD,0.13644340337062602,3.0,170.50649902210282,167.50649902210282,5
FAIL_001644,PAY_010880,CUST_0640,SUB_0640,1249.65,2024-12-26,INSUFFICIENT_FUNDS,CUSTOMER_FINANCIAL,852,15,13,28,0.5357,0.35,0.45,friction_prone,0.4643,0.5357,growth,1249.65,monthly,STOP,0.0,0.0,0.0,0.0,6
FAIL_001649,PAY_010889,CUST_0640,SUB_0640,1249.65,2025-09-22,INSUFFICIENT_FUNDS,CUSTOMER_FINANCIAL,852,15,13,28,0.5357,0.35,0.45,friction_prone,0.4643,0.5357,growth,1249.65,monthly,WAIT_AND_RETRY,0.7738911370217232,2.0,967.0930593791965,965.0930593791965,1
FAIL_001649,PAY_010889,CUST_0640,SUB_0640,1249.65,2025-09-22,INSUFFICIENT_FUNDS,CUSTOMER_FINANCIAL,852,15,13,28,0.5357,0.35,0.45,friction_prone,0.4643,0.5357,growth,1249.65,monthly,PAYMENT_LINK,0.618600110404714,3.0,773.0336279672508,770.0336279672508,2
FAIL_001649,PAY_010889,CUST_0640,SUB_0640,1249.65,2025-09-22,INSUFFICIENT_FUNDS,CUSTOMER_FINANCIAL,852,15,13,28,0.5357,0.35,0.45,friction_prone,0.4643,0.5357,growth,1249.65,monthly,SEND_REMINDER,0.5335937933251643,1.0,666.8054838287917,665.8054838287917,3
FAIL_001649,PAY_010889,CUST_0640,SUB_0640,1249.65,2025-09-22,INSUFFICIENT_FUNDS,CUSTOMER_FINANCIAL,852,15,13,28,0.5357,0.35,0.45,friction_prone,0.4643,0.5357,growth,1249.65,monthly,RETRY_NOW,0.19217835894158217,2.0,240.1556862513482,238.1556862513482,4
FAIL_001649,PAY_010889,CUST_0640,SUB_0640,1249.65,2025-09-22,INSUFFICIENT_FUNDS,CUSTOMER_FINANCIAL,852,15,13,28,0.5357,0.35,0.45,friction_prone,0.4643,0.5357,growth,1249.65,monthly,UPDATE_PAYMENT_METHOD,0.13644340337062602,3.0,170.50649902210282,167.50649902210282,5
FAIL_001649,PAY_010889,CUST_0640,SUB_0640,1249.65,2025-09-22,INSUFFICIENT_FUNDS,CUSTOMER_FINANCIAL,852,15,13,28,0.5357,0.35,0.45,friction_prone,0.4643,0.5357,growth,1249.65,monthly,STOP,0.0,0.0,0.0,0.0,6
FAIL_001650,PAY_010891,CUST_0640,SUB_0640,1249.65,2025-11-21,INSUFFICIENT_FUNDS,CUSTOMER_FINANCIAL,852,15,13,28,0.5357,0.35,0.45,friction_prone,0.4643,0.5357,growth,1249.65,monthly,WAIT_AND_RETRY,0.7738911370217232,2.0,967.0930593791965,965.0930593791965,1
FAIL_001650,PAY_010891,CUST_0640,SUB_0640,1249.65,2025-11-21,INSUFFICIENT_FUNDS,CUSTOMER_FINANCIAL,852,15,13,28,0.5357,0.35,0.45,friction_prone,0.4643,0.5357,growth,1249.65,monthly,PAYMENT_LINK,0.618600110404714,3.0,773.0336279672508,770.0336279672508,2
FAIL_001650,PAY_010891,CUST_0640,SUB_0640,1249.65,2025-11-21,INSUFFICIENT_FUNDS,CUSTOMER_FINANCIAL,852,15,13,28,0.5357,0.35,0.45,friction_prone,0.4643,0.5357,growth,1249.65,monthly,SEND_REMINDER,0.5335937933251643,1.0,666.8054838287917,665.8054838287917,3
FAIL_001650,PAY_010891,CUST_0640,SUB_0640,1249.65,2025-11-21,INSUFFICIENT_FUNDS,CUSTOMER_FINANCIAL,852,15,13,28,0.5357,0.35,0.45,friction_prone,0.4643,0.5357,growth,1249.65,monthly,RETRY_NOW,0.19217835894158217,2.0,240.1556862513482,238.1556862513482,4
FAIL_001650,PAY_010891,CUST_0640,SUB_0640,1249.65,2025-11-21,INSUFFICIENT_FUNDS,CUSTOMER_FINANCIAL,852,15,13,28,0.5357,0.35,0.45,friction_prone,0.4643,0.5357,growth,1249.65,monthly,UPDATE_PAYMENT_METHOD,0.13644340337062602,3.0,170.50649902210282,167.50649902210282,5
FAIL_001650,PAY_010891,CUST_0640,SUB_0640,1249.65,2025-11-21,INSUFFICIENT_FUNDS,CUSTOMER_FINANCIAL,852,15,13,28,0.5357,0.35,0.45,friction_prone,0.4643,0.5357,growth,1249.65,monthly,STOP,0.0,0.0,0.0,0.0,6
FAIL_001654,PAY_010897,CUST_0640,SUB_0640,1249.65,2026-05-20,BANK_DECLINED,ISSUER_DECLINE,852,15,13,28,0.5357,0.35,0.45,friction_prone,0.4643,0.5357,growth,1249.65,monthly,WAIT_AND_RETRY,0.5836701033187002,2.0,729.3833446122137,727.3833446122137,1
FAIL_001654,PAY_010897,CUST_0640,SUB_0640,1249.65,2026-05-20,BANK_DECLINED,ISSUER_DECLINE,852,15,13,28,0.5357,0.35,0.45,friction_prone,0.4643,0.5357,growth,1249.65,monthly,PAYMENT_LINK,0.5754997853387307,3.0,719.1733067485449,716.1733067485449,2
FAIL_001654,PAY_010897,CUST_0640,SUB_0640,1249.65,2026-05-20,BANK_DECLINED,ISSUER_DECLINE,852,15,13,28,0.5357,0.35,0.45,friction_prone,0.4643,0.5357,growth,1249.65,monthly,SEND_REMINDER,0.4197107629083486,1.0,524.4915548684179,523.4915548684179,3
FAIL_001654,PAY_010897,CUST_0640,SUB_0640,1249.65,2026-05-20,BANK_DECLINED,ISSUER_DECLINE,852,15,13,28,0.5357,0.35,0.45,friction_prone,0.4643,0.5357,growth,1249.65,monthly,UPDATE_PAYMENT_METHOD,0.2808476849359849,3.0,350.96130948025353,347.96130948025353,4
FAIL_001654,PAY_010897,CUST_0640,SUB_0640,1249.65,2026-05-20,BANK_DECLINED,ISSUER_DECLINE,852,15,13,28,0.5357,0.35,0.45,friction_prone,0.4643,0.5357,growth,1249.65,monthly,RETRY_NOW,0.24265627386109997,2.0,303.2354126305236,301.2354126305236,5
FAIL_001654,PAY_010897,CUST_0640,SUB_0640,1249.65,2026-05-20,BANK_DECLINED,ISSUER_DECLINE,852,15,13,28,0.5357,0.35,0.45,friction_prone,0.4643,0.5357,growth,1249.65,monthly,STOP,0.0,0.0,0.0,0.0,6
FAIL_001664,PAY_010952,CUST_0644,SUB_0644,289.39,2024-11-11,INSUFFICIENT_FUNDS,CUSTOMER_FINANCIAL,747,20,4,24,0.8333,0.3,0.25,low_engagement,0.1667,0.8333,starter,289.39,monthly,WAIT_AND_RETRY,0.6551859757814376,2.0,189.6042695313902,187.6042695313902,1
FAIL_001664,PAY_010952,CUST_0644,SUB_0644,289.39,2024-11-11,INSUFFICIENT_FUNDS,CUSTOMER_FINANCIAL,747,20,4,24,0.8333,0.3,0.25,low_engagement,0.1667,0.8333,starter,289.39,monthly,SEND_REMINDER,0.5033911420403658,1.0,145.67636259506145,144.67636259506145,2
FAIL_001664,PAY_010952,CUST_0644,SUB_0644,289.39,2024-11-11,INSUFFICIENT_FUNDS,CUSTOMER_FINANCIAL,747,20,4,24,0.8333,0.3,0.25,low_engagement,0.1667,0.8333,starter,289.39,monthly,PAYMENT_LINK,0.38463650068121286,3.0,111.30995693213619,108.30995693213619,3
FAIL_001664,PAY_010952,CUST_0644,SUB_0644,289.39,2024-11-11,INSUFFICIENT_FUNDS,CUSTOMER_FINANCIAL,747,20,4,24,0.8333,0.3,0.25,low_engagement,0.1667,0.8333,starter,289.39,monthly,RETRY_NOW,0.20970265171555566,2.0,60.68585037996465,58.68585037996465,4
FAIL_001664,PAY_010952,CUST_0644,SUB_0644,289.39,2024-11-11,INSUFFICIENT_FUNDS,CUSTOMER_FINANCIAL,747,20,4,24,0.8333,0.3,0.25,low_engagement,0.1667,0.8333,starter,289.39,monthly,UPDATE_PAYMENT_METHOD,0.10628689590731137,3.0,30.758364806616836,27.758364806616836,5
FAIL_001664,PAY_010952,CUST_0644,SUB_0644,289.39,2024-11-11,INSUFFICIENT_FUNDS,CUSTOMER_FINANCIAL,747,20,4,24,0.8333,0.3,0.25,low_engagement,0.1667,0.8333,starter,289.39,monthly,STOP,0.0,0.0,0.0,0.0,6
FAIL_001665,PAY_010956,CUST_0644,SUB_0644,289.39,2025-03-11,BANK_DECLINED,ISSUER_DECLINE,747,20,4,24,0.8333,0.3,0.25,low_engagement,0.1667,0.8333,starter,289.39,monthly,WAIT_AND_RETRY,0.610564892155014,2.0,176.6913741407395,174.6913741407395,1
FAIL_001665,PAY_010956,CUST_0644,SUB_0644,289.39,2025-03-11,BANK_DECLINED,ISSUER_DECLINE,747,20,4,24,0.8333,0.3,0.25,low_engagement,0.1667,0.8333,starter,289.39,monthly,PAYMENT_LINK,0.4120115705080086,3.0,119.23202838931259,116.23202838931259,2
FAIL_001665,PAY_010956,CUST_0644,SUB_0644,289.39,2025-03-11,BANK_DECLINED,ISSUER_DECLINE,747,20,4,24,0.8333,0.3,0.25,low_engagement,0.1667,0.8333,starter,289.39,monthly,RETRY_NOW,0.3768839745013665,2.0,109.06645338095045,107.06645338095045,3
FAIL_001665,PAY_010956,CUST_0644,SUB_0644,289.39,2025-03-11,BANK_DECLINED,ISSUER_DECLINE,747,20,4,24,0.8333,0.3,0.25,low_engagement,0.1667,0.8333,starter,289.39,monthly,SEND_REMINDER,0.1535694750115613,1.0,44.44147037359572,43.44147037359572,4
FAIL_001665,PAY_010956,CUST_0644,SUB_0644,289.39,2025-03-11,BANK_DECLINED,ISSUER_DECLINE,747,20,4,24,0.8333,0.3,0.25,low_engagement,0.1667,0.8333,starter,289.39,monthly,UPDATE_PAYMENT_METHOD,0.1021592871045196,3.0,29.563876095176926,26.563876095176926,5
FAIL_001665,PAY_010956,CUST_0644,SUB_0644,289.39,2025-03-11,BANK_DECLINED,ISSUER_DECLINE,747,20,4,24,0.8333,0.3,0.25,low_engagement,0.1667,0.8333,starter,289.39,monthly,STOP,0.0,0.0,0.0,0.0,6
FAIL_001668,PAY_010992,CUST_0646,SUB_0646,232.1,2026-03-01,BANK_DECLINED,ISSUER_DECLINE,182,2,4,6,0.3333,0.3,0.25,low_engagement,0.6667,0.3333,starter,232.1,monthly,WAIT_AND_RETRY,0.6758307661597066,2.0,156.8603208256679,154.8603208256679,1
FAIL_001668,PAY_010992,CUST_0646,SUB_0646,232.1,2026-03-01,BANK_DECLINED,ISSUER_DECLINE,182,2,4,6,0.3333,0.3,0.25,low_engagement,0.6667,0.3333,starter,232.1,monthly,UPDATE_PAYMENT_METHOD,0.3558355973880744,3.0,82.58944215377207,79.58944215377207,2
FAIL_001668,PAY_010992,CUST_0646,SUB_0646,232.1,2026-03-01,BANK_DECLINED,ISSUER_DECLINE,182,2,4,6,0.3333,0.3,0.25,low_engagement,0.6667,0.3333,starter,232.1,monthly,SEND_REMINDER,0.11919509893614834,1.0,27.66518246308003,26.66518246308003,3
FAIL_001668,PAY_010992,CUST_0646,SUB_0646,232.1,2026-03-01,BANK_DECLINED,ISSUER_DECLINE,182,2,4,6,0.3333,0.3,0.25,low_engagement,0.6667,0.3333,starter,232.1,monthly,PAYMENT_LINK,0.12128922274904044,3.0,28.151228600052285,25.151228600052285,4
FAIL_001668,PAY_010992,CUST_0646,SUB_0646,232.1,2026-03-01,BANK_DECLINED,ISSUER_DECLINE,182,2,4,6,0.3333,0.3,0.25,low_engagement,0.6667,0.3333,starter,232.1,monthly,RETRY_NOW,0.06805600555857197,2.0,15.795798890144553,13.795798890144553,5
FAIL_001668,PAY_010992,CUST_0646,SUB_0646,232.1,2026-03-01,BANK_DECLINED,ISSUER_DECLINE,182,2,4,6,0.3333,0.3,0.25,low_engagement,0.6667,0.3333,starter,232.1,monthly,STOP,0.0,0.0,0.0,0.0,6
FAIL_001673,PAY_011001,CUST_0647,SUB_0647,1055.34,2024-03-16,NETWORK_ERROR,TECHNICAL,987,20,12,32,0.625,0.35,0.45,friction_prone,0.375,0.625,pro,1055.34,monthly,WAIT_AND_RETRY,0.9030888174428605,2.0,953.0657526001484,951.0657526001484,1
FAIL_001673,PAY_011001,CUST_0647,SUB_0647,1055.34,2024-03-16,NETWORK_ERROR,TECHNICAL,987,20,12,32,0.625,0.35,0.45,friction_prone,0.375,0.625,pro,1055.34,monthly,RETRY_NOW,0.7699943140089642,2.0,812.6057993462202,810.6057993462202,2
FAIL_001673,PAY_011001,CUST_0647,SUB_0647,1055.34,2024-03-16,NETWORK_ERROR,TECHNICAL,987,20,12,32,0.625,0.35,0.45,friction_prone,0.375,0.625,pro,1055.34,monthly,SEND_REMINDER,0.38671594588892116,1.0,408.11680633441404,407.11680633441404,3
FAIL_001673,PAY_011001,CUST_0647,SUB_0647,1055.34,2024-03-16,NETWORK_ERROR,TECHNICAL,987,20,12,32,0.625,0.35,0.45,friction_prone,0.375,0.625,pro,1055.34,monthly,PAYMENT_LINK,0.28208059903082966,3.0,297.69093938119573,294.69093938119573,4
FAIL_001673,PAY_011001,CUST_0647,SUB_0647,1055.34,2024-03-16,NETWORK_ERROR,TECHNICAL,987,20,12,32,0.625,0.35,0.45,friction_prone,0.375,0.625,pro,1055.34,monthly,UPDATE_PAYMENT_METHOD,0.07483231505914882,3.0,78.97353537452211,75.97353537452211,5
FAIL_001673,PAY_011001,CUST_0647,SUB_0647,1055.34,2024-03-16,NETWORK_ERROR,TECHNICAL,987,20,12,32,0.625,0.35,0.45,friction_prone,0.375,0.625,pro,1055.34,monthly,STOP,0.0,0.0,0.0,0.0,6
FAIL_001684,PAY_011029,CUST_0647,SUB_0647,1055.34,2026-07-04,LIMIT_EXCEEDED,PAYMENT_LIMIT,987,20,12,32,0.625,0.35,0.45,friction_prone,0.375,0.625,pro,1055.34,monthly,PAYMENT_LINK,0.6451710761529249,3.0,680.8748435072278,677.8748435072278,1
FAIL_001684,PAY_011029,CUST_0647,SUB_0647,1055.34,2026-07-04,LIMIT_EXCEEDED,PAYMENT_LIMIT,987,20,12,32,0.625,0.35,0.45,friction_prone,0.375,0.625,pro,1055.34,monthly,UPDATE_PAYMENT_METHOD,0.3950004037474269,3.0,416.8597260908095,413.8597260908095,2
FAIL_001684,PAY_011029,CUST_0647,SUB_0647,1055.34,2026-07-04,LIMIT_EXCEEDED,PAYMENT_LIMIT,987,20,12,32,0.625,0.35,0.45,friction_prone,0.375,0.625,pro,1055.34,monthly,WAIT_AND_RETRY,0.25438234097889256,2.0,268.45985972866447,266.45985972866447,3
FAIL_001684,PAY_011029,CUST_0647,SUB_0647,1055.34,2026-07-04,LIMIT_EXCEEDED,PAYMENT_LIMIT,987,20,12,32,0.625,0.35,0.45,friction_prone,0.375,0.625,pro,1055.34,monthly,RETRY_NOW,0.16819277830288387,2.0,177.50056665416545,175.50056665416545,4
FAIL_001684,PAY_011029,CUST_0647,SUB_0647,1055.34,2026-07-04,LIMIT_EXCEEDED,PAYMENT_LIMIT,987,20,12,32,0.625,0.35,0.45,friction_prone,0.375,0.625,pro,1055.34,monthly,SEND_REMINDER,0.13608553496197923,1.0,143.61650846677514,142.61650846677514,5
FAIL_001684,PAY_011029,CUST_0647,SUB_0647,1055.34,2026-07-04,LIMIT_EXCEEDED,PAYMENT_LIMIT,987,20,12,32,0.625,0.35,0.45,friction_prone,0.375,0.625,pro,1055.34,monthly,STOP,0.0,0.0,0.0,0.0,6
FAIL_001687,PAY_011069,CUST_0650,SUB_0650,300.09,2024-09-02,LIMIT_EXCEEDED,PAYMENT_LIMIT,727,12,12,24,0.5,0.35,0.45,friction_prone,0.5,0.5,growth,300.09,monthly,PAYMENT_LINK,0.4874558333784966,3.0,146.28062103855302,143.28062103855302,1
FAIL_001687,PAY_011069,CUST_0650,SUB_0650,300.09,2024-09-02,LIMIT_EXCEEDED,PAYMENT_LIMIT,727,12,12,24,0.5,0.35,0.45,friction_prone,0.5,0.5,growth,300.09,monthly,UPDATE_PAYMENT_METHOD,0.4107291271917928,3.0,123.25570377898508,120.25570377898508,2
FAIL_001687,PAY_011069,CUST_0650,SUB_0650,300.09,2024-09-02,LIMIT_EXCEEDED,PAYMENT_LIMIT,727,12,12,24,0.5,0.35,0.45,friction_prone,0.5,0.5,growth,300.09,monthly,RETRY_NOW,0.2500554942049975,2.0,75.0391532559777,73.0391532559777,3
FAIL_001687,PAY_011069,CUST_0650,SUB_0650,300.09,2024-09-02,LIMIT_EXCEEDED,PAYMENT_LIMIT,727,12,12,24,0.5,0.35,0.45,friction_prone,0.5,0.5,growth,300.09,monthly,SEND_REMINDER,0.1761652682208312,1.0,52.86543534038923,51.86543534038923,4
FAIL_001687,PAY_011069,CUST_0650,SUB_0650,300.09,2024-09-02,LIMIT_EXCEEDED,PAYMENT_LIMIT,727,12,12,24,0.5,0.35,0.45,friction_prone,0.5,0.5,growth,300.09,monthly,WAIT_AND_RETRY,0.13898607258875792,2.0,41.70833052316036,39.70833052316036,5
FAIL_001687,PAY_011069,CUST_0650,SUB_0650,300.09,2024-09-02,LIMIT_EXCEEDED,PAYMENT_LIMIT,727,12,12,24,0.5,0.35,0.45,friction_prone,0.5,0.5,growth,300.09,monthly,STOP,0.0,0.0,0.0,0.0,6
FAIL_001689,PAY_011074,CUST_0650,SUB_0650,300.09,2025-01-30,CARD_EXPIRED,PAYMENT_METHOD,727,12,12,24,0.5,0.35,0.45,friction_prone,0.5,0.5,growth,300.09,monthly,UPDATE_PAYMENT_METHOD,0.8255847579932103,3.0,247.74973002618245,244.74973002618245,1
FAIL_001689,PAY_011074,CUST_0650,SUB_0650,300.09,2025-01-30,CARD_EXPIRED,PAYMENT_METHOD,727,12,12,24,0.5,0.35,0.45,friction_prone,0.5,0.5,growth,300.09,monthly,PAYMENT_LINK,0.35639580870337184,3.0,106.95081823379485,103.95081823379485,2
FAIL_001689,PAY_011074,CUST_0650,SUB_0650,300.09,2025-01-30,CARD_EXPIRED,PAYMENT_METHOD,727,12,12,24,0.5,0.35,0.45,friction_prone,0.5,0.5,growth,300.09,monthly,SEND_REMINDER,0.1219761518917096,1.0,36.60382342118313,35.60382342118313,3
FAIL_001689,PAY_011074,CUST_0650,SUB_0650,300.09,2025-01-30,CARD_EXPIRED,PAYMENT_METHOD,727,12,12,24,0.5,0.35,0.45,friction_prone,0.5,0.5,growth,300.09,monthly,RETRY_NOW,0.05472404672984592,2.0,16.42213918315946,14.422139183159459,4
FAIL_001689,PAY_011074,CUST_0650,SUB_0650,300.09,2025-01-30,CARD_EXPIRED,PAYMENT_METHOD,727,12,12,24,0.5,0.35,0.45,friction_prone,0.5,0.5,growth,300.09,monthly,WAIT_AND_RETRY,0.03916134234403237,2.0,11.751927224020672,9.751927224020672,5
FAIL_001689,PAY_011074,CUST_0650,SUB_0650,300.09,2025-01-30,CARD_EXPIRED,PAYMENT_METHOD,727,12,12,24,0.5,0.35,0.45,friction_prone,0.5,0.5,growth,300.09,monthly,STOP,0.0,0.0,0.0,0.0,6
FAIL_001698,PAY_011096,CUST_0651,SUB_0651,1314.12,2026-06-06,INSUFFICIENT_FUNDS,CUSTOMER_FINANCIAL,175,4,1,5,0.8,0.6,0.6,normal,0.2,0.8,starter,1314.12,monthly,WAIT_AND_RETRY,0.8248070716826227,2.0,1083.895469039568,1081.895469039568,1
FAIL_001698,PAY_011096,CUST_0651,SUB_0651,1314.12,2026-06-06,INSUFFICIENT_FUNDS,CUSTOMER_FINANCIAL,175,4,1,5,0.8,0.6,0.6,normal,0.2,0.8,starter,1314.12,monthly,SEND_REMINDER,0.7265383056655147,1.0,954.7585182411661,953.7585182411661,2
FAIL_001698,PAY_011096,CUST_0651,SUB_0651,1314.12,2026-06-06,INSUFFICIENT_FUNDS,CUSTOMER_FINANCIAL,175,4,1,5,0.8,0.6,0.6,normal,0.2,0.8,starter,1314.12,monthly,PAYMENT_LINK,0.31162190707579207,3.0,409.50858052643986,406.50858052643986,3
FAIL_001698,PAY_011096,CUST_0651,SUB_0651,1314.12,2026-06-06,INSUFFICIENT_FUNDS,CUSTOMER_FINANCIAL,175,4,1,5,0.8,0.6,0.6,normal,0.2,0.8,starter,1314.12,monthly,UPDATE_PAYMENT_METHOD,0.2845809955592057,3.0,373.97357788426336,370.97357788426336,4
FAIL_001698,PAY_011096,CUST_0651,SUB_0651,1314.12,2026-06-06,INSUFFICIENT_FUNDS,CUSTOMER_FINANCIAL,175,4,1,5,0.8,0.6,0.6,normal,0.2,0.8,starter,1314.12,monthly,RETRY_NOW,0.2416707614562999,2.0,317.5843810449528,315.5843810449528,5
FAIL_001698,PAY_011096,CUST_0651,SUB_0651,1314.12,2026-06-06,INSUFFICIENT_FUNDS,CUSTOMER_FINANCIAL,175,4,1,5,0.8,0.6,0.6,normal,0.2,0.8,starter,1314.12,monthly,STOP,0.0,0.0,0.0,0.0,6
FAIL_001718,PAY_011268,CUST_0662,SUB_0662,8298.83,2025-10-05,NETWORK_ERROR,TECHNICAL,989,30,2,32,0.9375,0.82,0.9,high_value_loyal,0.0625,0.9375,pro,8298.83,monthly,RETRY_NOW,0.8979315801311331,2.0,7451.781535139651,7449.781535139651,1
FAIL_001718,PAY_011268,CUST_0662,SUB_0662,8298.83,2025-10-05,NETWORK_ERROR,TECHNICAL,989,30,2,32,0.9375,0.82,0.9,high_value_loyal,0.0625,0.9375,pro,8298.83,monthly,PAYMENT_LINK,0.7355655752614122,3.0,6104.333662946666,6101.333662946666,2
FAIL_001718,PAY_011268,CUST_0662,SUB_0662,8298.83,2025-10-05,NETWORK_ERROR,TECHNICAL,989,30,2,32,0.9375,0.82,0.9,high_value_loyal,0.0625,0.9375,pro,8298.83,monthly,WAIT_AND_RETRY,0.6975181305667865,2.0,5788.5843874915645,5786.5843874915645,3
FAIL_001718,PAY_011268,CUST_0662,SUB_0662,8298.83,2025-10-05,NETWORK_ERROR,TECHNICAL,989,30,2,32,0.9375,0.82,0.9,high_value_loyal,0.0625,0.9375,pro,8298.83,monthly,SEND_REMINDER,0.6010383358168028,1.0,4987.914972426557,4986.914972426557,4
FAIL_001718,PAY_011268,CUST_0662,SUB_0662,8298.83,2025-10-05,NETWORK_ERROR,TECHNICAL,989,30,2,32,0.9375,0.82,0.9,high_value_loyal,0.0625,0.9375,pro,8298.83,monthly,UPDATE_PAYMENT_METHOD,0.11373171026724728,3.0,943.8401291171398,940.8401291171398,5
FAIL_001718,PAY_011268,CUST_0662,SUB_0662,8298.83,2025-10-05,NETWORK_ERROR,TECHNICAL,989,30,2,32,0.9375,0.82,0.9,high_value_loyal,0.0625,0.9375,pro,8298.83,monthly,STOP,0.0,0.0,0.0,0.0,6
FAIL_001719,PAY_011270,CUST_0662,SUB_0662,8298.83,2025-12-04,AUTHENTICATION_FAILED,CUSTOMER_ACTION,989,30,2,32,0.9375,0.82,0.9,high_value_loyal,0.0625,0.9375,pro,8298.83,monthly,UPDATE_PAYMENT_METHOD,0.7318351985149963,3.0,6073.375900492207,6070.375900492207,1
FAIL_001719,PAY_011270,CUST_0662,SUB_0662,8298.83,2025-12-04,AUTHENTICATION_FAILED,CUSTOMER_ACTION,989,30,2,32,0.9375,0.82,0.9,high_value_loyal,0.0625,0.9375,pro,8298.83,monthly,PAYMENT_LINK,0.700555982564017,3.0,5813.795004781741,5810.795004781741,2
FAIL_001719,PAY_011270,CUST_0662,SUB_0662,8298.83,2025-12-04,AUTHENTICATION_FAILED,CUSTOMER_ACTION,989,30,2,32,0.9375,0.82,0.9,high_value_loyal,0.0625,0.9375,pro,8298.83,monthly,SEND_REMINDER,0.3960169810052835,1.0,3286.4776024760768,3285.4776024760768,3
FAIL_001719,PAY_011270,CUST_0662,SUB_0662,8298.83,2025-12-04,AUTHENTICATION_FAILED,CUSTOMER_ACTION,989,30,2,32,0.9375,0.82,0.9,high_value_loyal,0.0625,0.9375,pro,8298.83,monthly,WAIT_AND_RETRY,0.3581733571929165,2.0,2972.419801873291,2970.419801873291,4
FAIL_001719,PAY_011270,CUST_0662,SUB_0662,8298.83,2025-12-04,AUTHENTICATION_FAILED,CUSTOMER_ACTION,989,30,2,32,0.9375,0.82,0.9,high_value_loyal,0.0625,0.9375,pro,8298.83,monthly,RETRY_NOW,0.16665882482134264,2.0,1383.073255192103,1381.073255192103,5
FAIL_001719,PAY_011270,CUST_0662,SUB_0662,8298.83,2025-12-04,AUTHENTICATION_FAILED,CUSTOMER_ACTION,989,30,2,32,0.9375,0.82,0.9,high_value_loyal,0.0625,0.9375,pro,8298.83,monthly,STOP,0.0,0.0,0.0,0.0,6
FAIL_001723,PAY_011315,CUST_0665,SUB_0665,374.12,2025-09-12,BANK_DECLINED,ISSUER_DECLINE,382,6,6,12,0.5,0.3,0.25,low_engagement,0.5,0.5,starter,374.12,monthly,PAYMENT_LINK,0.46263376609741386,3.0,173.0805445723645,170.0805445723645,1
FAIL_001723,PAY_011315,CUST_0665,SUB_0665,374.12,2025-09-12,BANK_DECLINED,ISSUER_DECLINE,382,6,6,12,0.5,0.3,0.25,low_engagement,0.5,0.5,starter,374.12,monthly,SEND_REMINDER,0.4084518909985773,1.0,152.81002146038776,151.81002146038776,2
FAIL_001723,PAY_011315,CUST_0665,SUB_0665,374.12,2025-09-12,BANK_DECLINED,ISSUER_DECLINE,382,6,6,12,0.5,0.3,0.25,low_engagement,0.5,0.5,starter,374.12,monthly,WAIT_AND_RETRY,0.39094631707324556,2.0,146.26083614344265,144.26083614344265,3
FAIL_001723,PAY_011315,CUST_0665,SUB_0665,374.12,2025-09-12,BANK_DECLINED,ISSUER_DECLINE,382,6,6,12,0.5,0.3,0.25,low_engagement,0.5,0.5,starter,374.12,monthly,RETRY_NOW,0.1719734156665817,2.0,64.33869426918154,62.338694269181545,4
FAIL_001723,PAY_011315,CUST_0665,SUB_0665,374.12,2025-09-12,BANK_DECLINED,ISSUER_DECLINE,382,6,6,12,0.5,0.3,0.25,low_engagement,0.5,0.5,starter,374.12,monthly,UPDATE_PAYMENT_METHOD,0.1093000132627137,3.0,40.891320961846446,37.891320961846446,5
FAIL_001723,PAY_011315,CUST_0665,SUB_0665,374.12,2025-09-12,BANK_DECLINED,ISSUER_DECLINE,382,6,6,12,0.5,0.3,0.25,low_engagement,0.5,0.5,starter,374.12,monthly,STOP,0.0,0.0,0.0,0.0,6
FAIL_001729,PAY_011337,CUST_0666,SUB_0666,1090.5,2025-06-28,BANK_DECLINED,ISSUER_DECLINE,758,16,9,25,0.64,0.35,0.45,friction_prone,0.36,0.64,growth,1090.5,monthly,WAIT_AND_RETRY,0.6238085397905746,2.0,680.2632126416216,678.2632126416216,1
FAIL_001729,PAY_011337,CUST_0666,SUB_0666,1090.5,2025-06-28,BANK_DECLINED,ISSUER_DECLINE,758,16,9,25,0.64,0.35,0.45,friction_prone,0.36,0.64,growth,1090.5,monthly,PAYMENT_LINK,0.6108730958013272,3.0,666.1571109713473,663.1571109713473,2
FAIL_001729,PAY_011337,CUST_0666,SUB_0666,1090.5,2025-06-28,BANK_DECLINED,ISSUER_DECLINE,758,16,9,25,0.64,0.35,0.45,friction_prone,0.36,0.64,growth,1090.5,monthly,SEND_REMINDER,0.47744434807086433,1.0,520.6530615712776,519.6530615712776,3
FAIL_001729,PAY_011337,CUST_0666,SUB_0666,1090.5,2025-06-28,BANK_DECLINED,ISSUER_DECLINE,758,16,9,25,0.64,0.35,0.45,friction_prone,0.36,0.64,growth,1090.5,monthly,UPDATE_PAYMENT_METHOD,0.4313598626687774,3.0,470.3979302403018,467.3979302403018,4
FAIL_001729,PAY_011337,CUST_0666,SUB_0666,1090.5,2025-06-28,BANK_DECLINED,ISSUER_DECLINE,758,16,9,25,0.64,0.35,0.45,friction_prone,0.36,0.64,growth,1090.5,monthly,RETRY_NOW,0.22626925427538916,2.0,246.74662178731188,244.74662178731188,5
FAIL_001729,PAY_011337,CUST_0666,SUB_0666,1090.5,2025-06-28,BANK_DECLINED,ISSUER_DECLINE,758,16,9,25,0.64,0.35,0.45,friction_prone,0.36,0.64,growth,1090.5,monthly,STOP,0.0,0.0,0.0,0.0,6
FAIL_001730,PAY_011343,CUST_0666,SUB_0666,1090.5,2025-12-25,INSUFFICIENT_FUNDS,CUSTOMER_FINANCIAL,758,16,9,25,0.64,0.35,0.45,friction_prone,0.36,0.64,growth,1090.5,monthly,WAIT_AND_RETRY,0.599970282081902,2.0,654.2675926103141,652.2675926103141,1
FAIL_001730,PAY_011343,CUST_0666,SUB_0666,1090.5,2025-12-25,INSUFFICIENT_FUNDS,CUSTOMER_FINANCIAL,758,16,9,25,0.64,0.35,0.45,friction_prone,0.36,0.64,growth,1090.5,monthly,PAYMENT_LINK,0.5813225503717036,3.0,633.9322411803428,630.9322411803428,2
FAIL_001730,PAY_011343,CUST_0666,SUB_0666,1090.5,2025-12-25,INSUFFICIENT_FUNDS,CUSTOMER_FINANCIAL,758,16,9,25,0.64,0.35,0.45,friction_prone,0.36,0.64,growth,1090.5,monthly,SEND_REMINDER,0.5157621572774158,1.0,562.438632511022,561.438632511022,3
FAIL_001730,PAY_011343,CUST_0666,SUB_0666,1090.5,2025-12-25,INSUFFICIENT_FUNDS,CUSTOMER_FINANCIAL,758,16,9,25,0.64,0.35,0.45,friction_prone,0.36,0.64,growth,1090.5,monthly,UPDATE_PAYMENT_METHOD,0.26315953797855274,3.0,286.9754761656118,283.9754761656118,4
FAIL_001730,PAY_011343,CUST_0666,SUB_0666,1090.5,2025-12-25,INSUFFICIENT_FUNDS,CUSTOMER_FINANCIAL,758,16,9,25,0.64,0.35,0.45,friction_prone,0.36,0.64,growth,1090.5,monthly,RETRY_NOW,0.2136211885306835,2.0,232.95390609271035,230.95390609271035,5
FAIL_001730,PAY_011343,CUST_0666,SUB_0666,1090.5,2025-12-25,INSUFFICIENT_FUNDS,CUSTOMER_FINANCIAL,758,16,9,25,0.64,0.35,0.45,friction_prone,0.36,0.64,growth,1090.5,monthly,STOP,0.0,0.0,0.0,0.0,6
FAIL_001732,PAY_011352,CUST_0667,SUB_0667,651.62,2026-07-29,NETWORK_ERROR,TECHNICAL,62,1,1,2,0.5,0.3,0.25,low_engagement,0.5,0.5,starter,651.62,monthly,RETRY_NOW,0.9361013542861235,2.0,609.9823644799238,607.9823644799238,1
FAIL_001732,PAY_011352,CUST_0667,SUB_0667,651.62,2026-07-29,NETWORK_ERROR,TECHNICAL,62,1,1,2,0.5,0.3,0.25,low_engagement,0.5,0.5,starter,651.62,monthly,WAIT_AND_RETRY,0.7662737141777867,2.0,499.31927763252935,497.31927763252935,2
FAIL_001732,PAY_011352,CUST_0667,SUB_0667,651.62,2026-07-29,NETWORK_ERROR,TECHNICAL,62,1,1,2,0.5,0.3,0.25,low_engagement,0.5,0.5,starter,651.62,monthly,PAYMENT_LINK,0.1940914289736785,3.0,126.4738569478284,123.4738569478284,3
FAIL_001732,PAY_011352,CUST_0667,SUB_0667,651.62,2026-07-29,NETWORK_ERROR,TECHNICAL,62,1,1,2,0.5,0.3,0.25,low_engagement,0.5,0.5,starter,651.62,monthly,SEND_REMINDER,0.16142261576002376,1.0,105.18620488154669,104.18620488154669,4
FAIL_001732,PAY_011352,CUST_0667,SUB_0667,651.62,2026-07-29,NETWORK_ERROR,TECHNICAL,62,1,1,2,0.5,0.3,0.25,low_engagement,0.5,0.5,starter,651.62,monthly,UPDATE_PAYMENT_METHOD,0.05099857613861357,3.0,33.23169218344337,30.23169218344337,5
FAIL_001732,PAY_011352,CUST_0667,SUB_0667,651.62,2026-07-29,NETWORK_ERROR,TECHNICAL,62,1,1,2,0.5,0.3,0.25,low_engagement,0.5,0.5,starter,651.62,monthly,STOP,0.0,0.0,0.0,0.0,6
FAIL_001733,PAY_011356,CUST_0668,SUB_0668,1279.62,2024-10-07,CARD_EXPIRED,PAYMENT_METHOD,782,25,1,26,0.9615,0.8,0.85,reliable,0.0385,0.9615,pro,1279.62,monthly,UPDATE_PAYMENT_METHOD,0.8924083987000356,3.0,1141.9436351445395,1138.9436351445395,1
FAIL_001733,PAY_011356,CUST_0668,SUB_0668,1279.62,2024-10-07,CARD_EXPIRED,PAYMENT_METHOD,782,25,1,26,0.9615,0.8,0.85,reliable,0.0385,0.9615,pro,1279.62,monthly,PAYMENT_LINK,0.7414732769233527,3.0,948.8040346166606,945.8040346166606,2
FAIL_001733,PAY_011356,CUST_0668,SUB_0668,1279.62,2024-10-07,CARD_EXPIRED,PAYMENT_METHOD,782,25,1,26,0.9615,0.8,0.85,reliable,0.0385,0.9615,pro,1279.62,monthly,RETRY_NOW,0.4676817991314542,2.0,598.4549838045914,596.4549838045914,3
FAIL_001733,PAY_011356,CUST_0668,SUB_0668,1279.62,2024-10-07,CARD_EXPIRED,PAYMENT_METHOD,782,25,1,26,0.9615,0.8,0.85,reliable,0.0385,0.9615,pro,1279.62,monthly,SEND_REMINDER,0.402832925516354,1.0,515.4730681492368,514.4730681492368,4
FAIL_001733,PAY_011356,CUST_0668,SUB_0668,1279.62,2024-10-07,CARD_EXPIRED,PAYMENT_METHOD,782,25,1,26,0.9615,0.8,0.85,reliable,0.0385,0.9615,pro,1279.62,monthly,WAIT_AND_RETRY,0.3806507614257785,2.0,487.0883273356547,485.0883273356547,5
FAIL_001733,PAY_011356,CUST_0668,SUB_0668,1279.62,2024-10-07,CARD_EXPIRED,PAYMENT_METHOD,782,25,1,26,0.9615,0.8,0.85,reliable,0.0385,0.9615,pro,1279.62,monthly,STOP,0.0,0.0,0.0,0.0,6
FAIL_001734,PAY_011398,CUST_0670,SUB_0670,891.7,2025-10-08,INSUFFICIENT_FUNDS,CUSTOMER_FINANCIAL,626,17,3,20,0.85,0.6,0.6,normal,0.15,0.85,starter,891.7,monthly,WAIT_AND_RETRY,0.7712368789132514,2.0,687.7119249269464,685.7119249269464,1
FAIL_001734,PAY_011398,CUST_0670,SUB_0670,891.7,2025-10-08,INSUFFICIENT_FUNDS,CUSTOMER_FINANCIAL,626,17,3,20,0.85,0.6,0.6,normal,0.15,0.85,starter,891.7,monthly,PAYMENT_LINK,0.6437480284424708,3.0,574.0301169621513,571.0301169621513,2
FAIL_001734,PAY_011398,CUST_0670,SUB_0670,891.7,2025-10-08,INSUFFICIENT_FUNDS,CUSTOMER_FINANCIAL,626,17,3,20,0.85,0.6,0.6,normal,0.15,0.85,starter,891.7,monthly,SEND_REMINDER,0.5480477004023115,1.0,488.69413444874124,487.69413444874124,3
FAIL_001734,PAY_011398,CUST_0670,SUB_0670,891.7,2025-10-08,INSUFFICIENT_FUNDS,CUSTOMER_FINANCIAL,626,17,3,20,0.85,0.6,0.6,normal,0.15,0.85,starter,891.7,monthly,RETRY_NOW,0.43369373174082104,2.0,386.72470059329015,384.72470059329015,4
FAIL_001734,PAY_011398,CUST_0670,SUB_0670,891.7,2025-10-08,INSUFFICIENT_FUNDS,CUSTOMER_FINANCIAL,626,17,3,20,0.85,0.6,0.6,normal,0.15,0.85,starter,891.7,monthly,UPDATE_PAYMENT_METHOD,0.22855384329376868,3.0,203.80146206505356,200.80146206505356,5
FAIL_001734,PAY_011398,CUST_0670,SUB_0670,891.7,2025-10-08,INSUFFICIENT_FUNDS,CUSTOMER_FINANCIAL,626,17,3,20,0.85,0.6,0.6,normal,0.15,0.85,starter,891.7,monthly,STOP,0.0,0.0,0.0,0.0,6
FAIL_001735,PAY_011399,CUST_0670,SUB_0670,891.7,2025-11-07,NETWORK_ERROR,TECHNICAL,626,17,3,20,0.85,0.6,0.6,normal,0.15,0.85,starter,891.7,monthly,RETRY_NOW,0.9003389751063254,2.0,802.8322641023104,800.8322641023104,1
FAIL_001735,PAY_011399,CUST_0670,SUB_0670,891.7,2025-11-07,NETWORK_ERROR,TECHNICAL,626,17,3,20,0.85,0.6,0.6,normal,0.15,0.85,starter,891.7,monthly,WAIT_AND_RETRY,0.8694921565607002,2.0,775.3261560051765,773.3261560051765,2
FAIL_001735,PAY_011399,CUST_0670,SUB_0670,891.7,2025-11-07,NETWORK_ERROR,TECHNICAL,626,17,3,20,0.85,0.6,0.6,normal,0.15,0.85,starter,891.7,monthly,PAYMENT_LINK,0.5990396686762077,3.0,534.1636725585745,531.1636725585745,3
FAIL_001735,PAY_011399,CUST_0670,SUB_0670,891.7,2025-11-07,NETWORK_ERROR,TECHNICAL,626,17,3,20,0.85,0.6,0.6,normal,0.15,0.85,starter,891.7,monthly,SEND_REMINDER,0.3131953675495439,1.0,279.2763092439283,278.2763092439283,4
FAIL_001735,PAY_011399,CUST_0670,SUB_0670,891.7,2025-11-07,NETWORK_ERROR,TECHNICAL,626,17,3,20,0.85,0.6,0.6,normal,0.15,0.85,starter,891.7,monthly,UPDATE_PAYMENT_METHOD,0.3033070372333229,3.0,270.45888510095403,267.45888510095403,5
FAIL_001735,PAY_011399,CUST_0670,SUB_0670,891.7,2025-11-07,NETWORK_ERROR,TECHNICAL,626,17,3,20,0.85,0.6,0.6,normal,0.15,0.85,starter,891.7,monthly,STOP,0.0,0.0,0.0,0.0,6
FAIL_001742,PAY_011470,CUST_0675,SUB_0675,859.71,2025-04-06,NETWORK_ERROR,TECHNICAL,811,15,12,27,0.5556,0.35,0.45,friction_prone,0.4444,0.5556,pro,859.71,monthly,RETRY_NOW,0.8534892595621256,2.0,733.753251338155,731.753251338155,1
FAIL_001742,PAY_011470,CUST_0675,SUB_0675,859.71,2025-04-06,NETWORK_ERROR,TECHNICAL,811,15,12,27,0.5556,0.35,0.45,friction_prone,0.4444,0.5556,pro,859.71,monthly,WAIT_AND_RETRY,0.7474352800391988,2.0,642.5775846024997,640.5775846024997,2
FAIL_001742,PAY_011470,CUST_0675,SUB_0675,859.71,2025-04-06,NETWORK_ERROR,TECHNICAL,811,15,12,27,0.5556,0.35,0.45,friction_prone,0.4444,0.5556,pro,859.71,monthly,PAYMENT_LINK,0.5559975033410873,3.0,477.9966135973662,474.9966135973662,3
FAIL_001742,PAY_011470,CUST_0675,SUB_0675,859.71,2025-04-06,NETWORK_ERROR,TECHNICAL,811,15,12,27,0.5556,0.35,0.45,friction_prone,0.4444,0.5556,pro,859.71,monthly,SEND_REMINDER,0.4793690954230731,1.0,412.1184050261702,411.1184050261702,4
FAIL_001742,PAY_011470,CUST_0675,SUB_0675,859.71,2025-04-06,NETWORK_ERROR,TECHNICAL,811,15,12,27,0.5556,0.35,0.45,friction_prone,0.4444,0.5556,pro,859.71,monthly,UPDATE_PAYMENT_METHOD,0.051980970334692435,3.0,44.688560006438436,41.688560006438436,5
FAIL_001742,PAY_011470,CUST_0675,SUB_0675,859.71,2025-04-06,NETWORK_ERROR,TECHNICAL,811,15,12,27,0.5556,0.35,0.45,friction_prone,0.4444,0.5556,pro,859.71,monthly,STOP,0.0,0.0,0.0,0.0,6
FAIL_001748,PAY_011489,CUST_0676,SUB_0676,208.63,2024-02-04,INSUFFICIENT_FUNDS,CUSTOMER_FINANCIAL,998,27,6,33,0.8182,0.3,0.25,low_engagement,0.1818,0.8182,starter,208.63,monthly,WAIT_AND_RETRY,0.7891472863861364,2.0,164.63979835873963,162.63979835873963,1
FAIL_001748,PAY_011489,CUST_0676,SUB_0676,208.63,2024-02-04,INSUFFICIENT_FUNDS,CUSTOMER_FINANCIAL,998,27,6,33,0.8182,0.3,0.25,low_engagement,0.1818,0.8182,starter,208.63,monthly,SEND_REMINDER,0.5167739028869209,1.0,107.81453935929831,106.81453935929831,2
FAIL_001748,PAY_011489,CUST_0676,SUB_0676,208.63,2024-02-04,INSUFFICIENT_FUNDS,CUSTOMER_FINANCIAL,998,27,6,33,0.8182,0.3,0.25,low_engagement,0.1818,0.8182,starter,208.63,monthly,PAYMENT_LINK,0.44859654532938287,3.0,93.59069725206915,90.59069725206915,3
FAIL_001748,PAY_011489,CUST_0676,SUB_0676,208.63,2024-02-04,INSUFFICIENT_FUNDS,CUSTOMER_FINANCIAL,998,27,6,33,0.8182,0.3,0.25,low_engagement,0.1818,0.8182,starter,208.63,monthly,RETRY_NOW,0.3379326902190365,2.0,70.50289716039758,68.50289716039758,4
FAIL_001748,PAY_011489,CUST_0676,SUB_0676,208.63,2024-02-04,INSUFFICIENT_FUNDS,CUSTOMER_FINANCIAL,998,27,6,33,0.8182,0.3,0.25,low_engagement,0.1818,0.8182,starter,208.63,monthly,UPDATE_PAYMENT_METHOD,0.09075754838039315,3.0,18.934747318601424,15.934747318601424,5
FAIL_001748,PAY_011489,CUST_0676,SUB_0676,208.63,2024-02-04,INSUFFICIENT_FUNDS,CUSTOMER_FINANCIAL,998,27,6,33,0.8182,0.3,0.25,low_engagement,0.1818,0.8182,starter,208.63,monthly,STOP,0.0,0.0,0.0,0.0,6
FAIL_001752,PAY_011500,CUST_0676,SUB_0676,208.63,2024-12-30,CARD_EXPIRED,PAYMENT_METHOD,998,27,6,33,0.8182,0.3,0.25,low_engagement,0.1818,0.8182,starter,208.63,monthly,UPDATE_PAYMENT_METHOD,0.7561537543798722,3.0,157.75635777627272,154.75635777627272,1
FAIL_001752,PAY_011500,CUST_0676,SUB_0676,208.63,2024-12-30,CARD_EXPIRED,PAYMENT_METHOD,998,27,6,33,0.8182,0.3,0.25,low_engagement,0.1818,0.8182,starter,208.63,monthly,PAYMENT_LINK,0.4214251879516955,3.0,87.92193696236222,84.92193696236222,2
FAIL_001752,PAY_011500,CUST_0676,SUB_0676,208.63,2024-12-30,CARD_EXPIRED,PAYMENT_METHOD,998,27,6,33,0.8182,0.3,0.25,low_engagement,0.1818,0.8182,starter,208.63,monthly,SEND_REMINDER,0.23938039739307035,1.0,49.941932308116264,48.941932308116264,3
FAIL_001752,PAY_011500,CUST_0676,SUB_0676,208.63,2024-12-30,CARD_EXPIRED,PAYMENT_METHOD,998,27,6,33,0.8182,0.3,0.25,low_engagement,0.1818,0.8182,starter,208.63,monthly,RETRY_NOW,0.1204201052597064,2.0,25.123246560332543,23.123246560332543,4
FAIL_001752,PAY_011500,CUST_0676,SUB_0676,208.63,2024-12-30,CARD_EXPIRED,PAYMENT_METHOD,998,27,6,33,0.8182,0.3,0.25,low_engagement,0.1818,0.8182,starter,208.63,monthly,WAIT_AND_RETRY,0.08488499726494364,2.0,17.70955697938519,15.70955697938519,5
FAIL_001752,PAY_011500,CUST_0676,SUB_0676,208.63,2024-12-30,CARD_EXPIRED,PAYMENT_METHOD,998,27,6,33,0.8182,0.3,0.25,low_engagement,0.1818,0.8182,starter,208.63,monthly,STOP,0.0,0.0,0.0,0.0,6
FAIL_001755,PAY_011530,CUST_0679,SUB_0679,1699.94,2024-03-12,INSUFFICIENT_FUNDS,CUSTOMER_FINANCIAL,961,26,6,32,0.8125,0.6,0.6,normal,0.1875,0.8125,starter,1699.94,monthly,WAIT_AND_RETRY,0.6702352608601077,2.0,1139.3597293465314,1137.3597293465314,1
FAIL_001755,PAY_011530,CUST_0679,SUB_0679,1699.94,2024-03-12,INSUFFICIENT_FUNDS,CUSTOMER_FINANCIAL,961,26,6,32,0.8125,0.6,0.6,normal,0.1875,0.8125,starter,1699.94,monthly,PAYMENT_LINK,0.5463784567223029,3.0,928.8105937205116,925.8105937205116,2
FAIL_001755,PAY_011530,CUST_0679,SUB_0679,1699.94,2024-03-12,INSUFFICIENT_FUNDS,CUSTOMER_FINANCIAL,961,26,6,32,0.8125,0.6,0.6,normal,0.1875,0.8125,starter,1699.94,monthly,SEND_REMINDER,0.36522282907495296,1.0,620.8568960576755,619.8568960576755,3
FAIL_001755,PAY_011530,CUST_0679,SUB_0679,1699.94,2024-03-12,INSUFFICIENT_FUNDS,CUSTOMER_FINANCIAL,961,26,6,32,0.8125,0.6,0.6,normal,0.1875,0.8125,starter,1699.94,monthly,UPDATE_PAYMENT_METHOD,0.2591688548208249,3.0,440.57150306411313,437.57150306411313,4
FAIL_001755,PAY_011530,CUST_0679,SUB_0679,1699.94,2024-03-12,INSUFFICIENT_FUNDS,CUSTOMER_FINANCIAL,961,26,6,32,0.8125,0.6,0.6,normal,0.1875,0.8125,starter,1699.94,monthly,RETRY_NOW,0.2381791562325271,2.0,404.89027484592214,402.89027484592214,5
FAIL_001755,PAY_011530,CUST_0679,SUB_0679,1699.94,2024-03-12,INSUFFICIENT_FUNDS,CUSTOMER_FINANCIAL,961,26,6,32,0.8125,0.6,0.6,normal,0.1875,0.8125,starter,1699.94,monthly,STOP,0.0,0.0,0.0,0.0,6
FAIL_001761,PAY_011571,CUST_0680,SUB_0680,1595.24,2025-06-28,BANK_DECLINED,ISSUER_DECLINE,758,16,9,25,0.64,0.35,0.45,friction_prone,0.36,0.64,pro,1595.24,monthly,PAYMENT_LINK,0.6320193428450743,3.0,1008.2225364801764,1005.2225364801764,1
FAIL_001761,PAY_011571,CUST_0680,SUB_0680,1595.24,2025-06-28,BANK_DECLINED,ISSUER_DECLINE,758,16,9,25,0.64,0.35,0.45,friction_prone,0.36,0.64,pro,1595.24,monthly,WAIT_AND_RETRY,0.5911298784239521,2.0,942.9940272570254,940.9940272570254,2
FAIL_001761,PAY_011571,CUST_0680,SUB_0680,1595.24,2025-06-28,BANK_DECLINED,ISSUER_DECLINE,758,16,9,25,0.64,0.35,0.45,friction_prone,0.36,0.64,pro,1595.24,monthly,SEND_REMINDER,0.5098238032242037,1.0,813.2913238553788,812.2913238553788,3
FAIL_001761,PAY_011571,CUST_0680,SUB_0680,1595.24,2025-06-28,BANK_DECLINED,ISSUER_DECLINE,758,16,9,25,0.64,0.35,0.45,friction_prone,0.36,0.64,pro,1595.24,monthly,UPDATE_PAYMENT_METHOD,0.43484193397027665,3.0,693.6772467467441,690.6772467467441,4
FAIL_001761,PAY_011571,CUST_0680,SUB_0680,1595.24,2025-06-28,BANK_DECLINED,ISSUER_DECLINE,758,16,9,25,0.64,0.35,0.45,friction_prone,0.36,0.64,pro,1595.24,monthly,RETRY_NOW,0.26654559525616145,2.0,425.204195376439,423.204195376439,5
FAIL_001761,PAY_011571,CUST_0680,SUB_0680,1595.24,2025-06-28,BANK_DECLINED,ISSUER_DECLINE,758,16,9,25,0.64,0.35,0.45,friction_prone,0.36,0.64,pro,1595.24,monthly,STOP,0.0,0.0,0.0,0.0,6
FAIL_001766,PAY_011582,CUST_0680,SUB_0680,1595.24,2026-05-24,BANK_DECLINED,ISSUER_DECLINE,758,16,9,25,0.64,0.35,0.45,friction_prone,0.36,0.64,pro,1595.24,monthly,PAYMENT_LINK,0.6320193428450743,3.0,1008.2225364801764,1005.2225364801764,1
FAIL_001766,PAY_011582,CUST_0680,SUB_0680,1595.24,2026-05-24,BANK_DECLINED,ISSUER_DECLINE,758,16,9,25,0.64,0.35,0.45,friction_prone,0.36,0.64,pro,1595.24,monthly,WAIT_AND_RETRY,0.5911298784239521,2.0,942.9940272570254,940.9940272570254,2
FAIL_001766,PAY_011582,CUST_0680,SUB_0680,1595.24,2026-05-24,BANK_DECLINED,ISSUER_DECLINE,758,16,9,25,0.64,0.35,0.45,friction_prone,0.36,0.64,pro,1595.24,monthly,SEND_REMINDER,0.5098238032242037,1.0,813.2913238553788,812.2913238553788,3
FAIL_001766,PAY_011582,CUST_0680,SUB_0680,1595.24,2026-05-24,BANK_DECLINED,ISSUER_DECLINE,758,16,9,25,0.64,0.35,0.45,friction_prone,0.36,0.64,pro,1595.24,monthly,UPDATE_PAYMENT_METHOD,0.43484193397027665,3.0,693.6772467467441,690.6772467467441,4
FAIL_001766,PAY_011582,CUST_0680,SUB_0680,1595.24,2026-05-24,BANK_DECLINED,ISSUER_DECLINE,758,16,9,25,0.64,0.35,0.45,friction_prone,0.36,0.64,pro,1595.24,monthly,RETRY_NOW,0.26654559525616145,2.0,425.204195376439,423.204195376439,5
FAIL_001766,PAY_011582,CUST_0680,SUB_0680,1595.24,2026-05-24,BANK_DECLINED,ISSUER_DECLINE,758,16,9,25,0.64,0.35,0.45,friction_prone,0.36,0.64,pro,1595.24,monthly,STOP,0.0,0.0,0.0,0.0,6
FAIL_001767,PAY_011583,CUST_0680,SUB_0680,1595.24,2026-06-23,INSUFFICIENT_FUNDS,CUSTOMER_FINANCIAL,758,16,9,25,0.64,0.35,0.45,friction_prone,0.36,0.64,pro,1595.24,monthly,PAYMENT_LINK,0.5790129310247635,3.0,923.6645880879437,920.6645880879437,1
FAIL_001767,PAY_011583,CUST_0680,SUB_0680,1595.24,2026-06-23,INSUFFICIENT_FUNDS,CUSTOMER_FINANCIAL,758,16,9,25,0.64,0.35,0.45,friction_prone,0.36,0.64,pro,1595.24,monthly,SEND_REMINDER,0.5575309432868467,1.0,889.3956619689094,888.3956619689094,2
FAIL_001767,PAY_011583,CUST_0680,SUB_0680,1595.24,2026-06-23,INSUFFICIENT_FUNDS,CUSTOMER_FINANCIAL,758,16,9,25,0.64,0.35,0.45,friction_prone,0.36,0.64,pro,1595.24,monthly,WAIT_AND_RETRY,0.5536585059101281,2.0,883.2181949680728,881.2181949680728,3
FAIL_001767,PAY_011583,CUST_0680,SUB_0680,1595.24,2026-06-23,INSUFFICIENT_FUNDS,CUSTOMER_FINANCIAL,758,16,9,25,0.64,0.35,0.45,friction_prone,0.36,0.64,pro,1595.24,monthly,UPDATE_PAYMENT_METHOD,0.285274538622434,3.0,455.0813549920516,452.0813549920516,4
FAIL_001767,PAY_011583,CUST_0680,SUB_0680,1595.24,2026-06-23,INSUFFICIENT_FUNDS,CUSTOMER_FINANCIAL,758,16,9,25,0.64,0.35,0.45,friction_prone,0.36,0.64,pro,1595.24,monthly,RETRY_NOW,0.19691997281744425,2.0,314.13461743729977,312.13461743729977,5
FAIL_001767,PAY_011583,CUST_0680,SUB_0680,1595.24,2026-06-23,INSUFFICIENT_FUNDS,CUSTOMER_FINANCIAL,758,16,9,25,0.64,0.35,0.45,friction_prone,0.36,0.64,pro,1595.24,monthly,STOP,0.0,0.0,0.0,0.0,6
FAIL_001780,PAY_011715,CUST_0687,SUB_0687,345.77,2025-06-29,BANK_DECLINED,ISSUER_DECLINE,937,21,10,31,0.6774,0.6,0.6,normal,0.3226,0.6774,growth,345.77,monthly,WAIT_AND_RETRY,0.6074370389946318,2.0,210.03350497317382,208.03350497317382,1
FAIL_001780,PAY_011715,CUST_0687,SUB_0687,345.77,2025-06-29,BANK_DECLINED,ISSUER_DECLINE,937,21,10,31,0.6774,0.6,0.6,normal,0.3226,0.6774,growth,345.77,monthly,SEND_REMINDER,0.425458891458787,1.0,147.11092089970478,146.11092089970478,2
FAIL_001780,PAY_011715,CUST_0687,SUB_0687,345.77,2025-06-29,BANK_DECLINED,ISSUER_DECLINE,937,21,10,31,0.6774,0.6,0.6,normal,0.3226,0.6774,growth,345.77,monthly,PAYMENT_LINK,0.4059782260573244,3.0,140.37509122384105,137.37509122384105,3
FAIL_001780,PAY_011715,CUST_0687,SUB_0687,345.77,2025-06-29,BANK_DECLINED,ISSUER_DECLINE,937,21,10,31,0.6774,0.6,0.6,normal,0.3226,0.6774,growth,345.77,monthly,UPDATE_PAYMENT_METHOD,0.2967542470095434,3.0,102.60871598848982,99.60871598848982,4
FAIL_001780,PAY_011715,CUST_0687,SUB_0687,345.77,2025-06-29,BANK_DECLINED,ISSUER_DECLINE,937,21,10,31,0.6774,0.6,0.6,normal,0.3226,0.6774,growth,345.77,monthly,RETRY_NOW,0.25649966050602413,2.0,88.68988761316795,86.68988761316795,5
FAIL_001780,PAY_011715,CUST_0687,SUB_0687,345.77,2025-06-29,BANK_DECLINED,ISSUER_DECLINE,937,21,10,31,0.6774,0.6,0.6,normal,0.3226,0.6774,growth,345.77,monthly,STOP,0.0,0.0,0.0,0.0,6
FAIL_001781,PAY_011724,CUST_0687,SUB_0687,345.77,2026-03-26,LIMIT_EXCEEDED,PAYMENT_LIMIT,937,21,10,31,0.6774,0.6,0.6,normal,0.3226,0.6774,growth,345.77,monthly,PAYMENT_LINK,0.6598596002151018,3.0,228.15965396637574,225.15965396637574,1
FAIL_001781,PAY_011724,CUST_0687,SUB_0687,345.77,2026-03-26,LIMIT_EXCEEDED,PAYMENT_LIMIT,937,21,10,31,0.6774,0.6,0.6,normal,0.3226,0.6774,growth,345.77,monthly,UPDATE_PAYMENT_METHOD,0.6586889196837041,3.0,227.75486775903437,224.75486775903437,2
FAIL_001781,PAY_011724,CUST_0687,SUB_0687,345.77,2026-03-26,LIMIT_EXCEEDED,PAYMENT_LIMIT,937,21,10,31,0.6774,0.6,0.6,normal,0.3226,0.6774,growth,345.77,monthly,WAIT_AND_RETRY,0.35068922151328086,2.0,121.25781212264711,119.25781212264711,3
FAIL_001781,PAY_011724,CUST_0687,SUB_0687,345.77,2026-03-26,LIMIT_EXCEEDED,PAYMENT_LIMIT,937,21,10,31,0.6774,0.6,0.6,normal,0.3226,0.6774,growth,345.77,monthly,SEND_REMINDER,0.292276488540287,1.0,101.06044144257503,100.06044144257503,4
FAIL_001781,PAY_011724,CUST_0687,SUB_0687,345.77,2026-03-26,LIMIT_EXCEEDED,PAYMENT_LIMIT,937,21,10,31,0.6774,0.6,0.6,normal,0.3226,0.6774,growth,345.77,monthly,RETRY_NOW,0.2325154176306717,2.0,80.39685595415736,78.39685595415736,5
FAIL_001781,PAY_011724,CUST_0687,SUB_0687,345.77,2026-03-26,LIMIT_EXCEEDED,PAYMENT_LIMIT,937,21,10,31,0.6774,0.6,0.6,normal,0.3226,0.6774,growth,345.77,monthly,STOP,0.0,0.0,0.0,0.0,6
FAIL_001787,PAY_011737,CUST_0688,SUB_0688,703.54,2025-12-28,NETWORK_ERROR,TECHNICAL,485,12,4,16,0.75,0.35,0.45,friction_prone,0.25,0.75,growth,703.54,monthly,RETRY_NOW,0.8080512493590065,2.0,568.4963759740355,566.4963759740355,1
FAIL_001787,PAY_011737,CUST_0688,SUB_0688,703.54,2025-12-28,NETWORK_ERROR,TECHNICAL,485,12,4,16,0.75,0.35,0.45,friction_prone,0.25,0.75,growth,703.54,monthly,WAIT_AND_RETRY,0.7643199981049,2.0,537.7296914667213,535.7296914667213,2
FAIL_001787,PAY_011737,CUST_0688,SUB_0688,703.54,2025-12-28,NETWORK_ERROR,TECHNICAL,485,12,4,16,0.75,0.35,0.45,friction_prone,0.25,0.75,growth,703.54,monthly,PAYMENT_LINK,0.4066508284084198,3.0,286.0951238184597,283.0951238184597,3
FAIL_001787,PAY_011737,CUST_0688,SUB_0688,703.54,2025-12-28,NETWORK_ERROR,TECHNICAL,485,12,4,16,0.75,0.35,0.45,friction_prone,0.25,0.75,growth,703.54,monthly,SEND_REMINDER,0.32109933062420953,1.0,225.90622306735636,224.90622306735636,4
FAIL_001787,PAY_011737,CUST_0688,SUB_0688,703.54,2025-12-28,NETWORK_ERROR,TECHNICAL,485,12,4,16,0.75,0.35,0.45,friction_prone,0.25,0.75,growth,703.54,monthly,UPDATE_PAYMENT_METHOD,0.15389446704780094,3.0,108.27091334680986,105.27091334680986,5
FAIL_001787,PAY_011737,CUST_0688,SUB_0688,703.54,2025-12-28,NETWORK_ERROR,TECHNICAL,485,12,4,16,0.75,0.35,0.45,friction_prone,0.25,0.75,growth,703.54,monthly,STOP,0.0,0.0,0.0,0.0,6
FAIL_001788,PAY_011739,CUST_0688,SUB_0688,703.54,2026-02-26,INSUFFICIENT_FUNDS,CUSTOMER_FINANCIAL,485,12,4,16,0.75,0.35,0.45,friction_prone,0.25,0.75,growth,703.54,monthly,WAIT_AND_RETRY,0.737097306602977,2.0,518.5774390874584,516.5774390874584,1
FAIL_001788,PAY_011739,CUST_0688,SUB_0688,703.54,2026-02-26,INSUFFICIENT_FUNDS,CUSTOMER_FINANCIAL,485,12,4,16,0.75,0.35,0.45,friction_prone,0.25,0.75,growth,703.54,monthly,PAYMENT_LINK,0.6302867688709227,3.0,443.43195337144897,440.43195337144897,2
FAIL_001788,PAY_011739,CUST_0688,SUB_0688,703.54,2026-02-26,INSUFFICIENT_FUNDS,CUSTOMER_FINANCIAL,485,12,4,16,0.75,0.35,0.45,friction_prone,0.25,0.75,growth,703.54,monthly,SEND_REMINDER,0.5258607891582725,1.0,369.964099604411,368.964099604411,3
FAIL_001788,PAY_011739,CUST_0688,SUB_0688,703.54,2026-02-26,INSUFFICIENT_FUNDS,CUSTOMER_FINANCIAL,485,12,4,16,0.75,0.35,0.45,friction_prone,0.25,0.75,growth,703.54,monthly,UPDATE_PAYMENT_METHOD,0.3335528395635624,3.0,234.6677647465487,231.6677647465487,4
FAIL_001788,PAY_011739,CUST_0688,SUB_0688,703.54,2026-02-26,INSUFFICIENT_FUNDS,CUSTOMER_FINANCIAL,485,12,4,16,0.75,0.35,0.45,friction_prone,0.25,0.75,growth,703.54,monthly,RETRY_NOW,0.2694036480996172,2.0,189.53624258400467,187.53624258400467,5
FAIL_001788,PAY_011739,CUST_0688,SUB_0688,703.54,2026-02-26,INSUFFICIENT_FUNDS,CUSTOMER_FINANCIAL,485,12,4,16,0.75,0.35,0.45,friction_prone,0.25,0.75,growth,703.54,monthly,STOP,0.0,0.0,0.0,0.0,6
FAIL_001795,PAY_011806,CUST_0693,SUB_0693,1009.84,2025-10-07,CARD_EXPIRED,PAYMENT_METHOD,447,11,3,14,0.7857,0.3,0.25,low_engagement,0.2143,0.7857,growth,1009.84,monthly,UPDATE_PAYMENT_METHOD,0.9012759162789634,3.0,910.1444712951485,907.1444712951485,1
FAIL_001795,PAY_011806,CUST_0693,SUB_0693,1009.84,2025-10-07,CARD_EXPIRED,PAYMENT_METHOD,447,11,3,14,0.7857,0.3,0.25,low_engagement,0.2143,0.7857,growth,1009.84,monthly,PAYMENT_LINK,0.25344818340097985,3.0,255.9421135256455,252.9421135256455,2
FAIL_001795,PAY_011806,CUST_0693,SUB_0693,1009.84,2025-10-07,CARD_EXPIRED,PAYMENT_METHOD,447,11,3,14,0.7857,0.3,0.25,low_engagement,0.2143,0.7857,growth,1009.84,monthly,RETRY_NOW,0.08103268927274901,2.0,81.83005093519286,79.83005093519286,3
FAIL_001795,PAY_011806,CUST_0693,SUB_0693,1009.84,2025-10-07,CARD_EXPIRED,PAYMENT_METHOD,447,11,3,14,0.7857,0.3,0.25,low_engagement,0.2143,0.7857,growth,1009.84,monthly,SEND_REMINDER,0.047824883390729656,1.0,48.295480243294435,47.295480243294435,4
FAIL_001795,PAY_011806,CUST_0693,SUB_0693,1009.84,2025-10-07,CARD_EXPIRED,PAYMENT_METHOD,447,11,3,14,0.7857,0.3,0.25,low_engagement,0.2143,0.7857,growth,1009.84,monthly,WAIT_AND_RETRY,0.03427544608195263,2.0,34.61271647139905,32.61271647139905,5
FAIL_001795,PAY_011806,CUST_0693,SUB_0693,1009.84,2025-10-07,CARD_EXPIRED,PAYMENT_METHOD,447,11,3,14,0.7857,0.3,0.25,low_engagement,0.2143,0.7857,growth,1009.84,monthly,STOP,0.0,0.0,0.0,0.0,6
FAIL_001802,PAY_011823,CUST_0694,SUB_0694,1377.46,2025-08-22,BANK_DECLINED,ISSUER_DECLINE,583,9,10,19,0.4737,0.35,0.45,friction_prone,0.5263,0.4737,pro,1377.46,monthly,SEND_REMINDER,0.5597203445717231,1.0,770.9923858337658,769.9923858337658,1
FAIL_001802,PAY_011823,CUST_0694,SUB_0694,1377.46,2025-08-22,BANK_DECLINED,ISSUER_DECLINE,583,9,10,19,0.4737,0.35,0.45,friction_prone,0.5263,0.4737,pro,1377.46,monthly,RETRY_NOW,0.509469011837582,2.0,701.7731850457957,699.7731850457957,2
FAIL_001802,PAY_011823,CUST_0694,SUB_0694,1377.46,2025-08-22,BANK_DECLINED,ISSUER_DECLINE,583,9,10,19,0.4737,0.35,0.45,friction_prone,0.5263,0.4737,pro,1377.46,monthly,WAIT_AND_RETRY,0.506861473588201,2.0,698.1814054088034,696.1814054088034,3
FAIL_001802,PAY_011823,CUST_0694,SUB_0694,1377.46,2025-08-22,BANK_DECLINED,ISSUER_DECLINE,583,9,10,19,0.4737,0.35,0.45,friction_prone,0.5263,0.4737,pro,1377.46,monthly,UPDATE_PAYMENT_METHOD,0.36459758054461966,3.0,502.2185832969918,499.2185832969918,4
FAIL_001802,PAY_011823,CUST_0694,SUB_0694,1377.46,2025-08-22,BANK_DECLINED,ISSUER_DECLINE,583,9,10,19,0.4737,0.35,0.45,friction_prone,0.5263,0.4737,pro,1377.46,monthly,PAYMENT_LINK,0.29087383086133706,3.0,400.6670670582574,397.6670670582574,5
FAIL_001802,PAY_011823,CUST_0694,SUB_0694,1377.46,2025-08-22,BANK_DECLINED,ISSUER_DECLINE,583,9,10,19,0.4737,0.35,0.45,friction_prone,0.5263,0.4737,pro,1377.46,monthly,STOP,0.0,0.0,0.0,0.0,6
FAIL_001810,PAY_011855,CUST_0697,SUB_0697,671.72,2025-03-25,AUTHENTICATION_FAILED,CUSTOMER_ACTION,763,23,2,25,0.92,0.6,0.6,normal,0.08,0.92,starter,671.72,monthly,UPDATE_PAYMENT_METHOD,0.8621672166203131,3.0,579.1349627481968,576.1349627481968,1
FAIL_001810,PAY_011855,CUST_0697,SUB_0697,671.72,2025-03-25,AUTHENTICATION_FAILED,CUSTOMER_ACTION,763,23,2,25,0.92,0.6,0.6,normal,0.08,0.92,starter,671.72,monthly,PAYMENT_LINK,0.6601428518735412,3.0,443.43115646049506,440.43115646049506,2
FAIL_001810,PAY_011855,CUST_0697,SUB_0697,671.72,2025-03-25,AUTHENTICATION_FAILED,CUSTOMER_ACTION,763,23,2,25,0.92,0.6,0.6,normal,0.08,0.92,starter,671.72,monthly,SEND_REMINDER,0.5060583293069782,1.0,339.92950096208347,338.92950096208347,3
FAIL_001810,PAY_011855,CUST_0697,SUB_0697,671.72,2025-03-25,AUTHENTICATION_FAILED,CUSTOMER_ACTION,763,23,2,25,0.92,0.6,0.6,normal,0.08,0.92,starter,671.72,monthly,WAIT_AND_RETRY,0.18428264623541532,2.0,123.78633912925318,121.78633912925318,4
FAIL_001810,PAY_011855,CUST_0697,SUB_0697,671.72,2025-03-25,AUTHENTICATION_FAILED,CUSTOMER_ACTION,763,23,2,25,0.92,0.6,0.6,normal,0.08,0.92,starter,671.72,monthly,RETRY_NOW,0.0640754413703599,2.0,43.040755477298156,41.040755477298156,5
FAIL_001810,PAY_011855,CUST_0697,SUB_0697,671.72,2025-03-25,AUTHENTICATION_FAILED,CUSTOMER_ACTION,763,23,2,25,0.92,0.6,0.6,normal,0.08,0.92,starter,671.72,monthly,STOP,0.0,0.0,0.0,0.0,6
FAIL_001812,PAY_011861,CUST_0697,SUB_0697,671.72,2025-09-21,LIMIT_EXCEEDED,PAYMENT_LIMIT,763,23,2,25,0.92,0.6,0.6,normal,0.08,0.92,starter,671.72,monthly,PAYMENT_LINK,0.8461614252649751,3.0,568.3835525789891,565.3835525789891,1
FAIL_001812,PAY_011861,CUST_0697,SUB_0697,671.72,2025-09-21,LIMIT_EXCEEDED,PAYMENT_LIMIT,763,23,2,25,0.92,0.6,0.6,normal,0.08,0.92,starter,671.72,monthly,UPDATE_PAYMENT_METHOD,0.572028601980471,3.0,384.243052522322,381.243052522322,2
FAIL_001812,PAY_011861,CUST_0697,SUB_0697,671.72,2025-09-21,LIMIT_EXCEEDED,PAYMENT_LIMIT,763,23,2,25,0.92,0.6,0.6,normal,0.08,0.92,starter,671.72,monthly,SEND_REMINDER,0.30338395911333543,1.0,203.7890730156097,202.7890730156097,3
FAIL_001812,PAY_011861,CUST_0697,SUB_0697,671.72,2025-09-21,LIMIT_EXCEEDED,PAYMENT_LIMIT,763,23,2,25,0.92,0.6,0.6,normal,0.08,0.92,starter,671.72,monthly,WAIT_AND_RETRY,0.2351364976725763,2.0,157.94588821662296,155.94588821662296,4
FAIL_001812,PAY_011861,CUST_0697,SUB_0697,671.72,2025-09-21,LIMIT_EXCEEDED,PAYMENT_LIMIT,763,23,2,25,0.92,0.6,0.6,normal,0.08,0.92,starter,671.72,monthly,RETRY_NOW,0.06709260658451262,2.0,45.067445694948816,43.067445694948816,5
FAIL_001812,PAY_011861,CUST_0697,SUB_0697,671.72,2025-09-21,LIMIT_EXCEEDED,PAYMENT_LIMIT,763,23,2,25,0.92,0.6,0.6,normal,0.08,0.92,starter,671.72,monthly,STOP,0.0,0.0,0.0,0.0,6
FAIL_001813,PAY_011872,CUST_0698,SUB_0698,636.44,2025-06-29,AUTHENTICATION_FAILED,CUSTOMER_ACTION,427,10,4,14,0.7143,0.35,0.45,friction_prone,0.2857,0.7143,pro,636.44,monthly,UPDATE_PAYMENT_METHOD,0.7729990234946157,3.0,491.96749851291327,488.96749851291327,1
FAIL_001813,PAY_011872,CUST_0698,SUB_0698,636.44,2025-06-29,AUTHENTICATION_FAILED,CUSTOMER_ACTION,427,10,4,14,0.7143,0.35,0.45,friction_prone,0.2857,0.7143,pro,636.44,monthly,PAYMENT_LINK,0.7026998903903622,3.0,447.22631824004213,444.22631824004213,2
FAIL_001813,PAY_011872,CUST_0698,SUB_0698,636.44,2025-06-29,AUTHENTICATION_FAILED,CUSTOMER_ACTION,427,10,4,14,0.7143,0.35,0.45,friction_prone,0.2857,0.7143,pro,636.44,monthly,SEND_REMINDER,0.3807730503176819,1.0,242.33920014418547,241.33920014418547,3
FAIL_001813,PAY_011872,CUST_0698,SUB_0698,636.44,2025-06-29,AUTHENTICATION_FAILED,CUSTOMER_ACTION,427,10,4,14,0.7143,0.35,0.45,friction_prone,0.2857,0.7143,pro,636.44,monthly,RETRY_NOW,0.16133829704984368,2.0,102.68214577440251,100.68214577440251,4
FAIL_001813,PAY_011872,CUST_0698,SUB_0698,636.44,2025-06-29,AUTHENTICATION_FAILED,CUSTOMER_ACTION,427,10,4,14,0.7143,0.35,0.45,friction_prone,0.2857,0.7143,pro,636.44,monthly,WAIT_AND_RETRY,0.08906757242181747,2.0,56.686165792141516,54.686165792141516,5
FAIL_001813,PAY_011872,CUST_0698,SUB_0698,636.44,2025-06-29,AUTHENTICATION_FAILED,CUSTOMER_ACTION,427,10,4,14,0.7143,0.35,0.45,friction_prone,0.2857,0.7143,pro,636.44,monthly,STOP,0.0,0.0,0.0,0.0,6
FAIL_001816,PAY_011883,CUST_0698,SUB_0698,636.44,2026-05-25,LIMIT_EXCEEDED,PAYMENT_LIMIT,427,10,4,14,0.7143,0.35,0.45,friction_prone,0.2857,0.7143,pro,636.44,monthly,PAYMENT_LINK,0.5188242843839205,3.0,330.2005275533024,327.2005275533024,1
FAIL_001816,PAY_011883,CUST_0698,SUB_0698,636.44,2026-05-25,LIMIT_EXCEEDED,PAYMENT_LIMIT,427,10,4,14,0.7143,0.35,0.45,friction_prone,0.2857,0.7143,pro,636.44,monthly,UPDATE_PAYMENT_METHOD,0.5035339002947902,3.0,320.4691155036163,317.4691155036163,2
FAIL_001816,PAY_011883,CUST_0698,SUB_0698,636.44,2026-05-25,LIMIT_EXCEEDED,PAYMENT_LIMIT,427,10,4,14,0.7143,0.35,0.45,friction_prone,0.2857,0.7143,pro,636.44,monthly,WAIT_AND_RETRY,0.43662442001143037,2.0,277.8852458720748,275.8852458720748,3
FAIL_001816,PAY_011883,CUST_0698,SUB_0698,636.44,2026-05-25,LIMIT_EXCEEDED,PAYMENT_LIMIT,427,10,4,14,0.7143,0.35,0.45,friction_prone,0.2857,0.7143,pro,636.44,monthly,SEND_REMINDER,0.36866781726455683,1.0,234.63494561985456,233.63494561985456,4
FAIL_001816,PAY_011883,CUST_0698,SUB_0698,636.44,2026-05-25,LIMIT_EXCEEDED,PAYMENT_LIMIT,427,10,4,14,0.7143,0.35,0.45,friction_prone,0.2857,0.7143,pro,636.44,monthly,RETRY_NOW,0.05114786264725962,2.0,32.55254570322192,30.552545703221917,5
FAIL_001816,PAY_011883,CUST_0698,SUB_0698,636.44,2026-05-25,LIMIT_EXCEEDED,PAYMENT_LIMIT,427,10,4,14,0.7143,0.35,0.45,friction_prone,0.2857,0.7143,pro,636.44,monthly,STOP,0.0,0.0,0.0,0.0,6
FAIL_001827,PAY_011942,CUST_0702,SUB_0702,618.03,2024-12-27,AUTHENTICATION_FAILED,CUSTOMER_ACTION,821,23,4,27,0.8519,0.6,0.6,normal,0.1481,0.8519,growth,618.03,monthly,UPDATE_PAYMENT_METHOD,0.8952783216038847,3.0,553.3088611008488,550.3088611008488,1
FAIL_001827,PAY_011942,CUST_0702,SUB_0702,618.03,2024-12-27,AUTHENTICATION_FAILED,CUSTOMER_ACTION,821,23,4,27,0.8519,0.6,0.6,normal,0.1481,0.8519,growth,618.03,monthly,PAYMENT_LINK,0.760004213536932,3.0,469.7054040922301,466.7054040922301,2
FAIL_001827,PAY_011942,CUST_0702,SUB_0702,618.03,2024-12-27,AUTHENTICATION_FAILED,CUSTOMER_ACTION,821,23,4,27,0.8519,0.6,0.6,normal,0.1481,0.8519,growth,618.03,monthly,SEND_REMINDER,0.5697316857815612,1.0,352.11127376357825,351.11127376357825,3
FAIL_001827,PAY_011942,CUST_0702,SUB_0702,618.03,2024-12-27,AUTHENTICATION_FAILED,CUSTOMER_ACTION,821,23,4,27,0.8519,0.6,0.6,normal,0.1481,0.8519,growth,618.03,monthly,WAIT_AND_RETRY,0.10562417934867109,2.0,65.2789115628592,63.27891156285919,4
FAIL_001827,PAY_011942,CUST_0702,SUB_0702,618.03,2024-12-27,AUTHENTICATION_FAILED,CUSTOMER_ACTION,821,23,4,27,0.8519,0.6,0.6,normal,0.1481,0.8519,growth,618.03,monthly,RETRY_NOW,0.06194979310484811,2.0,38.28683063258928,36.28683063258928,5
FAIL_001827,PAY_011942,CUST_0702,SUB_0702,618.03,2024-12-27,AUTHENTICATION_FAILED,CUSTOMER_ACTION,821,23,4,27,0.8519,0.6,0.6,normal,0.1481,0.8519,growth,618.03,monthly,STOP,0.0,0.0,0.0,0.0,6
FAIL_001838,PAY_011978,CUST_0703,SUB_0703,360.66,2025-06-08,BANK_DECLINED,ISSUER_DECLINE,928,22,8,30,0.7333,0.35,0.45,friction_prone,0.2667,0.7333,starter,360.66,monthly,WAIT_AND_RETRY,0.6112095086279076,2.0,220.43882138174115,218.43882138174115,1
FAIL_001838,PAY_011978,CUST_0703,SUB_0703,360.66,2025-06-08,BANK_DECLINED,ISSUER_DECLINE,928,22,8,30,0.7333,0.35,0.45,friction_prone,0.2667,0.7333,starter,360.66,monthly,SEND_REMINDER,0.4478392202196543,1.0,161.51769316442054,160.51769316442054,2
FAIL_001838,PAY_011978,CUST_0703,SUB_0703,360.66,2025-06-08,BANK_DECLINED,ISSUER_DECLINE,928,22,8,30,0.7333,0.35,0.45,friction_prone,0.2667,0.7333,starter,360.66,monthly,PAYMENT_LINK,0.45275766750009827,3.0,163.29158036058544,160.29158036058544,3
FAIL_001838,PAY_011978,CUST_0703,SUB_0703,360.66,2025-06-08,BANK_DECLINED,ISSUER_DECLINE,928,22,8,30,0.7333,0.35,0.45,friction_prone,0.2667,0.7333,starter,360.66,monthly,RETRY_NOW,0.4009752438503061,2.0,144.61573144705142,142.61573144705142,4
FAIL_001838,PAY_011978,CUST_0703,SUB_0703,360.66,2025-06-08,BANK_DECLINED,ISSUER_DECLINE,928,22,8,30,0.7333,0.35,0.45,friction_prone,0.2667,0.7333,starter,360.66,monthly,UPDATE_PAYMENT_METHOD,0.3985360537868194,3.0,143.7360131587543,140.7360131587543,5
FAIL_001838,PAY_011978,CUST_0703,SUB_0703,360.66,2025-06-08,BANK_DECLINED,ISSUER_DECLINE,928,22,8,30,0.7333,0.35,0.45,friction_prone,0.2667,0.7333,starter,360.66,monthly,STOP,0.0,0.0,0.0,0.0,6
FAIL_001840,PAY_011987,CUST_0703,SUB_0703,360.66,2026-03-05,LIMIT_EXCEEDED,PAYMENT_LIMIT,928,22,8,30,0.7333,0.35,0.45,friction_prone,0.2667,0.7333,starter,360.66,monthly,UPDATE_PAYMENT_METHOD,0.6962144043721955,3.0,251.09668708087605,248.09668708087605,1
FAIL_001840,PAY_011987,CUST_0703,SUB_0703,360.66,2026-03-05,LIMIT_EXCEEDED,PAYMENT_LIMIT,928,22,8,30,0.7333,0.35,0.45,friction_prone,0.2667,0.7333,starter,360.66,monthly,PAYMENT_LINK,0.6789166409447801,3.0,244.8580757231444,241.8580757231444,2
FAIL_001840,PAY_011987,CUST_0703,SUB_0703,360.66,2026-03-05,LIMIT_EXCEEDED,PAYMENT_LIMIT,928,22,8,30,0.7333,0.35,0.45,friction_prone,0.2667,0.7333,starter,360.66,monthly,SEND_REMINDER,0.29665860952537504,1.0,106.99289411142176,105.99289411142176,3
FAIL_001840,PAY_011987,CUST_0703,SUB_0703,360.66,2026-03-05,LIMIT_EXCEEDED,PAYMENT_LIMIT,928,22,8,30,0.7333,0.35,0.45,friction_prone,0.2667,0.7333,starter,360.66,monthly,WAIT_AND_RETRY,0.25666839422579324,2.0,92.5700230614746,90.5700230614746,4
FAIL_001840,PAY_011987,CUST_0703,SUB_0703,360.66,2026-03-05,LIMIT_EXCEEDED,PAYMENT_LIMIT,928,22,8,30,0.7333,0.35,0.45,friction_prone,0.2667,0.7333,starter,360.66,monthly,RETRY_NOW,0.08068848888701684,2.0,29.101110401991495,27.101110401991495,5
FAIL_001840,PAY_011987,CUST_0703,SUB_0703,360.66,2026-03-05,LIMIT_EXCEEDED,PAYMENT_LIMIT,928,22,8,30,0.7333,0.35,0.45,friction_prone,0.2667,0.7333,starter,360.66,monthly,STOP,0.0,0.0,0.0,0.0,6
FAIL_001844,PAY_011998,CUST_0704,SUB_0704,685.76,2024-06-29,BANK_DECLINED,ISSUER_DECLINE,972,24,8,32,0.75,0.35,0.45,friction_prone,0.25,0.75,starter,685.76,monthly,PAYMENT_LINK,0.6396766621254681,3.0,438.664667819161,435.664667819161,1
FAIL_001844,PAY_011998,CUST_0704,SUB_0704,685.76,2024-06-29,BANK_DECLINED,ISSUER_DECLINE,972,24,8,32,0.75,0.35,0.45,friction_prone,0.25,0.75,starter,685.76,monthly,WAIT_AND_RETRY,0.6199222855420905,2.0,425.11790653334396,423.11790653334396,2
FAIL_001844,PAY_011998,CUST_0704,SUB_0704,685.76,2024-06-29,BANK_DECLINED,ISSUER_DECLINE,972,24,8,32,0.75,0.35,0.45,friction_prone,0.25,0.75,starter,685.76,monthly,RETRY_NOW,0.44289436524277936,2.0,303.71923990888837,301.71923990888837,3
FAIL_001844,PAY_011998,CUST_0704,SUB_0704,685.76,2024-06-29,BANK_DECLINED,ISSUER_DECLINE,972,24,8,32,0.75,0.35,0.45,friction_prone,0.25,0.75,starter,685.76,monthly,SEND_REMINDER,0.4313963638745125,1.0,295.8343704905857,294.8343704905857,4
FAIL_001844,PAY_011998,CUST_0704,SUB_0704,685.76,2024-06-29,BANK_DECLINED,ISSUER_DECLINE,972,24,8,32,0.75,0.35,0.45,friction_prone,0.25,0.75,starter,685.76,monthly,UPDATE_PAYMENT_METHOD,0.3833926576766034,3.0,262.91534892830754,259.91534892830754,5
FAIL_001844,PAY_011998,CUST_0704,SUB_0704,685.76,2024-06-29,BANK_DECLINED,ISSUER_DECLINE,972,24,8,32,0.75,0.35,0.45,friction_prone,0.25,0.75,starter,685.76,monthly,STOP,0.0,0.0,0.0,0.0,6
FAIL_001850,PAY_012013,CUST_0704,SUB_0704,685.76,2025-09-22,INSUFFICIENT_FUNDS,CUSTOMER_FINANCIAL,972,24,8,32,0.75,0.35,0.45,friction_prone,0.25,0.75,starter,685.76,monthly,WAIT_AND_RETRY,0.7104349395416989,2.0,487.18786414011544,485.18786414011544,1
FAIL_001850,PAY_012013,CUST_0704,SUB_0704,685.76,2025-09-22,INSUFFICIENT_FUNDS,CUSTOMER_FINANCIAL,972,24,8,32,0.75,0.35,0.45,friction_prone,0.25,0.75,starter,685.76,monthly,PAYMENT_LINK,0.654494491393364,3.0,448.82614241791333,445.82614241791333,2
FAIL_001850,PAY_012013,CUST_0704,SUB_0704,685.76,2025-09-22,INSUFFICIENT_FUNDS,CUSTOMER_FINANCIAL,972,24,8,32,0.75,0.35,0.45,friction_prone,0.25,0.75,starter,685.76,monthly,SEND_REMINDER,0.4741491841273077,1.0,325.1525445071425,324.1525445071425,3
FAIL_001850,PAY_012013,CUST_0704,SUB_0704,685.76,2025-09-22,INSUFFICIENT_FUNDS,CUSTOMER_FINANCIAL,972,24,8,32,0.75,0.35,0.45,friction_prone,0.25,0.75,starter,685.76,monthly,RETRY_NOW,0.27566696158444753,2.0,189.04137557615073,187.04137557615073,4
FAIL_001850,PAY_012013,CUST_0704,SUB_0704,685.76,2025-09-22,INSUFFICIENT_FUNDS,CUSTOMER_FINANCIAL,972,24,8,32,0.75,0.35,0.45,friction_prone,0.25,0.75,starter,685.76,monthly,UPDATE_PAYMENT_METHOD,0.187192643579614,3.0,128.36922726115608,125.36922726115608,5
FAIL_001850,PAY_012013,CUST_0704,SUB_0704,685.76,2025-09-22,INSUFFICIENT_FUNDS,CUSTOMER_FINANCIAL,972,24,8,32,0.75,0.35,0.45,friction_prone,0.25,0.75,starter,685.76,monthly,STOP,0.0,0.0,0.0,0.0,6
FAIL_001858,PAY_012034,CUST_0705,SUB_0705,937.29,2025-01-21,INSUFFICIENT_FUNDS,CUSTOMER_FINANCIAL,886,22,7,29,0.7586,0.3,0.25,low_engagement,0.2414,0.7586,growth,937.29,monthly,WAIT_AND_RETRY,0.7319368871589339,2.0,686.0371249651971,684.0371249651971,1
FAIL_001858,PAY_012034,CUST_0705,SUB_0705,937.29,2025-01-21,INSUFFICIENT_FUNDS,CUSTOMER_FINANCIAL,886,22,7,29,0.7586,0.3,0.25,low_engagement,0.2414,0.7586,growth,937.29,monthly,PAYMENT_LINK,0.5831036741151143,3.0,546.5372427113555,543.5372427113555,2
FAIL_001858,PAY_012034,CUST_0705,SUB_0705,937.29,2025-01-21,INSUFFICIENT_FUNDS,CUSTOMER_FINANCIAL,886,22,7,29,0.7586,0.3,0.25,low_engagement,0.2414,0.7586,growth,937.29,monthly,SEND_REMINDER,0.47652594265935844,1.0,446.64300079519006,445.64300079519006,3
FAIL_001858,PAY_012034,CUST_0705,SUB_0705,937.29,2025-01-21,INSUFFICIENT_FUNDS,CUSTOMER_FINANCIAL,886,22,7,29,0.7586,0.3,0.25,low_engagement,0.2414,0.7586,growth,937.29,monthly,RETRY_NOW,0.30100460572424514,2.0,282.1286068992777,280.1286068992777,4
FAIL_001858,PAY_012034,CUST_0705,SUB_0705,937.29,2025-01-21,INSUFFICIENT_FUNDS,CUSTOMER_FINANCIAL,886,22,7,29,0.7586,0.3,0.25,low_engagement,0.2414,0.7586,growth,937.29,monthly,UPDATE_PAYMENT_METHOD,0.11108750254694193,3.0,104.1212052622232,101.1212052622232,5
FAIL_001858,PAY_012034,CUST_0705,SUB_0705,937.29,2025-01-21,INSUFFICIENT_FUNDS,CUSTOMER_FINANCIAL,886,22,7,29,0.7586,0.3,0.25,low_engagement,0.2414,0.7586,growth,937.29,monthly,STOP,0.0,0.0,0.0,0.0,6
FAIL_001859,PAY_012036,CUST_0705,SUB_0705,937.29,2025-03-22,AUTHENTICATION_FAILED,CUSTOMER_ACTION,886,22,7,29,0.7586,0.3,0.25,low_engagement,0.2414,0.7586,growth,937.29,monthly,UPDATE_PAYMENT_METHOD,0.714037363686803,3.0,669.2600806100036,666.2600806100036,1
FAIL_001859,PAY_012036,CUST_0705,SUB_0705,937.29,2025-03-22,AUTHENTICATION_FAILED,CUSTOMER_ACTION,886,22,7,29,0.7586,0.3,0.25,low_engagement,0.2414,0.7586,growth,937.29,monthly,PAYMENT_LINK,0.5640815792543579,3.0,528.7080234193171,525.7080234193171,2
FAIL_001859,PAY_012036,CUST_0705,SUB_0705,937.29,2025-03-22,AUTHENTICATION_FAILED,CUSTOMER_ACTION,886,22,7,29,0.7586,0.3,0.25,low_engagement,0.2414,0.7586,growth,937.29,monthly,SEND_REMINDER,0.40583519231045223,1.0,380.38526740066374,379.38526740066374,3
FAIL_001859,PAY_012036,CUST_0705,SUB_0705,937.29,2025-03-22,AUTHENTICATION_FAILED,CUSTOMER_ACTION,886,22,7,29,0.7586,0.3,0.25,low_engagement,0.2414,0.7586,growth,937.29,monthly,RETRY_NOW,0.16902980543910492,2.0,158.42994634001866,156.42994634001866,4
FAIL_001859,PAY_012036,CUST_0705,SUB_0705,937.29,2025-03-22,AUTHENTICATION_FAILED,CUSTOMER_ACTION,886,22,7,29,0.7586,0.3,0.25,low_engagement,0.2414,0.7586,growth,937.29,monthly,WAIT_AND_RETRY,0.11878152065719626,2.0,111.33273149678348,109.33273149678348,5
FAIL_001859,PAY_012036,CUST_0705,SUB_0705,937.29,2025-03-22,AUTHENTICATION_FAILED,CUSTOMER_ACTION,886,22,7,29,0.7586,0.3,0.25,low_engagement,0.2414,0.7586,growth,937.29,monthly,STOP,0.0,0.0,0.0,0.0,6
FAIL_001864,PAY_012049,CUST_0705,SUB_0705,937.29,2026-04-16,CARD_EXPIRED,PAYMENT_METHOD,886,22,7,29,0.7586,0.3,0.25,low_engagement,0.2414,0.7586,growth,937.29,monthly,UPDATE_PAYMENT_METHOD,0.8284421818534249,3.0,776.4905726293965,773.4905726293965,1
FAIL_001864,PAY_012049,CUST_0705,SUB_0705,937.29,2026-04-16,CARD_EXPIRED,PAYMENT_METHOD,886,22,7,29,0.7586,0.3,0.25,low_engagement,0.2414,0.7586,growth,937.29,monthly,PAYMENT_LINK,0.4199087567911108,3.0,393.5762786527402,390.5762786527402,2
FAIL_001864,PAY_012049,CUST_0705,SUB_0705,937.29,2026-04-16,CARD_EXPIRED,PAYMENT_METHOD,886,22,7,29,0.7586,0.3,0.25,low_engagement,0.2414,0.7586,growth,937.29,monthly,SEND_REMINDER,0.13001741918635626,1.0,121.86402682917985,120.86402682917985,3
FAIL_001864,PAY_012049,CUST_0705,SUB_0705,937.29,2026-04-16,CARD_EXPIRED,PAYMENT_METHOD,886,22,7,29,0.7586,0.3,0.25,low_engagement,0.2414,0.7586,growth,937.29,monthly,RETRY_NOW,0.06185325789588058,2.0,57.97444009322991,55.97444009322991,4
FAIL_001864,PAY_012049,CUST_0705,SUB_0705,937.29,2026-04-16,CARD_EXPIRED,PAYMENT_METHOD,886,22,7,29,0.7586,0.3,0.25,low_engagement,0.2414,0.7586,growth,937.29,monthly,WAIT_AND_RETRY,0.04596860055595895,2.0,43.085909615094764,41.085909615094764,5
FAIL_001864,PAY_012049,CUST_0705,SUB_0705,937.29,2026-04-16,CARD_EXPIRED,PAYMENT_METHOD,886,22,7,29,0.7586,0.3,0.25,low_engagement,0.2414,0.7586,growth,937.29,monthly,STOP,0.0,0.0,0.0,0.0,6
FAIL_001866,PAY_012067,CUST_0707,SUB_0707,933.74,2023-12-18,INSUFFICIENT_FUNDS,CUSTOMER_FINANCIAL,986,22,10,32,0.6875,0.35,0.45,friction_prone,0.3125,0.6875,growth,933.74,monthly,WAIT_AND_RETRY,0.7277720158233256,2.0,679.5498420548721,677.5498420548721,1
FAIL_001866,PAY_012067,CUST_0707,SUB_0707,933.74,2023-12-18,INSUFFICIENT_FUNDS,CUSTOMER_FINANCIAL,986,22,10,32,0.6875,0.35,0.45,friction_prone,0.3125,0.6875,growth,933.74,monthly,PAYMENT_LINK,0.7111727517689679,3.0,664.0504452367561,661.0504452367561,2
FAIL_001866,PAY_012067,CUST_0707,SUB_0707,933.74,2023-12-18,INSUFFICIENT_FUNDS,CUSTOMER_FINANCIAL,986,22,10,32,0.6875,0.35,0.45,friction_prone,0.3125,0.6875,growth,933.74,monthly,SEND_REMINDER,0.6331390344104971,1.0,591.1872419904576,590.1872419904576,3
FAIL_001866,PAY_012067,CUST_0707,SUB_0707,933.74,2023-12-18,INSUFFICIENT_FUNDS,CUSTOMER_FINANCIAL,986,22,10,32,0.6875,0.35,0.45,friction_prone,0.3125,0.6875,growth,933.74,monthly,RETRY_NOW,0.4045750420840321,2.0,377.76789979554417,375.76789979554417,4
FAIL_001866,PAY_012067,CUST_0707,SUB_0707,933.74,2023-12-18,INSUFFICIENT_FUNDS,CUSTOMER_FINANCIAL,986,22,10,32,0.6875,0.35,0.45,friction_prone,0.3125,0.6875,growth,933.74,monthly,UPDATE_PAYMENT_METHOD,0.29171180801822494,3.0,272.3829836189374,269.3829836189374,5
FAIL_001866,PAY_012067,CUST_0707,SUB_0707,933.74,2023-12-18,INSUFFICIENT_FUNDS,CUSTOMER_FINANCIAL,986,22,10,32,0.6875,0.35,0.45,friction_prone,0.3125,0.6875,growth,933.74,monthly,STOP,0.0,0.0,0.0,0.0,6
FAIL_001870,PAY_012077,CUST_0707,SUB_0707,933.74,2024-10-13,INSUFFICIENT_FUNDS,CUSTOMER_FINANCIAL,986,22,10,32,0.6875,0.35,0.45,friction_prone,0.3125,0.6875,growth,933.74,monthly,WAIT_AND_RETRY,0.7277720158233256,2.0,679.5498420548721,677.5498420548721,1
FAIL_001870,PAY_012077,CUST_0707,SUB_0707,933.74,2024-10-13,INSUFFICIENT_FUNDS,CUSTOMER_FINANCIAL,986,22,10,32,0.6875,0.35,0.45,friction_prone,0.3125,0.6875,growth,933.74,monthly,PAYMENT_LINK,0.7111727517689679,3.0,664.0504452367561,661.0504452367561,2
FAIL_001870,PAY_012077,CUST_0707,SUB_0707,933.74,2024-10-13,INSUFFICIENT_FUNDS,CUSTOMER_FINANCIAL,986,22,10,32,0.6875,0.35,0.45,friction_prone,0.3125,0.6875,growth,933.74,monthly,SEND_REMINDER,0.6331390344104971,1.0,591.1872419904576,590.1872419904576,3
FAIL_001870,PAY_012077,CUST_0707,SUB_0707,933.74,2024-10-13,INSUFFICIENT_FUNDS,CUSTOMER_FINANCIAL,986,22,10,32,0.6875,0.35,0.45,friction_prone,0.3125,0.6875,growth,933.74,monthly,RETRY_NOW,0.4045750420840321,2.0,377.76789979554417,375.76789979554417,4
FAIL_001870,PAY_012077,CUST_0707,SUB_0707,933.74,2024-10-13,INSUFFICIENT_FUNDS,CUSTOMER_FINANCIAL,986,22,10,32,0.6875,0.35,0.45,friction_prone,0.3125,0.6875,growth,933.74,monthly,UPDATE_PAYMENT_METHOD,0.29171180801822494,3.0,272.3829836189374,269.3829836189374,5
FAIL_001870,PAY_012077,CUST_0707,SUB_0707,933.74,2024-10-13,INSUFFICIENT_FUNDS,CUSTOMER_FINANCIAL,986,22,10,32,0.6875,0.35,0.45,friction_prone,0.3125,0.6875,growth,933.74,monthly,STOP,0.0,0.0,0.0,0.0,6
FAIL_001873,PAY_012085,CUST_0707,SUB_0707,933.74,2025-06-10,INSUFFICIENT_FUNDS,CUSTOMER_FINANCIAL,986,22,10,32,0.6875,0.35,0.45,friction_prone,0.3125,0.6875,growth,933.74,monthly,WAIT_AND_RETRY,0.7277720158233256,2.0,679.5498420548721,677.5498420548721,1
FAIL_001873,PAY_012085,CUST_0707,SUB_0707,933.74,2025-06-10,INSUFFICIENT_FUNDS,CUSTOMER_FINANCIAL,986,22,10,32,0.6875,0.35,0.45,friction_prone,0.3125,0.6875,growth,933.74,monthly,PAYMENT_LINK,0.7111727517689679,3.0,664.0504452367561,661.0504452367561,2
FAIL_001873,PAY_012085,CUST_0707,SUB_0707,933.74,2025-06-10,INSUFFICIENT_FUNDS,CUSTOMER_FINANCIAL,986,22,10,32,0.6875,0.35,0.45,friction_prone,0.3125,0.6875,growth,933.74,monthly,SEND_REMINDER,0.6331390344104971,1.0,591.1872419904576,590.1872419904576,3
FAIL_001873,PAY_012085,CUST_0707,SUB_0707,933.74,2025-06-10,INSUFFICIENT_FUNDS,CUSTOMER_FINANCIAL,986,22,10,32,0.6875,0.35,0.45,friction_prone,0.3125,0.6875,growth,933.74,monthly,RETRY_NOW,0.4045750420840321,2.0,377.76789979554417,375.76789979554417,4
FAIL_001873,PAY_012085,CUST_0707,SUB_0707,933.74,2025-06-10,INSUFFICIENT_FUNDS,CUSTOMER_FINANCIAL,986,22,10,32,0.6875,0.35,0.45,friction_prone,0.3125,0.6875,growth,933.74,monthly,UPDATE_PAYMENT_METHOD,0.29171180801822494,3.0,272.3829836189374,269.3829836189374,5
FAIL_001873,PAY_012085,CUST_0707,SUB_0707,933.74,2025-06-10,INSUFFICIENT_FUNDS,CUSTOMER_FINANCIAL,986,22,10,32,0.6875,0.35,0.45,friction_prone,0.3125,0.6875,growth,933.74,monthly,STOP,0.0,0.0,0.0,0.0,6
FAIL_001878,PAY_012099,CUST_0708,SUB_0708,1097.17,2024-02-04,INSUFFICIENT_FUNDS,CUSTOMER_FINANCIAL,938,25,6,31,0.8065,0.6,0.6,normal,0.1935,0.8065,growth,1097.17,monthly,SEND_REMINDER,0.5936141141149882,1.0,651.2955975835416,650.2955975835416,1
FAIL_001878,PAY_012099,CUST_0708,SUB_0708,1097.17,2024-02-04,INSUFFICIENT_FUNDS,CUSTOMER_FINANCIAL,938,25,6,31,0.8065,0.6,0.6,normal,0.1935,0.8065,growth,1097.17,monthly,WAIT_AND_RETRY,0.5785330922877399,2.0,634.7491528653396,632.7491528653396,2
FAIL_001878,PAY_012099,CUST_0708,SUB_0708,1097.17,2024-02-04,INSUFFICIENT_FUNDS,CUSTOMER_FINANCIAL,938,25,6,31,0.8065,0.6,0.6,normal,0.1935,0.8065,growth,1097.17,monthly,PAYMENT_LINK,0.5546904890570061,3.0,608.5897638786755,605.5897638786755,3
FAIL_001878,PAY_012099,CUST_0708,SUB_0708,1097.17,2024-02-04,INSUFFICIENT_FUNDS,CUSTOMER_FINANCIAL,938,25,6,31,0.8065,0.6,0.6,normal,0.1935,0.8065,growth,1097.17,monthly,RETRY_NOW,0.3707850882250067,2.0,406.81427524783066,404.81427524783066,4
FAIL_001878,PAY_012099,CUST_0708,SUB_0708,1097.17,2024-02-04,INSUFFICIENT_FUNDS,CUSTOMER_FINANCIAL,938,25,6,31,0.8065,0.6,0.6,normal,0.1935,0.8065,growth,1097.17,monthly,UPDATE_PAYMENT_METHOD,0.3372221781802575,3.0,369.99005723403315,366.99005723403315,5
FAIL_001878,PAY_012099,CUST_0708,SUB_0708,1097.17,2024-02-04,INSUFFICIENT_FUNDS,CUSTOMER_FINANCIAL,938,25,6,31,0.8065,0.6,0.6,normal,0.1935,0.8065,growth,1097.17,monthly,STOP,0.0,0.0,0.0,0.0,6
FAIL_001880,PAY_012113,CUST_0708,SUB_0708,1097.17,2025-03-30,INSUFFICIENT_FUNDS,CUSTOMER_FINANCIAL,938,25,6,31,0.8065,0.6,0.6,normal,0.1935,0.8065,growth,1097.17,monthly,SEND_REMINDER,0.5936141141149882,1.0,651.2955975835416,650.2955975835416,1
FAIL_001880,PAY_012113,CUST_0708,SUB_0708,1097.17,2025-03-30,INSUFFICIENT_FUNDS,CUSTOMER_FINANCIAL,938,25,6,31,0.8065,0.6,0.6,normal,0.1935,0.8065,growth,1097.17,monthly,WAIT_AND_RETRY,0.5785330922877399,2.0,634.7491528653396,632.7491528653396,2
FAIL_001880,PAY_012113,CUST_0708,SUB_0708,1097.17,2025-03-30,INSUFFICIENT_FUNDS,CUSTOMER_FINANCIAL,938,25,6,31,0.8065,0.6,0.6,normal,0.1935,0.8065,growth,1097.17,monthly,PAYMENT_LINK,0.5546904890570061,3.0,608.5897638786755,605.5897638786755,3
FAIL_001880,PAY_012113,CUST_0708,SUB_0708,1097.17,2025-03-30,INSUFFICIENT_FUNDS,CUSTOMER_FINANCIAL,938,25,6,31,0.8065,0.6,0.6,normal,0.1935,0.8065,growth,1097.17,monthly,RETRY_NOW,0.3707850882250067,2.0,406.81427524783066,404.81427524783066,4
FAIL_001880,PAY_012113,CUST_0708,SUB_0708,1097.17,2025-03-30,INSUFFICIENT_FUNDS,CUSTOMER_FINANCIAL,938,25,6,31,0.8065,0.6,0.6,normal,0.1935,0.8065,growth,1097.17,monthly,UPDATE_PAYMENT_METHOD,0.3372221781802575,3.0,369.99005723403315,366.99005723403315,5
FAIL_001880,PAY_012113,CUST_0708,SUB_0708,1097.17,2025-03-30,INSUFFICIENT_FUNDS,CUSTOMER_FINANCIAL,938,25,6,31,0.8065,0.6,0.6,normal,0.1935,0.8065,growth,1097.17,monthly,STOP,0.0,0.0,0.0,0.0,6
FAIL_001882,PAY_012117,CUST_0708,SUB_0708,1097.17,2025-07-28,BANK_DECLINED,ISSUER_DECLINE,938,25,6,31,0.8065,0.6,0.6,normal,0.1935,0.8065,growth,1097.17,monthly,WAIT_AND_RETRY,0.6640018060921915,2.0,728.5228615901698,726.5228615901698,1
FAIL_001882,PAY_012117,CUST_0708,SUB_0708,1097.17,2025-07-28,BANK_DECLINED,ISSUER_DECLINE,938,25,6,31,0.8065,0.6,0.6,normal,0.1935,0.8065,growth,1097.17,monthly,SEND_REMINDER,0.4899385313495028,1.0,537.545858440734,536.545858440734,2
FAIL_001882,PAY_012117,CUST_0708,SUB_0708,1097.17,2025-07-28,BANK_DECLINED,ISSUER_DECLINE,938,25,6,31,0.8065,0.6,0.6,normal,0.1935,0.8065,growth,1097.17,monthly,PAYMENT_LINK,0.4251099869776431,3.0,466.4179244122607,463.4179244122607,3
FAIL_001882,PAY_012117,CUST_0708,SUB_0708,1097.17,2025-07-28,BANK_DECLINED,ISSUER_DECLINE,938,25,6,31,0.8065,0.6,0.6,normal,0.1935,0.8065,growth,1097.17,monthly,UPDATE_PAYMENT_METHOD,0.35569254637356257,3.0,390.25519110468167,387.25519110468167,4
FAIL_001882,PAY_012117,CUST_0708,SUB_0708,1097.17,2025-07-28,BANK_DECLINED,ISSUER_DECLINE,938,25,6,31,0.8065,0.6,0.6,normal,0.1935,0.8065,growth,1097.17,monthly,RETRY_NOW,0.3234996193907551,2.0,354.9340774069548,352.9340774069548,5
FAIL_001882,PAY_012117,CUST_0708,SUB_0708,1097.17,2025-07-28,BANK_DECLINED,ISSUER_DECLINE,938,25,6,31,0.8065,0.6,0.6,normal,0.1935,0.8065,growth,1097.17,monthly,STOP,0.0,0.0,0.0,0.0,6
FAIL_001886,PAY_012128,CUST_0708,SUB_0708,1097.17,2026-06-23,INSUFFICIENT_FUNDS,CUSTOMER_FINANCIAL,938,25,6,31,0.8065,0.6,0.6,normal,0.1935,0.8065,growth,1097.17,monthly,SEND_REMINDER,0.5936141141149882,1.0,651.2955975835416,650.2955975835416,1
FAIL_001886,PAY_012128,CUST_0708,SUB_0708,1097.17,2026-06-23,INSUFFICIENT_FUNDS,CUSTOMER_FINANCIAL,938,25,6,31,0.8065,0.6,0.6,normal,0.1935,0.8065,growth,1097.17,monthly,WAIT_AND_RETRY,0.5785330922877399,2.0,634.7491528653396,632.7491528653396,2
FAIL_001886,PAY_012128,CUST_0708,SUB_0708,1097.17,2026-06-23,INSUFFICIENT_FUNDS,CUSTOMER_FINANCIAL,938,25,6,31,0.8065,0.6,0.6,normal,0.1935,0.8065,growth,1097.17,monthly,PAYMENT_LINK,0.5546904890570061,3.0,608.5897638786755,605.5897638786755,3
FAIL_001886,PAY_012128,CUST_0708,SUB_0708,1097.17,2026-06-23,INSUFFICIENT_FUNDS,CUSTOMER_FINANCIAL,938,25,6,31,0.8065,0.6,0.6,normal,0.1935,0.8065,growth,1097.17,monthly,RETRY_NOW,0.3707850882250067,2.0,406.81427524783066,404.81427524783066,4
FAIL_001886,PAY_012128,CUST_0708,SUB_0708,1097.17,2026-06-23,INSUFFICIENT_FUNDS,CUSTOMER_FINANCIAL,938,25,6,31,0.8065,0.6,0.6,normal,0.1935,0.8065,growth,1097.17,monthly,UPDATE_PAYMENT_METHOD,0.3372221781802575,3.0,369.99005723403315,366.99005723403315,5
FAIL_001886,PAY_012128,CUST_0708,SUB_0708,1097.17,2026-06-23,INSUFFICIENT_FUNDS,CUSTOMER_FINANCIAL,938,25,6,31,0.8065,0.6,0.6,normal,0.1935,0.8065,growth,1097.17,monthly,STOP,0.0,0.0,0.0,0.0,6
FAIL_001894,PAY_012179,CUST_0713,SUB_0713,200.0,2024-06-23,NETWORK_ERROR,TECHNICAL,798,22,4,26,0.8462,0.3,0.25,low_engagement,0.1538,0.8462,starter,200.0,monthly,RETRY_NOW,0.8771856696401404,2.0,175.4371339280281,173.4371339280281,1
FAIL_001894,PAY_012179,CUST_0713,SUB_0713,200.0,2024-06-23,NETWORK_ERROR,TECHNICAL,798,22,4,26,0.8462,0.3,0.25,low_engagement,0.1538,0.8462,starter,200.0,monthly,WAIT_AND_RETRY,0.7584257593041283,2.0,151.68515186082564,149.68515186082564,2
FAIL_001894,PAY_012179,CUST_0713,SUB_0713,200.0,2024-06-23,NETWORK_ERROR,TECHNICAL,798,22,4,26,0.8462,0.3,0.25,low_engagement,0.1538,0.8462,starter,200.0,monthly,SEND_REMINDER,0.4434570080441247,1.0,88.69140160882493,87.69140160882493,3
FAIL_001894,PAY_012179,CUST_0713,SUB_0713,200.0,2024-06-23,NETWORK_ERROR,TECHNICAL,798,22,4,26,0.8462,0.3,0.25,low_engagement,0.1538,0.8462,starter,200.0,monthly,PAYMENT_LINK,0.19653396483367472,3.0,39.306792966734946,36.306792966734946,4
FAIL_001894,PAY_012179,CUST_0713,SUB_0713,200.0,2024-06-23,NETWORK_ERROR,TECHNICAL,798,22,4,26,0.8462,0.3,0.25,low_engagement,0.1538,0.8462,starter,200.0,monthly,UPDATE_PAYMENT_METHOD,0.026063705144673852,3.0,5.21274102893477,2.2127410289347704,5
FAIL_001894,PAY_012179,CUST_0713,SUB_0713,200.0,2024-06-23,NETWORK_ERROR,TECHNICAL,798,22,4,26,0.8462,0.3,0.25,low_engagement,0.1538,0.8462,starter,200.0,monthly,STOP,0.0,0.0,0.0,0.0,6
FAIL_001895,PAY_012189,CUST_0713,SUB_0713,200.0,2025-04-19,BANK_DECLINED,ISSUER_DECLINE,798,22,4,26,0.8462,0.3,0.25,low_engagement,0.1538,0.8462,starter,200.0,monthly,WAIT_AND_RETRY,0.6614846898921249,2.0,132.29693797842498,130.29693797842498,1
FAIL_001895,PAY_012189,CUST_0713,SUB_0713,200.0,2025-04-19,BANK_DECLINED,ISSUER_DECLINE,798,22,4,26,0.8462,0.3,0.25,low_engagement,0.1538,0.8462,starter,200.0,monthly,PAYMENT_LINK,0.36008150430649744,3.0,72.01630086129948,69.01630086129948,2
FAIL_001895,PAY_012189,CUST_0713,SUB_0713,200.0,2025-04-19,BANK_DECLINED,ISSUER_DECLINE,798,22,4,26,0.8462,0.3,0.25,low_engagement,0.1538,0.8462,starter,200.0,monthly,SEND_REMINDER,0.27353645600260784,1.0,54.70729120052157,53.70729120052157,3
FAIL_001895,PAY_012189,CUST_0713,SUB_0713,200.0,2025-04-19,BANK_DECLINED,ISSUER_DECLINE,798,22,4,26,0.8462,0.3,0.25,low_engagement,0.1538,0.8462,starter,200.0,monthly,RETRY_NOW,0.24838480581338432,2.0,49.67696116267686,47.67696116267686,4
FAIL_001895,PAY_012189,CUST_0713,SUB_0713,200.0,2025-04-19,BANK_DECLINED,ISSUER_DECLINE,798,22,4,26,0.8462,0.3,0.25,low_engagement,0.1538,0.8462,starter,200.0,monthly,UPDATE_PAYMENT_METHOD,0.09903290838744216,3.0,19.80658167748843,16.80658167748843,5
FAIL_001895,PAY_012189,CUST_0713,SUB_0713,200.0,2025-04-19,BANK_DECLINED,ISSUER_DECLINE,798,22,4,26,0.8462,0.3,0.25,low_engagement,0.1538,0.8462,starter,200.0,monthly,STOP,0.0,0.0,0.0,0.0,6
FAIL_001903,PAY_012257,CUST_0718,SUB_0718,799.44,2024-12-29,AUTHENTICATION_FAILED,CUSTOMER_ACTION,759,20,5,25,0.8,0.3,0.25,low_engagement,0.2,0.8,starter,799.44,monthly,UPDATE_PAYMENT_METHOD,0.6136676071329509,3.0,490.5904318463663,487.5904318463663,1
FAIL_001903,PAY_012257,CUST_0718,SUB_0718,799.44,2024-12-29,AUTHENTICATION_FAILED,CUSTOMER_ACTION,759,20,5,25,0.8,0.3,0.25,low_engagement,0.2,0.8,starter,799.44,monthly,SEND_REMINDER,0.3687762309565888,1.0,294.8144700759354,293.8144700759354,2
FAIL_001903,PAY_012257,CUST_0718,SUB_0718,799.44,2024-12-29,AUTHENTICATION_FAILED,CUSTOMER_ACTION,759,20,5,25,0.8,0.3,0.25,low_engagement,0.2,0.8,starter,799.44,monthly,PAYMENT_LINK,0.36573131055848956,3.0,292.3802389128789,289.3802389128789,3
FAIL_001903,PAY_012257,CUST_0718,SUB_0718,799.44,2024-12-29,AUTHENTICATION_FAILED,CUSTOMER_ACTION,759,20,5,25,0.8,0.3,0.25,low_engagement,0.2,0.8,starter,799.44,monthly,WAIT_AND_RETRY,0.1821010662030915,2.0,145.57887636539948,143.57887636539948,4
FAIL_001903,PAY_012257,CUST_0718,SUB_0718,799.44,2024-12-29,AUTHENTICATION_FAILED,CUSTOMER_ACTION,759,20,5,25,0.8,0.3,0.25,low_engagement,0.2,0.8,starter,799.44,monthly,RETRY_NOW,0.04196007640064241,2.0,33.54456347772957,31.544563477729568,5
FAIL_001903,PAY_012257,CUST_0718,SUB_0718,799.44,2024-12-29,AUTHENTICATION_FAILED,CUSTOMER_ACTION,759,20,5,25,0.8,0.3,0.25,low_engagement,0.2,0.8,starter,799.44,monthly,STOP,0.0,0.0,0.0,0.0,6
FAIL_001904,PAY_012258,CUST_0718,SUB_0718,799.44,2025-01-28,INSUFFICIENT_FUNDS,CUSTOMER_FINANCIAL,759,20,5,25,0.8,0.3,0.25,low_engagement,0.2,0.8,starter,799.44,monthly,WAIT_AND_RETRY,0.8087803283179391,2.0,646.5713456704933,644.5713456704933,1
FAIL_001904,PAY_012258,CUST_0718,SUB_0718,799.44,2025-01-28,INSUFFICIENT_FUNDS,CUSTOMER_FINANCIAL,759,20,5,25,0.8,0.3,0.25,low_engagement,0.2,0.8,starter,799.44,monthly,PAYMENT_LINK,0.6009456582002178,3.0,480.4199969915822,477.4199969915822,2
FAIL_001904,PAY_012258,CUST_0718,SUB_0718,799.44,2025-01-28,INSUFFICIENT_FUNDS,CUSTOMER_FINANCIAL,759,20,5,25,0.8,0.3,0.25,low_engagement,0.2,0.8,starter,799.44,monthly,SEND_REMINDER,0.4310510965413889,1.0,344.599488619048,343.599488619048,3
FAIL_001904,PAY_012258,CUST_0718,SUB_0718,799.44,2025-01-28,INSUFFICIENT_FUNDS,CUSTOMER_FINANCIAL,759,20,5,25,0.8,0.3,0.25,low_engagement,0.2,0.8,starter,799.44,monthly,RETRY_NOW,0.27585683628613256,2.0,220.53098920058582,218.53098920058582,4
FAIL_001904,PAY_012258,CUST_0718,SUB_0718,799.44,2025-01-28,INSUFFICIENT_FUNDS,CUSTOMER_FINANCIAL,759,20,5,25,0.8,0.3,0.25,low_engagement,0.2,0.8,starter,799.44,monthly,UPDATE_PAYMENT_METHOD,0.11349999266526246,3.0,90.73643413631743,87.73643413631743,5
FAIL_001904,PAY_012258,CUST_0718,SUB_0718,799.44,2025-01-28,INSUFFICIENT_FUNDS,CUSTOMER_FINANCIAL,759,20,5,25,0.8,0.3,0.25,low_engagement,0.2,0.8,starter,799.44,monthly,STOP,0.0,0.0,0.0,0.0,6
FAIL_001905,PAY_012259,CUST_0718,SUB_0718,799.44,2025-02-27,BANK_DECLINED,ISSUER_DECLINE,759,20,5,25,0.8,0.3,0.25,low_engagement,0.2,0.8,starter,799.44,monthly,WAIT_AND_RETRY,0.6929760934344043,2.0,553.9928081352002,551.9928081352002,1
FAIL_001905,PAY_012259,CUST_0718,SUB_0718,799.44,2025-02-27,BANK_DECLINED,ISSUER_DECLINE,759,20,5,25,0.8,0.3,0.25,low_engagement,0.2,0.8,starter,799.44,monthly,PAYMENT_LINK,0.4776011637470534,3.0,381.8134743459444,378.8134743459444,2
FAIL_001905,PAY_012259,CUST_0718,SUB_0718,799.44,2025-02-27,BANK_DECLINED,ISSUER_DECLINE,759,20,5,25,0.8,0.3,0.25,low_engagement,0.2,0.8,starter,799.44,monthly,RETRY_NOW,0.2836630357519352,2.0,226.7715773015271,224.7715773015271,3
FAIL_001905,PAY_012259,CUST_0718,SUB_0718,799.44,2025-02-27,BANK_DECLINED,ISSUER_DECLINE,759,20,5,25,0.8,0.3,0.25,low_engagement,0.2,0.8,starter,799.44,monthly,SEND_REMINDER,0.187009709023257,1.0,149.50304178155258,148.50304178155258,4
FAIL_001905,PAY_012259,CUST_0718,SUB_0718,799.44,2025-02-27,BANK_DECLINED,ISSUER_DECLINE,759,20,5,25,0.8,0.3,0.25,low_engagement,0.2,0.8,starter,799.44,monthly,UPDATE_PAYMENT_METHOD,0.11057277749367929,3.0,88.39630123954697,85.39630123954697,5
FAIL_001905,PAY_012259,CUST_0718,SUB_0718,799.44,2025-02-27,BANK_DECLINED,ISSUER_DECLINE,759,20,5,25,0.8,0.3,0.25,low_engagement,0.2,0.8,starter,799.44,monthly,STOP,0.0,0.0,0.0,0.0,6
FAIL_001913,PAY_012287,CUST_0719,SUB_0719,984.04,2026-02-08,INSUFFICIENT_FUNDS,CUSTOMER_FINANCIAL,503,14,2,16,0.875,0.35,0.45,friction_prone,0.125,0.875,starter,984.04,monthly,WAIT_AND_RETRY,0.7405485122617327,2.0,728.7293580060355,726.7293580060355,1
FAIL_001913,PAY_012287,CUST_0719,SUB_0719,984.04,2026-02-08,INSUFFICIENT_FUNDS,CUSTOMER_FINANCIAL,503,14,2,16,0.875,0.35,0.45,friction_prone,0.125,0.875,starter,984.04,monthly,PAYMENT_LINK,0.6302612986718188,3.0,620.2023283450166,617.2023283450166,2
FAIL_001913,PAY_012287,CUST_0719,SUB_0719,984.04,2026-02-08,INSUFFICIENT_FUNDS,CUSTOMER_FINANCIAL,503,14,2,16,0.875,0.35,0.45,friction_prone,0.125,0.875,starter,984.04,monthly,SEND_REMINDER,0.5395525991262415,1.0,530.9413396441867,529.9413396441867,3
FAIL_001913,PAY_012287,CUST_0719,SUB_0719,984.04,2026-02-08,INSUFFICIENT_FUNDS,CUSTOMER_FINANCIAL,503,14,2,16,0.875,0.35,0.45,friction_prone,0.125,0.875,starter,984.04,monthly,UPDATE_PAYMENT_METHOD,0.30955983334867415,3.0,304.6192584084293,301.6192584084293,4
FAIL_001913,PAY_012287,CUST_0719,SUB_0719,984.04,2026-02-08,INSUFFICIENT_FUNDS,CUSTOMER_FINANCIAL,503,14,2,16,0.875,0.35,0.45,friction_prone,0.125,0.875,starter,984.04,monthly,RETRY_NOW,0.2989345948132163,2.0,294.1635986799974,292.1635986799974,5
FAIL_001913,PAY_012287,CUST_0719,SUB_0719,984.04,2026-02-08,INSUFFICIENT_FUNDS,CUSTOMER_FINANCIAL,503,14,2,16,0.875,0.35,0.45,friction_prone,0.125,0.875,starter,984.04,monthly,STOP,0.0,0.0,0.0,0.0,6
FAIL_001918,PAY_012318,CUST_0720,SUB_0720,566.77,2026-06-06,BANK_DECLINED,ISSUER_DECLINE,835,20,7,27,0.7407,0.35,0.45,friction_prone,0.2593,0.7407,starter,566.77,monthly,PAYMENT_LINK,0.6183047526127442,3.0,350.43658463832503,347.43658463832503,1
FAIL_001918,PAY_012318,CUST_0720,SUB_0720,566.77,2026-06-06,BANK_DECLINED,ISSUER_DECLINE,835,20,7,27,0.7407,0.35,0.45,friction_prone,0.2593,0.7407,starter,566.77,monthly,WAIT_AND_RETRY,0.4974141900380613,2.0,281.919440487872,279.919440487872,2
FAIL_001918,PAY_012318,CUST_0720,SUB_0720,566.77,2026-06-06,BANK_DECLINED,ISSUER_DECLINE,835,20,7,27,0.7407,0.35,0.45,friction_prone,0.2593,0.7407,starter,566.77,monthly,SEND_REMINDER,0.41706129191900615,1.0,236.37782842093512,235.37782842093512,3
FAIL_001918,PAY_012318,CUST_0720,SUB_0720,566.77,2026-06-06,BANK_DECLINED,ISSUER_DECLINE,835,20,7,27,0.7407,0.35,0.45,friction_prone,0.2593,0.7407,starter,566.77,monthly,RETRY_NOW,0.337928137301561,2.0,191.52753037840574,189.52753037840574,4
FAIL_001918,PAY_012318,CUST_0720,SUB_0720,566.77,2026-06-06,BANK_DECLINED,ISSUER_DECLINE,835,20,7,27,0.7407,0.35,0.45,friction_prone,0.2593,0.7407,starter,566.77,monthly,UPDATE_PAYMENT_METHOD,0.29858810382850354,3.0,169.23077960688096,166.23077960688096,5
FAIL_001918,PAY_012318,CUST_0720,SUB_0720,566.77,2026-06-06,BANK_DECLINED,ISSUER_DECLINE,835,20,7,27,0.7407,0.35,0.45,friction_prone,0.2593,0.7407,starter,566.77,monthly,STOP,0.0,0.0,0.0,0.0,6
FAIL_001928,PAY_012368,CUST_0723,SUB_0723,720.89,2025-06-07,CARD_EXPIRED,PAYMENT_METHOD,629,17,3,20,0.85,0.3,0.25,low_engagement,0.15,0.85,growth,720.89,monthly,UPDATE_PAYMENT_METHOD,0.8482289362393637,3.0,611.4797578455949,608.4797578455949,1
FAIL_001928,PAY_012368,CUST_0723,SUB_0723,720.89,2025-06-07,CARD_EXPIRED,PAYMENT_METHOD,629,17,3,20,0.85,0.3,0.25,low_engagement,0.15,0.85,growth,720.89,monthly,PAYMENT_LINK,0.3827939042320283,3.0,275.95229762182686,272.95229762182686,2
FAIL_001928,PAY_012368,CUST_0723,SUB_0723,720.89,2025-06-07,CARD_EXPIRED,PAYMENT_METHOD,629,17,3,20,0.85,0.3,0.25,low_engagement,0.15,0.85,growth,720.89,monthly,SEND_REMINDER,0.12250121844477564,1.0,88.30990336465432,87.30990336465432,3
FAIL_001928,PAY_012368,CUST_0723,SUB_0723,720.89,2025-06-07,CARD_EXPIRED,PAYMENT_METHOD,629,17,3,20,0.85,0.3,0.25,low_engagement,0.15,0.85,growth,720.89,monthly,RETRY_NOW,0.07189473954456568,2.0,51.82819879028195,49.82819879028195,4
FAIL_001928,PAY_012368,CUST_0723,SUB_0723,720.89,2025-06-07,CARD_EXPIRED,PAYMENT_METHOD,629,17,3,20,0.85,0.3,0.25,low_engagement,0.15,0.85,growth,720.89,monthly,WAIT_AND_RETRY,0.03497142116088117,2.0,25.210547800667626,23.210547800667626,5
FAIL_001928,PAY_012368,CUST_0723,SUB_0723,720.89,2025-06-07,CARD_EXPIRED,PAYMENT_METHOD,629,17,3,20,0.85,0.3,0.25,low_engagement,0.15,0.85,growth,720.89,monthly,STOP,0.0,0.0,0.0,0.0,6
FAIL_001937,PAY_012424,CUST_0728,SUB_0728,1036.92,2025-04-22,AUTHENTICATION_FAILED,CUSTOMER_ACTION,855,20,8,28,0.7143,0.35,0.45,friction_prone,0.2857,0.7143,starter,1036.92,monthly,UPDATE_PAYMENT_METHOD,0.8228405222133449,3.0,853.2197942934616,850.2197942934616,1
FAIL_001937,PAY_012424,CUST_0728,SUB_0728,1036.92,2025-04-22,AUTHENTICATION_FAILED,CUSTOMER_ACTION,855,20,8,28,0.7143,0.35,0.45,friction_prone,0.2857,0.7143,starter,1036.92,monthly,PAYMENT_LINK,0.6666085577347909,3.0,691.2197456863594,688.2197456863594,2
FAIL_001937,PAY_012424,CUST_0728,SUB_0728,1036.92,2025-04-22,AUTHENTICATION_FAILED,CUSTOMER_ACTION,855,20,8,28,0.7143,0.35,0.45,friction_prone,0.2857,0.7143,starter,1036.92,monthly,SEND_REMINDER,0.39438598177727513,1.0,408.94671222449216,407.94671222449216,3
FAIL_001937,PAY_012424,CUST_0728,SUB_0728,1036.92,2025-04-22,AUTHENTICATION_FAILED,CUSTOMER_ACTION,855,20,8,28,0.7143,0.35,0.45,friction_prone,0.2857,0.7143,starter,1036.92,monthly,WAIT_AND_RETRY,0.08130975343904938,2.0,84.3117095360191,82.3117095360191,4
FAIL_001937,PAY_012424,CUST_0728,SUB_0728,1036.92,2025-04-22,AUTHENTICATION_FAILED,CUSTOMER_ACTION,855,20,8,28,0.7143,0.35,0.45,friction_prone,0.2857,0.7143,starter,1036.92,monthly,RETRY_NOW,0.02583632017424167,2.0,26.790197115074672,24.790197115074672,5
FAIL_001937,PAY_012424,CUST_0728,SUB_0728,1036.92,2025-04-22,AUTHENTICATION_FAILED,CUSTOMER_ACTION,855,20,8,28,0.7143,0.35,0.45,friction_prone,0.2857,0.7143,starter,1036.92,monthly,STOP,0.0,0.0,0.0,0.0,6
FAIL_001938,PAY_012425,CUST_0728,SUB_0728,1036.92,2025-05-22,INSUFFICIENT_FUNDS,CUSTOMER_FINANCIAL,855,20,8,28,0.7143,0.35,0.45,friction_prone,0.2857,0.7143,starter,1036.92,monthly,WAIT_AND_RETRY,0.7075907192980588,2.0,733.7149686545432,731.7149686545432,1
FAIL_001938,PAY_012425,CUST_0728,SUB_0728,1036.92,2025-05-22,INSUFFICIENT_FUNDS,CUSTOMER_FINANCIAL,855,20,8,28,0.7143,0.35,0.45,friction_prone,0.2857,0.7143,starter,1036.92,monthly,PAYMENT_LINK,0.5894495729634646,3.0,611.2120511972757,608.2120511972757,2
FAIL_001938,PAY_012425,CUST_0728,SUB_0728,1036.92,2025-05-22,INSUFFICIENT_FUNDS,CUSTOMER_FINANCIAL,855,20,8,28,0.7143,0.35,0.45,friction_prone,0.2857,0.7143,starter,1036.92,monthly,SEND_REMINDER,0.4341870050670862,1.0,450.21718929416306,449.21718929416306,3
FAIL_001938,PAY_012425,CUST_0728,SUB_0728,1036.92,2025-05-22,INSUFFICIENT_FUNDS,CUSTOMER_FINANCIAL,855,20,8,28,0.7143,0.35,0.45,friction_prone,0.2857,0.7143,starter,1036.92,monthly,UPDATE_PAYMENT_METHOD,0.29407252697705594,3.0,304.9296846730489,301.9296846730489,4
FAIL_001938,PAY_012425,CUST_0728,SUB_0728,1036.92,2025-05-22,INSUFFICIENT_FUNDS,CUSTOMER_FINANCIAL,855,20,8,28,0.7143,0.35,0.45,friction_prone,0.2857,0.7143,starter,1036.92,monthly,RETRY_NOW,0.19038319921451619,2.0,197.41214692951613,195.41214692951613,5
FAIL_001938,PAY_012425,CUST_0728,SUB_0728,1036.92,2025-05-22,INSUFFICIENT_FUNDS,CUSTOMER_FINANCIAL,855,20,8,28,0.7143,0.35,0.45,friction_prone,0.2857,0.7143,starter,1036.92,monthly,STOP,0.0,0.0,0.0,0.0,6
FAIL_001939,PAY_012430,CUST_0728,SUB_0728,1036.92,2025-10-19,AUTHENTICATION_FAILED,CUSTOMER_ACTION,855,20,8,28,0.7143,0.35,0.45,friction_prone,0.2857,0.7143,starter,1036.92,monthly,UPDATE_PAYMENT_METHOD,0.8228405222133449,3.0,853.2197942934616,850.2197942934616,1
FAIL_001939,PAY_012430,CUST_0728,SUB_0728,1036.92,2025-10-19,AUTHENTICATION_FAILED,CUSTOMER_ACTION,855,20,8,28,0.7143,0.35,0.45,friction_prone,0.2857,0.7143,starter,1036.92,monthly,PAYMENT_LINK,0.6666085577347909,3.0,691.2197456863594,688.2197456863594,2
FAIL_001939,PAY_012430,CUST_0728,SUB_0728,1036.92,2025-10-19,AUTHENTICATION_FAILED,CUSTOMER_ACTION,855,20,8,28,0.7143,0.35,0.45,friction_prone,0.2857,0.7143,starter,1036.92,monthly,SEND_REMINDER,0.39438598177727513,1.0,408.94671222449216,407.94671222449216,3
FAIL_001939,PAY_012430,CUST_0728,SUB_0728,1036.92,2025-10-19,AUTHENTICATION_FAILED,CUSTOMER_ACTION,855,20,8,28,0.7143,0.35,0.45,friction_prone,0.2857,0.7143,starter,1036.92,monthly,WAIT_AND_RETRY,0.08130975343904938,2.0,84.3117095360191,82.3117095360191,4
FAIL_001939,PAY_012430,CUST_0728,SUB_0728,1036.92,2025-10-19,AUTHENTICATION_FAILED,CUSTOMER_ACTION,855,20,8,28,0.7143,0.35,0.45,friction_prone,0.2857,0.7143,starter,1036.92,monthly,RETRY_NOW,0.02583632017424167,2.0,26.790197115074672,24.790197115074672,5
FAIL_001939,PAY_012430,CUST_0728,SUB_0728,1036.92,2025-10-19,AUTHENTICATION_FAILED,CUSTOMER_ACTION,855,20,8,28,0.7143,0.35,0.45,friction_prone,0.2857,0.7143,starter,1036.92,monthly,STOP,0.0,0.0,0.0,0.0,6
FAIL_001945,PAY_012483,CUST_0731,SUB_0731,1784.87,2024-12-15,BANK_DECLINED,ISSUER_DECLINE,893,23,6,29,0.7931,0.35,0.45,friction_prone,0.2069,0.7931,growth,1784.87,monthly,PAYMENT_LINK,0.6396081324338634,3.0,1141.6173673372298,1138.6173673372298,1
FAIL_001945,PAY_012483,CUST_0731,SUB_0731,1784.87,2024-12-15,BANK_DECLINED,ISSUER_DECLINE,893,23,6,29,0.7931,0.35,0.45,friction_prone,0.2069,0.7931,growth,1784.87,monthly,WAIT_AND_RETRY,0.6240137779323461,2.0,1113.7834718181066,1111.7834718181066,2
FAIL_001945,PAY_012483,CUST_0731,SUB_0731,1784.87,2024-12-15,BANK_DECLINED,ISSUER_DECLINE,893,23,6,29,0.7931,0.35,0.45,friction_prone,0.2069,0.7931,growth,1784.87,monthly,SEND_REMINDER,0.5234197805626324,1.0,934.2362637328256,933.2362637328256,3
FAIL_001945,PAY_012483,CUST_0731,SUB_0731,1784.87,2024-12-15,BANK_DECLINED,ISSUER_DECLINE,893,23,6,29,0.7931,0.35,0.45,friction_prone,0.2069,0.7931,growth,1784.87,monthly,UPDATE_PAYMENT_METHOD,0.37183831631071435,3.0,663.6830556335046,660.6830556335046,4
FAIL_001945,PAY_012483,CUST_0731,SUB_0731,1784.87,2024-12-15,BANK_DECLINED,ISSUER_DECLINE,893,23,6,29,0.7931,0.35,0.45,friction_prone,0.2069,0.7931,growth,1784.87,monthly,RETRY_NOW,0.3541870726764028,2.0,632.1778804079311,630.1778804079311,5
FAIL_001945,PAY_012483,CUST_0731,SUB_0731,1784.87,2024-12-15,BANK_DECLINED,ISSUER_DECLINE,893,23,6,29,0.7931,0.35,0.45,friction_prone,0.2069,0.7931,growth,1784.87,monthly,STOP,0.0,0.0,0.0,0.0,6
FAIL_001947,PAY_012492,CUST_0731,SUB_0731,1784.87,2025-09-11,LIMIT_EXCEEDED,PAYMENT_LIMIT,893,23,6,29,0.7931,0.35,0.45,friction_prone,0.2069,0.7931,growth,1784.87,monthly,PAYMENT_LINK,0.7441975645228347,3.0,1328.2959069898718,1325.2959069898718,1
FAIL_001947,PAY_012492,CUST_0731,SUB_0731,1784.87,2025-09-11,LIMIT_EXCEEDED,PAYMENT_LIMIT,893,23,6,29,0.7931,0.35,0.45,friction_prone,0.2069,0.7931,growth,1784.87,monthly,UPDATE_PAYMENT_METHOD,0.5273250067469754,3.0,941.2065847924738,938.2065847924738,2
FAIL_001947,PAY_012492,CUST_0731,SUB_0731,1784.87,2025-09-11,LIMIT_EXCEEDED,PAYMENT_LIMIT,893,23,6,29,0.7931,0.35,0.45,friction_prone,0.2069,0.7931,growth,1784.87,monthly,WAIT_AND_RETRY,0.4924213044338134,2.0,878.9080136447805,876.9080136447805,3
FAIL_001947,PAY_012492,CUST_0731,SUB_0731,1784.87,2025-09-11,LIMIT_EXCEEDED,PAYMENT_LIMIT,893,23,6,29,0.7931,0.35,0.45,friction_prone,0.2069,0.7931,growth,1784.87,monthly,SEND_REMINDER,0.3405161733758319,1.0,607.7771023733211,606.7771023733211,4
FAIL_001947,PAY_012492,CUST_0731,SUB_0731,1784.87,2025-09-11,LIMIT_EXCEEDED,PAYMENT_LIMIT,893,23,6,29,0.7931,0.35,0.45,friction_prone,0.2069,0.7931,growth,1784.87,monthly,RETRY_NOW,0.03518173145384844,2.0,62.79481702003046,60.79481702003046,5
FAIL_001947,PAY_012492,CUST_0731,SUB_0731,1784.87,2025-09-11,LIMIT_EXCEEDED,PAYMENT_LIMIT,893,23,6,29,0.7931,0.35,0.45,friction_prone,0.2069,0.7931,growth,1784.87,monthly,STOP,0.0,0.0,0.0,0.0,6
FAIL_001953,PAY_012520,CUST_0732,SUB_0732,1339.11,2026-01-17,NETWORK_ERROR,TECHNICAL,735,20,4,24,0.8333,0.6,0.6,normal,0.1667,0.8333,starter,1339.11,monthly,RETRY_NOW,0.9096661088550287,2.0,1218.1429830288575,1216.1429830288575,1
FAIL_001953,PAY_012520,CUST_0732,SUB_0732,1339.11,2026-01-17,NETWORK_ERROR,TECHNICAL,735,20,4,24,0.8333,0.6,0.6,normal,0.1667,0.8333,starter,1339.11,monthly,WAIT_AND_RETRY,0.8644504683811801,2.0,1157.594266713922,1155.594266713922,2
FAIL_001953,PAY_012520,CUST_0732,SUB_0732,1339.11,2026-01-17,NETWORK_ERROR,TECHNICAL,735,20,4,24,0.8333,0.6,0.6,normal,0.1667,0.8333,starter,1339.11,monthly,PAYMENT_LINK,0.40220052394527067,3.0,538.5907436203514,535.5907436203514,3
FAIL_001953,PAY_012520,CUST_0732,SUB_0732,1339.11,2026-01-17,NETWORK_ERROR,TECHNICAL,735,20,4,24,0.8333,0.6,0.6,normal,0.1667,0.8333,starter,1339.11,monthly,SEND_REMINDER,0.3531641348559953,1.0,472.9256246270118,471.9256246270118,4
FAIL_001953,PAY_012520,CUST_0732,SUB_0732,1339.11,2026-01-17,NETWORK_ERROR,TECHNICAL,735,20,4,24,0.8333,0.6,0.6,normal,0.1667,0.8333,starter,1339.11,monthly,UPDATE_PAYMENT_METHOD,0.3103807971442859,3.0,415.63402926388466,412.63402926388466,5
FAIL_001953,PAY_012520,CUST_0732,SUB_0732,1339.11,2026-01-17,NETWORK_ERROR,TECHNICAL,735,20,4,24,0.8333,0.6,0.6,normal,0.1667,0.8333,starter,1339.11,monthly,STOP,0.0,0.0,0.0,0.0,6
FAIL_001972,PAY_012635,CUST_0739,SUB_0739,325.73,2025-03-01,AUTHENTICATION_FAILED,CUSTOMER_ACTION,817,22,5,27,0.8148,0.35,0.45,friction_prone,0.1852,0.8148,starter,325.73,monthly,UPDATE_PAYMENT_METHOD,0.7169921978366087,3.0,233.54586860131857,230.54586860131857,1
FAIL_001972,PAY_012635,CUST_0739,SUB_0739,325.73,2025-03-01,AUTHENTICATION_FAILED,CUSTOMER_ACTION,817,22,5,27,0.8148,0.35,0.45,friction_prone,0.1852,0.8148,starter,325.73,monthly,PAYMENT_LINK,0.6478781359345389,3.0,211.03334521795736,208.03334521795736,2
FAIL_001972,PAY_012635,CUST_0739,SUB_0739,325.73,2025-03-01,AUTHENTICATION_FAILED,CUSTOMER_ACTION,817,22,5,27,0.8148,0.35,0.45,friction_prone,0.1852,0.8148,starter,325.73,monthly,SEND_REMINDER,0.3801562179544773,1.0,123.82828487431189,122.82828487431189,3
FAIL_001972,PAY_012635,CUST_0739,SUB_0739,325.73,2025-03-01,AUTHENTICATION_FAILED,CUSTOMER_ACTION,817,22,5,27,0.8148,0.35,0.45,friction_prone,0.1852,0.8148,starter,325.73,monthly,WAIT_AND_RETRY,0.1047129038951521,2.0,34.108134185767895,32.108134185767895,4
FAIL_001972,PAY_012635,CUST_0739,SUB_0739,325.73,2025-03-01,AUTHENTICATION_FAILED,CUSTOMER_ACTION,817,22,5,27,0.8148,0.35,0.45,friction_prone,0.1852,0.8148,starter,325.73,monthly,RETRY_NOW,0.050927953971431794,2.0,16.58876244711448,14.58876244711448,5
FAIL_001972,PAY_012635,CUST_0739,SUB_0739,325.73,2025-03-01,AUTHENTICATION_FAILED,CUSTOMER_ACTION,817,22,5,27,0.8148,0.35,0.45,friction_prone,0.1852,0.8148,starter,325.73,monthly,STOP,0.0,0.0,0.0,0.0,6
FAIL_001985,PAY_012686,CUST_0743,SUB_0743,1245.07,2026-01-14,INSUFFICIENT_FUNDS,CUSTOMER_FINANCIAL,228,4,3,7,0.5714,0.3,0.25,low_engagement,0.4286,0.5714,growth,1245.07,monthly,WAIT_AND_RETRY,0.7610380246255264,2.0,947.5456133205041,945.5456133205041,1
FAIL_001985,PAY_012686,CUST_0743,SUB_0743,1245.07,2026-01-14,INSUFFICIENT_FUNDS,CUSTOMER_FINANCIAL,228,4,3,7,0.5714,0.3,0.25,low_engagement,0.4286,0.5714,growth,1245.07,monthly,PAYMENT_LINK,0.35130262039696036,3.0,437.3963535776434,434.3963535776434,2
FAIL_001985,PAY_012686,CUST_0743,SUB_0743,1245.07,2026-01-14,INSUFFICIENT_FUNDS,CUSTOMER_FINANCIAL,228,4,3,7,0.5714,0.3,0.25,low_engagement,0.4286,0.5714,growth,1245.07,monthly,RETRY_NOW,0.31811934152299104,2.0,396.08084855003045,394.08084855003045,3
FAIL_001985,PAY_012686,CUST_0743,SUB_0743,1245.07,2026-01-14,INSUFFICIENT_FUNDS,CUSTOMER_FINANCIAL,228,4,3,7,0.5714,0.3,0.25,low_engagement,0.4286,0.5714,growth,1245.07,monthly,SEND_REMINDER,0.2088490235526539,1.0,260.03165375470275,259.03165375470275,4
FAIL_001985,PAY_012686,CUST_0743,SUB_0743,1245.07,2026-01-14,INSUFFICIENT_FUNDS,CUSTOMER_FINANCIAL,228,4,3,7,0.5714,0.3,0.25,low_engagement,0.4286,0.5714,growth,1245.07,monthly,UPDATE_PAYMENT_METHOD,0.0708457137581706,3.0,88.20787282888547,85.20787282888547,5
FAIL_001985,PAY_012686,CUST_0743,SUB_0743,1245.07,2026-01-14,INSUFFICIENT_FUNDS,CUSTOMER_FINANCIAL,228,4,3,7,0.5714,0.3,0.25,low_engagement,0.4286,0.5714,growth,1245.07,monthly,STOP,0.0,0.0,0.0,0.0,6
FAIL_001989,PAY_012696,CUST_0744,SUB_0744,200.0,2024-08-26,INSUFFICIENT_FUNDS,CUSTOMER_FINANCIAL,824,19,8,27,0.7037,0.3,0.25,low_engagement,0.2963,0.7037,starter,200.0,monthly,PAYMENT_LINK,0.7150434009332451,3.0,143.00868018664903,140.00868018664903,1
FAIL_001989,PAY_012696,CUST_0744,SUB_0744,200.0,2024-08-26,INSUFFICIENT_FUNDS,CUSTOMER_FINANCIAL,824,19,8,27,0.7037,0.3,0.25,low_engagement,0.2963,0.7037,starter,200.0,monthly,WAIT_AND_RETRY,0.6550229594900219,2.0,131.00459189800438,129.00459189800438,2
FAIL_001989,PAY_012696,CUST_0744,SUB_0744,200.0,2024-08-26,INSUFFICIENT_FUNDS,CUSTOMER_FINANCIAL,824,19,8,27,0.7037,0.3,0.25,low_engagement,0.2963,0.7037,starter,200.0,monthly,SEND_REMINDER,0.47902017067099045,1.0,95.80403413419809,94.80403413419809,3
FAIL_001989,PAY_012696,CUST_0744,SUB_0744,200.0,2024-08-26,INSUFFICIENT_FUNDS,CUSTOMER_FINANCIAL,824,19,8,27,0.7037,0.3,0.25,low_engagement,0.2963,0.7037,starter,200.0,monthly,RETRY_NOW,0.397530226490849,2.0,79.50604529816981,77.50604529816981,4
FAIL_001989,PAY_012696,CUST_0744,SUB_0744,200.0,2024-08-26,INSUFFICIENT_FUNDS,CUSTOMER_FINANCIAL,824,19,8,27,0.7037,0.3,0.25,low_engagement,0.2963,0.7037,starter,200.0,monthly,UPDATE_PAYMENT_METHOD,0.21169320437384115,3.0,42.33864087476823,39.33864087476823,5
FAIL_001989,PAY_012696,CUST_0744,SUB_0744,200.0,2024-08-26,INSUFFICIENT_FUNDS,CUSTOMER_FINANCIAL,824,19,8,27,0.7037,0.3,0.25,low_engagement,0.2963,0.7037,starter,200.0,monthly,STOP,0.0,0.0,0.0,0.0,6
FAIL_001990,PAY_012697,CUST_0744,SUB_0744,200.0,2024-09-25,AUTHENTICATION_FAILED,CUSTOMER_ACTION,824,19,8,27,0.7037,0.3,0.25,low_engagement,0.2963,0.7037,starter,200.0,monthly,UPDATE_PAYMENT_METHOD,0.5817049304724949,3.0,116.34098609449899,113.34098609449899,1
FAIL_001990,PAY_012697,CUST_0744,SUB_0744,200.0,2024-09-25,AUTHENTICATION_FAILED,CUSTOMER_ACTION,824,19,8,27,0.7037,0.3,0.25,low_engagement,0.2963,0.7037,starter,200.0,monthly,SEND_REMINDER,0.4767380705019879,1.0,95.34761410039758,94.34761410039758,2
FAIL_001990,PAY_012697,CUST_0744,SUB_0744,200.0,2024-09-25,AUTHENTICATION_FAILED,CUSTOMER_ACTION,824,19,8,27,0.7037,0.3,0.25,low_engagement,0.2963,0.7037,starter,200.0,monthly,WAIT_AND_RETRY,0.34237115799749235,2.0,68.47423159949847,66.47423159949847,3
FAIL_001990,PAY_012697,CUST_0744,SUB_0744,200.0,2024-09-25,AUTHENTICATION_FAILED,CUSTOMER_ACTION,824,19,8,27,0.7037,0.3,0.25,low_engagement,0.2963,0.7037,starter,200.0,monthly,PAYMENT_LINK,0.2759887133945108,3.0,55.19774267890216,52.19774267890216,4
FAIL_001990,PAY_012697,CUST_0744,SUB_0744,200.0,2024-09-25,AUTHENTICATION_FAILED,CUSTOMER_ACTION,824,19,8,27,0.7037,0.3,0.25,low_engagement,0.2963,0.7037,starter,200.0,monthly,RETRY_NOW,0.06276175072527336,2.0,12.552350145054673,10.552350145054673,5
FAIL_001990,PAY_012697,CUST_0744,SUB_0744,200.0,2024-09-25,AUTHENTICATION_FAILED,CUSTOMER_ACTION,824,19,8,27,0.7037,0.3,0.25,low_engagement,0.2963,0.7037,starter,200.0,monthly,STOP,0.0,0.0,0.0,0.0,6
FAIL_001991,PAY_012701,CUST_0744,SUB_0744,200.0,2025-01-23,INSUFFICIENT_FUNDS,CUSTOMER_FINANCIAL,824,19,8,27,0.7037,0.3,0.25,low_engagement,0.2963,0.7037,starter,200.0,monthly,PAYMENT_LINK,0.7150434009332451,3.0,143.00868018664903,140.00868018664903,1
FAIL_001991,PAY_012701,CUST_0744,SUB_0744,200.0,2025-01-23,INSUFFICIENT_FUNDS,CUSTOMER_FINANCIAL,824,19,8,27,0.7037,0.3,0.25,low_engagement,0.2963,0.7037,starter,200.0,monthly,WAIT_AND_RETRY,0.6550229594900219,2.0,131.00459189800438,129.00459189800438,2
FAIL_001991,PAY_012701,CUST_0744,SUB_0744,200.0,2025-01-23,INSUFFICIENT_FUNDS,CUSTOMER_FINANCIAL,824,19,8,27,0.7037,0.3,0.25,low_engagement,0.2963,0.7037,starter,200.0,monthly,SEND_REMINDER,0.47902017067099045,1.0,95.80403413419809,94.80403413419809,3
FAIL_001991,PAY_012701,CUST_0744,SUB_0744,200.0,2025-01-23,INSUFFICIENT_FUNDS,CUSTOMER_FINANCIAL,824,19,8,27,0.7037,0.3,0.25,low_engagement,0.2963,0.7037,starter,200.0,monthly,RETRY_NOW,0.397530226490849,2.0,79.50604529816981,77.50604529816981,4
FAIL_001991,PAY_012701,CUST_0744,SUB_0744,200.0,2025-01-23,INSUFFICIENT_FUNDS,CUSTOMER_FINANCIAL,824,19,8,27,0.7037,0.3,0.25,low_engagement,0.2963,0.7037,starter,200.0,monthly,UPDATE_PAYMENT_METHOD,0.21169320437384115,3.0,42.33864087476823,39.33864087476823,5
FAIL_001991,PAY_012701,CUST_0744,SUB_0744,200.0,2025-01-23,INSUFFICIENT_FUNDS,CUSTOMER_FINANCIAL,824,19,8,27,0.7037,0.3,0.25,low_engagement,0.2963,0.7037,starter,200.0,monthly,STOP,0.0,0.0,0.0,0.0,6
FAIL_001994,PAY_012707,CUST_0744,SUB_0744,200.0,2025-07-22,AUTHENTICATION_FAILED,CUSTOMER_ACTION,824,19,8,27,0.7037,0.3,0.25,low_engagement,0.2963,0.7037,starter,200.0,monthly,UPDATE_PAYMENT_METHOD,0.5817049304724949,3.0,116.34098609449899,113.34098609449899,1
FAIL_001994,PAY_012707,CUST_0744,SUB_0744,200.0,2025-07-22,AUTHENTICATION_FAILED,CUSTOMER_ACTION,824,19,8,27,0.7037,0.3,0.25,low_engagement,0.2963,0.7037,starter,200.0,monthly,SEND_REMINDER,0.4767380705019879,1.0,95.34761410039758,94.34761410039758,2
FAIL_001994,PAY_012707,CUST_0744,SUB_0744,200.0,2025-07-22,AUTHENTICATION_FAILED,CUSTOMER_ACTION,824,19,8,27,0.7037,0.3,0.25,low_engagement,0.2963,0.7037,starter,200.0,monthly,WAIT_AND_RETRY,0.34237115799749235,2.0,68.47423159949847,66.47423159949847,3
FAIL_001994,PAY_012707,CUST_0744,SUB_0744,200.0,2025-07-22,AUTHENTICATION_FAILED,CUSTOMER_ACTION,824,19,8,27,0.7037,0.3,0.25,low_engagement,0.2963,0.7037,starter,200.0,monthly,PAYMENT_LINK,0.2759887133945108,3.0,55.19774267890216,52.19774267890216,4
FAIL_001994,PAY_012707,CUST_0744,SUB_0744,200.0,2025-07-22,AUTHENTICATION_FAILED,CUSTOMER_ACTION,824,19,8,27,0.7037,0.3,0.25,low_engagement,0.2963,0.7037,starter,200.0,monthly,RETRY_NOW,0.06276175072527336,2.0,12.552350145054673,10.552350145054673,5
FAIL_001994,PAY_012707,CUST_0744,SUB_0744,200.0,2025-07-22,AUTHENTICATION_FAILED,CUSTOMER_ACTION,824,19,8,27,0.7037,0.3,0.25,low_engagement,0.2963,0.7037,starter,200.0,monthly,STOP,0.0,0.0,0.0,0.0,6
FAIL_002002,PAY_012749,CUST_0746,SUB_0746,450.36,2025-06-10,BANK_DECLINED,ISSUER_DECLINE,446,8,6,14,0.5714,0.35,0.45,friction_prone,0.4286,0.5714,starter,450.36,monthly,WAIT_AND_RETRY,0.6800891137170794,2.0,306.2849332536239,304.2849332536239,1
FAIL_002002,PAY_012749,CUST_0746,SUB_0746,450.36,2025-06-10,BANK_DECLINED,ISSUER_DECLINE,446,8,6,14,0.5714,0.35,0.45,friction_prone,0.4286,0.5714,starter,450.36,monthly,PAYMENT_LINK,0.6078968975224139,3.0,273.77244676819436,270.77244676819436,2
FAIL_002002,PAY_012749,CUST_0746,SUB_0746,450.36,2025-06-10,BANK_DECLINED,ISSUER_DECLINE,446,8,6,14,0.5714,0.35,0.45,friction_prone,0.4286,0.5714,starter,450.36,monthly,UPDATE_PAYMENT_METHOD,0.47702228675976033,3.0,214.83175706512566,211.83175706512566,3
FAIL_002002,PAY_012749,CUST_0746,SUB_0746,450.36,2025-06-10,BANK_DECLINED,ISSUER_DECLINE,446,8,6,14,0.5714,0.35,0.45,friction_prone,0.4286,0.5714,starter,450.36,monthly,SEND_REMINDER,0.3283760625974849,1.0,147.88744355140332,146.88744355140332,4
FAIL_002002,PAY_012749,CUST_0746,SUB_0746,450.36,2025-06-10,BANK_DECLINED,ISSUER_DECLINE,446,8,6,14,0.5714,0.35,0.45,friction_prone,0.4286,0.5714,starter,450.36,monthly,RETRY_NOW,0.1972868475568953,2.0,88.85010466572336,86.85010466572336,5
FAIL_002002,PAY_012749,CUST_0746,SUB_0746,450.36,2025-06-10,BANK_DECLINED,ISSUER_DECLINE,446,8,6,14,0.5714,0.35,0.45,friction_prone,0.4286,0.5714,starter,450.36,monthly,STOP,0.0,0.0,0.0,0.0,6
FAIL_002022,PAY_012793,CUST_0748,SUB_0748,200.0,2026-06-12,AUTHENTICATION_FAILED,CUSTOMER_ACTION,139,3,1,4,0.75,0.3,0.25,low_engagement,0.25,0.75,starter,200.0,monthly,PAYMENT_LINK,0.766428969547642,3.0,153.2857939095284,150.2857939095284,1
FAIL_002022,PAY_012793,CUST_0748,SUB_0748,200.0,2026-06-12,AUTHENTICATION_FAILED,CUSTOMER_ACTION,139,3,1,4,0.75,0.3,0.25,low_engagement,0.25,0.75,starter,200.0,monthly,UPDATE_PAYMENT_METHOD,0.5606695246541447,3.0,112.13390493082893,109.13390493082893,2
FAIL_002022,PAY_012793,CUST_0748,SUB_0748,200.0,2026-06-12,AUTHENTICATION_FAILED,CUSTOMER_ACTION,139,3,1,4,0.75,0.3,0.25,low_engagement,0.25,0.75,starter,200.0,monthly,SEND_REMINDER,0.2488224424724893,1.0,49.76448849449786,48.76448849449786,3
FAIL_002022,PAY_012793,CUST_0748,SUB_0748,200.0,2026-06-12,AUTHENTICATION_FAILED,CUSTOMER_ACTION,139,3,1,4,0.75,0.3,0.25,low_engagement,0.25,0.75,starter,200.0,monthly,WAIT_AND_RETRY,0.1577460219919179,2.0,31.54920439838358,29.54920439838358,4
FAIL_002022,PAY_012793,CUST_0748,SUB_0748,200.0,2026-06-12,AUTHENTICATION_FAILED,CUSTOMER_ACTION,139,3,1,4,0.75,0.3,0.25,low_engagement,0.25,0.75,starter,200.0,monthly,RETRY_NOW,0.05758238186706347,2.0,11.516476373412694,9.516476373412694,5
FAIL_002022,PAY_012793,CUST_0748,SUB_0748,200.0,2026-06-12,AUTHENTICATION_FAILED,CUSTOMER_ACTION,139,3,1,4,0.75,0.3,0.25,low_engagement,0.25,0.75,starter,200.0,monthly,STOP,0.0,0.0,0.0,0.0,6
FAIL_002025,PAY_012817,CUST_0750,SUB_0750,1696.9,2025-10-29,CARD_EXPIRED,PAYMENT_METHOD,785,21,5,26,0.8077,0.6,0.6,normal,0.1923,0.8077,growth,1696.9,monthly,UPDATE_PAYMENT_METHOD,0.8615904226744122,3.0,1462.03278823621,1459.03278823621,1
FAIL_002025,PAY_012817,CUST_0750,SUB_0750,1696.9,2025-10-29,CARD_EXPIRED,PAYMENT_METHOD,785,21,5,26,0.8077,0.6,0.6,normal,0.1923,0.8077,growth,1696.9,monthly,PAYMENT_LINK,0.5880875877564155,3.0,997.9258276638615,994.9258276638615,2
FAIL_002025,PAY_012817,CUST_0750,SUB_0750,1696.9,2025-10-29,CARD_EXPIRED,PAYMENT_METHOD,785,21,5,26,0.8077,0.6,0.6,normal,0.1923,0.8077,growth,1696.9,monthly,SEND_REMINDER,0.19676549429085238,1.0,333.8913672621474,332.8913672621474,3
FAIL_002025,PAY_012817,CUST_0750,SUB_0750,1696.9,2025-10-29,CARD_EXPIRED,PAYMENT_METHOD,785,21,5,26,0.8077,0.6,0.6,normal,0.1923,0.8077,growth,1696.9,monthly,WAIT_AND_RETRY,0.17759419035985052,2.0,301.35958162163035,299.35958162163035,4
FAIL_002025,PAY_012817,CUST_0750,SUB_0750,1696.9,2025-10-29,CARD_EXPIRED,PAYMENT_METHOD,785,21,5,26,0.8077,0.6,0.6,normal,0.1923,0.8077,growth,1696.9,monthly,RETRY_NOW,0.15737423035918452,2.0,267.0483314965002,265.0483314965002,5
FAIL_002025,PAY_012817,CUST_0750,SUB_0750,1696.9,2025-10-29,CARD_EXPIRED,PAYMENT_METHOD,785,21,5,26,0.8077,0.6,0.6,normal,0.1923,0.8077,growth,1696.9,monthly,STOP,0.0,0.0,0.0,0.0,6
FAIL_002045,PAY_012938,CUST_0758,SUB_0758,372.35,2026-01-02,NETWORK_ERROR,TECHNICAL,630,19,2,21,0.9048,0.35,0.45,friction_prone,0.0952,0.9048,pro,372.35,monthly,WAIT_AND_RETRY,0.9196203694817087,2.0,342.42064457651423,340.42064457651423,1
FAIL_002045,PAY_012938,CUST_0758,SUB_0758,372.35,2026-01-02,NETWORK_ERROR,TECHNICAL,630,19,2,21,0.9048,0.35,0.45,friction_prone,0.0952,0.9048,pro,372.35,monthly,RETRY_NOW,0.7442537376589345,2.0,277.1228792173043,275.1228792173043,2
FAIL_002045,PAY_012938,CUST_0758,SUB_0758,372.35,2026-01-02,NETWORK_ERROR,TECHNICAL,630,19,2,21,0.9048,0.35,0.45,friction_prone,0.0952,0.9048,pro,372.35,monthly,PAYMENT_LINK,0.6038235676868835,3.0,224.8337054282111,221.8337054282111,3
FAIL_002045,PAY_012938,CUST_0758,SUB_0758,372.35,2026-01-02,NETWORK_ERROR,TECHNICAL,630,19,2,21,0.9048,0.35,0.45,friction_prone,0.0952,0.9048,pro,372.35,monthly,UPDATE_PAYMENT_METHOD,0.31797675500828965,3.0,118.39864472733666,115.39864472733666,4
FAIL_002045,PAY_012938,CUST_0758,SUB_0758,372.35,2026-01-02,NETWORK_ERROR,TECHNICAL,630,19,2,21,0.9048,0.35,0.45,friction_prone,0.0952,0.9048,pro,372.35,monthly,SEND_REMINDER,0.15022790740990752,1.0,55.93736132407907,54.93736132407907,5
FAIL_002045,PAY_012938,CUST_0758,SUB_0758,372.35,2026-01-02,NETWORK_ERROR,TECHNICAL,630,19,2,21,0.9048,0.35,0.45,friction_prone,0.0952,0.9048,pro,372.35,monthly,STOP,0.0,0.0,0.0,0.0,6
FAIL_002051,PAY_013036,CUST_0763,SUB_0763,580.18,2024-10-19,INSUFFICIENT_FUNDS,CUSTOMER_FINANCIAL,950,23,8,31,0.7419,0.3,0.25,low_engagement,0.2581,0.7419,starter,580.18,monthly,WAIT_AND_RETRY,0.8574581014333194,2.0,497.4800412895832,495.4800412895832,1
FAIL_002051,PAY_013036,CUST_0763,SUB_0763,580.18,2024-10-19,INSUFFICIENT_FUNDS,CUSTOMER_FINANCIAL,950,23,8,31,0.7419,0.3,0.25,low_engagement,0.2581,0.7419,starter,580.18,monthly,PAYMENT_LINK,0.5386050286538541,3.0,312.48786552439304,309.48786552439304,2
FAIL_002051,PAY_013036,CUST_0763,SUB_0763,580.18,2024-10-19,INSUFFICIENT_FUNDS,CUSTOMER_FINANCIAL,950,23,8,31,0.7419,0.3,0.25,low_engagement,0.2581,0.7419,starter,580.18,monthly,SEND_REMINDER,0.2895606799921668,1.0,167.9973153178553,166.9973153178553,3
FAIL_002051,PAY_013036,CUST_0763,SUB_0763,580.18,2024-10-19,INSUFFICIENT_FUNDS,CUSTOMER_FINANCIAL,950,23,8,31,0.7419,0.3,0.25,low_engagement,0.2581,0.7419,starter,580.18,monthly,RETRY_NOW,0.2149478854284534,2.0,124.70846416788008,122.70846416788008,4
FAIL_002051,PAY_013036,CUST_0763,SUB_0763,580.18,2024-10-19,INSUFFICIENT_FUNDS,CUSTOMER_FINANCIAL,950,23,8,31,0.7419,0.3,0.25,low_engagement,0.2581,0.7419,starter,580.18,monthly,UPDATE_PAYMENT_METHOD,0.0883672501750148,3.0,51.26891120654008,48.26891120654008,5
FAIL_002051,PAY_013036,CUST_0763,SUB_0763,580.18,2024-10-19,INSUFFICIENT_FUNDS,CUSTOMER_FINANCIAL,950,23,8,31,0.7419,0.3,0.25,low_engagement,0.2581,0.7419,starter,580.18,monthly,STOP,0.0,0.0,0.0,0.0,6
FAIL_002060,PAY_013078,CUST_0764,SUB_0764,880.92,2026-03-24,AUTHENTICATION_FAILED,CUSTOMER_ACTION,759,21,4,25,0.84,0.3,0.25,low_engagement,0.16,0.84,growth,880.92,monthly,UPDATE_PAYMENT_METHOD,0.641003042594409,3.0,564.6724002822667,561.6724002822667,1
FAIL_002060,PAY_013078,CUST_0764,SUB_0764,880.92,2026-03-24,AUTHENTICATION_FAILED,CUSTOMER_ACTION,759,21,4,25,0.84,0.3,0.25,low_engagement,0.16,0.84,growth,880.92,monthly,PAYMENT_LINK,0.40616656537731827,3.0,357.8002507721872,354.8002507721872,2
FAIL_002060,PAY_013078,CUST_0764,SUB_0764,880.92,2026-03-24,AUTHENTICATION_FAILED,CUSTOMER_ACTION,759,21,4,25,0.84,0.3,0.25,low_engagement,0.16,0.84,growth,880.92,monthly,SEND_REMINDER,0.3418783967657854,1.0,301.1675172789157,300.1675172789157,3
FAIL_002060,PAY_013078,CUST_0764,SUB_0764,880.92,2026-03-24,AUTHENTICATION_FAILED,CUSTOMER_ACTION,759,21,4,25,0.84,0.3,0.25,low_engagement,0.16,0.84,growth,880.92,monthly,WAIT_AND_RETRY,0.15643311575271612,2.0,137.8050603288827,135.8050603288827,4
FAIL_002060,PAY_013078,CUST_0764,SUB_0764,880.92,2026-03-24,AUTHENTICATION_FAILED,CUSTOMER_ACTION,759,21,4,25,0.84,0.3,0.25,low_engagement,0.16,0.84,growth,880.92,monthly,RETRY_NOW,0.05499235094358076,2.0,48.443861793219156,46.443861793219156,5
FAIL_002060,PAY_013078,CUST_0764,SUB_0764,880.92,2026-03-24,AUTHENTICATION_FAILED,CUSTOMER_ACTION,759,21,4,25,0.84,0.3,0.25,low_engagement,0.16,0.84,growth,880.92,monthly,STOP,0.0,0.0,0.0,0.0,6
FAIL_002068,PAY_013098,CUST_0766,SUB_0766,1882.53,2026-04-11,BANK_DECLINED,ISSUER_DECLINE,501,9,7,16,0.5625,0.35,0.45,friction_prone,0.4375,0.5625,pro,1882.53,monthly,WAIT_AND_RETRY,0.5522110421926779,2.0,1039.553853258982,1037.553853258982,1
FAIL_002068,PAY_013098,CUST_0766,SUB_0766,1882.53,2026-04-11,BANK_DECLINED,ISSUER_DECLINE,501,9,7,16,0.5625,0.35,0.45,friction_prone,0.4375,0.5625,pro,1882.53,monthly,PAYMENT_LINK,0.5428586375782788,3.0,1021.9476710002372,1018.9476710002372,2
FAIL_002068,PAY_013098,CUST_0766,SUB_0766,1882.53,2026-04-11,BANK_DECLINED,ISSUER_DECLINE,501,9,7,16,0.5625,0.35,0.45,friction_prone,0.4375,0.5625,pro,1882.53,monthly,SEND_REMINDER,0.45699629537152386,1.0,860.3092359257548,859.3092359257548,3
FAIL_002068,PAY_013098,CUST_0766,SUB_0766,1882.53,2026-04-11,BANK_DECLINED,ISSUER_DECLINE,501,9,7,16,0.5625,0.35,0.45,friction_prone,0.4375,0.5625,pro,1882.53,monthly,UPDATE_PAYMENT_METHOD,0.320208534475202,3.0,602.8021724056019,599.8021724056019,4
FAIL_002068,PAY_013098,CUST_0766,SUB_0766,1882.53,2026-04-11,BANK_DECLINED,ISSUER_DECLINE,501,9,7,16,0.5625,0.35,0.45,friction_prone,0.4375,0.5625,pro,1882.53,monthly,RETRY_NOW,0.19309568443731653,2.0,363.5084188237815,361.5084188237815,5
FAIL_002068,PAY_013098,CUST_0766,SUB_0766,1882.53,2026-04-11,BANK_DECLINED,ISSUER_DECLINE,501,9,7,16,0.5625,0.35,0.45,friction_prone,0.4375,0.5625,pro,1882.53,monthly,STOP,0.0,0.0,0.0,0.0,6
FAIL_002070,PAY_013100,CUST_0766,SUB_0766,1882.53,2026-06-10,LIMIT_EXCEEDED,PAYMENT_LIMIT,501,9,7,16,0.5625,0.35,0.45,friction_prone,0.4375,0.5625,pro,1882.53,monthly,PAYMENT_LINK,0.5574744262472652,3.0,1049.4623316432642,1046.4623316432642,1
FAIL_002070,PAY_013100,CUST_0766,SUB_0766,1882.53,2026-06-10,LIMIT_EXCEEDED,PAYMENT_LIMIT,501,9,7,16,0.5625,0.35,0.45,friction_prone,0.4375,0.5625,pro,1882.53,monthly,UPDATE_PAYMENT_METHOD,0.34380023263705084,3.0,647.2142519462274,644.2142519462274,2
FAIL_002070,PAY_013100,CUST_0766,SUB_0766,1882.53,2026-06-10,LIMIT_EXCEEDED,PAYMENT_LIMIT,501,9,7,16,0.5625,0.35,0.45,friction_prone,0.4375,0.5625,pro,1882.53,monthly,WAIT_AND_RETRY,0.2163711739290614,2.0,407.32522605667594,405.32522605667594,3
FAIL_002070,PAY_013100,CUST_0766,SUB_0766,1882.53,2026-06-10,LIMIT_EXCEEDED,PAYMENT_LIMIT,501,9,7,16,0.5625,0.35,0.45,friction_prone,0.4375,0.5625,pro,1882.53,monthly,SEND_REMINDER,0.21366338353856257,1.0,402.2277294128502,401.2277294128502,4
FAIL_002070,PAY_013100,CUST_0766,SUB_0766,1882.53,2026-06-10,LIMIT_EXCEEDED,PAYMENT_LIMIT,501,9,7,16,0.5625,0.35,0.45,friction_prone,0.4375,0.5625,pro,1882.53,monthly,RETRY_NOW,0.11766535216867914,2.0,221.50855541810353,219.50855541810353,5
FAIL_002070,PAY_013100,CUST_0766,SUB_0766,1882.53,2026-06-10,LIMIT_EXCEEDED,PAYMENT_LIMIT,501,9,7,16,0.5625,0.35,0.45,friction_prone,0.4375,0.5625,pro,1882.53,monthly,STOP,0.0,0.0,0.0,0.0,6
FAIL_002071,PAY_013148,CUST_0769,SUB_0769,1716.97,2025-12-01,BANK_DECLINED,ISSUER_DECLINE,572,16,3,19,0.8421,0.35,0.45,friction_prone,0.1579,0.8421,growth,1716.97,monthly,WAIT_AND_RETRY,0.6426031932999232,2.0,1103.3304048001692,1101.3304048001692,1
FAIL_002071,PAY_013148,CUST_0769,SUB_0769,1716.97,2025-12-01,BANK_DECLINED,ISSUER_DECLINE,572,16,3,19,0.8421,0.35,0.45,friction_prone,0.1579,0.8421,growth,1716.97,monthly,PAYMENT_LINK,0.5852062338649584,3.0,1004.7815473591177,1001.7815473591177,2
FAIL_002071,PAY_013148,CUST_0769,SUB_0769,1716.97,2025-12-01,BANK_DECLINED,ISSUER_DECLINE,572,16,3,19,0.8421,0.35,0.45,friction_prone,0.1579,0.8421,growth,1716.97,monthly,UPDATE_PAYMENT_METHOD,0.33944584551154733,3.0,582.8183333679614,579.8183333679614,3
FAIL_002071,PAY_013148,CUST_0769,SUB_0769,1716.97,2025-12-01,BANK_DECLINED,ISSUER_DECLINE,572,16,3,19,0.8421,0.35,0.45,friction_prone,0.1579,0.8421,growth,1716.97,monthly,RETRY_NOW,0.301433691352019,2.0,517.552605040676,515.552605040676,4
FAIL_002071,PAY_013148,CUST_0769,SUB_0769,1716.97,2025-12-01,BANK_DECLINED,ISSUER_DECLINE,572,16,3,19,0.8421,0.35,0.45,friction_prone,0.1579,0.8421,growth,1716.97,monthly,SEND_REMINDER,0.29092199836631594,1.0,499.5043435350135,498.5043435350135,5
FAIL_002071,PAY_013148,CUST_0769,SUB_0769,1716.97,2025-12-01,BANK_DECLINED,ISSUER_DECLINE,572,16,3,19,0.8421,0.35,0.45,friction_prone,0.1579,0.8421,growth,1716.97,monthly,STOP,0.0,0.0,0.0,0.0,6
FAIL_002073,PAY_013157,CUST_0770,SUB_0770,601.44,2025-04-16,AUTHENTICATION_FAILED,CUSTOMER_ACTION,501,12,4,16,0.75,0.3,0.25,low_engagement,0.25,0.75,starter,601.44,monthly,UPDATE_PAYMENT_METHOD,0.7023909386827556,3.0,422.44600616135654,419.44600616135654,1
FAIL_002073,PAY_013157,CUST_0770,SUB_0770,601.44,2025-04-16,AUTHENTICATION_FAILED,CUSTOMER_ACTION,501,12,4,16,0.75,0.3,0.25,low_engagement,0.25,0.75,starter,601.44,monthly,PAYMENT_LINK,0.4866972320199782,3.0,292.7191832260957,289.7191832260957,2
FAIL_002073,PAY_013157,CUST_0770,SUB_0770,601.44,2025-04-16,AUTHENTICATION_FAILED,CUSTOMER_ACTION,501,12,4,16,0.75,0.3,0.25,low_engagement,0.25,0.75,starter,601.44,monthly,SEND_REMINDER,0.425173993058671,1.0,255.7166463852071,254.7166463852071,3
FAIL_002073,PAY_013157,CUST_0770,SUB_0770,601.44,2025-04-16,AUTHENTICATION_FAILED,CUSTOMER_ACTION,501,12,4,16,0.75,0.3,0.25,low_engagement,0.25,0.75,starter,601.44,monthly,WAIT_AND_RETRY,0.22159177367071217,2.0,133.27415635651315,131.27415635651315,4
FAIL_002073,PAY_013157,CUST_0770,SUB_0770,601.44,2025-04-16,AUTHENTICATION_FAILED,CUSTOMER_ACTION,501,12,4,16,0.75,0.3,0.25,low_engagement,0.25,0.75,starter,601.44,monthly,RETRY_NOW,0.03681939200989183,2.0,22.144655130429346,20.144655130429346,5
FAIL_002073,PAY_013157,CUST_0770,SUB_0770,601.44,2025-04-16,AUTHENTICATION_FAILED,CUSTOMER_ACTION,501,12,4,16,0.75,0.3,0.25,low_engagement,0.25,0.75,starter,601.44,monthly,STOP,0.0,0.0,0.0,0.0,6
FAIL_002078,PAY_013235,CUST_0774,SUB_0774,281.45,2024-09-15,INSUFFICIENT_FUNDS,CUSTOMER_FINANCIAL,744,18,6,24,0.75,0.3,0.25,low_engagement,0.25,0.75,starter,281.45,monthly,WAIT_AND_RETRY,0.7755197706817125,2.0,218.270039458368,216.270039458368,1
FAIL_002078,PAY_013235,CUST_0774,SUB_0774,281.45,2024-09-15,INSUFFICIENT_FUNDS,CUSTOMER_FINANCIAL,744,18,6,24,0.75,0.3,0.25,low_engagement,0.25,0.75,starter,281.45,monthly,PAYMENT_LINK,0.5718624470330512,3.0,160.95068571745227,157.95068571745227,2
FAIL_002078,PAY_013235,CUST_0774,SUB_0774,281.45,2024-09-15,INSUFFICIENT_FUNDS,CUSTOMER_FINANCIAL,744,18,6,24,0.75,0.3,0.25,low_engagement,0.25,0.75,starter,281.45,monthly,SEND_REMINDER,0.3896459112886468,1.0,109.66584173218963,108.66584173218963,3
FAIL_002078,PAY_013235,CUST_0774,SUB_0774,281.45,2024-09-15,INSUFFICIENT_FUNDS,CUSTOMER_FINANCIAL,744,18,6,24,0.75,0.3,0.25,low_engagement,0.25,0.75,starter,281.45,monthly,RETRY_NOW,0.24521947291150792,2.0,69.0170206509439,67.0170206509439,4
FAIL_002078,PAY_013235,CUST_0774,SUB_0774,281.45,2024-09-15,INSUFFICIENT_FUNDS,CUSTOMER_FINANCIAL,744,18,6,24,0.75,0.3,0.25,low_engagement,0.25,0.75,starter,281.45,monthly,UPDATE_PAYMENT_METHOD,0.12075395377333231,3.0,33.986200289504374,30.986200289504374,5
FAIL_002078,PAY_013235,CUST_0774,SUB_0774,281.45,2024-09-15,INSUFFICIENT_FUNDS,CUSTOMER_FINANCIAL,744,18,6,24,0.75,0.3,0.25,low_engagement,0.25,0.75,starter,281.45,monthly,STOP,0.0,0.0,0.0,0.0,6
FAIL_002080,PAY_013265,CUST_0777,SUB_0777,772.21,2024-11-22,LIMIT_EXCEEDED,PAYMENT_LIMIT,676,18,4,22,0.8182,0.8,0.85,reliable,0.1818,0.8182,starter,772.21,monthly,WAIT_AND_RETRY,0.5825348259277605,2.0,449.83921792967595,447.83921792967595,1
FAIL_002080,PAY_013265,CUST_0777,SUB_0777,772.21,2024-11-22,LIMIT_EXCEEDED,PAYMENT_LIMIT,676,18,4,22,0.8182,0.8,0.85,reliable,0.1818,0.8182,starter,772.21,monthly,UPDATE_PAYMENT_METHOD,0.556375912810445,3.0,429.63904363135373,426.63904363135373,2
FAIL_002080,PAY_013265,CUST_0777,SUB_0777,772.21,2024-11-22,LIMIT_EXCEEDED,PAYMENT_LIMIT,676,18,4,22,0.8182,0.8,0.85,reliable,0.1818,0.8182,starter,772.21,monthly,SEND_REMINDER,0.5439433174429683,1.0,420.03846916263456,419.03846916263456,3
FAIL_002080,PAY_013265,CUST_0777,SUB_0777,772.21,2024-11-22,LIMIT_EXCEEDED,PAYMENT_LIMIT,676,18,4,22,0.8182,0.8,0.85,reliable,0.1818,0.8182,starter,772.21,monthly,PAYMENT_LINK,0.5343377003899243,3.0,412.6209156181035,409.6209156181035,4
FAIL_002080,PAY_013265,CUST_0777,SUB_0777,772.21,2024-11-22,LIMIT_EXCEEDED,PAYMENT_LIMIT,676,18,4,22,0.8182,0.8,0.85,reliable,0.1818,0.8182,starter,772.21,monthly,RETRY_NOW,0.29101610967021657,2.0,224.72555004843795,222.72555004843795,5
FAIL_002080,PAY_013265,CUST_0777,SUB_0777,772.21,2024-11-22,LIMIT_EXCEEDED,PAYMENT_LIMIT,676,18,4,22,0.8182,0.8,0.85,reliable,0.1818,0.8182,starter,772.21,monthly,STOP,0.0,0.0,0.0,0.0,6
FAIL_002081,PAY_013271,CUST_0777,SUB_0777,772.21,2025-05-21,NETWORK_ERROR,TECHNICAL,676,18,4,22,0.8182,0.8,0.85,reliable,0.1818,0.8182,starter,772.21,monthly,RETRY_NOW,0.8224278630979182,2.0,635.0870201628434,633.0870201628434,1
FAIL_002081,PAY_013271,CUST_0777,SUB_0777,772.21,2025-05-21,NETWORK_ERROR,TECHNICAL,676,18,4,22,0.8182,0.8,0.85,reliable,0.1818,0.8182,starter,772.21,monthly,WAIT_AND_RETRY,0.7079345629500118,2.0,546.6741488556286,544.6741488556286,2
FAIL_002081,PAY_013271,CUST_0777,SUB_0777,772.21,2025-05-21,NETWORK_ERROR,TECHNICAL,676,18,4,22,0.8182,0.8,0.85,reliable,0.1818,0.8182,starter,772.21,monthly,UPDATE_PAYMENT_METHOD,0.5068474489293253,3.0,391.3926685377143,388.3926685377143,3
FAIL_002081,PAY_013271,CUST_0777,SUB_0777,772.21,2025-05-21,NETWORK_ERROR,TECHNICAL,676,18,4,22,0.8182,0.8,0.85,reliable,0.1818,0.8182,starter,772.21,monthly,SEND_REMINDER,0.44687201722979375,1.0,345.07904042501906,344.07904042501906,4
FAIL_002081,PAY_013271,CUST_0777,SUB_0777,772.21,2025-05-21,NETWORK_ERROR,TECHNICAL,676,18,4,22,0.8182,0.8,0.85,reliable,0.1818,0.8182,starter,772.21,monthly,PAYMENT_LINK,0.36153177965650773,3.0,279.17845556855184,276.17845556855184,5
FAIL_002081,PAY_013271,CUST_0777,SUB_0777,772.21,2025-05-21,NETWORK_ERROR,TECHNICAL,676,18,4,22,0.8182,0.8,0.85,reliable,0.1818,0.8182,starter,772.21,monthly,STOP,0.0,0.0,0.0,0.0,6
FAIL_002087,PAY_013298,CUST_0778,SUB_0778,1859.33,2025-04-07,BANK_DECLINED,ISSUER_DECLINE,870,23,6,29,0.7931,0.6,0.6,normal,0.2069,0.7931,growth,1859.33,monthly,WAIT_AND_RETRY,0.6138363788196151,2.0,1141.324394230675,1139.324394230675,1
FAIL_002087,PAY_013298,CUST_0778,SUB_0778,1859.33,2025-04-07,BANK_DECLINED,ISSUER_DECLINE,870,23,6,29,0.7931,0.6,0.6,normal,0.2069,0.7931,growth,1859.33,monthly,PAYMENT_LINK,0.5636927983185995,3.0,1048.0909306977217,1045.0909306977217,2
FAIL_002087,PAY_013298,CUST_0778,SUB_0778,1859.33,2025-04-07,BANK_DECLINED,ISSUER_DECLINE,870,23,6,29,0.7931,0.6,0.6,normal,0.2069,0.7931,growth,1859.33,monthly,SEND_REMINDER,0.4276977557228747,1.0,795.2312681482126,794.2312681482126,3
FAIL_002087,PAY_013298,CUST_0778,SUB_0778,1859.33,2025-04-07,BANK_DECLINED,ISSUER_DECLINE,870,23,6,29,0.7931,0.6,0.6,normal,0.2069,0.7931,growth,1859.33,monthly,RETRY_NOW,0.3800125660868702,2.0,706.5687645023003,704.5687645023003,4
FAIL_002087,PAY_013298,CUST_0778,SUB_0778,1859.33,2025-04-07,BANK_DECLINED,ISSUER_DECLINE,870,23,6,29,0.7931,0.6,0.6,normal,0.2069,0.7931,growth,1859.33,monthly,UPDATE_PAYMENT_METHOD,0.34207596545392666,3.0,636.0321048474494,633.0321048474494,5
FAIL_002087,PAY_013298,CUST_0778,SUB_0778,1859.33,2025-04-07,BANK_DECLINED,ISSUER_DECLINE,870,23,6,29,0.7931,0.6,0.6,normal,0.2069,0.7931,growth,1859.33,monthly,STOP,0.0,0.0,0.0,0.0,6
FAIL_002088,PAY_013305,CUST_0778,SUB_0778,1859.33,2025-11-03,NETWORK_ERROR,TECHNICAL,870,23,6,29,0.7931,0.6,0.6,normal,0.2069,0.7931,growth,1859.33,monthly,WAIT_AND_RETRY,0.9188487406270561,2.0,1708.4430289101042,1706.4430289101042,1
FAIL_002088,PAY_013305,CUST_0778,SUB_0778,1859.33,2025-11-03,NETWORK_ERROR,TECHNICAL,870,23,6,29,0.7931,0.6,0.6,normal,0.2069,0.7931,growth,1859.33,monthly,RETRY_NOW,0.8961625349570895,2.0,1666.2618861217652,1664.2618861217652,2
FAIL_002088,PAY_013305,CUST_0778,SUB_0778,1859.33,2025-11-03,NETWORK_ERROR,TECHNICAL,870,23,6,29,0.7931,0.6,0.6,normal,0.2069,0.7931,growth,1859.33,monthly,PAYMENT_LINK,0.393499877723556,3.0,731.6461276477394,728.6461276477394,3
FAIL_002088,PAY_013305,CUST_0778,SUB_0778,1859.33,2025-11-03,NETWORK_ERROR,TECHNICAL,870,23,6,29,0.7931,0.6,0.6,normal,0.2069,0.7931,growth,1859.33,monthly,UPDATE_PAYMENT_METHOD,0.3298066664114964,3.0,613.2194290588876,610.2194290588876,4
FAIL_002088,PAY_013305,CUST_0778,SUB_0778,1859.33,2025-11-03,NETWORK_ERROR,TECHNICAL,870,23,6,29,0.7931,0.6,0.6,normal,0.2069,0.7931,growth,1859.33,monthly,SEND_REMINDER,0.2882646790446067,1.0,535.9791656880085,534.9791656880085,5
FAIL_002088,PAY_013305,CUST_0778,SUB_0778,1859.33,2025-11-03,NETWORK_ERROR,TECHNICAL,870,23,6,29,0.7931,0.6,0.6,normal,0.2069,0.7931,growth,1859.33,monthly,STOP,0.0,0.0,0.0,0.0,6
FAIL_002094,PAY_013341,CUST_0780,SUB_0780,2075.84,2026-03-12,BANK_DECLINED,ISSUER_DECLINE,651,18,3,21,0.8571,0.6,0.6,normal,0.1429,0.8571,growth,2075.84,monthly,WAIT_AND_RETRY,0.6655439530839771,2.0,1381.5627595698431,1379.5627595698431,1
FAIL_002094,PAY_013341,CUST_0780,SUB_0780,2075.84,2026-03-12,BANK_DECLINED,ISSUER_DECLINE,651,18,3,21,0.8571,0.6,0.6,normal,0.1429,0.8571,growth,2075.84,monthly,PAYMENT_LINK,0.502092976866947,3.0,1042.2646850994834,1039.2646850994834,2
FAIL_002094,PAY_013341,CUST_0780,SUB_0780,2075.84,2026-03-12,BANK_DECLINED,ISSUER_DECLINE,651,18,3,21,0.8571,0.6,0.6,normal,0.1429,0.8571,growth,2075.84,monthly,UPDATE_PAYMENT_METHOD,0.37753357718142583,3.0,783.6993008562911,780.6993008562911,3
FAIL_002094,PAY_013341,CUST_0780,SUB_0780,2075.84,2026-03-12,BANK_DECLINED,ISSUER_DECLINE,651,18,3,21,0.8571,0.6,0.6,normal,0.1429,0.8571,growth,2075.84,monthly,SEND_REMINDER,0.314456057916664,1.0,652.7604632657278,651.7604632657278,4
FAIL_002094,PAY_013341,CUST_0780,SUB_0780,2075.84,2026-03-12,BANK_DECLINED,ISSUER_DECLINE,651,18,3,21,0.8571,0.6,0.6,normal,0.1429,0.8571,growth,2075.84,monthly,RETRY_NOW,0.25605748817707835,2.0,531.5343762575063,529.5343762575063,5
FAIL_002094,PAY_013341,CUST_0780,SUB_0780,2075.84,2026-03-12,BANK_DECLINED,ISSUER_DECLINE,651,18,3,21,0.8571,0.6,0.6,normal,0.1429,0.8571,growth,2075.84,monthly,STOP,0.0,0.0,0.0,0.0,6
FAIL_002095,PAY_013344,CUST_0780,SUB_0780,2075.84,2026-06-10,INSUFFICIENT_FUNDS,CUSTOMER_FINANCIAL,651,18,3,21,0.8571,0.6,0.6,normal,0.1429,0.8571,growth,2075.84,monthly,WAIT_AND_RETRY,0.7572326010735719,2.0,1571.8937226125636,1569.8937226125636,1
FAIL_002095,PAY_013344,CUST_0780,SUB_0780,2075.84,2026-06-10,INSUFFICIENT_FUNDS,CUSTOMER_FINANCIAL,651,18,3,21,0.8571,0.6,0.6,normal,0.1429,0.8571,growth,2075.84,monthly,PAYMENT_LINK,0.711740102506426,3.0,1477.4585743869395,1474.4585743869395,2
FAIL_002095,PAY_013344,CUST_0780,SUB_0780,2075.84,2026-06-10,INSUFFICIENT_FUNDS,CUSTOMER_FINANCIAL,651,18,3,21,0.8571,0.6,0.6,normal,0.1429,0.8571,growth,2075.84,monthly,SEND_REMINDER,0.5868016309576014,1.0,1218.1062976070275,1217.1062976070275,3
FAIL_002095,PAY_013344,CUST_0780,SUB_0780,2075.84,2026-06-10,INSUFFICIENT_FUNDS,CUSTOMER_FINANCIAL,651,18,3,21,0.8571,0.6,0.6,normal,0.1429,0.8571,growth,2075.84,monthly,RETRY_NOW,0.47456218151724006,2.0,985.1151588807477,983.1151588807477,4
FAIL_002095,PAY_013344,CUST_0780,SUB_0780,2075.84,2026-06-10,INSUFFICIENT_FUNDS,CUSTOMER_FINANCIAL,651,18,3,21,0.8571,0.6,0.6,normal,0.1429,0.8571,growth,2075.84,monthly,UPDATE_PAYMENT_METHOD,0.2716561187005999,3.0,563.9146374434533,560.9146374434533,5
FAIL_002095,PAY_013344,CUST_0780,SUB_0780,2075.84,2026-06-10,INSUFFICIENT_FUNDS,CUSTOMER_FINANCIAL,651,18,3,21,0.8571,0.6,0.6,normal,0.1429,0.8571,growth,2075.84,monthly,STOP,0.0,0.0,0.0,0.0,6
FAIL_002106,PAY_013411,CUST_0785,SUB_0785,1990.77,2026-07-19,LIMIT_EXCEEDED,PAYMENT_LIMIT,492,11,5,16,0.6875,0.35,0.45,friction_prone,0.3125,0.6875,pro,1990.77,monthly,PAYMENT_LINK,0.6184748528074968,3.0,1231.2411827235803,1228.2411827235803,1
FAIL_002106,PAY_013411,CUST_0785,SUB_0785,1990.77,2026-07-19,LIMIT_EXCEEDED,PAYMENT_LIMIT,492,11,5,16,0.6875,0.35,0.45,friction_prone,0.3125,0.6875,pro,1990.77,monthly,SEND_REMINDER,0.3849302703692261,1.0,766.3076343429443,765.3076343429443,2
FAIL_002106,PAY_013411,CUST_0785,SUB_0785,1990.77,2026-07-19,LIMIT_EXCEEDED,PAYMENT_LIMIT,492,11,5,16,0.6875,0.35,0.45,friction_prone,0.3125,0.6875,pro,1990.77,monthly,UPDATE_PAYMENT_METHOD,0.28163453277552114,3.0,560.6695788135243,557.6695788135243,3
FAIL_002106,PAY_013411,CUST_0785,SUB_0785,1990.77,2026-07-19,LIMIT_EXCEEDED,PAYMENT_LIMIT,492,11,5,16,0.6875,0.35,0.45,friction_prone,0.3125,0.6875,pro,1990.77,monthly,WAIT_AND_RETRY,0.20789450017406608,2.0,413.87013411152554,411.87013411152554,4
FAIL_002106,PAY_013411,CUST_0785,SUB_0785,1990.77,2026-07-19,LIMIT_EXCEEDED,PAYMENT_LIMIT,492,11,5,16,0.6875,0.35,0.45,friction_prone,0.3125,0.6875,pro,1990.77,monthly,RETRY_NOW,0.06520821195058973,2.0,129.81455210487553,127.81455210487553,5
FAIL_002106,PAY_013411,CUST_0785,SUB_0785,1990.77,2026-07-19,LIMIT_EXCEEDED,PAYMENT_LIMIT,492,11,5,16,0.6875,0.35,0.45,friction_prone,0.3125,0.6875,pro,1990.77,monthly,STOP,0.0,0.0,0.0,0.0,6
FAIL_002112,PAY_013438,CUST_0786,SUB_0786,313.47,2026-01-27,CARD_EXPIRED,PAYMENT_METHOD,995,26,7,33,0.7879,0.3,0.25,low_engagement,0.2121,0.7879,starter,313.47,monthly,UPDATE_PAYMENT_METHOD,0.8129329903092408,3.0,254.83010447223774,251.83010447223774,1
FAIL_002112,PAY_013438,CUST_0786,SUB_0786,313.47,2026-01-27,CARD_EXPIRED,PAYMENT_METHOD,995,26,7,33,0.7879,0.3,0.25,low_engagement,0.2121,0.7879,starter,313.47,monthly,PAYMENT_LINK,0.5584907113491095,3.0,175.07008328660538,172.07008328660538,2
FAIL_002112,PAY_013438,CUST_0786,SUB_0786,313.47,2026-01-27,CARD_EXPIRED,PAYMENT_METHOD,995,26,7,33,0.7879,0.3,0.25,low_engagement,0.2121,0.7879,starter,313.47,monthly,SEND_REMINDER,0.24798381622467844,1.0,77.73548687194996,76.73548687194996,3
FAIL_002112,PAY_013438,CUST_0786,SUB_0786,313.47,2026-01-27,CARD_EXPIRED,PAYMENT_METHOD,995,26,7,33,0.7879,0.3,0.25,low_engagement,0.2121,0.7879,starter,313.47,monthly,RETRY_NOW,0.1872551886274888,2.0,58.69888397905892,56.69888397905892,4
FAIL_002112,PAY_013438,CUST_0786,SUB_0786,313.47,2026-01-27,CARD_EXPIRED,PAYMENT_METHOD,995,26,7,33,0.7879,0.3,0.25,low_engagement,0.2121,0.7879,starter,313.47,monthly,WAIT_AND_RETRY,0.05473038670556563,2.0,17.15633432059366,15.156334320593661,5
FAIL_002112,PAY_013438,CUST_0786,SUB_0786,313.47,2026-01-27,CARD_EXPIRED,PAYMENT_METHOD,995,26,7,33,0.7879,0.3,0.25,low_engagement,0.2121,0.7879,starter,313.47,monthly,STOP,0.0,0.0,0.0,0.0,6
FAIL_002120,PAY_013497,CUST_0788,SUB_0788,1672.99,2026-04-16,BANK_DECLINED,ISSUER_DECLINE,886,28,1,29,0.9655,0.8,0.85,reliable,0.0345,0.9655,pro,1672.99,monthly,WAIT_AND_RETRY,0.6935029367063205,2.0,1160.2234780803071,1158.2234780803071,1
FAIL_002120,PAY_013497,CUST_0788,SUB_0788,1672.99,2026-04-16,BANK_DECLINED,ISSUER_DECLINE,886,28,1,29,0.9655,0.8,0.85,reliable,0.0345,0.9655,pro,1672.99,monthly,PAYMENT_LINK,0.6892249181294577,3.0,1153.0663957814015,1150.0663957814015,2
FAIL_002120,PAY_013497,CUST_0788,SUB_0788,1672.99,2026-04-16,BANK_DECLINED,ISSUER_DECLINE,886,28,1,29,0.9655,0.8,0.85,reliable,0.0345,0.9655,pro,1672.99,monthly,SEND_REMINDER,0.534602471788817,1.0,894.384589277973,893.384589277973,3
FAIL_002120,PAY_013497,CUST_0788,SUB_0788,1672.99,2026-04-16,BANK_DECLINED,ISSUER_DECLINE,886,28,1,29,0.9655,0.8,0.85,reliable,0.0345,0.9655,pro,1672.99,monthly,UPDATE_PAYMENT_METHOD,0.27540210613546506,3.0,460.7449695435717,457.7449695435717,4
FAIL_002120,PAY_013497,CUST_0788,SUB_0788,1672.99,2026-04-16,BANK_DECLINED,ISSUER_DECLINE,886,28,1,29,0.9655,0.8,0.85,reliable,0.0345,0.9655,pro,1672.99,monthly,RETRY_NOW,0.24367464315321472,2.0,407.6652412488967,405.6652412488967,5
FAIL_002120,PAY_013497,CUST_0788,SUB_0788,1672.99,2026-04-16,BANK_DECLINED,ISSUER_DECLINE,886,28,1,29,0.9655,0.8,0.85,reliable,0.0345,0.9655,pro,1672.99,monthly,STOP,0.0,0.0,0.0,0.0,6
FAIL_002122,PAY_013502,CUST_0789,SUB_0789,694.22,2024-05-26,BANK_DECLINED,ISSUER_DECLINE,856,24,4,28,0.8571,0.6,0.6,normal,0.1429,0.8571,pro,694.22,monthly,WAIT_AND_RETRY,0.6841412851581404,2.0,474.9445629824843,472.9445629824843,1
FAIL_002122,PAY_013502,CUST_0789,SUB_0789,694.22,2024-05-26,BANK_DECLINED,ISSUER_DECLINE,856,24,4,28,0.8571,0.6,0.6,normal,0.1429,0.8571,pro,694.22,monthly,PAYMENT_LINK,0.5381246047817686,3.0,373.5768631315994,370.5768631315994,2
FAIL_002122,PAY_013502,CUST_0789,SUB_0789,694.22,2024-05-26,BANK_DECLINED,ISSUER_DECLINE,856,24,4,28,0.8571,0.6,0.6,normal,0.1429,0.8571,pro,694.22,monthly,UPDATE_PAYMENT_METHOD,0.3661097020168633,3.0,254.16067733414687,251.16067733414687,3
FAIL_002122,PAY_013502,CUST_0789,SUB_0789,694.22,2024-05-26,BANK_DECLINED,ISSUER_DECLINE,856,24,4,28,0.8571,0.6,0.6,normal,0.1429,0.8571,pro,694.22,monthly,SEND_REMINDER,0.30353929212804737,1.0,210.72304738113306,209.72304738113306,4
FAIL_002122,PAY_013502,CUST_0789,SUB_0789,694.22,2024-05-26,BANK_DECLINED,ISSUER_DECLINE,856,24,4,28,0.8571,0.6,0.6,normal,0.1429,0.8571,pro,694.22,monthly,RETRY_NOW,0.2489187578941326,2.0,172.80438010526473,170.80438010526473,5
FAIL_002122,PAY_013502,CUST_0789,SUB_0789,694.22,2024-05-26,BANK_DECLINED,ISSUER_DECLINE,856,24,4,28,0.8571,0.6,0.6,normal,0.1429,0.8571,pro,694.22,monthly,STOP,0.0,0.0,0.0,0.0,6
FAIL_002130,PAY_013614,CUST_0795,SUB_0795,408.24,2026-03-30,AUTHENTICATION_FAILED,CUSTOMER_ACTION,333,9,2,11,0.8182,0.3,0.25,low_engagement,0.1818,0.8182,starter,408.24,monthly,UPDATE_PAYMENT_METHOD,0.6620954299988713,3.0,270.2938383427392,267.2938383427392,1
FAIL_002130,PAY_013614,CUST_0795,SUB_0795,408.24,2026-03-30,AUTHENTICATION_FAILED,CUSTOMER_ACTION,333,9,2,11,0.8182,0.3,0.25,low_engagement,0.1818,0.8182,starter,408.24,monthly,SEND_REMINDER,0.5785833217296654,1.0,236.20085526291862,235.20085526291862,2
FAIL_002130,PAY_013614,CUST_0795,SUB_0795,408.24,2026-03-30,AUTHENTICATION_FAILED,CUSTOMER_ACTION,333,9,2,11,0.8182,0.3,0.25,low_engagement,0.1818,0.8182,starter,408.24,monthly,PAYMENT_LINK,0.5081728177809786,3.0,207.4564711309067,204.4564711309067,3
FAIL_002130,PAY_013614,CUST_0795,SUB_0795,408.24,2026-03-30,AUTHENTICATION_FAILED,CUSTOMER_ACTION,333,9,2,11,0.8182,0.3,0.25,low_engagement,0.1818,0.8182,starter,408.24,monthly,WAIT_AND_RETRY,0.1450729470162871,2.0,59.224579889929046,57.224579889929046,4
FAIL_002130,PAY_013614,CUST_0795,SUB_0795,408.24,2026-03-30,AUTHENTICATION_FAILED,CUSTOMER_ACTION,333,9,2,11,0.8182,0.3,0.25,low_engagement,0.1818,0.8182,starter,408.24,monthly,RETRY_NOW,0.034374913335271914,2.0,14.033214619991407,12.033214619991407,5
FAIL_002130,PAY_013614,CUST_0795,SUB_0795,408.24,2026-03-30,AUTHENTICATION_FAILED,CUSTOMER_ACTION,333,9,2,11,0.8182,0.3,0.25,low_engagement,0.1818,0.8182,starter,408.24,monthly,STOP,0.0,0.0,0.0,0.0,6
FAIL_002136,PAY_013654,CUST_0797,SUB_0797,802.81,2026-02-24,BANK_DECLINED,ISSUER_DECLINE,967,29,3,32,0.9062,0.6,0.6,normal,0.0938,0.9062,starter,802.81,monthly,WAIT_AND_RETRY,0.6556639066468832,2.0,526.3735408951843,524.3735408951843,1
FAIL_002136,PAY_013654,CUST_0797,SUB_0797,802.81,2026-02-24,BANK_DECLINED,ISSUER_DECLINE,967,29,3,32,0.9062,0.6,0.6,normal,0.0938,0.9062,starter,802.81,monthly,SEND_REMINDER,0.4659755374403361,1.0,374.0898212124762,373.0898212124762,2
FAIL_002136,PAY_013654,CUST_0797,SUB_0797,802.81,2026-02-24,BANK_DECLINED,ISSUER_DECLINE,967,29,3,32,0.9062,0.6,0.6,normal,0.0938,0.9062,starter,802.81,monthly,PAYMENT_LINK,0.4587035948712424,3.0,368.2518329985821,365.2518329985821,3
FAIL_002136,PAY_013654,CUST_0797,SUB_0797,802.81,2026-02-24,BANK_DECLINED,ISSUER_DECLINE,967,29,3,32,0.9062,0.6,0.6,normal,0.0938,0.9062,starter,802.81,monthly,UPDATE_PAYMENT_METHOD,0.34120704197954993,3.0,273.92442537160247,270.92442537160247,4
FAIL_002136,PAY_013654,CUST_0797,SUB_0797,802.81,2026-02-24,BANK_DECLINED,ISSUER_DECLINE,967,29,3,32,0.9062,0.6,0.6,normal,0.0938,0.9062,starter,802.81,monthly,RETRY_NOW,0.2349890779618969,2.0,188.65158167859042,186.65158167859042,5
FAIL_002136,PAY_013654,CUST_0797,SUB_0797,802.81,2026-02-24,BANK_DECLINED,ISSUER_DECLINE,967,29,3,32,0.9062,0.6,0.6,normal,0.0938,0.9062,starter,802.81,monthly,STOP,0.0,0.0,0.0,0.0,6
FAIL_002142,PAY_013691,CUST_0800,SUB_0800,1826.29,2026-05-18,BANK_DECLINED,ISSUER_DECLINE,104,2,1,3,0.6667,0.6,0.6,normal,0.3333,0.6667,pro,1826.29,monthly,WAIT_AND_RETRY,0.6705685530411731,2.0,1224.652642733564,1222.652642733564,1
FAIL_002142,PAY_013691,CUST_0800,SUB_0800,1826.29,2026-05-18,BANK_DECLINED,ISSUER_DECLINE,104,2,1,3,0.6667,0.6,0.6,normal,0.3333,0.6667,pro,1826.29,monthly,UPDATE_PAYMENT_METHOD,0.5721041548394977,3.0,1044.8280969418263,1041.8280969418263,2
FAIL_002142,PAY_013691,CUST_0800,SUB_0800,1826.29,2026-05-18,BANK_DECLINED,ISSUER_DECLINE,104,2,1,3,0.6667,0.6,0.6,normal,0.3333,0.6667,pro,1826.29,monthly,PAYMENT_LINK,0.41248461574855916,3.0,753.3165288954361,750.3165288954361,3
FAIL_002142,PAY_013691,CUST_0800,SUB_0800,1826.29,2026-05-18,BANK_DECLINED,ISSUER_DECLINE,104,2,1,3,0.6667,0.6,0.6,normal,0.3333,0.6667,pro,1826.29,monthly,RETRY_NOW,0.3662116481672019,2.0,668.8086709312792,666.8086709312792,4
FAIL_002142,PAY_013691,CUST_0800,SUB_0800,1826.29,2026-05-18,BANK_DECLINED,ISSUER_DECLINE,104,2,1,3,0.6667,0.6,0.6,normal,0.3333,0.6667,pro,1826.29,monthly,SEND_REMINDER,0.23730470546791602,1.0,433.3872105490003,432.3872105490003,5
FAIL_002142,PAY_013691,CUST_0800,SUB_0800,1826.29,2026-05-18,BANK_DECLINED,ISSUER_DECLINE,104,2,1,3,0.6667,0.6,0.6,normal,0.3333,0.6667,pro,1826.29,monthly,STOP,0.0,0.0,0.0,0.0,6
FAIL_002162,PAY_013806,CUST_0807,SUB_0807,200.0,2024-11-12,NETWORK_ERROR,TECHNICAL,986,23,9,32,0.7188,0.3,0.25,low_engagement,0.2812,0.7188,starter,200.0,monthly,RETRY_NOW,0.8365709641575176,2.0,167.31419283150353,165.31419283150353,1
FAIL_002162,PAY_013806,CUST_0807,SUB_0807,200.0,2024-11-12,NETWORK_ERROR,TECHNICAL,986,23,9,32,0.7188,0.3,0.25,low_engagement,0.2812,0.7188,starter,200.0,monthly,WAIT_AND_RETRY,0.8224752128307146,2.0,164.4950425661429,162.4950425661429,2
FAIL_002162,PAY_013806,CUST_0807,SUB_0807,200.0,2024-11-12,NETWORK_ERROR,TECHNICAL,986,23,9,32,0.7188,0.3,0.25,low_engagement,0.2812,0.7188,starter,200.0,monthly,PAYMENT_LINK,0.4763208947731619,3.0,95.26417895463238,92.26417895463238,3
FAIL_002162,PAY_013806,CUST_0807,SUB_0807,200.0,2024-11-12,NETWORK_ERROR,TECHNICAL,986,23,9,32,0.7188,0.3,0.25,low_engagement,0.2812,0.7188,starter,200.0,monthly,SEND_REMINDER,0.22847229649292364,1.0,45.694459298584725,44.694459298584725,4
FAIL_002162,PAY_013806,CUST_0807,SUB_0807,200.0,2024-11-12,NETWORK_ERROR,TECHNICAL,986,23,9,32,0.7188,0.3,0.25,low_engagement,0.2812,0.7188,starter,200.0,monthly,UPDATE_PAYMENT_METHOD,0.04776231202355888,3.0,9.552462404711775,6.552462404711775,5
FAIL_002162,PAY_013806,CUST_0807,SUB_0807,200.0,2024-11-12,NETWORK_ERROR,TECHNICAL,986,23,9,32,0.7188,0.3,0.25,low_engagement,0.2812,0.7188,starter,200.0,monthly,STOP,0.0,0.0,0.0,0.0,6
FAIL_002167,PAY_013823,CUST_0807,SUB_0807,200.0,2026-04-06,BANK_DECLINED,ISSUER_DECLINE,986,23,9,32,0.7188,0.3,0.25,low_engagement,0.2812,0.7188,starter,200.0,monthly,WAIT_AND_RETRY,0.6905599411823836,2.0,138.11198823647672,136.11198823647672,1
FAIL_002167,PAY_013823,CUST_0807,SUB_0807,200.0,2026-04-06,BANK_DECLINED,ISSUER_DECLINE,986,23,9,32,0.7188,0.3,0.25,low_engagement,0.2812,0.7188,starter,200.0,monthly,PAYMENT_LINK,0.46881297636067326,3.0,93.76259527213465,90.76259527213465,2
FAIL_002167,PAY_013823,CUST_0807,SUB_0807,200.0,2026-04-06,BANK_DECLINED,ISSUER_DECLINE,986,23,9,32,0.7188,0.3,0.25,low_engagement,0.2812,0.7188,starter,200.0,monthly,RETRY_NOW,0.27092218413229296,2.0,54.184436826458594,52.184436826458594,3
FAIL_002167,PAY_013823,CUST_0807,SUB_0807,200.0,2026-04-06,BANK_DECLINED,ISSUER_DECLINE,986,23,9,32,0.7188,0.3,0.25,low_engagement,0.2812,0.7188,starter,200.0,monthly,UPDATE_PAYMENT_METHOD,0.2622451894474405,3.0,52.4490378894881,49.4490378894881,4
FAIL_002167,PAY_013823,CUST_0807,SUB_0807,200.0,2026-04-06,BANK_DECLINED,ISSUER_DECLINE,986,23,9,32,0.7188,0.3,0.25,low_engagement,0.2812,0.7188,starter,200.0,monthly,SEND_REMINDER,0.2356194952335096,1.0,47.12389904670192,46.12389904670192,5
FAIL_002167,PAY_013823,CUST_0807,SUB_0807,200.0,2026-04-06,BANK_DECLINED,ISSUER_DECLINE,986,23,9,32,0.7188,0.3,0.25,low_engagement,0.2812,0.7188,starter,200.0,monthly,STOP,0.0,0.0,0.0,0.0,6
FAIL_002168,PAY_013825,CUST_0807,SUB_0807,200.0,2026-06-05,INSUFFICIENT_FUNDS,CUSTOMER_FINANCIAL,986,23,9,32,0.7188,0.3,0.25,low_engagement,0.2812,0.7188,starter,200.0,monthly,WAIT_AND_RETRY,0.7789883291521463,2.0,155.79766583042925,153.79766583042925,1
FAIL_002168,PAY_013825,CUST_0807,SUB_0807,200.0,2026-06-05,INSUFFICIENT_FUNDS,CUSTOMER_FINANCIAL,986,23,9,32,0.7188,0.3,0.25,low_engagement,0.2812,0.7188,starter,200.0,monthly,PAYMENT_LINK,0.625903348359078,3.0,125.18066967181561,122.18066967181561,2
FAIL_002168,PAY_013825,CUST_0807,SUB_0807,200.0,2026-06-05,INSUFFICIENT_FUNDS,CUSTOMER_FINANCIAL,986,23,9,32,0.7188,0.3,0.25,low_engagement,0.2812,0.7188,starter,200.0,monthly,RETRY_NOW,0.37613586630027807,2.0,75.22717326005561,73.22717326005561,3
FAIL_002168,PAY_013825,CUST_0807,SUB_0807,200.0,2026-06-05,INSUFFICIENT_FUNDS,CUSTOMER_FINANCIAL,986,23,9,32,0.7188,0.3,0.25,low_engagement,0.2812,0.7188,starter,200.0,monthly,SEND_REMINDER,0.30400457105479606,1.0,60.80091421095921,59.80091421095921,4
FAIL_002168,PAY_013825,CUST_0807,SUB_0807,200.0,2026-06-05,INSUFFICIENT_FUNDS,CUSTOMER_FINANCIAL,986,23,9,32,0.7188,0.3,0.25,low_engagement,0.2812,0.7188,starter,200.0,monthly,UPDATE_PAYMENT_METHOD,0.05277052050150143,3.0,10.554104100300286,7.554104100300286,5
FAIL_002168,PAY_013825,CUST_0807,SUB_0807,200.0,2026-06-05,INSUFFICIENT_FUNDS,CUSTOMER_FINANCIAL,986,23,9,32,0.7188,0.3,0.25,low_engagement,0.2812,0.7188,starter,200.0,monthly,STOP,0.0,0.0,0.0,0.0,6
FAIL_002173,PAY_013836,CUST_0808,SUB_0808,642.76,2026-06-03,INSUFFICIENT_FUNDS,CUSTOMER_FINANCIAL,358,8,3,11,0.7273,0.3,0.25,low_engagement,0.2727,0.7273,starter,642.76,monthly,WAIT_AND_RETRY,0.5755757814488419,2.0,369.95708928405764,367.95708928405764,1
FAIL_002173,PAY_013836,CUST_0808,SUB_0808,642.76,2026-06-03,INSUFFICIENT_FUNDS,CUSTOMER_FINANCIAL,358,8,3,11,0.7273,0.3,0.25,low_engagement,0.2727,0.7273,starter,642.76,monthly,PAYMENT_LINK,0.5326778320717205,3.0,342.3840033424191,339.3840033424191,2
FAIL_002173,PAY_013836,CUST_0808,SUB_0808,642.76,2026-06-03,INSUFFICIENT_FUNDS,CUSTOMER_FINANCIAL,358,8,3,11,0.7273,0.3,0.25,low_engagement,0.2727,0.7273,starter,642.76,monthly,SEND_REMINDER,0.37658230979768453,1.0,242.0520454455597,241.0520454455597,3
FAIL_002173,PAY_013836,CUST_0808,SUB_0808,642.76,2026-06-03,INSUFFICIENT_FUNDS,CUSTOMER_FINANCIAL,358,8,3,11,0.7273,0.3,0.25,low_engagement,0.2727,0.7273,starter,642.76,monthly,RETRY_NOW,0.26757217531596633,2.0,171.98469140609052,169.98469140609052,4
FAIL_002173,PAY_013836,CUST_0808,SUB_0808,642.76,2026-06-03,INSUFFICIENT_FUNDS,CUSTOMER_FINANCIAL,358,8,3,11,0.7273,0.3,0.25,low_engagement,0.2727,0.7273,starter,642.76,monthly,UPDATE_PAYMENT_METHOD,0.08807830201676652,3.0,56.613209404296846,53.613209404296846,5
FAIL_002173,PAY_013836,CUST_0808,SUB_0808,642.76,2026-06-03,INSUFFICIENT_FUNDS,CUSTOMER_FINANCIAL,358,8,3,11,0.7273,0.3,0.25,low_engagement,0.2727,0.7273,starter,642.76,monthly,STOP,0.0,0.0,0.0,0.0,6
FAIL_002176,PAY_013872,CUST_0810,SUB_0810,1736.57,2024-08-02,LIMIT_EXCEEDED,PAYMENT_LIMIT,818,20,7,27,0.7407,0.35,0.45,friction_prone,0.2593,0.7407,growth,1736.57,monthly,UPDATE_PAYMENT_METHOD,0.6616383015236214,3.0,1148.9812252768752,1145.9812252768752,1
FAIL_002176,PAY_013872,CUST_0810,SUB_0810,1736.57,2024-08-02,LIMIT_EXCEEDED,PAYMENT_LIMIT,818,20,7,27,0.7407,0.35,0.45,friction_prone,0.2593,0.7407,growth,1736.57,monthly,PAYMENT_LINK,0.5752715227743378,3.0,998.9992683042318,995.9992683042318,2
FAIL_002176,PAY_013872,CUST_0810,SUB_0810,1736.57,2024-08-02,LIMIT_EXCEEDED,PAYMENT_LIMIT,818,20,7,27,0.7407,0.35,0.45,friction_prone,0.2593,0.7407,growth,1736.57,monthly,SEND_REMINDER,0.4295205684255904,1.0,745.8925335108274,744.8925335108274,3
FAIL_002176,PAY_013872,CUST_0810,SUB_0810,1736.57,2024-08-02,LIMIT_EXCEEDED,PAYMENT_LIMIT,818,20,7,27,0.7407,0.35,0.45,friction_prone,0.2593,0.7407,growth,1736.57,monthly,WAIT_AND_RETRY,0.27065527183034743,2.0,470.01182540242644,468.01182540242644,4
FAIL_002176,PAY_013872,CUST_0810,SUB_0810,1736.57,2024-08-02,LIMIT_EXCEEDED,PAYMENT_LIMIT,818,20,7,27,0.7407,0.35,0.45,friction_prone,0.2593,0.7407,growth,1736.57,monthly,RETRY_NOW,0.05074684872439125,2.0,88.12545508931612,86.12545508931612,5
FAIL_002176,PAY_013872,CUST_0810,SUB_0810,1736.57,2024-08-02,LIMIT_EXCEEDED,PAYMENT_LIMIT,818,20,7,27,0.7407,0.35,0.45,friction_prone,0.2593,0.7407,growth,1736.57,monthly,STOP,0.0,0.0,0.0,0.0,6
FAIL_002182,PAY_013895,CUST_0810,SUB_0810,1736.57,2026-06-23,INSUFFICIENT_FUNDS,CUSTOMER_FINANCIAL,818,20,7,27,0.7407,0.35,0.45,friction_prone,0.2593,0.7407,growth,1736.57,monthly,WAIT_AND_RETRY,0.722840391043417,2.0,1255.2629378742668,1253.2629378742668,1
FAIL_002182,PAY_013895,CUST_0810,SUB_0810,1736.57,2026-06-23,INSUFFICIENT_FUNDS,CUSTOMER_FINANCIAL,818,20,7,27,0.7407,0.35,0.45,friction_prone,0.2593,0.7407,growth,1736.57,monthly,PAYMENT_LINK,0.5660050276027775,3.0,982.9073507841553,979.9073507841553,2
FAIL_002182,PAY_013895,CUST_0810,SUB_0810,1736.57,2026-06-23,INSUFFICIENT_FUNDS,CUSTOMER_FINANCIAL,818,20,7,27,0.7407,0.35,0.45,friction_prone,0.2593,0.7407,growth,1736.57,monthly,SEND_REMINDER,0.4563175569748053,1.0,792.4273799157377,791.4273799157377,3
FAIL_002182,PAY_013895,CUST_0810,SUB_0810,1736.57,2026-06-23,INSUFFICIENT_FUNDS,CUSTOMER_FINANCIAL,818,20,7,27,0.7407,0.35,0.45,friction_prone,0.2593,0.7407,growth,1736.57,monthly,UPDATE_PAYMENT_METHOD,0.3843718278646395,3.0,667.4885851148971,664.4885851148971,4
FAIL_002182,PAY_013895,CUST_0810,SUB_0810,1736.57,2026-06-23,INSUFFICIENT_FUNDS,CUSTOMER_FINANCIAL,818,20,7,27,0.7407,0.35,0.45,friction_prone,0.2593,0.7407,growth,1736.57,monthly,RETRY_NOW,0.2161409760521317,2.0,375.34393478285034,373.34393478285034,5
FAIL_002182,PAY_013895,CUST_0810,SUB_0810,1736.57,2026-06-23,INSUFFICIENT_FUNDS,CUSTOMER_FINANCIAL,818,20,7,27,0.7407,0.35,0.45,friction_prone,0.2593,0.7407,growth,1736.57,monthly,STOP,0.0,0.0,0.0,0.0,6
FAIL_002188,PAY_013912,CUST_0812,SUB_0812,926.3,2025-10-10,CARD_EXPIRED,PAYMENT_METHOD,324,5,5,10,0.5,0.3,0.25,low_engagement,0.5,0.5,starter,926.3,monthly,UPDATE_PAYMENT_METHOD,0.8941547204176311,3.0,828.2555175228516,825.2555175228516,1
FAIL_002188,PAY_013912,CUST_0812,SUB_0812,926.3,2025-10-10,CARD_EXPIRED,PAYMENT_METHOD,324,5,5,10,0.5,0.3,0.25,low_engagement,0.5,0.5,starter,926.3,monthly,PAYMENT_LINK,0.37529357121118484,3.0,347.6344350129205,344.6344350129205,2
FAIL_002188,PAY_013912,CUST_0812,SUB_0812,926.3,2025-10-10,CARD_EXPIRED,PAYMENT_METHOD,324,5,5,10,0.5,0.3,0.25,low_engagement,0.5,0.5,starter,926.3,monthly,RETRY_NOW,0.09971660906876029,2.0,92.36749498039265,90.36749498039265,3
FAIL_002188,PAY_013912,CUST_0812,SUB_0812,926.3,2025-10-10,CARD_EXPIRED,PAYMENT_METHOD,324,5,5,10,0.5,0.3,0.25,low_engagement,0.5,0.5,starter,926.3,monthly,SEND_REMINDER,0.05637814467735422,1.0,52.22307541463321,51.22307541463321,4
FAIL_002188,PAY_013912,CUST_0812,SUB_0812,926.3,2025-10-10,CARD_EXPIRED,PAYMENT_METHOD,324,5,5,10,0.5,0.3,0.25,low_engagement,0.5,0.5,starter,926.3,monthly,WAIT_AND_RETRY,0.02268694326621975,2.0,21.014915547499353,19.014915547499353,5
FAIL_002188,PAY_013912,CUST_0812,SUB_0812,926.3,2025-10-10,CARD_EXPIRED,PAYMENT_METHOD,324,5,5,10,0.5,0.3,0.25,low_engagement,0.5,0.5,starter,926.3,monthly,STOP,0.0,0.0,0.0,0.0,6
FAIL_002197,PAY_013971,CUST_0816,SUB_0816,9124.45,2026-02-15,BANK_DECLINED,ISSUER_DECLINE,766,23,2,25,0.92,0.82,0.9,high_value_loyal,0.08,0.92,pro,9124.45,monthly,PAYMENT_LINK,0.7120731237596143,3.0,6497.275614088413,6494.275614088413,1
FAIL_002197,PAY_013971,CUST_0816,SUB_0816,9124.45,2026-02-15,BANK_DECLINED,ISSUER_DECLINE,766,23,2,25,0.92,0.82,0.9,high_value_loyal,0.08,0.92,pro,9124.45,monthly,WAIT_AND_RETRY,0.6334045810154154,2.0,5779.468429246108,5777.468429246108,2
FAIL_002197,PAY_013971,CUST_0816,SUB_0816,9124.45,2026-02-15,BANK_DECLINED,ISSUER_DECLINE,766,23,2,25,0.92,0.82,0.9,high_value_loyal,0.08,0.92,pro,9124.45,monthly,SEND_REMINDER,0.5800448545163507,1.0,5292.590272791716,5291.590272791716,3
FAIL_002197,PAY_013971,CUST_0816,SUB_0816,9124.45,2026-02-15,BANK_DECLINED,ISSUER_DECLINE,766,23,2,25,0.92,0.82,0.9,high_value_loyal,0.08,0.92,pro,9124.45,monthly,UPDATE_PAYMENT_METHOD,0.389030700084615,3.0,3549.6911713870654,3546.6911713870654,4
FAIL_002197,PAY_013971,CUST_0816,SUB_0816,9124.45,2026-02-15,BANK_DECLINED,ISSUER_DECLINE,766,23,2,25,0.92,0.82,0.9,high_value_loyal,0.08,0.92,pro,9124.45,monthly,RETRY_NOW,0.37443499466059377,2.0,3416.513387030855,3414.513387030855,5
FAIL_002197,PAY_013971,CUST_0816,SUB_0816,9124.45,2026-02-15,BANK_DECLINED,ISSUER_DECLINE,766,23,2,25,0.92,0.82,0.9,high_value_loyal,0.08,0.92,pro,9124.45,monthly,STOP,0.0,0.0,0.0,0.0,6
FAIL_002200,PAY_014028,CUST_0819,SUB_0819,1986.45,2026-04-02,BANK_DECLINED,ISSUER_DECLINE,690,20,3,23,0.8696,0.8,0.85,reliable,0.1304,0.8696,growth,1986.45,monthly,WAIT_AND_RETRY,0.5807508526408549,2.0,1153.6325312284262,1151.6325312284262,1
FAIL_002200,PAY_014028,CUST_0819,SUB_0819,1986.45,2026-04-02,BANK_DECLINED,ISSUER_DECLINE,690,20,3,23,0.8696,0.8,0.85,reliable,0.1304,0.8696,growth,1986.45,monthly,RETRY_NOW,0.5410060425320354,2.0,1074.681453187762,1072.681453187762,2
FAIL_002200,PAY_014028,CUST_0819,SUB_0819,1986.45,2026-04-02,BANK_DECLINED,ISSUER_DECLINE,690,20,3,23,0.8696,0.8,0.85,reliable,0.1304,0.8696,growth,1986.45,monthly,PAYMENT_LINK,0.4566645072893246,3.0,907.1412105048789,904.1412105048789,3
FAIL_002200,PAY_014028,CUST_0819,SUB_0819,1986.45,2026-04-02,BANK_DECLINED,ISSUER_DECLINE,690,20,3,23,0.8696,0.8,0.85,reliable,0.1304,0.8696,growth,1986.45,monthly,UPDATE_PAYMENT_METHOD,0.45339123055838715,3.0,900.6390099427082,897.6390099427082,4
FAIL_002200,PAY_014028,CUST_0819,SUB_0819,1986.45,2026-04-02,BANK_DECLINED,ISSUER_DECLINE,690,20,3,23,0.8696,0.8,0.85,reliable,0.1304,0.8696,growth,1986.45,monthly,SEND_REMINDER,0.3288993379014684,1.0,653.342089774372,652.342089774372,5
FAIL_002200,PAY_014028,CUST_0819,SUB_0819,1986.45,2026-04-02,BANK_DECLINED,ISSUER_DECLINE,690,20,3,23,0.8696,0.8,0.85,reliable,0.1304,0.8696,growth,1986.45,monthly,STOP,0.0,0.0,0.0,0.0,6
FAIL_002203,PAY_014047,CUST_0820,SUB_0820,259.64,2026-03-07,INSUFFICIENT_FUNDS,CUSTOMER_FINANCIAL,596,17,2,19,0.8947,0.6,0.6,normal,0.1053,0.8947,starter,259.64,monthly,WAIT_AND_RETRY,0.862276410460636,2.0,223.8814472119995,221.8814472119995,1
FAIL_002203,PAY_014047,CUST_0820,SUB_0820,259.64,2026-03-07,INSUFFICIENT_FUNDS,CUSTOMER_FINANCIAL,596,17,2,19,0.8947,0.6,0.6,normal,0.1053,0.8947,starter,259.64,monthly,PAYMENT_LINK,0.7268703350116513,3.0,188.72461378242514,185.72461378242514,2
FAIL_002203,PAY_014047,CUST_0820,SUB_0820,259.64,2026-03-07,INSUFFICIENT_FUNDS,CUSTOMER_FINANCIAL,596,17,2,19,0.8947,0.6,0.6,normal,0.1053,0.8947,starter,259.64,monthly,SEND_REMINDER,0.611474717358175,1.0,158.76329561487657,157.76329561487657,3
FAIL_002203,PAY_014047,CUST_0820,SUB_0820,259.64,2026-03-07,INSUFFICIENT_FUNDS,CUSTOMER_FINANCIAL,596,17,2,19,0.8947,0.6,0.6,normal,0.1053,0.8947,starter,259.64,monthly,RETRY_NOW,0.3884943234513237,2.0,100.86866614090168,98.86866614090168,4
FAIL_002203,PAY_014047,CUST_0820,SUB_0820,259.64,2026-03-07,INSUFFICIENT_FUNDS,CUSTOMER_FINANCIAL,596,17,2,19,0.8947,0.6,0.6,normal,0.1053,0.8947,starter,259.64,monthly,UPDATE_PAYMENT_METHOD,0.22065960566545023,3.0,57.292060014977494,54.292060014977494,5
FAIL_002203,PAY_014047,CUST_0820,SUB_0820,259.64,2026-03-07,INSUFFICIENT_FUNDS,CUSTOMER_FINANCIAL,596,17,2,19,0.8947,0.6,0.6,normal,0.1053,0.8947,starter,259.64,monthly,STOP,0.0,0.0,0.0,0.0,6
FAIL_002206,PAY_014079,CUST_0823,SUB_0823,10550.69,2025-06-09,BANK_DECLINED,ISSUER_DECLINE,807,25,1,26,0.9615,0.82,0.9,high_value_loyal,0.0385,0.9615,pro,10550.69,monthly,SEND_REMINDER,0.5721887453084252,1.0,6036.986073238149,6035.986073238149,1
FAIL_002206,PAY_014079,CUST_0823,SUB_0823,10550.69,2025-06-09,BANK_DECLINED,ISSUER_DECLINE,807,25,1,26,0.9615,0.82,0.9,high_value_loyal,0.0385,0.9615,pro,10550.69,monthly,PAYMENT_LINK,0.5602761150928964,3.0,5911.299604749472,5908.299604749472,2
FAIL_002206,PAY_014079,CUST_0823,SUB_0823,10550.69,2025-06-09,BANK_DECLINED,ISSUER_DECLINE,807,25,1,26,0.9615,0.82,0.9,high_value_loyal,0.0385,0.9615,pro,10550.69,monthly,RETRY_NOW,0.48626448662158933,2.0,5130.425856353537,5128.425856353537,3
FAIL_002206,PAY_014079,CUST_0823,SUB_0823,10550.69,2025-06-09,BANK_DECLINED,ISSUER_DECLINE,807,25,1,26,0.9615,0.82,0.9,high_value_loyal,0.0385,0.9615,pro,10550.69,monthly,WAIT_AND_RETRY,0.4557825114715596,2.0,4808.81998595787,4806.81998595787,4
FAIL_002206,PAY_014079,CUST_0823,SUB_0823,10550.69,2025-06-09,BANK_DECLINED,ISSUER_DECLINE,807,25,1,26,0.9615,0.82,0.9,high_value_loyal,0.0385,0.9615,pro,10550.69,monthly,UPDATE_PAYMENT_METHOD,0.43778520215526634,3.0,4618.935954527547,4615.935954527547,5
FAIL_002206,PAY_014079,CUST_0823,SUB_0823,10550.69,2025-06-09,BANK_DECLINED,ISSUER_DECLINE,807,25,1,26,0.9615,0.82,0.9,high_value_loyal,0.0385,0.9615,pro,10550.69,monthly,STOP,0.0,0.0,0.0,0.0,6
FAIL_002208,PAY_014093,CUST_0824,SUB_0824,311.11,2025-02-28,BANK_DECLINED,ISSUER_DECLINE,548,10,8,18,0.5556,0.3,0.25,low_engagement,0.4444,0.5556,starter,311.11,monthly,WAIT_AND_RETRY,0.63519261361585,2.0,197.6147740220271,195.6147740220271,1
FAIL_002208,PAY_014093,CUST_0824,SUB_0824,311.11,2025-02-28,BANK_DECLINED,ISSUER_DECLINE,548,10,8,18,0.5556,0.3,0.25,low_engagement,0.4444,0.5556,starter,311.11,monthly,PAYMENT_LINK,0.4847900638464963,3.0,150.82303676328348,147.82303676328348,2
FAIL_002208,PAY_014093,CUST_0824,SUB_0824,311.11,2025-02-28,BANK_DECLINED,ISSUER_DECLINE,548,10,8,18,0.5556,0.3,0.25,low_engagement,0.4444,0.5556,starter,311.11,monthly,SEND_REMINDER,0.3655364811103556,1.0,113.72205463824272,112.72205463824272,3
FAIL_002208,PAY_014093,CUST_0824,SUB_0824,311.11,2025-02-28,BANK_DECLINED,ISSUER_DECLINE,548,10,8,18,0.5556,0.3,0.25,low_engagement,0.4444,0.5556,starter,311.11,monthly,RETRY_NOW,0.18630622357669474,2.0,57.9617292169455,55.9617292169455,4
FAIL_002208,PAY_014093,CUST_0824,SUB_0824,311.11,2025-02-28,BANK_DECLINED,ISSUER_DECLINE,548,10,8,18,0.5556,0.3,0.25,low_engagement,0.4444,0.5556,starter,311.11,monthly,UPDATE_PAYMENT_METHOD,0.12640062640863664,3.0,39.32449888199095,36.32449888199095,5
FAIL_002208,PAY_014093,CUST_0824,SUB_0824,311.11,2025-02-28,BANK_DECLINED,ISSUER_DECLINE,548,10,8,18,0.5556,0.3,0.25,low_engagement,0.4444,0.5556,starter,311.11,monthly,STOP,0.0,0.0,0.0,0.0,6
FAIL_002209,PAY_014096,CUST_0824,SUB_0824,311.11,2025-05-29,CARD_EXPIRED,PAYMENT_METHOD,548,10,8,18,0.5556,0.3,0.25,low_engagement,0.4444,0.5556,starter,311.11,monthly,UPDATE_PAYMENT_METHOD,0.8800787352166367,3.0,273.80129531324786,270.80129531324786,1
FAIL_002209,PAY_014096,CUST_0824,SUB_0824,311.11,2025-05-29,CARD_EXPIRED,PAYMENT_METHOD,548,10,8,18,0.5556,0.3,0.25,low_engagement,0.4444,0.5556,starter,311.11,monthly,PAYMENT_LINK,0.45234301540051863,3.0,140.72843552125536,137.72843552125536,2
FAIL_002209,PAY_014096,CUST_0824,SUB_0824,311.11,2025-05-29,CARD_EXPIRED,PAYMENT_METHOD,548,10,8,18,0.5556,0.3,0.25,low_engagement,0.4444,0.5556,starter,311.11,monthly,SEND_REMINDER,0.15809952646711692,1.0,49.186343679184745,48.186343679184745,3
FAIL_002209,PAY_014096,CUST_0824,SUB_0824,311.11,2025-05-29,CARD_EXPIRED,PAYMENT_METHOD,548,10,8,18,0.5556,0.3,0.25,low_engagement,0.4444,0.5556,starter,311.11,monthly,RETRY_NOW,0.08357370141927517,2.0,26.0006142485507,24.0006142485507,4
FAIL_002209,PAY_014096,CUST_0824,SUB_0824,311.11,2025-05-29,CARD_EXPIRED,PAYMENT_METHOD,548,10,8,18,0.5556,0.3,0.25,low_engagement,0.4444,0.5556,starter,311.11,monthly,WAIT_AND_RETRY,0.04976475414254215,2.0,15.48231266128629,13.48231266128629,5
FAIL_002209,PAY_014096,CUST_0824,SUB_0824,311.11,2025-05-29,CARD_EXPIRED,PAYMENT_METHOD,548,10,8,18,0.5556,0.3,0.25,low_engagement,0.4444,0.5556,starter,311.11,monthly,STOP,0.0,0.0,0.0,0.0,6
FAIL_002210,PAY_014098,CUST_0824,SUB_0824,311.11,2025-07-28,CARD_EXPIRED,PAYMENT_METHOD,548,10,8,18,0.5556,0.3,0.25,low_engagement,0.4444,0.5556,starter,311.11,monthly,UPDATE_PAYMENT_METHOD,0.8800787352166367,3.0,273.80129531324786,270.80129531324786,1
FAIL_002210,PAY_014098,CUST_0824,SUB_0824,311.11,2025-07-28,CARD_EXPIRED,PAYMENT_METHOD,548,10,8,18,0.5556,0.3,0.25,low_engagement,0.4444,0.5556,starter,311.11,monthly,PAYMENT_LINK,0.45234301540051863,3.0,140.72843552125536,137.72843552125536,2
FAIL_002210,PAY_014098,CUST_0824,SUB_0824,311.11,2025-07-28,CARD_EXPIRED,PAYMENT_METHOD,548,10,8,18,0.5556,0.3,0.25,low_engagement,0.4444,0.5556,starter,311.11,monthly,SEND_REMINDER,0.15809952646711692,1.0,49.186343679184745,48.186343679184745,3
FAIL_002210,PAY_014098,CUST_0824,SUB_0824,311.11,2025-07-28,CARD_EXPIRED,PAYMENT_METHOD,548,10,8,18,0.5556,0.3,0.25,low_engagement,0.4444,0.5556,starter,311.11,monthly,RETRY_NOW,0.08357370141927517,2.0,26.0006142485507,24.0006142485507,4
FAIL_002210,PAY_014098,CUST_0824,SUB_0824,311.11,2025-07-28,CARD_EXPIRED,PAYMENT_METHOD,548,10,8,18,0.5556,0.3,0.25,low_engagement,0.4444,0.5556,starter,311.11,monthly,WAIT_AND_RETRY,0.04976475414254215,2.0,15.48231266128629,13.48231266128629,5
FAIL_002210,PAY_014098,CUST_0824,SUB_0824,311.11,2025-07-28,CARD_EXPIRED,PAYMENT_METHOD,548,10,8,18,0.5556,0.3,0.25,low_engagement,0.4444,0.5556,starter,311.11,monthly,STOP,0.0,0.0,0.0,0.0,6
FAIL_002215,PAY_014117,CUST_0825,SUB_0825,8971.98,2025-04-07,INSUFFICIENT_FUNDS,CUSTOMER_FINANCIAL,690,21,2,23,0.913,0.82,0.9,high_value_loyal,0.087,0.913,growth,8971.98,monthly,PAYMENT_LINK,0.8276411930749904,3.0,7425.580231444952,7422.580231444952,1
FAIL_002215,PAY_014117,CUST_0825,SUB_0825,8971.98,2025-04-07,INSUFFICIENT_FUNDS,CUSTOMER_FINANCIAL,690,21,2,23,0.913,0.82,0.9,high_value_loyal,0.087,0.913,growth,8971.98,monthly,WAIT_AND_RETRY,0.7500254774555932,2.0,6729.213583222033,6727.213583222033,2
FAIL_002215,PAY_014117,CUST_0825,SUB_0825,8971.98,2025-04-07,INSUFFICIENT_FUNDS,CUSTOMER_FINANCIAL,690,21,2,23,0.913,0.82,0.9,high_value_loyal,0.087,0.913,growth,8971.98,monthly,RETRY_NOW,0.5852787370309778,2.0,5251.109123067192,5249.109123067192,3
FAIL_002215,PAY_014117,CUST_0825,SUB_0825,8971.98,2025-04-07,INSUFFICIENT_FUNDS,CUSTOMER_FINANCIAL,690,21,2,23,0.913,0.82,0.9,high_value_loyal,0.087,0.913,growth,8971.98,monthly,UPDATE_PAYMENT_METHOD,0.484488028533239,3.0,4346.81690223965,4343.81690223965,4
FAIL_002215,PAY_014117,CUST_0825,SUB_0825,8971.98,2025-04-07,INSUFFICIENT_FUNDS,CUSTOMER_FINANCIAL,690,21,2,23,0.913,0.82,0.9,high_value_loyal,0.087,0.913,growth,8971.98,monthly,SEND_REMINDER,0.4832129847270578,1.0,4335.377234711468,4334.377234711468,5
FAIL_002215,PAY_014117,CUST_0825,SUB_0825,8971.98,2025-04-07,INSUFFICIENT_FUNDS,CUSTOMER_FINANCIAL,690,21,2,23,0.913,0.82,0.9,high_value_loyal,0.087,0.913,growth,8971.98,monthly,STOP,0.0,0.0,0.0,0.0,6
FAIL_002221,PAY_014145,CUST_0827,SUB_0827,768.09,2026-02-26,INSUFFICIENT_FUNDS,CUSTOMER_FINANCIAL,455,11,4,15,0.7333,0.3,0.25,low_engagement,0.2667,0.7333,starter,768.09,monthly,WAIT_AND_RETRY,0.6726210091895494,2.0,516.6334709484009,514.6334709484009,1
FAIL_002221,PAY_014145,CUST_0827,SUB_0827,768.09,2026-02-26,INSUFFICIENT_FUNDS,CUSTOMER_FINANCIAL,455,11,4,15,0.7333,0.3,0.25,low_engagement,0.2667,0.7333,starter,768.09,monthly,PAYMENT_LINK,0.5342329128785984,3.0,410.3389580529227,407.3389580529227,2
FAIL_002221,PAY_014145,CUST_0827,SUB_0827,768.09,2026-02-26,INSUFFICIENT_FUNDS,CUSTOMER_FINANCIAL,455,11,4,15,0.7333,0.3,0.25,low_engagement,0.2667,0.7333,starter,768.09,monthly,SEND_REMINDER,0.4592418334780437,1.0,352.7390598761506,351.7390598761506,3
FAIL_002221,PAY_014145,CUST_0827,SUB_0827,768.09,2026-02-26,INSUFFICIENT_FUNDS,CUSTOMER_FINANCIAL,455,11,4,15,0.7333,0.3,0.25,low_engagement,0.2667,0.7333,starter,768.09,monthly,RETRY_NOW,0.42566979976261027,2.0,326.9527164996633,324.9527164996633,4
FAIL_002221,PAY_014145,CUST_0827,SUB_0827,768.09,2026-02-26,INSUFFICIENT_FUNDS,CUSTOMER_FINANCIAL,455,11,4,15,0.7333,0.3,0.25,low_engagement,0.2667,0.7333,starter,768.09,monthly,UPDATE_PAYMENT_METHOD,0.1985046646209974,3.0,152.46944784874188,149.46944784874188,5
FAIL_002221,PAY_014145,CUST_0827,SUB_0827,768.09,2026-02-26,INSUFFICIENT_FUNDS,CUSTOMER_FINANCIAL,455,11,4,15,0.7333,0.3,0.25,low_engagement,0.2667,0.7333,starter,768.09,monthly,STOP,0.0,0.0,0.0,0.0,6
FAIL_002226,PAY_014174,CUST_0830,SUB_0830,636.05,2025-12-15,INSUFFICIENT_FUNDS,CUSTOMER_FINANCIAL,768,23,2,25,0.92,0.3,0.25,low_engagement,0.08,0.92,starter,636.05,monthly,WAIT_AND_RETRY,0.7237742369262388,2.0,460.35660339693413,458.35660339693413,1
FAIL_002226,PAY_014174,CUST_0830,SUB_0830,636.05,2025-12-15,INSUFFICIENT_FUNDS,CUSTOMER_FINANCIAL,768,23,2,25,0.92,0.3,0.25,low_engagement,0.08,0.92,starter,636.05,monthly,SEND_REMINDER,0.5172810405798818,1.0,329.0166058608338,328.0166058608338,2
FAIL_002226,PAY_014174,CUST_0830,SUB_0830,636.05,2025-12-15,INSUFFICIENT_FUNDS,CUSTOMER_FINANCIAL,768,23,2,25,0.92,0.3,0.25,low_engagement,0.08,0.92,starter,636.05,monthly,PAYMENT_LINK,0.2670922963909576,3.0,169.88405511946857,166.88405511946857,3
FAIL_002226,PAY_014174,CUST_0830,SUB_0830,636.05,2025-12-15,INSUFFICIENT_FUNDS,CUSTOMER_FINANCIAL,768,23,2,25,0.92,0.3,0.25,low_engagement,0.08,0.92,starter,636.05,monthly,RETRY_NOW,0.18399424495925515,2.0,117.02953950633423,115.02953950633423,4
FAIL_002226,PAY_014174,CUST_0830,SUB_0830,636.05,2025-12-15,INSUFFICIENT_FUNDS,CUSTOMER_FINANCIAL,768,23,2,25,0.92,0.3,0.25,low_engagement,0.08,0.92,starter,636.05,monthly,UPDATE_PAYMENT_METHOD,0.07423421911834642,3.0,47.216675070224234,44.216675070224234,5
FAIL_002226,PAY_014174,CUST_0830,SUB_0830,636.05,2025-12-15,INSUFFICIENT_FUNDS,CUSTOMER_FINANCIAL,768,23,2,25,0.92,0.3,0.25,low_engagement,0.08,0.92,starter,636.05,monthly,STOP,0.0,0.0,0.0,0.0,6
FAIL_002233,PAY_014219,CUST_0832,SUB_0832,2452.06,2025-08-18,INSUFFICIENT_FUNDS,CUSTOMER_FINANCIAL,827,21,6,27,0.7778,0.6,0.6,normal,0.2222,0.7778,pro,2452.06,monthly,WAIT_AND_RETRY,0.730137791365399,2.0,1790.3416726954404,1788.3416726954404,1
FAIL_002233,PAY_014219,CUST_0832,SUB_0832,2452.06,2025-08-18,INSUFFICIENT_FUNDS,CUSTOMER_FINANCIAL,827,21,6,27,0.7778,0.6,0.6,normal,0.2222,0.7778,pro,2452.06,monthly,RETRY_NOW,0.4858560824074655,2.0,1191.3482654280497,1189.3482654280497,2
FAIL_002233,PAY_014219,CUST_0832,SUB_0832,2452.06,2025-08-18,INSUFFICIENT_FUNDS,CUSTOMER_FINANCIAL,827,21,6,27,0.7778,0.6,0.6,normal,0.2222,0.7778,pro,2452.06,monthly,SEND_REMINDER,0.48115315436402756,1.0,1179.8164036898575,1178.8164036898575,3
FAIL_002233,PAY_014219,CUST_0832,SUB_0832,2452.06,2025-08-18,INSUFFICIENT_FUNDS,CUSTOMER_FINANCIAL,827,21,6,27,0.7778,0.6,0.6,normal,0.2222,0.7778,pro,2452.06,monthly,PAYMENT_LINK,0.4473317153585604,3.0,1096.8842059621115,1093.8842059621115,4
FAIL_002233,PAY_014219,CUST_0832,SUB_0832,2452.06,2025-08-18,INSUFFICIENT_FUNDS,CUSTOMER_FINANCIAL,827,21,6,27,0.7778,0.6,0.6,normal,0.2222,0.7778,pro,2452.06,monthly,UPDATE_PAYMENT_METHOD,0.19208195239063813,3.0,470.99647217898814,467.99647217898814,5
FAIL_002233,PAY_014219,CUST_0832,SUB_0832,2452.06,2025-08-18,INSUFFICIENT_FUNDS,CUSTOMER_FINANCIAL,827,21,6,27,0.7778,0.6,0.6,normal,0.2222,0.7778,pro,2452.06,monthly,STOP,0.0,0.0,0.0,0.0,6
FAIL_002234,PAY_014224,CUST_0832,SUB_0832,2452.06,2026-01-15,BANK_DECLINED,ISSUER_DECLINE,827,21,6,27,0.7778,0.6,0.6,normal,0.2222,0.7778,pro,2452.06,monthly,PAYMENT_LINK,0.6279404421750163,3.0,1539.7476406396704,1536.7476406396704,1
FAIL_002234,PAY_014224,CUST_0832,SUB_0832,2452.06,2026-01-15,BANK_DECLINED,ISSUER_DECLINE,827,21,6,27,0.7778,0.6,0.6,normal,0.2222,0.7778,pro,2452.06,monthly,WAIT_AND_RETRY,0.4793626840381612,2.0,1175.4260630226136,1173.4260630226136,2
FAIL_002234,PAY_014224,CUST_0832,SUB_0832,2452.06,2026-01-15,BANK_DECLINED,ISSUER_DECLINE,827,21,6,27,0.7778,0.6,0.6,normal,0.2222,0.7778,pro,2452.06,monthly,SEND_REMINDER,0.35756197670414636,1.0,876.7634205971691,875.7634205971691,3
FAIL_002234,PAY_014224,CUST_0832,SUB_0832,2452.06,2026-01-15,BANK_DECLINED,ISSUER_DECLINE,827,21,6,27,0.7778,0.6,0.6,normal,0.2222,0.7778,pro,2452.06,monthly,RETRY_NOW,0.3173445479530303,2.0,778.1478722537074,776.1478722537074,4
FAIL_002234,PAY_014224,CUST_0832,SUB_0832,2452.06,2026-01-15,BANK_DECLINED,ISSUER_DECLINE,827,21,6,27,0.7778,0.6,0.6,normal,0.2222,0.7778,pro,2452.06,monthly,UPDATE_PAYMENT_METHOD,0.1907748750184612,3.0,467.7914400377679,464.7914400377679,5
FAIL_002234,PAY_014224,CUST_0832,SUB_0832,2452.06,2026-01-15,BANK_DECLINED,ISSUER_DECLINE,827,21,6,27,0.7778,0.6,0.6,normal,0.2222,0.7778,pro,2452.06,monthly,STOP,0.0,0.0,0.0,0.0,6
FAIL_002235,PAY_014227,CUST_0832,SUB_0832,2452.06,2026-04-15,INSUFFICIENT_FUNDS,CUSTOMER_FINANCIAL,827,21,6,27,0.7778,0.6,0.6,normal,0.2222,0.7778,pro,2452.06,monthly,WAIT_AND_RETRY,0.730137791365399,2.0,1790.3416726954404,1788.3416726954404,1
FAIL_002235,PAY_014227,CUST_0832,SUB_0832,2452.06,2026-04-15,INSUFFICIENT_FUNDS,CUSTOMER_FINANCIAL,827,21,6,27,0.7778,0.6,0.6,normal,0.2222,0.7778,pro,2452.06,monthly,RETRY_NOW,0.4858560824074655,2.0,1191.3482654280497,1189.3482654280497,2
FAIL_002235,PAY_014227,CUST_0832,SUB_0832,2452.06,2026-04-15,INSUFFICIENT_FUNDS,CUSTOMER_FINANCIAL,827,21,6,27,0.7778,0.6,0.6,normal,0.2222,0.7778,pro,2452.06,monthly,SEND_REMINDER,0.48115315436402756,1.0,1179.8164036898575,1178.8164036898575,3
FAIL_002235,PAY_014227,CUST_0832,SUB_0832,2452.06,2026-04-15,INSUFFICIENT_FUNDS,CUSTOMER_FINANCIAL,827,21,6,27,0.7778,0.6,0.6,normal,0.2222,0.7778,pro,2452.06,monthly,PAYMENT_LINK,0.4473317153585604,3.0,1096.8842059621115,1093.8842059621115,4
FAIL_002235,PAY_014227,CUST_0832,SUB_0832,2452.06,2026-04-15,INSUFFICIENT_FUNDS,CUSTOMER_FINANCIAL,827,21,6,27,0.7778,0.6,0.6,normal,0.2222,0.7778,pro,2452.06,monthly,UPDATE_PAYMENT_METHOD,0.19208195239063813,3.0,470.99647217898814,467.99647217898814,5
FAIL_002235,PAY_014227,CUST_0832,SUB_0832,2452.06,2026-04-15,INSUFFICIENT_FUNDS,CUSTOMER_FINANCIAL,827,21,6,27,0.7778,0.6,0.6,normal,0.2222,0.7778,pro,2452.06,monthly,STOP,0.0,0.0,0.0,0.0,6
FAIL_002245,PAY_014278,CUST_0836,SUB_0836,468.26,2026-04-21,INSUFFICIENT_FUNDS,CUSTOMER_FINANCIAL,521,12,5,17,0.7059,0.35,0.45,friction_prone,0.2941,0.7059,pro,468.26,monthly,WAIT_AND_RETRY,0.6897006909526452,2.0,322.95924554548566,320.95924554548566,1
FAIL_002245,PAY_014278,CUST_0836,SUB_0836,468.26,2026-04-21,INSUFFICIENT_FUNDS,CUSTOMER_FINANCIAL,521,12,5,17,0.7059,0.35,0.45,friction_prone,0.2941,0.7059,pro,468.26,monthly,PAYMENT_LINK,0.5471178287603313,3.0,256.19339449531276,253.19339449531276,2
FAIL_002245,PAY_014278,CUST_0836,SUB_0836,468.26,2026-04-21,INSUFFICIENT_FUNDS,CUSTOMER_FINANCIAL,521,12,5,17,0.7059,0.35,0.45,friction_prone,0.2941,0.7059,pro,468.26,monthly,SEND_REMINDER,0.5117886268267055,1.0,239.65014239787308,238.65014239787308,3
FAIL_002245,PAY_014278,CUST_0836,SUB_0836,468.26,2026-04-21,INSUFFICIENT_FUNDS,CUSTOMER_FINANCIAL,521,12,5,17,0.7059,0.35,0.45,friction_prone,0.2941,0.7059,pro,468.26,monthly,UPDATE_PAYMENT_METHOD,0.2994355086684161,3.0,140.21367128907252,137.21367128907252,4
FAIL_002245,PAY_014278,CUST_0836,SUB_0836,468.26,2026-04-21,INSUFFICIENT_FUNDS,CUSTOMER_FINANCIAL,521,12,5,17,0.7059,0.35,0.45,friction_prone,0.2941,0.7059,pro,468.26,monthly,RETRY_NOW,0.2729175329081293,2.0,127.79636395956062,125.79636395956062,5
FAIL_002245,PAY_014278,CUST_0836,SUB_0836,468.26,2026-04-21,INSUFFICIENT_FUNDS,CUSTOMER_FINANCIAL,521,12,5,17,0.7059,0.35,0.45,friction_prone,0.2941,0.7059,pro,468.26,monthly,STOP,0.0,0.0,0.0,0.0,6
FAIL_002252,PAY_014363,CUST_0841,SUB_0841,609.78,2025-05-20,BANK_DECLINED,ISSUER_DECLINE,617,13,7,20,0.65,0.35,0.45,friction_prone,0.35,0.65,pro,609.78,monthly,WAIT_AND_RETRY,0.5559630910854932,2.0,339.01517368211205,337.01517368211205,1
FAIL_002252,PAY_014363,CUST_0841,SUB_0841,609.78,2025-05-20,BANK_DECLINED,ISSUER_DECLINE,617,13,7,20,0.65,0.35,0.45,friction_prone,0.35,0.65,pro,609.78,monthly,PAYMENT_LINK,0.5400703573073603,3.0,329.32410247888214,326.32410247888214,2
FAIL_002252,PAY_014363,CUST_0841,SUB_0841,609.78,2025-05-20,BANK_DECLINED,ISSUER_DECLINE,617,13,7,20,0.65,0.35,0.45,friction_prone,0.35,0.65,pro,609.78,monthly,SEND_REMINDER,0.40496872050747,1.0,246.94182639104505,245.94182639104505,3
FAIL_002252,PAY_014363,CUST_0841,SUB_0841,609.78,2025-05-20,BANK_DECLINED,ISSUER_DECLINE,617,13,7,20,0.65,0.35,0.45,friction_prone,0.35,0.65,pro,609.78,monthly,UPDATE_PAYMENT_METHOD,0.386207238850339,3.0,235.5014501061597,232.5014501061597,4
FAIL_002252,PAY_014363,CUST_0841,SUB_0841,609.78,2025-05-20,BANK_DECLINED,ISSUER_DECLINE,617,13,7,20,0.65,0.35,0.45,friction_prone,0.35,0.65,pro,609.78,monthly,RETRY_NOW,0.3200396946627736,2.0,195.1538050114661,193.1538050114661,5
FAIL_002252,PAY_014363,CUST_0841,SUB_0841,609.78,2025-05-20,BANK_DECLINED,ISSUER_DECLINE,617,13,7,20,0.65,0.35,0.45,friction_prone,0.35,0.65,pro,609.78,monthly,STOP,0.0,0.0,0.0,0.0,6
FAIL_002255,PAY_014372,CUST_0841,SUB_0841,609.78,2026-02-14,INSUFFICIENT_FUNDS,CUSTOMER_FINANCIAL,617,13,7,20,0.65,0.35,0.45,friction_prone,0.35,0.65,pro,609.78,monthly,WAIT_AND_RETRY,0.6168358908009935,2.0,376.13418949262984,374.13418949262984,1
FAIL_002255,PAY_014372,CUST_0841,SUB_0841,609.78,2026-02-14,INSUFFICIENT_FUNDS,CUSTOMER_FINANCIAL,617,13,7,20,0.65,0.35,0.45,friction_prone,0.35,0.65,pro,609.78,monthly,SEND_REMINDER,0.4924299511654525,1.0,300.27393562166964,299.27393562166964,2
FAIL_002255,PAY_014372,CUST_0841,SUB_0841,609.78,2026-02-14,INSUFFICIENT_FUNDS,CUSTOMER_FINANCIAL,617,13,7,20,0.65,0.35,0.45,friction_prone,0.35,0.65,pro,609.78,monthly,PAYMENT_LINK,0.47182777196062986,3.0,287.71113878615284,284.71113878615284,3
FAIL_002255,PAY_014372,CUST_0841,SUB_0841,609.78,2026-02-14,INSUFFICIENT_FUNDS,CUSTOMER_FINANCIAL,617,13,7,20,0.65,0.35,0.45,friction_prone,0.35,0.65,pro,609.78,monthly,RETRY_NOW,0.24947729455501189,2.0,152.12626467375514,150.12626467375514,4
FAIL_002255,PAY_014372,CUST_0841,SUB_0841,609.78,2026-02-14,INSUFFICIENT_FUNDS,CUSTOMER_FINANCIAL,617,13,7,20,0.65,0.35,0.45,friction_prone,0.35,0.65,pro,609.78,monthly,UPDATE_PAYMENT_METHOD,0.2481974687685984,3.0,151.34585250571592,148.34585250571592,5
FAIL_002255,PAY_014372,CUST_0841,SUB_0841,609.78,2026-02-14,INSUFFICIENT_FUNDS,CUSTOMER_FINANCIAL,617,13,7,20,0.65,0.35,0.45,friction_prone,0.35,0.65,pro,609.78,monthly,STOP,0.0,0.0,0.0,0.0,6
FAIL_002260,PAY_014391,CUST_0842,SUB_0842,5745.9,2026-07-30,BANK_DECLINED,ISSUER_DECLINE,421,12,2,14,0.8571,0.82,0.9,high_value_loyal,0.1429,0.8571,pro,5745.9,monthly,WAIT_AND_RETRY,0.5284431118472696,2.0,3036.381276363226,3034.381276363226,1
FAIL_002260,PAY_014391,CUST_0842,SUB_0842,5745.9,2026-07-30,BANK_DECLINED,ISSUER_DECLINE,421,12,2,14,0.8571,0.82,0.9,high_value_loyal,0.1429,0.8571,pro,5745.9,monthly,UPDATE_PAYMENT_METHOD,0.5255128475501449,3.0,3019.5442707383777,3016.5442707383777,2
FAIL_002260,PAY_014391,CUST_0842,SUB_0842,5745.9,2026-07-30,BANK_DECLINED,ISSUER_DECLINE,421,12,2,14,0.8571,0.82,0.9,high_value_loyal,0.1429,0.8571,pro,5745.9,monthly,PAYMENT_LINK,0.4872025484493757,3.0,2799.417123135268,2796.417123135268,3
FAIL_002260,PAY_014391,CUST_0842,SUB_0842,5745.9,2026-07-30,BANK_DECLINED,ISSUER_DECLINE,421,12,2,14,0.8571,0.82,0.9,high_value_loyal,0.1429,0.8571,pro,5745.9,monthly,SEND_REMINDER,0.4089250109409671,1.0,2349.642220365703,2348.642220365703,4
FAIL_002260,PAY_014391,CUST_0842,SUB_0842,5745.9,2026-07-30,BANK_DECLINED,ISSUER_DECLINE,421,12,2,14,0.8571,0.82,0.9,high_value_loyal,0.1429,0.8571,pro,5745.9,monthly,RETRY_NOW,0.393153365364544,2.0,2259.019922048133,2257.019922048133,5
FAIL_002260,PAY_014391,CUST_0842,SUB_0842,5745.9,2026-07-30,BANK_DECLINED,ISSUER_DECLINE,421,12,2,14,0.8571,0.82,0.9,high_value_loyal,0.1429,0.8571,pro,5745.9,monthly,STOP,0.0,0.0,0.0,0.0,6
FAIL_002262,PAY_014394,CUST_0843,SUB_0843,638.25,2024-11-13,BANK_DECLINED,ISSUER_DECLINE,715,15,8,23,0.6522,0.3,0.25,low_engagement,0.3478,0.6522,starter,638.25,monthly,WAIT_AND_RETRY,0.6475927960743224,2.0,413.3261020944363,411.3261020944363,1
FAIL_002262,PAY_014394,CUST_0843,SUB_0843,638.25,2024-11-13,BANK_DECLINED,ISSUER_DECLINE,715,15,8,23,0.6522,0.3,0.25,low_engagement,0.3478,0.6522,starter,638.25,monthly,PAYMENT_LINK,0.5352441073332137,3.0,341.61955150542366,338.61955150542366,2
FAIL_002262,PAY_014394,CUST_0843,SUB_0843,638.25,2024-11-13,BANK_DECLINED,ISSUER_DECLINE,715,15,8,23,0.6522,0.3,0.25,low_engagement,0.3478,0.6522,starter,638.25,monthly,RETRY_NOW,0.3925596892215136,2.0,250.55122164563105,248.55122164563105,3
FAIL_002262,PAY_014394,CUST_0843,SUB_0843,638.25,2024-11-13,BANK_DECLINED,ISSUER_DECLINE,715,15,8,23,0.6522,0.3,0.25,low_engagement,0.3478,0.6522,starter,638.25,monthly,SEND_REMINDER,0.2613149145644027,1.0,166.78424422073002,165.78424422073002,4
FAIL_002262,PAY_014394,CUST_0843,SUB_0843,638.25,2024-11-13,BANK_DECLINED,ISSUER_DECLINE,715,15,8,23,0.6522,0.3,0.25,low_engagement,0.3478,0.6522,starter,638.25,monthly,UPDATE_PAYMENT_METHOD,0.2242500281903821,3.0,143.12758049251136,140.12758049251136,5
FAIL_002262,PAY_014394,CUST_0843,SUB_0843,638.25,2024-11-13,BANK_DECLINED,ISSUER_DECLINE,715,15,8,23,0.6522,0.3,0.25,low_engagement,0.3478,0.6522,starter,638.25,monthly,STOP,0.0,0.0,0.0,0.0,6
FAIL_002264,PAY_014397,CUST_0843,SUB_0843,638.25,2025-02-11,AUTHENTICATION_FAILED,CUSTOMER_ACTION,715,15,8,23,0.6522,0.3,0.25,low_engagement,0.3478,0.6522,starter,638.25,monthly,UPDATE_PAYMENT_METHOD,0.7995506581459875,3.0,510.3132075616765,507.3132075616765,1
FAIL_002264,PAY_014397,CUST_0843,SUB_0843,638.25,2025-02-11,AUTHENTICATION_FAILED,CUSTOMER_ACTION,715,15,8,23,0.6522,0.3,0.25,low_engagement,0.3478,0.6522,starter,638.25,monthly,PAYMENT_LINK,0.49522072210114465,3.0,316.07462588105557,313.07462588105557,2
FAIL_002264,PAY_014397,CUST_0843,SUB_0843,638.25,2025-02-11,AUTHENTICATION_FAILED,CUSTOMER_ACTION,715,15,8,23,0.6522,0.3,0.25,low_engagement,0.3478,0.6522,starter,638.25,monthly,WAIT_AND_RETRY,0.36780775968225066,2.0,234.75330261719648,232.75330261719648,3
FAIL_002264,PAY_014397,CUST_0843,SUB_0843,638.25,2025-02-11,AUTHENTICATION_FAILED,CUSTOMER_ACTION,715,15,8,23,0.6522,0.3,0.25,low_engagement,0.3478,0.6522,starter,638.25,monthly,SEND_REMINDER,0.3339937234226557,1.0,213.17149397451,212.17149397451,4
FAIL_002264,PAY_014397,CUST_0843,SUB_0843,638.25,2025-02-11,AUTHENTICATION_FAILED,CUSTOMER_ACTION,715,15,8,23,0.6522,0.3,0.25,low_engagement,0.3478,0.6522,starter,638.25,monthly,RETRY_NOW,0.0658366284912039,2.0,42.020228134510894,40.020228134510894,5
FAIL_002264,PAY_014397,CUST_0843,SUB_0843,638.25,2025-02-11,AUTHENTICATION_FAILED,CUSTOMER_ACTION,715,15,8,23,0.6522,0.3,0.25,low_engagement,0.3478,0.6522,starter,638.25,monthly,STOP,0.0,0.0,0.0,0.0,6
FAIL_002267,PAY_014408,CUST_0843,SUB_0843,638.25,2026-01-07,AUTHENTICATION_FAILED,CUSTOMER_ACTION,715,15,8,23,0.6522,0.3,0.25,low_engagement,0.3478,0.6522,starter,638.25,monthly,UPDATE_PAYMENT_METHOD,0.7995506581459875,3.0,510.3132075616765,507.3132075616765,1
FAIL_002267,PAY_014408,CUST_0843,SUB_0843,638.25,2026-01-07,AUTHENTICATION_FAILED,CUSTOMER_ACTION,715,15,8,23,0.6522,0.3,0.25,low_engagement,0.3478,0.6522,starter,638.25,monthly,PAYMENT_LINK,0.49522072210114465,3.0,316.07462588105557,313.07462588105557,2
FAIL_002267,PAY_014408,CUST_0843,SUB_0843,638.25,2026-01-07,AUTHENTICATION_FAILED,CUSTOMER_ACTION,715,15,8,23,0.6522,0.3,0.25,low_engagement,0.3478,0.6522,starter,638.25,monthly,WAIT_AND_RETRY,0.36780775968225066,2.0,234.75330261719648,232.75330261719648,3
FAIL_002267,PAY_014408,CUST_0843,SUB_0843,638.25,2026-01-07,AUTHENTICATION_FAILED,CUSTOMER_ACTION,715,15,8,23,0.6522,0.3,0.25,low_engagement,0.3478,0.6522,starter,638.25,monthly,SEND_REMINDER,0.3339937234226557,1.0,213.17149397451,212.17149397451,4
FAIL_002267,PAY_014408,CUST_0843,SUB_0843,638.25,2026-01-07,AUTHENTICATION_FAILED,CUSTOMER_ACTION,715,15,8,23,0.6522,0.3,0.25,low_engagement,0.3478,0.6522,starter,638.25,monthly,RETRY_NOW,0.0658366284912039,2.0,42.020228134510894,40.020228134510894,5
FAIL_002267,PAY_014408,CUST_0843,SUB_0843,638.25,2026-01-07,AUTHENTICATION_FAILED,CUSTOMER_ACTION,715,15,8,23,0.6522,0.3,0.25,low_engagement,0.3478,0.6522,starter,638.25,monthly,STOP,0.0,0.0,0.0,0.0,6
FAIL_002269,PAY_014413,CUST_0843,SUB_0843,638.25,2026-06-06,LIMIT_EXCEEDED,PAYMENT_LIMIT,715,15,8,23,0.6522,0.3,0.25,low_engagement,0.3478,0.6522,starter,638.25,monthly,PAYMENT_LINK,0.6264198225963938,3.0,399.8124517721484,396.8124517721484,1
FAIL_002269,PAY_014413,CUST_0843,SUB_0843,638.25,2026-06-06,LIMIT_EXCEEDED,PAYMENT_LIMIT,715,15,8,23,0.6522,0.3,0.25,low_engagement,0.3478,0.6522,starter,638.25,monthly,UPDATE_PAYMENT_METHOD,0.49730494890332483,3.0,317.4048836375471,314.4048836375471,2
FAIL_002269,PAY_014413,CUST_0843,SUB_0843,638.25,2026-06-06,LIMIT_EXCEEDED,PAYMENT_LIMIT,715,15,8,23,0.6522,0.3,0.25,low_engagement,0.3478,0.6522,starter,638.25,monthly,WAIT_AND_RETRY,0.3691607361901287,2.0,235.61683987334962,233.61683987334962,3
FAIL_002269,PAY_014413,CUST_0843,SUB_0843,638.25,2026-06-06,LIMIT_EXCEEDED,PAYMENT_LIMIT,715,15,8,23,0.6522,0.3,0.25,low_engagement,0.3478,0.6522,starter,638.25,monthly,SEND_REMINDER,0.17562858573963322,1.0,112.0949448483209,111.0949448483209,4
FAIL_002269,PAY_014413,CUST_0843,SUB_0843,638.25,2026-06-06,LIMIT_EXCEEDED,PAYMENT_LIMIT,715,15,8,23,0.6522,0.3,0.25,low_engagement,0.3478,0.6522,starter,638.25,monthly,RETRY_NOW,0.10893282014854874,2.0,69.52637245981124,67.52637245981124,5
FAIL_002269,PAY_014413,CUST_0843,SUB_0843,638.25,2026-06-06,LIMIT_EXCEEDED,PAYMENT_LIMIT,715,15,8,23,0.6522,0.3,0.25,low_engagement,0.3478,0.6522,starter,638.25,monthly,STOP,0.0,0.0,0.0,0.0,6
FAIL_002271,PAY_014415,CUST_0844,SUB_0844,471.41,2026-04-25,INSUFFICIENT_FUNDS,CUSTOMER_FINANCIAL,127,1,3,4,0.25,0.35,0.45,friction_prone,0.75,0.25,pro,471.41,monthly,SEND_REMINDER,0.7434206370446976,1.0,350.4559225092409,349.4559225092409,1
FAIL_002271,PAY_014415,CUST_0844,SUB_0844,471.41,2026-04-25,INSUFFICIENT_FUNDS,CUSTOMER_FINANCIAL,127,1,3,4,0.25,0.35,0.45,friction_prone,0.75,0.25,pro,471.41,monthly,PAYMENT_LINK,0.6754998323085488,3.0,318.437375948573,315.437375948573,2
FAIL_002271,PAY_014415,CUST_0844,SUB_0844,471.41,2026-04-25,INSUFFICIENT_FUNDS,CUSTOMER_FINANCIAL,127,1,3,4,0.25,0.35,0.45,friction_prone,0.75,0.25,pro,471.41,monthly,WAIT_AND_RETRY,0.6722463539520656,2.0,316.90365371654326,314.90365371654326,3
FAIL_002271,PAY_014415,CUST_0844,SUB_0844,471.41,2026-04-25,INSUFFICIENT_FUNDS,CUSTOMER_FINANCIAL,127,1,3,4,0.25,0.35,0.45,friction_prone,0.75,0.25,pro,471.41,monthly,RETRY_NOW,0.42772147836289676,2.0,201.63218211505318,199.63218211505318,4
FAIL_002271,PAY_014415,CUST_0844,SUB_0844,471.41,2026-04-25,INSUFFICIENT_FUNDS,CUSTOMER_FINANCIAL,127,1,3,4,0.25,0.35,0.45,friction_prone,0.75,0.25,pro,471.41,monthly,UPDATE_PAYMENT_METHOD,0.24933643426861543,3.0,117.53968847856801,114.53968847856801,5
FAIL_002271,PAY_014415,CUST_0844,SUB_0844,471.41,2026-04-25,INSUFFICIENT_FUNDS,CUSTOMER_FINANCIAL,127,1,3,4,0.25,0.35,0.45,friction_prone,0.75,0.25,pro,471.41,monthly,STOP,0.0,0.0,0.0,0.0,6
FAIL_002272,PAY_014416,CUST_0844,SUB_0844,471.41,2026-05-25,LIMIT_EXCEEDED,PAYMENT_LIMIT,127,1,3,4,0.25,0.35,0.45,friction_prone,0.75,0.25,pro,471.41,monthly,PAYMENT_LINK,0.5719014163742907,3.0,269.6000466930044,266.6000466930044,1
FAIL_002272,PAY_014416,CUST_0844,SUB_0844,471.41,2026-05-25,LIMIT_EXCEEDED,PAYMENT_LIMIT,127,1,3,4,0.25,0.35,0.45,friction_prone,0.75,0.25,pro,471.41,monthly,UPDATE_PAYMENT_METHOD,0.43419690332230015,3.0,204.68476219516552,201.68476219516552,2
FAIL_002272,PAY_014416,CUST_0844,SUB_0844,471.41,2026-05-25,LIMIT_EXCEEDED,PAYMENT_LIMIT,127,1,3,4,0.25,0.35,0.45,friction_prone,0.75,0.25,pro,471.41,monthly,WAIT_AND_RETRY,0.3771615947055893,2.0,177.79774736016185,175.79774736016185,3
FAIL_002272,PAY_014416,CUST_0844,SUB_0844,471.41,2026-05-25,LIMIT_EXCEEDED,PAYMENT_LIMIT,127,1,3,4,0.25,0.35,0.45,friction_prone,0.75,0.25,pro,471.41,monthly,SEND_REMINDER,0.25990773591871563,1.0,122.52310578944174,121.52310578944174,4
FAIL_002272,PAY_014416,CUST_0844,SUB_0844,471.41,2026-05-25,LIMIT_EXCEEDED,PAYMENT_LIMIT,127,1,3,4,0.25,0.35,0.45,friction_prone,0.75,0.25,pro,471.41,monthly,RETRY_NOW,0.0960249316000017,2.0,45.2671130055568,43.2671130055568,5
FAIL_002272,PAY_014416,CUST_0844,SUB_0844,471.41,2026-05-25,LIMIT_EXCEEDED,PAYMENT_LIMIT,127,1,3,4,0.25,0.35,0.45,friction_prone,0.75,0.25,pro,471.41,monthly,STOP,0.0,0.0,0.0,0.0,6
FAIL_002277,PAY_014430,CUST_0845,SUB_0845,1868.13,2026-06-13,INSUFFICIENT_FUNDS,CUSTOMER_FINANCIAL,408,10,3,13,0.7692,0.6,0.6,normal,0.2308,0.7692,growth,1868.13,monthly,WAIT_AND_RETRY,0.7257644922301982,2.0,1355.8224208700003,1353.8224208700003,1
FAIL_002277,PAY_014430,CUST_0845,SUB_0845,1868.13,2026-06-13,INSUFFICIENT_FUNDS,CUSTOMER_FINANCIAL,408,10,3,13,0.7692,0.6,0.6,normal,0.2308,0.7692,growth,1868.13,monthly,SEND_REMINDER,0.6362135900514208,1.0,1188.5296939827608,1187.5296939827608,2
FAIL_002277,PAY_014430,CUST_0845,SUB_0845,1868.13,2026-06-13,INSUFFICIENT_FUNDS,CUSTOMER_FINANCIAL,408,10,3,13,0.7692,0.6,0.6,normal,0.2308,0.7692,growth,1868.13,monthly,PAYMENT_LINK,0.5612838646266434,3.0,1048.5512260249714,1045.5512260249714,3
FAIL_002277,PAY_014430,CUST_0845,SUB_0845,1868.13,2026-06-13,INSUFFICIENT_FUNDS,CUSTOMER_FINANCIAL,408,10,3,13,0.7692,0.6,0.6,normal,0.2308,0.7692,growth,1868.13,monthly,UPDATE_PAYMENT_METHOD,0.2491748589655076,3.0,465.4910292792337,462.4910292792337,4
FAIL_002277,PAY_014430,CUST_0845,SUB_0845,1868.13,2026-06-13,INSUFFICIENT_FUNDS,CUSTOMER_FINANCIAL,408,10,3,13,0.7692,0.6,0.6,normal,0.2308,0.7692,growth,1868.13,monthly,RETRY_NOW,0.16512195727815698,2.0,308.46928205004343,306.46928205004343,5
FAIL_002277,PAY_014430,CUST_0845,SUB_0845,1868.13,2026-06-13,INSUFFICIENT_FUNDS,CUSTOMER_FINANCIAL,408,10,3,13,0.7692,0.6,0.6,normal,0.2308,0.7692,growth,1868.13,monthly,STOP,0.0,0.0,0.0,0.0,6
FAIL_002282,PAY_014438,CUST_0846,SUB_0846,518.72,2026-04-06,BANK_DECLINED,ISSUER_DECLINE,326,4,6,10,0.4,0.3,0.25,low_engagement,0.6,0.4,starter,518.72,monthly,WAIT_AND_RETRY,0.7308578868718034,2.0,379.1106030781419,377.1106030781419,1
FAIL_002282,PAY_014438,CUST_0846,SUB_0846,518.72,2026-04-06,BANK_DECLINED,ISSUER_DECLINE,326,4,6,10,0.4,0.3,0.25,low_engagement,0.6,0.4,starter,518.72,monthly,PAYMENT_LINK,0.5853682760697216,3.0,303.64223216288605,300.64223216288605,2
FAIL_002282,PAY_014438,CUST_0846,SUB_0846,518.72,2026-04-06,BANK_DECLINED,ISSUER_DECLINE,326,4,6,10,0.4,0.3,0.25,low_engagement,0.6,0.4,starter,518.72,monthly,SEND_REMINDER,0.4022288842753065,1.0,208.644166851287,207.644166851287,3
FAIL_002282,PAY_014438,CUST_0846,SUB_0846,518.72,2026-04-06,BANK_DECLINED,ISSUER_DECLINE,326,4,6,10,0.4,0.3,0.25,low_engagement,0.6,0.4,starter,518.72,monthly,RETRY_NOW,0.3251164716695267,2.0,168.64441618441688,166.64441618441688,4
FAIL_002282,PAY_014438,CUST_0846,SUB_0846,518.72,2026-04-06,BANK_DECLINED,ISSUER_DECLINE,326,4,6,10,0.4,0.3,0.25,low_engagement,0.6,0.4,starter,518.72,monthly,UPDATE_PAYMENT_METHOD,0.06465786447863821,3.0,33.53932746235921,30.53932746235921,5
FAIL_002282,PAY_014438,CUST_0846,SUB_0846,518.72,2026-04-06,BANK_DECLINED,ISSUER_DECLINE,326,4,6,10,0.4,0.3,0.25,low_engagement,0.6,0.4,starter,518.72,monthly,STOP,0.0,0.0,0.0,0.0,6
FAIL_002294,PAY_014467,CUST_0849,SUB_0849,951.12,2026-01-26,BANK_DECLINED,ISSUER_DECLINE,306,6,4,10,0.6,0.3,0.25,low_engagement,0.4,0.6,growth,951.12,monthly,PAYMENT_LINK,0.39163301095176994,3.0,372.48998937644745,369.48998937644745,1
FAIL_002294,PAY_014467,CUST_0849,SUB_0849,951.12,2026-01-26,BANK_DECLINED,ISSUER_DECLINE,306,6,4,10,0.6,0.3,0.25,low_engagement,0.4,0.6,growth,951.12,monthly,WAIT_AND_RETRY,0.25254569224112744,2.0,240.20125880438113,238.20125880438113,2
FAIL_002294,PAY_014467,CUST_0849,SUB_0849,951.12,2026-01-26,BANK_DECLINED,ISSUER_DECLINE,306,6,4,10,0.6,0.3,0.25,low_engagement,0.4,0.6,growth,951.12,monthly,SEND_REMINDER,0.1812355861714198,1.0,172.3767907193608,171.3767907193608,3
FAIL_002294,PAY_014467,CUST_0849,SUB_0849,951.12,2026-01-26,BANK_DECLINED,ISSUER_DECLINE,306,6,4,10,0.6,0.3,0.25,low_engagement,0.4,0.6,growth,951.12,monthly,RETRY_NOW,0.11329386291834517,2.0,107.75605889889646,105.75605889889646,4
FAIL_002294,PAY_014467,CUST_0849,SUB_0849,951.12,2026-01-26,BANK_DECLINED,ISSUER_DECLINE,306,6,4,10,0.6,0.3,0.25,low_engagement,0.4,0.6,growth,951.12,monthly,UPDATE_PAYMENT_METHOD,0.09407959228948368,3.0,89.48098181837372,86.48098181837372,5
FAIL_002294,PAY_014467,CUST_0849,SUB_0849,951.12,2026-01-26,BANK_DECLINED,ISSUER_DECLINE,306,6,4,10,0.6,0.3,0.25,low_engagement,0.4,0.6,growth,951.12,monthly,STOP,0.0,0.0,0.0,0.0,6
FAIL_002298,PAY_014489,CUST_0851,SUB_0851,741.13,2025-08-16,CARD_EXPIRED,PAYMENT_METHOD,529,12,5,17,0.7059,0.6,0.6,normal,0.2941,0.7059,starter,741.13,monthly,UPDATE_PAYMENT_METHOD,0.9246583229799665,3.0,685.2920229101426,682.2920229101426,1
FAIL_002298,PAY_014489,CUST_0851,SUB_0851,741.13,2025-08-16,CARD_EXPIRED,PAYMENT_METHOD,529,12,5,17,0.7059,0.6,0.6,normal,0.2941,0.7059,starter,741.13,monthly,PAYMENT_LINK,0.5458057591793616,3.0,404.51302230060026,401.51302230060026,2
FAIL_002298,PAY_014489,CUST_0851,SUB_0851,741.13,2025-08-16,CARD_EXPIRED,PAYMENT_METHOD,529,12,5,17,0.7059,0.6,0.6,normal,0.2941,0.7059,starter,741.13,monthly,SEND_REMINDER,0.3966420269471311,1.0,293.9633054313272,292.9633054313272,3
FAIL_002298,PAY_014489,CUST_0851,SUB_0851,741.13,2025-08-16,CARD_EXPIRED,PAYMENT_METHOD,529,12,5,17,0.7059,0.6,0.6,normal,0.2941,0.7059,starter,741.13,monthly,WAIT_AND_RETRY,0.12837929621434013,2.0,95.1457478033339,93.1457478033339,4
FAIL_002298,PAY_014489,CUST_0851,SUB_0851,741.13,2025-08-16,CARD_EXPIRED,PAYMENT_METHOD,529,12,5,17,0.7059,0.6,0.6,normal,0.2941,0.7059,starter,741.13,monthly,RETRY_NOW,0.08929304691129424,2.0,66.1777558573675,64.1777558573675,5
FAIL_002298,PAY_014489,CUST_0851,SUB_0851,741.13,2025-08-16,CARD_EXPIRED,PAYMENT_METHOD,529,12,5,17,0.7059,0.6,0.6,normal,0.2941,0.7059,starter,741.13,monthly,STOP,0.0,0.0,0.0,0.0,6
FAIL_002299,PAY_014496,CUST_0851,SUB_0851,741.13,2026-03-14,BANK_DECLINED,ISSUER_DECLINE,529,12,5,17,0.7059,0.6,0.6,normal,0.2941,0.7059,starter,741.13,monthly,PAYMENT_LINK,0.6336063974971525,3.0,469.58470937706466,466.58470937706466,1
FAIL_002299,PAY_014496,CUST_0851,SUB_0851,741.13,2026-03-14,BANK_DECLINED,ISSUER_DECLINE,529,12,5,17,0.7059,0.6,0.6,normal,0.2941,0.7059,starter,741.13,monthly,WAIT_AND_RETRY,0.5900434610273672,2.0,437.2989102712126,435.2989102712126,2
FAIL_002299,PAY_014496,CUST_0851,SUB_0851,741.13,2026-03-14,BANK_DECLINED,ISSUER_DECLINE,529,12,5,17,0.7059,0.6,0.6,normal,0.2941,0.7059,starter,741.13,monthly,SEND_REMINDER,0.5106641883598888,1.0,378.4685499191644,377.4685499191644,3
FAIL_002299,PAY_014496,CUST_0851,SUB_0851,741.13,2026-03-14,BANK_DECLINED,ISSUER_DECLINE,529,12,5,17,0.7059,0.6,0.6,normal,0.2941,0.7059,starter,741.13,monthly,RETRY_NOW,0.27506639467575167,2.0,203.85995708603983,201.85995708603983,4
FAIL_002299,PAY_014496,CUST_0851,SUB_0851,741.13,2026-03-14,BANK_DECLINED,ISSUER_DECLINE,529,12,5,17,0.7059,0.6,0.6,normal,0.2941,0.7059,starter,741.13,monthly,UPDATE_PAYMENT_METHOD,0.18993477281508084,3.0,140.76635817644086,137.76635817644086,5
FAIL_002299,PAY_014496,CUST_0851,SUB_0851,741.13,2026-03-14,BANK_DECLINED,ISSUER_DECLINE,529,12,5,17,0.7059,0.6,0.6,normal,0.2941,0.7059,starter,741.13,monthly,STOP,0.0,0.0,0.0,0.0,6
FAIL_002300,PAY_014497,CUST_0851,SUB_0851,741.13,2026-04-13,BANK_DECLINED,ISSUER_DECLINE,529,12,5,17,0.7059,0.6,0.6,normal,0.2941,0.7059,starter,741.13,monthly,PAYMENT_LINK,0.6336063974971525,3.0,469.58470937706466,466.58470937706466,1
FAIL_002300,PAY_014497,CUST_0851,SUB_0851,741.13,2026-04-13,BANK_DECLINED,ISSUER_DECLINE,529,12,5,17,0.7059,0.6,0.6,normal,0.2941,0.7059,starter,741.13,monthly,WAIT_AND_RETRY,0.5900434610273672,2.0,437.2989102712126,435.2989102712126,2
FAIL_002300,PAY_014497,CUST_0851,SUB_0851,741.13,2026-04-13,BANK_DECLINED,ISSUER_DECLINE,529,12,5,17,0.7059,0.6,0.6,normal,0.2941,0.7059,starter,741.13,monthly,SEND_REMINDER,0.5106641883598888,1.0,378.4685499191644,377.4685499191644,3
FAIL_002300,PAY_014497,CUST_0851,SUB_0851,741.13,2026-04-13,BANK_DECLINED,ISSUER_DECLINE,529,12,5,17,0.7059,0.6,0.6,normal,0.2941,0.7059,starter,741.13,monthly,RETRY_NOW,0.27506639467575167,2.0,203.85995708603983,201.85995708603983,4
FAIL_002300,PAY_014497,CUST_0851,SUB_0851,741.13,2026-04-13,BANK_DECLINED,ISSUER_DECLINE,529,12,5,17,0.7059,0.6,0.6,normal,0.2941,0.7059,starter,741.13,monthly,UPDATE_PAYMENT_METHOD,0.18993477281508084,3.0,140.76635817644086,137.76635817644086,5
FAIL_002300,PAY_014497,CUST_0851,SUB_0851,741.13,2026-04-13,BANK_DECLINED,ISSUER_DECLINE,529,12,5,17,0.7059,0.6,0.6,normal,0.2941,0.7059,starter,741.13,monthly,STOP,0.0,0.0,0.0,0.0,6
FAIL_002307,PAY_014535,CUST_0853,SUB_0853,256.05,2026-03-05,LIMIT_EXCEEDED,PAYMENT_LIMIT,808,20,6,26,0.7692,0.3,0.25,low_engagement,0.2308,0.7692,starter,256.05,monthly,PAYMENT_LINK,0.667208886691457,3.0,170.83883543734757,167.83883543734757,1
FAIL_002307,PAY_014535,CUST_0853,SUB_0853,256.05,2026-03-05,LIMIT_EXCEEDED,PAYMENT_LIMIT,808,20,6,26,0.7692,0.3,0.25,low_engagement,0.2308,0.7692,starter,256.05,monthly,UPDATE_PAYMENT_METHOD,0.5842887450382561,3.0,149.60713316704548,146.60713316704548,2
FAIL_002307,PAY_014535,CUST_0853,SUB_0853,256.05,2026-03-05,LIMIT_EXCEEDED,PAYMENT_LIMIT,808,20,6,26,0.7692,0.3,0.25,low_engagement,0.2308,0.7692,starter,256.05,monthly,WAIT_AND_RETRY,0.23759542504730802,2.0,60.83630858336322,58.83630858336322,3
FAIL_002307,PAY_014535,CUST_0853,SUB_0853,256.05,2026-03-05,LIMIT_EXCEEDED,PAYMENT_LIMIT,808,20,6,26,0.7692,0.3,0.25,low_engagement,0.2308,0.7692,starter,256.05,monthly,SEND_REMINDER,0.1546774801304564,1.0,39.605168787403365,38.605168787403365,4
FAIL_002307,PAY_014535,CUST_0853,SUB_0853,256.05,2026-03-05,LIMIT_EXCEEDED,PAYMENT_LIMIT,808,20,6,26,0.7692,0.3,0.25,low_engagement,0.2308,0.7692,starter,256.05,monthly,RETRY_NOW,0.07461107798872098,2.0,19.104166519012008,17.104166519012008,5
FAIL_002307,PAY_014535,CUST_0853,SUB_0853,256.05,2026-03-05,LIMIT_EXCEEDED,PAYMENT_LIMIT,808,20,6,26,0.7692,0.3,0.25,low_engagement,0.2308,0.7692,starter,256.05,monthly,STOP,0.0,0.0,0.0,0.0,6
FAIL_002316,PAY_014565,CUST_0854,SUB_0854,272.78,2026-02-14,AUTHENTICATION_FAILED,CUSTOMER_ACTION,947,24,7,31,0.7742,0.3,0.25,low_engagement,0.2258,0.7742,starter,272.78,monthly,UPDATE_PAYMENT_METHOD,0.7276813956717765,3.0,198.49693111134718,195.49693111134718,1
FAIL_002316,PAY_014565,CUST_0854,SUB_0854,272.78,2026-02-14,AUTHENTICATION_FAILED,CUSTOMER_ACTION,947,24,7,31,0.7742,0.3,0.25,low_engagement,0.2258,0.7742,starter,272.78,monthly,PAYMENT_LINK,0.4133460544399416,3.0,112.75253673012726,109.75253673012726,2
FAIL_002316,PAY_014565,CUST_0854,SUB_0854,272.78,2026-02-14,AUTHENTICATION_FAILED,CUSTOMER_ACTION,947,24,7,31,0.7742,0.3,0.25,low_engagement,0.2258,0.7742,starter,272.78,monthly,SEND_REMINDER,0.40026001845701337,1.0,109.18292783470409,108.18292783470409,3
FAIL_002316,PAY_014565,CUST_0854,SUB_0854,272.78,2026-02-14,AUTHENTICATION_FAILED,CUSTOMER_ACTION,947,24,7,31,0.7742,0.3,0.25,low_engagement,0.2258,0.7742,starter,272.78,monthly,WAIT_AND_RETRY,0.18234141563010026,2.0,49.73909135557874,47.73909135557874,4
FAIL_002316,PAY_014565,CUST_0854,SUB_0854,272.78,2026-02-14,AUTHENTICATION_FAILED,CUSTOMER_ACTION,947,24,7,31,0.7742,0.3,0.25,low_engagement,0.2258,0.7742,starter,272.78,monthly,RETRY_NOW,0.04555279649100185,2.0,12.425891826815484,10.425891826815484,5
FAIL_002316,PAY_014565,CUST_0854,SUB_0854,272.78,2026-02-14,AUTHENTICATION_FAILED,CUSTOMER_ACTION,947,24,7,31,0.7742,0.3,0.25,low_engagement,0.2258,0.7742,starter,272.78,monthly,STOP,0.0,0.0,0.0,0.0,6
FAIL_002324,PAY_014605,CUST_0857,SUB_0857,436.65,2025-10-22,INSUFFICIENT_FUNDS,CUSTOMER_FINANCIAL,462,11,4,15,0.7333,0.3,0.25,low_engagement,0.2667,0.7333,starter,436.65,monthly,WAIT_AND_RETRY,0.7188860730646024,2.0,313.90160380365865,311.90160380365865,1
FAIL_002324,PAY_014605,CUST_0857,SUB_0857,436.65,2025-10-22,INSUFFICIENT_FUNDS,CUSTOMER_FINANCIAL,462,11,4,15,0.7333,0.3,0.25,low_engagement,0.2667,0.7333,starter,436.65,monthly,PAYMENT_LINK,0.4410870807142441,3.0,192.60067379387468,189.60067379387468,2
FAIL_002324,PAY_014605,CUST_0857,SUB_0857,436.65,2025-10-22,INSUFFICIENT_FUNDS,CUSTOMER_FINANCIAL,462,11,4,15,0.7333,0.3,0.25,low_engagement,0.2667,0.7333,starter,436.65,monthly,RETRY_NOW,0.4333825518077657,2.0,189.23649124686088,187.23649124686088,3
FAIL_002324,PAY_014605,CUST_0857,SUB_0857,436.65,2025-10-22,INSUFFICIENT_FUNDS,CUSTOMER_FINANCIAL,462,11,4,15,0.7333,0.3,0.25,low_engagement,0.2667,0.7333,starter,436.65,monthly,SEND_REMINDER,0.3491895809375382,1.0,152.47363051637606,151.47363051637606,4
FAIL_002324,PAY_014605,CUST_0857,SUB_0857,436.65,2025-10-22,INSUFFICIENT_FUNDS,CUSTOMER_FINANCIAL,462,11,4,15,0.7333,0.3,0.25,low_engagement,0.2667,0.7333,starter,436.65,monthly,UPDATE_PAYMENT_METHOD,0.16503411640887014,3.0,72.06214692993315,69.06214692993315,5
FAIL_002324,PAY_014605,CUST_0857,SUB_0857,436.65,2025-10-22,INSUFFICIENT_FUNDS,CUSTOMER_FINANCIAL,462,11,4,15,0.7333,0.3,0.25,low_engagement,0.2667,0.7333,starter,436.65,monthly,STOP,0.0,0.0,0.0,0.0,6
FAIL_002334,PAY_014673,CUST_0862,SUB_0862,1374.15,2025-01-31,BANK_DECLINED,ISSUER_DECLINE,816,19,8,27,0.7037,0.35,0.45,friction_prone,0.2963,0.7037,growth,1374.15,monthly,WAIT_AND_RETRY,0.6013945633808431,2.0,826.4063392697856,824.4063392697856,1
FAIL_002334,PAY_014673,CUST_0862,SUB_0862,1374.15,2025-01-31,BANK_DECLINED,ISSUER_DECLINE,816,19,8,27,0.7037,0.35,0.45,friction_prone,0.2963,0.7037,growth,1374.15,monthly,PAYMENT_LINK,0.5573956797534744,3.0,765.9452733332369,762.9452733332369,2
FAIL_002334,PAY_014673,CUST_0862,SUB_0862,1374.15,2025-01-31,BANK_DECLINED,ISSUER_DECLINE,816,19,8,27,0.7037,0.35,0.45,friction_prone,0.2963,0.7037,growth,1374.15,monthly,SEND_REMINDER,0.5102198081228811,1.0,701.1185493320572,700.1185493320572,3
FAIL_002334,PAY_014673,CUST_0862,SUB_0862,1374.15,2025-01-31,BANK_DECLINED,ISSUER_DECLINE,816,19,8,27,0.7037,0.35,0.45,friction_prone,0.2963,0.7037,growth,1374.15,monthly,UPDATE_PAYMENT_METHOD,0.40752096081730443,3.0,559.9949283070989,556.9949283070989,4
FAIL_002334,PAY_014673,CUST_0862,SUB_0862,1374.15,2025-01-31,BANK_DECLINED,ISSUER_DECLINE,816,19,8,27,0.7037,0.35,0.45,friction_prone,0.2963,0.7037,growth,1374.15,monthly,RETRY_NOW,0.22895361458785235,2.0,314.6166094858973,312.6166094858973,5
FAIL_002334,PAY_014673,CUST_0862,SUB_0862,1374.15,2025-01-31,BANK_DECLINED,ISSUER_DECLINE,816,19,8,27,0.7037,0.35,0.45,friction_prone,0.2963,0.7037,growth,1374.15,monthly,STOP,0.0,0.0,0.0,0.0,6
FAIL_002339,PAY_014722,CUST_0863,SUB_0863,9301.15,2026-07-29,AUTHENTICATION_FAILED,CUSTOMER_ACTION,932,28,3,31,0.9032,0.82,0.9,high_value_loyal,0.0968,0.9032,pro,9301.15,monthly,UPDATE_PAYMENT_METHOD,0.8274778970121329,3.0,7696.496041794399,7693.496041794399,1
FAIL_002339,PAY_014722,CUST_0863,SUB_0863,9301.15,2026-07-29,AUTHENTICATION_FAILED,CUSTOMER_ACTION,932,28,3,31,0.9032,0.82,0.9,high_value_loyal,0.0968,0.9032,pro,9301.15,monthly,PAYMENT_LINK,0.7559866366084944,3.0,7031.545105091098,7028.545105091098,2
FAIL_002339,PAY_014722,CUST_0863,SUB_0863,9301.15,2026-07-29,AUTHENTICATION_FAILED,CUSTOMER_ACTION,932,28,3,31,0.9032,0.82,0.9,high_value_loyal,0.0968,0.9032,pro,9301.15,monthly,WAIT_AND_RETRY,0.41039810332434823,2.0,3817.1743187352613,3815.1743187352613,3
FAIL_002339,PAY_014722,CUST_0863,SUB_0863,9301.15,2026-07-29,AUTHENTICATION_FAILED,CUSTOMER_ACTION,932,28,3,31,0.9032,0.82,0.9,high_value_loyal,0.0968,0.9032,pro,9301.15,monthly,SEND_REMINDER,0.40389553798027106,1.0,3756.692983085198,3755.692983085198,4
FAIL_002339,PAY_014722,CUST_0863,SUB_0863,9301.15,2026-07-29,AUTHENTICATION_FAILED,CUSTOMER_ACTION,932,28,3,31,0.9032,0.82,0.9,high_value_loyal,0.0968,0.9032,pro,9301.15,monthly,RETRY_NOW,0.11147525548527623,2.0,1036.848072556877,1034.848072556877,5
FAIL_002339,PAY_014722,CUST_0863,SUB_0863,9301.15,2026-07-29,AUTHENTICATION_FAILED,CUSTOMER_ACTION,932,28,3,31,0.9032,0.82,0.9,high_value_loyal,0.0968,0.9032,pro,9301.15,monthly,STOP,0.0,0.0,0.0,0.0,6
FAIL_002361,PAY_014833,CUST_0868,SUB_0868,848.64,2026-03-06,CARD_EXPIRED,PAYMENT_METHOD,297,7,2,9,0.7778,0.35,0.45,friction_prone,0.2222,0.7778,starter,848.64,monthly,UPDATE_PAYMENT_METHOD,0.835192784767523,3.0,708.7780048651107,705.7780048651107,1
FAIL_002361,PAY_014833,CUST_0868,SUB_0868,848.64,2026-03-06,CARD_EXPIRED,PAYMENT_METHOD,297,7,2,9,0.7778,0.35,0.45,friction_prone,0.2222,0.7778,starter,848.64,monthly,PAYMENT_LINK,0.4216893036959256,3.0,357.8624106885103,354.8624106885103,2
FAIL_002361,PAY_014833,CUST_0868,SUB_0868,848.64,2026-03-06,CARD_EXPIRED,PAYMENT_METHOD,297,7,2,9,0.7778,0.35,0.45,friction_prone,0.2222,0.7778,starter,848.64,monthly,SEND_REMINDER,0.25653420316793496,1.0,217.7051861764363,216.7051861764363,3
FAIL_002361,PAY_014833,CUST_0868,SUB_0868,848.64,2026-03-06,CARD_EXPIRED,PAYMENT_METHOD,297,7,2,9,0.7778,0.35,0.45,friction_prone,0.2222,0.7778,starter,848.64,monthly,RETRY_NOW,0.24628027605785385,2.0,209.0032934737371,207.0032934737371,4
FAIL_002361,PAY_014833,CUST_0868,SUB_0868,848.64,2026-03-06,CARD_EXPIRED,PAYMENT_METHOD,297,7,2,9,0.7778,0.35,0.45,friction_prone,0.2222,0.7778,starter,848.64,monthly,WAIT_AND_RETRY,0.04642483693527752,2.0,39.397973616753916,37.397973616753916,5
FAIL_002361,PAY_014833,CUST_0868,SUB_0868,848.64,2026-03-06,CARD_EXPIRED,PAYMENT_METHOD,297,7,2,9,0.7778,0.35,0.45,friction_prone,0.2222,0.7778,starter,848.64,monthly,STOP,0.0,0.0,0.0,0.0,6
FAIL_002365,PAY_014883,CUST_0872,SUB_0872,471.51,2025-10-30,LIMIT_EXCEEDED,PAYMENT_LIMIT,694,18,5,23,0.7826,0.3,0.25,low_engagement,0.2174,0.7826,growth,471.51,monthly,PAYMENT_LINK,0.5498606950283099,3.0,259.2648163127984,256.2648163127984,1
FAIL_002365,PAY_014883,CUST_0872,SUB_0872,471.51,2025-10-30,LIMIT_EXCEEDED,PAYMENT_LIMIT,694,18,5,23,0.7826,0.3,0.25,low_engagement,0.2174,0.7826,growth,471.51,monthly,UPDATE_PAYMENT_METHOD,0.49279033396114835,3.0,232.35557036602106,229.35557036602106,2
FAIL_002365,PAY_014883,CUST_0872,SUB_0872,471.51,2025-10-30,LIMIT_EXCEEDED,PAYMENT_LIMIT,694,18,5,23,0.7826,0.3,0.25,low_engagement,0.2174,0.7826,growth,471.51,monthly,WAIT_AND_RETRY,0.37108390034237815,2.0,174.96976985043472,172.96976985043472,3
FAIL_002365,PAY_014883,CUST_0872,SUB_0872,471.51,2025-10-30,LIMIT_EXCEEDED,PAYMENT_LIMIT,694,18,5,23,0.7826,0.3,0.25,low_engagement,0.2174,0.7826,growth,471.51,monthly,SEND_REMINDER,0.299891165178021,1.0,141.40168329308867,140.40168329308867,4
FAIL_002365,PAY_014883,CUST_0872,SUB_0872,471.51,2025-10-30,LIMIT_EXCEEDED,PAYMENT_LIMIT,694,18,5,23,0.7826,0.3,0.25,low_engagement,0.2174,0.7826,growth,471.51,monthly,RETRY_NOW,0.07137920848941229,2.0,33.65601059484279,31.65601059484279,5
FAIL_002365,PAY_014883,CUST_0872,SUB_0872,471.51,2025-10-30,LIMIT_EXCEEDED,PAYMENT_LIMIT,694,18,5,23,0.7826,0.3,0.25,low_engagement,0.2174,0.7826,growth,471.51,monthly,STOP,0.0,0.0,0.0,0.0,6
FAIL_002372,PAY_014910,CUST_0874,SUB_0874,763.19,2025-02-15,BANK_DECLINED,ISSUER_DECLINE,891,23,6,29,0.7931,0.3,0.25,low_engagement,0.2069,0.7931,growth,763.19,monthly,PAYMENT_LINK,0.5748059303784174,3.0,438.6861380055044,435.6861380055044,1
FAIL_002372,PAY_014910,CUST_0874,SUB_0874,763.19,2025-02-15,BANK_DECLINED,ISSUER_DECLINE,891,23,6,29,0.7931,0.3,0.25,low_engagement,0.2069,0.7931,growth,763.19,monthly,WAIT_AND_RETRY,0.5711651120159176,2.0,435.90750183942816,433.90750183942816,2
FAIL_002372,PAY_014910,CUST_0874,SUB_0874,763.19,2025-02-15,BANK_DECLINED,ISSUER_DECLINE,891,23,6,29,0.7931,0.3,0.25,low_engagement,0.2069,0.7931,growth,763.19,monthly,SEND_REMINDER,0.1829651847853114,1.0,139.63719937630182,138.63719937630182,3
FAIL_002372,PAY_014910,CUST_0874,SUB_0874,763.19,2025-02-15,BANK_DECLINED,ISSUER_DECLINE,891,23,6,29,0.7931,0.3,0.25,low_engagement,0.2069,0.7931,growth,763.19,monthly,RETRY_NOW,0.15680594364349992,2.0,119.67272812928272,117.67272812928272,4
FAIL_002372,PAY_014910,CUST_0874,SUB_0874,763.19,2025-02-15,BANK_DECLINED,ISSUER_DECLINE,891,23,6,29,0.7931,0.3,0.25,low_engagement,0.2069,0.7931,growth,763.19,monthly,UPDATE_PAYMENT_METHOD,0.09911719458150373,3.0,75.64525173265784,72.64525173265784,5
FAIL_002372,PAY_014910,CUST_0874,SUB_0874,763.19,2025-02-15,BANK_DECLINED,ISSUER_DECLINE,891,23,6,29,0.7931,0.3,0.25,low_engagement,0.2069,0.7931,growth,763.19,monthly,STOP,0.0,0.0,0.0,0.0,6
FAIL_002373,PAY_014911,CUST_0874,SUB_0874,763.19,2025-03-17,INSUFFICIENT_FUNDS,CUSTOMER_FINANCIAL,891,23,6,29,0.7931,0.3,0.25,low_engagement,0.2069,0.7931,growth,763.19,monthly,WAIT_AND_RETRY,0.7802981328706386,2.0,595.5157320255428,593.5157320255428,1
FAIL_002373,PAY_014911,CUST_0874,SUB_0874,763.19,2025-03-17,INSUFFICIENT_FUNDS,CUSTOMER_FINANCIAL,891,23,6,29,0.7931,0.3,0.25,low_engagement,0.2069,0.7931,growth,763.19,monthly,PAYMENT_LINK,0.544442800681644,3.0,415.5133010522239,412.5133010522239,2
FAIL_002373,PAY_014911,CUST_0874,SUB_0874,763.19,2025-03-17,INSUFFICIENT_FUNDS,CUSTOMER_FINANCIAL,891,23,6,29,0.7931,0.3,0.25,low_engagement,0.2069,0.7931,growth,763.19,monthly,SEND_REMINDER,0.3247923048016353,1.0,247.87823910156004,246.87823910156004,3
FAIL_002373,PAY_014911,CUST_0874,SUB_0874,763.19,2025-03-17,INSUFFICIENT_FUNDS,CUSTOMER_FINANCIAL,891,23,6,29,0.7931,0.3,0.25,low_engagement,0.2069,0.7931,growth,763.19,monthly,RETRY_NOW,0.2921498095715166,2.0,222.96581316688577,220.96581316688577,4
FAIL_002373,PAY_014911,CUST_0874,SUB_0874,763.19,2025-03-17,INSUFFICIENT_FUNDS,CUSTOMER_FINANCIAL,891,23,6,29,0.7931,0.3,0.25,low_engagement,0.2069,0.7931,growth,763.19,monthly,UPDATE_PAYMENT_METHOD,0.09266248430835927,3.0,70.71908139929671,67.71908139929671,5
FAIL_002373,PAY_014911,CUST_0874,SUB_0874,763.19,2025-03-17,INSUFFICIENT_FUNDS,CUSTOMER_FINANCIAL,891,23,6,29,0.7931,0.3,0.25,low_engagement,0.2069,0.7931,growth,763.19,monthly,STOP,0.0,0.0,0.0,0.0,6
FAIL_002386,PAY_014942,CUST_0875,SUB_0875,1152.64,2025-05-25,INSUFFICIENT_FUNDS,CUSTOMER_FINANCIAL,882,16,13,29,0.5517,0.35,0.45,friction_prone,0.4483,0.5517,pro,1152.64,monthly,PAYMENT_LINK,0.7678245789662826,3.0,885.0253226996961,882.0253226996961,1
FAIL_002386,PAY_014942,CUST_0875,SUB_0875,1152.64,2025-05-25,INSUFFICIENT_FUNDS,CUSTOMER_FINANCIAL,882,16,13,29,0.5517,0.35,0.45,friction_prone,0.4483,0.5517,pro,1152.64,monthly,WAIT_AND_RETRY,0.7650229385081414,2.0,881.7960398420241,879.7960398420241,2
FAIL_002386,PAY_014942,CUST_0875,SUB_0875,1152.64,2025-05-25,INSUFFICIENT_FUNDS,CUSTOMER_FINANCIAL,882,16,13,29,0.5517,0.35,0.45,friction_prone,0.4483,0.5517,pro,1152.64,monthly,SEND_REMINDER,0.5587046418594618,1.0,643.9853183928901,642.9853183928901,3
FAIL_002386,PAY_014942,CUST_0875,SUB_0875,1152.64,2025-05-25,INSUFFICIENT_FUNDS,CUSTOMER_FINANCIAL,882,16,13,29,0.5517,0.35,0.45,friction_prone,0.4483,0.5517,pro,1152.64,monthly,RETRY_NOW,0.31489683532880175,2.0,362.9626882733901,360.9626882733901,4
FAIL_002386,PAY_014942,CUST_0875,SUB_0875,1152.64,2025-05-25,INSUFFICIENT_FUNDS,CUSTOMER_FINANCIAL,882,16,13,29,0.5517,0.35,0.45,friction_prone,0.4483,0.5517,pro,1152.64,monthly,UPDATE_PAYMENT_METHOD,0.20053290746556757,3.0,231.14225046111181,228.14225046111181,5
FAIL_002386,PAY_014942,CUST_0875,SUB_0875,1152.64,2025-05-25,INSUFFICIENT_FUNDS,CUSTOMER_FINANCIAL,882,16,13,29,0.5517,0.35,0.45,friction_prone,0.4483,0.5517,pro,1152.64,monthly,STOP,0.0,0.0,0.0,0.0,6
FAIL_002391,PAY_014950,CUST_0875,SUB_0875,1152.64,2026-01-20,INSUFFICIENT_FUNDS,CUSTOMER_FINANCIAL,882,16,13,29,0.5517,0.35,0.45,friction_prone,0.4483,0.5517,pro,1152.64,monthly,PAYMENT_LINK,0.7678245789662826,3.0,885.0253226996961,882.0253226996961,1
FAIL_002391,PAY_014950,CUST_0875,SUB_0875,1152.64,2026-01-20,INSUFFICIENT_FUNDS,CUSTOMER_FINANCIAL,882,16,13,29,0.5517,0.35,0.45,friction_prone,0.4483,0.5517,pro,1152.64,monthly,WAIT_AND_RETRY,0.7650229385081414,2.0,881.7960398420241,879.7960398420241,2
FAIL_002391,PAY_014950,CUST_0875,SUB_0875,1152.64,2026-01-20,INSUFFICIENT_FUNDS,CUSTOMER_FINANCIAL,882,16,13,29,0.5517,0.35,0.45,friction_prone,0.4483,0.5517,pro,1152.64,monthly,SEND_REMINDER,0.5587046418594618,1.0,643.9853183928901,642.9853183928901,3
FAIL_002391,PAY_014950,CUST_0875,SUB_0875,1152.64,2026-01-20,INSUFFICIENT_FUNDS,CUSTOMER_FINANCIAL,882,16,13,29,0.5517,0.35,0.45,friction_prone,0.4483,0.5517,pro,1152.64,monthly,RETRY_NOW,0.31489683532880175,2.0,362.9626882733901,360.9626882733901,4
FAIL_002391,PAY_014950,CUST_0875,SUB_0875,1152.64,2026-01-20,INSUFFICIENT_FUNDS,CUSTOMER_FINANCIAL,882,16,13,29,0.5517,0.35,0.45,friction_prone,0.4483,0.5517,pro,1152.64,monthly,UPDATE_PAYMENT_METHOD,0.20053290746556757,3.0,231.14225046111181,228.14225046111181,5
FAIL_002391,PAY_014950,CUST_0875,SUB_0875,1152.64,2026-01-20,INSUFFICIENT_FUNDS,CUSTOMER_FINANCIAL,882,16,13,29,0.5517,0.35,0.45,friction_prone,0.4483,0.5517,pro,1152.64,monthly,STOP,0.0,0.0,0.0,0.0,6
FAIL_002393,PAY_014953,CUST_0875,SUB_0875,1152.64,2026-04-20,BANK_DECLINED,ISSUER_DECLINE,882,16,13,29,0.5517,0.35,0.45,friction_prone,0.4483,0.5517,pro,1152.64,monthly,PAYMENT_LINK,0.6139242261754412,3.0,707.6336200588606,704.6336200588606,1
FAIL_002393,PAY_014953,CUST_0875,SUB_0875,1152.64,2026-04-20,BANK_DECLINED,ISSUER_DECLINE,882,16,13,29,0.5517,0.35,0.45,friction_prone,0.4483,0.5517,pro,1152.64,monthly,WAIT_AND_RETRY,0.5839188676011917,2.0,673.0482435518377,671.0482435518377,2
FAIL_002393,PAY_014953,CUST_0875,SUB_0875,1152.64,2026-04-20,BANK_DECLINED,ISSUER_DECLINE,882,16,13,29,0.5517,0.35,0.45,friction_prone,0.4483,0.5517,pro,1152.64,monthly,SEND_REMINDER,0.4229281786011278,1.0,487.483935782804,486.483935782804,3
FAIL_002393,PAY_014953,CUST_0875,SUB_0875,1152.64,2026-04-20,BANK_DECLINED,ISSUER_DECLINE,882,16,13,29,0.5517,0.35,0.45,friction_prone,0.4483,0.5517,pro,1152.64,monthly,RETRY_NOW,0.3030086098219431,2.0,349.2598440251645,347.2598440251645,4
FAIL_002393,PAY_014953,CUST_0875,SUB_0875,1152.64,2026-04-20,BANK_DECLINED,ISSUER_DECLINE,882,16,13,29,0.5517,0.35,0.45,friction_prone,0.4483,0.5517,pro,1152.64,monthly,UPDATE_PAYMENT_METHOD,0.2848585959329054,3.0,328.3394120161041,325.3394120161041,5
FAIL_002393,PAY_014953,CUST_0875,SUB_0875,1152.64,2026-04-20,BANK_DECLINED,ISSUER_DECLINE,882,16,13,29,0.5517,0.35,0.45,friction_prone,0.4483,0.5517,pro,1152.64,monthly,STOP,0.0,0.0,0.0,0.0,6
FAIL_002395,PAY_014955,CUST_0875,SUB_0875,1152.64,2026-06-19,BANK_DECLINED,ISSUER_DECLINE,882,16,13,29,0.5517,0.35,0.45,friction_prone,0.4483,0.5517,pro,1152.64,monthly,PAYMENT_LINK,0.6139242261754412,3.0,707.6336200588606,704.6336200588606,1
FAIL_002395,PAY_014955,CUST_0875,SUB_0875,1152.64,2026-06-19,BANK_DECLINED,ISSUER_DECLINE,882,16,13,29,0.5517,0.35,0.45,friction_prone,0.4483,0.5517,pro,1152.64,monthly,WAIT_AND_RETRY,0.5839188676011917,2.0,673.0482435518377,671.0482435518377,2
FAIL_002395,PAY_014955,CUST_0875,SUB_0875,1152.64,2026-06-19,BANK_DECLINED,ISSUER_DECLINE,882,16,13,29,0.5517,0.35,0.45,friction_prone,0.4483,0.5517,pro,1152.64,monthly,SEND_REMINDER,0.4229281786011278,1.0,487.483935782804,486.483935782804,3
FAIL_002395,PAY_014955,CUST_0875,SUB_0875,1152.64,2026-06-19,BANK_DECLINED,ISSUER_DECLINE,882,16,13,29,0.5517,0.35,0.45,friction_prone,0.4483,0.5517,pro,1152.64,monthly,RETRY_NOW,0.3030086098219431,2.0,349.2598440251645,347.2598440251645,4
FAIL_002395,PAY_014955,CUST_0875,SUB_0875,1152.64,2026-06-19,BANK_DECLINED,ISSUER_DECLINE,882,16,13,29,0.5517,0.35,0.45,friction_prone,0.4483,0.5517,pro,1152.64,monthly,UPDATE_PAYMENT_METHOD,0.2848585959329054,3.0,328.3394120161041,325.3394120161041,5
FAIL_002395,PAY_014955,CUST_0875,SUB_0875,1152.64,2026-06-19,BANK_DECLINED,ISSUER_DECLINE,882,16,13,29,0.5517,0.35,0.45,friction_prone,0.4483,0.5517,pro,1152.64,monthly,STOP,0.0,0.0,0.0,0.0,6
FAIL_002398,PAY_014958,CUST_0877,SUB_0877,1893.79,2026-04-20,INSUFFICIENT_FUNDS,CUSTOMER_FINANCIAL,132,2,2,4,0.5,0.35,0.45,friction_prone,0.5,0.5,pro,1893.79,monthly,PAYMENT_LINK,0.6587267653023018,3.0,1247.490160861846,1244.490160861846,1
FAIL_002398,PAY_014958,CUST_0877,SUB_0877,1893.79,2026-04-20,INSUFFICIENT_FUNDS,CUSTOMER_FINANCIAL,132,2,2,4,0.5,0.35,0.45,friction_prone,0.5,0.5,pro,1893.79,monthly,WAIT_AND_RETRY,0.5871330239091175,2.0,1111.9066493488476,1109.9066493488476,2
FAIL_002398,PAY_014958,CUST_0877,SUB_0877,1893.79,2026-04-20,INSUFFICIENT_FUNDS,CUSTOMER_FINANCIAL,132,2,2,4,0.5,0.35,0.45,friction_prone,0.5,0.5,pro,1893.79,monthly,SEND_REMINDER,0.4475840001893716,1.0,847.63010371863,846.63010371863,3
FAIL_002398,PAY_014958,CUST_0877,SUB_0877,1893.79,2026-04-20,INSUFFICIENT_FUNDS,CUSTOMER_FINANCIAL,132,2,2,4,0.5,0.35,0.45,friction_prone,0.5,0.5,pro,1893.79,monthly,UPDATE_PAYMENT_METHOD,0.21520172997299922,3.0,407.5468842055662,404.5468842055662,4
FAIL_002398,PAY_014958,CUST_0877,SUB_0877,1893.79,2026-04-20,INSUFFICIENT_FUNDS,CUSTOMER_FINANCIAL,132,2,2,4,0.5,0.35,0.45,friction_prone,0.5,0.5,pro,1893.79,monthly,RETRY_NOW,0.17928556258876072,2.0,339.5292055749691,337.5292055749691,5
FAIL_002398,PAY_014958,CUST_0877,SUB_0877,1893.79,2026-04-20,INSUFFICIENT_FUNDS,CUSTOMER_FINANCIAL,132,2,2,4,0.5,0.35,0.45,friction_prone,0.5,0.5,pro,1893.79,monthly,STOP,0.0,0.0,0.0,0.0,6
FAIL_002410,PAY_015039,CUST_0883,SUB_0883,1083.08,2024-09-21,NETWORK_ERROR,TECHNICAL,768,13,12,25,0.52,0.35,0.45,friction_prone,0.48,0.52,growth,1083.08,monthly,WAIT_AND_RETRY,0.7759347225459473,2.0,840.3993792950646,838.3993792950646,1
FAIL_002410,PAY_015039,CUST_0883,SUB_0883,1083.08,2024-09-21,NETWORK_ERROR,TECHNICAL,768,13,12,25,0.52,0.35,0.45,friction_prone,0.48,0.52,growth,1083.08,monthly,RETRY_NOW,0.7122009557989993,2.0,771.3706112067802,769.3706112067802,2
FAIL_002410,PAY_015039,CUST_0883,SUB_0883,1083.08,2024-09-21,NETWORK_ERROR,TECHNICAL,768,13,12,25,0.52,0.35,0.45,friction_prone,0.48,0.52,growth,1083.08,monthly,SEND_REMINDER,0.4403787496727015,1.0,476.96541619550953,475.96541619550953,3
FAIL_002410,PAY_015039,CUST_0883,SUB_0883,1083.08,2024-09-21,NETWORK_ERROR,TECHNICAL,768,13,12,25,0.52,0.35,0.45,friction_prone,0.48,0.52,growth,1083.08,monthly,PAYMENT_LINK,0.38002234216156067,3.0,411.5945983483431,408.5945983483431,4
FAIL_002410,PAY_015039,CUST_0883,SUB_0883,1083.08,2024-09-21,NETWORK_ERROR,TECHNICAL,768,13,12,25,0.52,0.35,0.45,friction_prone,0.48,0.52,growth,1083.08,monthly,UPDATE_PAYMENT_METHOD,0.07384751279834845,3.0,79.98276416163523,76.98276416163523,5
FAIL_002410,PAY_015039,CUST_0883,SUB_0883,1083.08,2024-09-21,NETWORK_ERROR,TECHNICAL,768,13,12,25,0.52,0.35,0.45,friction_prone,0.48,0.52,growth,1083.08,monthly,STOP,0.0,0.0,0.0,0.0,6
FAIL_002411,PAY_015040,CUST_0883,SUB_0883,1083.08,2024-10-21,BANK_DECLINED,ISSUER_DECLINE,768,13,12,25,0.52,0.35,0.45,friction_prone,0.48,0.52,growth,1083.08,monthly,WAIT_AND_RETRY,0.521603005892402,2.0,564.9377836219428,562.9377836219428,1
FAIL_002411,PAY_015040,CUST_0883,SUB_0883,1083.08,2024-10-21,BANK_DECLINED,ISSUER_DECLINE,768,13,12,25,0.52,0.35,0.45,friction_prone,0.48,0.52,growth,1083.08,monthly,SEND_REMINDER,0.5084417734555361,1.0,550.683115994222,549.683115994222,2
FAIL_002411,PAY_015040,CUST_0883,SUB_0883,1083.08,2024-10-21,BANK_DECLINED,ISSUER_DECLINE,768,13,12,25,0.52,0.35,0.45,friction_prone,0.48,0.52,growth,1083.08,monthly,PAYMENT_LINK,0.49270359564193056,3.0,533.6374103678621,530.6374103678621,3
FAIL_002411,PAY_015040,CUST_0883,SUB_0883,1083.08,2024-10-21,BANK_DECLINED,ISSUER_DECLINE,768,13,12,25,0.52,0.35,0.45,friction_prone,0.48,0.52,growth,1083.08,monthly,UPDATE_PAYMENT_METHOD,0.3407871873978507,3.0,369.0997869268641,366.0997869268641,4
FAIL_002411,PAY_015040,CUST_0883,SUB_0883,1083.08,2024-10-21,BANK_DECLINED,ISSUER_DECLINE,768,13,12,25,0.52,0.35,0.45,friction_prone,0.48,0.52,growth,1083.08,monthly,RETRY_NOW,0.2967516771873584,2.0,321.4058065280841,319.4058065280841,5
FAIL_002411,PAY_015040,CUST_0883,SUB_0883,1083.08,2024-10-21,BANK_DECLINED,ISSUER_DECLINE,768,13,12,25,0.52,0.35,0.45,friction_prone,0.48,0.52,growth,1083.08,monthly,STOP,0.0,0.0,0.0,0.0,6
FAIL_002412,PAY_015042,CUST_0883,SUB_0883,1083.08,2024-12-20,BANK_DECLINED,ISSUER_DECLINE,768,13,12,25,0.52,0.35,0.45,friction_prone,0.48,0.52,growth,1083.08,monthly,WAIT_AND_RETRY,0.521603005892402,2.0,564.9377836219428,562.9377836219428,1
FAIL_002412,PAY_015042,CUST_0883,SUB_0883,1083.08,2024-12-20,BANK_DECLINED,ISSUER_DECLINE,768,13,12,25,0.52,0.35,0.45,friction_prone,0.48,0.52,growth,1083.08,monthly,SEND_REMINDER,0.5084417734555361,1.0,550.683115994222,549.683115994222,2
FAIL_002412,PAY_015042,CUST_0883,SUB_0883,1083.08,2024-12-20,BANK_DECLINED,ISSUER_DECLINE,768,13,12,25,0.52,0.35,0.45,friction_prone,0.48,0.52,growth,1083.08,monthly,PAYMENT_LINK,0.49270359564193056,3.0,533.6374103678621,530.6374103678621,3
FAIL_002412,PAY_015042,CUST_0883,SUB_0883,1083.08,2024-12-20,BANK_DECLINED,ISSUER_DECLINE,768,13,12,25,0.52,0.35,0.45,friction_prone,0.48,0.52,growth,1083.08,monthly,UPDATE_PAYMENT_METHOD,0.3407871873978507,3.0,369.0997869268641,366.0997869268641,4
FAIL_002412,PAY_015042,CUST_0883,SUB_0883,1083.08,2024-12-20,BANK_DECLINED,ISSUER_DECLINE,768,13,12,25,0.52,0.35,0.45,friction_prone,0.48,0.52,growth,1083.08,monthly,RETRY_NOW,0.2967516771873584,2.0,321.4058065280841,319.4058065280841,5
FAIL_002412,PAY_015042,CUST_0883,SUB_0883,1083.08,2024-12-20,BANK_DECLINED,ISSUER_DECLINE,768,13,12,25,0.52,0.35,0.45,friction_prone,0.48,0.52,growth,1083.08,monthly,STOP,0.0,0.0,0.0,0.0,6
FAIL_002414,PAY_015044,CUST_0883,SUB_0883,1083.08,2025-02-18,INSUFFICIENT_FUNDS,CUSTOMER_FINANCIAL,768,13,12,25,0.52,0.35,0.45,friction_prone,0.48,0.52,growth,1083.08,monthly,WAIT_AND_RETRY,0.790333698719703,2.0,855.9946224093359,853.9946224093359,1
FAIL_002414,PAY_015044,CUST_0883,SUB_0883,1083.08,2025-02-18,INSUFFICIENT_FUNDS,CUSTOMER_FINANCIAL,768,13,12,25,0.52,0.35,0.45,friction_prone,0.48,0.52,growth,1083.08,monthly,PAYMENT_LINK,0.6669322113757068,3.0,722.3409394968005,719.3409394968005,2
FAIL_002414,PAY_015044,CUST_0883,SUB_0883,1083.08,2025-02-18,INSUFFICIENT_FUNDS,CUSTOMER_FINANCIAL,768,13,12,25,0.52,0.35,0.45,friction_prone,0.48,0.52,growth,1083.08,monthly,SEND_REMINDER,0.4721870686610382,1.0,511.4163703253972,510.4163703253972,3
FAIL_002414,PAY_015044,CUST_0883,SUB_0883,1083.08,2025-02-18,INSUFFICIENT_FUNDS,CUSTOMER_FINANCIAL,768,13,12,25,0.52,0.35,0.45,friction_prone,0.48,0.52,growth,1083.08,monthly,RETRY_NOW,0.3795301349662831,2.0,411.0614985792818,409.0614985792818,4
FAIL_002414,PAY_015044,CUST_0883,SUB_0883,1083.08,2025-02-18,INSUFFICIENT_FUNDS,CUSTOMER_FINANCIAL,768,13,12,25,0.52,0.35,0.45,friction_prone,0.48,0.52,growth,1083.08,monthly,UPDATE_PAYMENT_METHOD,0.13777948360818165,3.0,149.22620310634937,146.22620310634937,5
FAIL_002414,PAY_015044,CUST_0883,SUB_0883,1083.08,2025-02-18,INSUFFICIENT_FUNDS,CUSTOMER_FINANCIAL,768,13,12,25,0.52,0.35,0.45,friction_prone,0.48,0.52,growth,1083.08,monthly,STOP,0.0,0.0,0.0,0.0,6
FAIL_002419,PAY_015054,CUST_0883,SUB_0883,1083.08,2025-12-15,LIMIT_EXCEEDED,PAYMENT_LIMIT,768,13,12,25,0.52,0.35,0.45,friction_prone,0.48,0.52,growth,1083.08,monthly,PAYMENT_LINK,0.5816339630126036,3.0,629.9561126596907,626.9561126596907,1
FAIL_002419,PAY_015054,CUST_0883,SUB_0883,1083.08,2025-12-15,LIMIT_EXCEEDED,PAYMENT_LIMIT,768,13,12,25,0.52,0.35,0.45,friction_prone,0.48,0.52,growth,1083.08,monthly,UPDATE_PAYMENT_METHOD,0.469443831462727,3.0,508.4452249806503,505.4452249806503,2
FAIL_002419,PAY_015054,CUST_0883,SUB_0883,1083.08,2025-12-15,LIMIT_EXCEEDED,PAYMENT_LIMIT,768,13,12,25,0.52,0.35,0.45,friction_prone,0.48,0.52,growth,1083.08,monthly,WAIT_AND_RETRY,0.19778058115924674,2.0,214.21219184195695,212.21219184195695,3
FAIL_002419,PAY_015054,CUST_0883,SUB_0883,1083.08,2025-12-15,LIMIT_EXCEEDED,PAYMENT_LIMIT,768,13,12,25,0.52,0.35,0.45,friction_prone,0.48,0.52,growth,1083.08,monthly,SEND_REMINDER,0.19194521066002374,1.0,207.8920187616585,206.8920187616585,4
FAIL_002419,PAY_015054,CUST_0883,SUB_0883,1083.08,2025-12-15,LIMIT_EXCEEDED,PAYMENT_LIMIT,768,13,12,25,0.52,0.35,0.45,friction_prone,0.48,0.52,growth,1083.08,monthly,RETRY_NOW,0.1783182719181169,2.0,193.13295394907402,191.13295394907402,5
FAIL_002419,PAY_015054,CUST_0883,SUB_0883,1083.08,2025-12-15,LIMIT_EXCEEDED,PAYMENT_LIMIT,768,13,12,25,0.52,0.35,0.45,friction_prone,0.48,0.52,growth,1083.08,monthly,STOP,0.0,0.0,0.0,0.0,6
FAIL_002435,PAY_015087,CUST_0886,SUB_0886,938.96,2026-01-25,AUTHENTICATION_FAILED,CUSTOMER_ACTION,697,16,7,23,0.6957,0.3,0.25,low_engagement,0.3043,0.6957,starter,938.96,monthly,UPDATE_PAYMENT_METHOD,0.7632270483318486,3.0,716.6396693016726,713.6396693016726,1
FAIL_002435,PAY_015087,CUST_0886,SUB_0886,938.96,2026-01-25,AUTHENTICATION_FAILED,CUSTOMER_ACTION,697,16,7,23,0.6957,0.3,0.25,low_engagement,0.3043,0.6957,starter,938.96,monthly,SEND_REMINDER,0.4719200594748809,1.0,443.1140590445342,442.1140590445342,2
FAIL_002435,PAY_015087,CUST_0886,SUB_0886,938.96,2026-01-25,AUTHENTICATION_FAILED,CUSTOMER_ACTION,697,16,7,23,0.6957,0.3,0.25,low_engagement,0.3043,0.6957,starter,938.96,monthly,PAYMENT_LINK,0.3952769580819382,3.0,371.1492525606167,368.1492525606167,3
FAIL_002435,PAY_015087,CUST_0886,SUB_0886,938.96,2026-01-25,AUTHENTICATION_FAILED,CUSTOMER_ACTION,697,16,7,23,0.6957,0.3,0.25,low_engagement,0.3043,0.6957,starter,938.96,monthly,WAIT_AND_RETRY,0.26673830506474694,2.0,250.45659892359478,248.45659892359478,4
FAIL_002435,PAY_015087,CUST_0886,SUB_0886,938.96,2026-01-25,AUTHENTICATION_FAILED,CUSTOMER_ACTION,697,16,7,23,0.6957,0.3,0.25,low_engagement,0.3043,0.6957,starter,938.96,monthly,RETRY_NOW,0.07903822105508876,2.0,74.21372804188614,72.21372804188614,5
FAIL_002435,PAY_015087,CUST_0886,SUB_0886,938.96,2026-01-25,AUTHENTICATION_FAILED,CUSTOMER_ACTION,697,16,7,23,0.6957,0.3,0.25,low_engagement,0.3043,0.6957,starter,938.96,monthly,STOP,0.0,0.0,0.0,0.0,6
FAIL_002436,PAY_015120,CUST_0887,SUB_0887,8464.41,2026-03-26,BANK_DECLINED,ISSUER_DECLINE,937,29,2,31,0.9355,0.82,0.9,high_value_loyal,0.0645,0.9355,growth,8464.41,monthly,PAYMENT_LINK,0.8097832181648479,3.0,6854.33716966672,6851.33716966672,1
FAIL_002436,PAY_015120,CUST_0887,SUB_0887,8464.41,2026-03-26,BANK_DECLINED,ISSUER_DECLINE,937,29,2,31,0.9355,0.82,0.9,high_value_loyal,0.0645,0.9355,growth,8464.41,monthly,WAIT_AND_RETRY,0.7061800153395724,2.0,5977.39718364043,5975.39718364043,2
FAIL_002436,PAY_015120,CUST_0887,SUB_0887,8464.41,2026-03-26,BANK_DECLINED,ISSUER_DECLINE,937,29,2,31,0.9355,0.82,0.9,high_value_loyal,0.0645,0.9355,growth,8464.41,monthly,UPDATE_PAYMENT_METHOD,0.32396843809350423,3.0,2742.201687083038,2739.201687083038,3
FAIL_002436,PAY_015120,CUST_0887,SUB_0887,8464.41,2026-03-26,BANK_DECLINED,ISSUER_DECLINE,937,29,2,31,0.9355,0.82,0.9,high_value_loyal,0.0645,0.9355,growth,8464.41,monthly,SEND_REMINDER,0.2997731630897666,1.0,2537.402959388651,2536.402959388651,4
FAIL_002436,PAY_015120,CUST_0887,SUB_0887,8464.41,2026-03-26,BANK_DECLINED,ISSUER_DECLINE,937,29,2,31,0.9355,0.82,0.9,high_value_loyal,0.0645,0.9355,growth,8464.41,monthly,RETRY_NOW,0.27528279392426935,2.0,2330.106433720525,2328.106433720525,5
FAIL_002436,PAY_015120,CUST_0887,SUB_0887,8464.41,2026-03-26,BANK_DECLINED,ISSUER_DECLINE,937,29,2,31,0.9355,0.82,0.9,high_value_loyal,0.0645,0.9355,growth,8464.41,monthly,STOP,0.0,0.0,0.0,0.0,6
FAIL_002438,PAY_015129,CUST_0888,SUB_0888,14993.1,2025-10-01,INSUFFICIENT_FUNDS,CUSTOMER_FINANCIAL,453,13,2,15,0.8667,0.82,0.9,high_value_loyal,0.1333,0.8667,pro,14993.1,monthly,WAIT_AND_RETRY,0.7120931947275058,2.0,10676.484477868968,10674.484477868968,1
FAIL_002438,PAY_015129,CUST_0888,SUB_0888,14993.1,2025-10-01,INSUFFICIENT_FUNDS,CUSTOMER_FINANCIAL,453,13,2,15,0.8667,0.82,0.9,high_value_loyal,0.1333,0.8667,pro,14993.1,monthly,PAYMENT_LINK,0.5273767753538257,3.0,7907.012730557443,7904.012730557443,2
FAIL_002438,PAY_015129,CUST_0888,SUB_0888,14993.1,2025-10-01,INSUFFICIENT_FUNDS,CUSTOMER_FINANCIAL,453,13,2,15,0.8667,0.82,0.9,high_value_loyal,0.1333,0.8667,pro,14993.1,monthly,UPDATE_PAYMENT_METHOD,0.4425948194281828,3.0,6635.868387168688,6632.868387168688,3
FAIL_002438,PAY_015129,CUST_0888,SUB_0888,14993.1,2025-10-01,INSUFFICIENT_FUNDS,CUSTOMER_FINANCIAL,453,13,2,15,0.8667,0.82,0.9,high_value_loyal,0.1333,0.8667,pro,14993.1,monthly,SEND_REMINDER,0.4151408762385566,1.0,6224.248671532303,6223.248671532303,4
FAIL_002438,PAY_015129,CUST_0888,SUB_0888,14993.1,2025-10-01,INSUFFICIENT_FUNDS,CUSTOMER_FINANCIAL,453,13,2,15,0.8667,0.82,0.9,high_value_loyal,0.1333,0.8667,pro,14993.1,monthly,RETRY_NOW,0.2966675474486145,2.0,4447.966205651823,4445.966205651823,5
FAIL_002438,PAY_015129,CUST_0888,SUB_0888,14993.1,2025-10-01,INSUFFICIENT_FUNDS,CUSTOMER_FINANCIAL,453,13,2,15,0.8667,0.82,0.9,high_value_loyal,0.1333,0.8667,pro,14993.1,monthly,STOP,0.0,0.0,0.0,0.0,6
FAIL_002441,PAY_015138,CUST_0888,SUB_0888,14993.1,2026-06-28,INSUFFICIENT_FUNDS,CUSTOMER_FINANCIAL,453,13,2,15,0.8667,0.82,0.9,high_value_loyal,0.1333,0.8667,pro,14993.1,monthly,WAIT_AND_RETRY,0.7120931947275058,2.0,10676.484477868968,10674.484477868968,1
FAIL_002441,PAY_015138,CUST_0888,SUB_0888,14993.1,2026-06-28,INSUFFICIENT_FUNDS,CUSTOMER_FINANCIAL,453,13,2,15,0.8667,0.82,0.9,high_value_loyal,0.1333,0.8667,pro,14993.1,monthly,PAYMENT_LINK,0.5273767753538257,3.0,7907.012730557443,7904.012730557443,2
FAIL_002441,PAY_015138,CUST_0888,SUB_0888,14993.1,2026-06-28,INSUFFICIENT_FUNDS,CUSTOMER_FINANCIAL,453,13,2,15,0.8667,0.82,0.9,high_value_loyal,0.1333,0.8667,pro,14993.1,monthly,UPDATE_PAYMENT_METHOD,0.4425948194281828,3.0,6635.868387168688,6632.868387168688,3
FAIL_002441,PAY_015138,CUST_0888,SUB_0888,14993.1,2026-06-28,INSUFFICIENT_FUNDS,CUSTOMER_FINANCIAL,453,13,2,15,0.8667,0.82,0.9,high_value_loyal,0.1333,0.8667,pro,14993.1,monthly,SEND_REMINDER,0.4151408762385566,1.0,6224.248671532303,6223.248671532303,4
FAIL_002441,PAY_015138,CUST_0888,SUB_0888,14993.1,2026-06-28,INSUFFICIENT_FUNDS,CUSTOMER_FINANCIAL,453,13,2,15,0.8667,0.82,0.9,high_value_loyal,0.1333,0.8667,pro,14993.1,monthly,RETRY_NOW,0.2966675474486145,2.0,4447.966205651823,4445.966205651823,5
FAIL_002441,PAY_015138,CUST_0888,SUB_0888,14993.1,2026-06-28,INSUFFICIENT_FUNDS,CUSTOMER_FINANCIAL,453,13,2,15,0.8667,0.82,0.9,high_value_loyal,0.1333,0.8667,pro,14993.1,monthly,STOP,0.0,0.0,0.0,0.0,6
FAIL_002443,PAY_015144,CUST_0889,SUB_0889,1368.01,2024-08-20,INSUFFICIENT_FUNDS,CUSTOMER_FINANCIAL,860,16,12,28,0.5714,0.35,0.45,friction_prone,0.4286,0.5714,pro,1368.01,monthly,PAYMENT_LINK,0.732553265186792,3.0,1002.1401923081833,999.1401923081833,1
FAIL_002443,PAY_015144,CUST_0889,SUB_0889,1368.01,2024-08-20,INSUFFICIENT_FUNDS,CUSTOMER_FINANCIAL,860,16,12,28,0.5714,0.35,0.45,friction_prone,0.4286,0.5714,pro,1368.01,monthly,WAIT_AND_RETRY,0.6511159768798614,2.0,890.7331675314192,888.7331675314192,2
FAIL_002443,PAY_015144,CUST_0889,SUB_0889,1368.01,2024-08-20,INSUFFICIENT_FUNDS,CUSTOMER_FINANCIAL,860,16,12,28,0.5714,0.35,0.45,friction_prone,0.4286,0.5714,pro,1368.01,monthly,SEND_REMINDER,0.5475500123081393,1.0,749.0538923376575,748.0538923376575,3
FAIL_002443,PAY_015144,CUST_0889,SUB_0889,1368.01,2024-08-20,INSUFFICIENT_FUNDS,CUSTOMER_FINANCIAL,860,16,12,28,0.5714,0.35,0.45,friction_prone,0.4286,0.5714,pro,1368.01,monthly,UPDATE_PAYMENT_METHOD,0.2547327457294957,3.0,348.47694348540745,345.47694348540745,4
FAIL_002443,PAY_015144,CUST_0889,SUB_0889,1368.01,2024-08-20,INSUFFICIENT_FUNDS,CUSTOMER_FINANCIAL,860,16,12,28,0.5714,0.35,0.45,friction_prone,0.4286,0.5714,pro,1368.01,monthly,RETRY_NOW,0.1423758059894724,2.0,194.7715263516581,192.7715263516581,5
FAIL_002443,PAY_015144,CUST_0889,SUB_0889,1368.01,2024-08-20,INSUFFICIENT_FUNDS,CUSTOMER_FINANCIAL,860,16,12,28,0.5714,0.35,0.45,friction_prone,0.4286,0.5714,pro,1368.01,monthly,STOP,0.0,0.0,0.0,0.0,6
FAIL_002454,PAY_015172,CUST_0890,SUB_0890,251.0,2025-04-05,INSUFFICIENT_FUNDS,CUSTOMER_FINANCIAL,632,15,6,21,0.7143,0.6,0.6,normal,0.2857,0.7143,starter,251.0,monthly,WAIT_AND_RETRY,0.6359441516432573,2.0,159.6219820624576,157.6219820624576,1
FAIL_002454,PAY_015172,CUST_0890,SUB_0890,251.0,2025-04-05,INSUFFICIENT_FUNDS,CUSTOMER_FINANCIAL,632,15,6,21,0.7143,0.6,0.6,normal,0.2857,0.7143,starter,251.0,monthly,SEND_REMINDER,0.6180053058777205,1.0,155.11933177530784,154.11933177530784,2
FAIL_002454,PAY_015172,CUST_0890,SUB_0890,251.0,2025-04-05,INSUFFICIENT_FUNDS,CUSTOMER_FINANCIAL,632,15,6,21,0.7143,0.6,0.6,normal,0.2857,0.7143,starter,251.0,monthly,PAYMENT_LINK,0.5989759545437932,3.0,150.34296459049207,147.34296459049207,3
FAIL_002454,PAY_015172,CUST_0890,SUB_0890,251.0,2025-04-05,INSUFFICIENT_FUNDS,CUSTOMER_FINANCIAL,632,15,6,21,0.7143,0.6,0.6,normal,0.2857,0.7143,starter,251.0,monthly,RETRY_NOW,0.3436181600560987,2.0,86.24815817408077,84.24815817408077,4
FAIL_002454,PAY_015172,CUST_0890,SUB_0890,251.0,2025-04-05,INSUFFICIENT_FUNDS,CUSTOMER_FINANCIAL,632,15,6,21,0.7143,0.6,0.6,normal,0.2857,0.7143,starter,251.0,monthly,UPDATE_PAYMENT_METHOD,0.32860412079369483,3.0,82.4796343192174,79.4796343192174,5
FAIL_002454,PAY_015172,CUST_0890,SUB_0890,251.0,2025-04-05,INSUFFICIENT_FUNDS,CUSTOMER_FINANCIAL,632,15,6,21,0.7143,0.6,0.6,normal,0.2857,0.7143,starter,251.0,monthly,STOP,0.0,0.0,0.0,0.0,6
FAIL_002459,PAY_015186,CUST_0890,SUB_0890,251.0,2026-05-30,CARD_EXPIRED,PAYMENT_METHOD,632,15,6,21,0.7143,0.6,0.6,normal,0.2857,0.7143,starter,251.0,monthly,UPDATE_PAYMENT_METHOD,0.8725470808671071,3.0,219.0093172976439,216.0093172976439,1
FAIL_002459,PAY_015186,CUST_0890,SUB_0890,251.0,2026-05-30,CARD_EXPIRED,PAYMENT_METHOD,632,15,6,21,0.7143,0.6,0.6,normal,0.2857,0.7143,starter,251.0,monthly,PAYMENT_LINK,0.30551962342562866,3.0,76.68542547983279,73.68542547983279,2
FAIL_002459,PAY_015186,CUST_0890,SUB_0890,251.0,2026-05-30,CARD_EXPIRED,PAYMENT_METHOD,632,15,6,21,0.7143,0.6,0.6,normal,0.2857,0.7143,starter,251.0,monthly,SEND_REMINDER,0.19343714014568256,1.0,48.55272217656632,47.55272217656632,3
FAIL_002459,PAY_015186,CUST_0890,SUB_0890,251.0,2026-05-30,CARD_EXPIRED,PAYMENT_METHOD,632,15,6,21,0.7143,0.6,0.6,normal,0.2857,0.7143,starter,251.0,monthly,WAIT_AND_RETRY,0.09334774723331929,2.0,23.43028455556314,21.43028455556314,4
FAIL_002459,PAY_015186,CUST_0890,SUB_0890,251.0,2026-05-30,CARD_EXPIRED,PAYMENT_METHOD,632,15,6,21,0.7143,0.6,0.6,normal,0.2857,0.7143,starter,251.0,monthly,RETRY_NOW,0.08915735672508622,2.0,22.378496537996643,20.378496537996643,5
FAIL_002459,PAY_015186,CUST_0890,SUB_0890,251.0,2026-05-30,CARD_EXPIRED,PAYMENT_METHOD,632,15,6,21,0.7143,0.6,0.6,normal,0.2857,0.7143,starter,251.0,monthly,STOP,0.0,0.0,0.0,0.0,6
FAIL_002466,PAY_015207,CUST_0892,SUB_0892,429.37,2024-12-10,BANK_DECLINED,ISSUER_DECLINE,778,18,7,25,0.72,0.35,0.45,friction_prone,0.28,0.72,growth,429.37,monthly,WAIT_AND_RETRY,0.5840980837550255,2.0,250.79419422189528,248.79419422189528,1
FAIL_002466,PAY_015207,CUST_0892,SUB_0892,429.37,2024-12-10,BANK_DECLINED,ISSUER_DECLINE,778,18,7,25,0.72,0.35,0.45,friction_prone,0.28,0.72,growth,429.37,monthly,PAYMENT_LINK,0.5533993272968065,3.0,237.61306916142982,234.61306916142982,2
FAIL_002466,PAY_015207,CUST_0892,SUB_0892,429.37,2024-12-10,BANK_DECLINED,ISSUER_DECLINE,778,18,7,25,0.72,0.35,0.45,friction_prone,0.28,0.72,growth,429.37,monthly,SEND_REMINDER,0.42853997021838747,1.0,184.00220701266903,183.00220701266903,3
FAIL_002466,PAY_015207,CUST_0892,SUB_0892,429.37,2024-12-10,BANK_DECLINED,ISSUER_DECLINE,778,18,7,25,0.72,0.35,0.45,friction_prone,0.28,0.72,growth,429.37,monthly,UPDATE_PAYMENT_METHOD,0.3237000591202287,3.0,138.9870943844526,135.9870943844526,4
FAIL_002466,PAY_015207,CUST_0892,SUB_0892,429.37,2024-12-10,BANK_DECLINED,ISSUER_DECLINE,778,18,7,25,0.72,0.35,0.45,friction_prone,0.28,0.72,growth,429.37,monthly,RETRY_NOW,0.3080952672693245,2.0,132.28686490742987,130.28686490742987,5
FAIL_002466,PAY_015207,CUST_0892,SUB_0892,429.37,2024-12-10,BANK_DECLINED,ISSUER_DECLINE,778,18,7,25,0.72,0.35,0.45,friction_prone,0.28,0.72,growth,429.37,monthly,STOP,0.0,0.0,0.0,0.0,6
FAIL_002468,PAY_015210,CUST_0892,SUB_0892,429.37,2025-03-10,NETWORK_ERROR,TECHNICAL,778,18,7,25,0.72,0.35,0.45,friction_prone,0.28,0.72,growth,429.37,monthly,RETRY_NOW,0.834554821113872,2.0,358.3328035416632,356.3328035416632,1
FAIL_002468,PAY_015210,CUST_0892,SUB_0892,429.37,2025-03-10,NETWORK_ERROR,TECHNICAL,778,18,7,25,0.72,0.35,0.45,friction_prone,0.28,0.72,growth,429.37,monthly,WAIT_AND_RETRY,0.7784693116569656,2.0,334.25136834615137,332.25136834615137,2
FAIL_002468,PAY_015210,CUST_0892,SUB_0892,429.37,2025-03-10,NETWORK_ERROR,TECHNICAL,778,18,7,25,0.72,0.35,0.45,friction_prone,0.28,0.72,growth,429.37,monthly,SEND_REMINDER,0.4330041338434295,1.0,185.91898494835334,184.91898494835334,3
FAIL_002468,PAY_015210,CUST_0892,SUB_0892,429.37,2025-03-10,NETWORK_ERROR,TECHNICAL,778,18,7,25,0.72,0.35,0.45,friction_prone,0.28,0.72,growth,429.37,monthly,PAYMENT_LINK,0.36894146091942687,3.0,158.4123950749743,155.4123950749743,4
FAIL_002468,PAY_015210,CUST_0892,SUB_0892,429.37,2025-03-10,NETWORK_ERROR,TECHNICAL,778,18,7,25,0.72,0.35,0.45,friction_prone,0.28,0.72,growth,429.37,monthly,UPDATE_PAYMENT_METHOD,0.10261786504617086,3.0,44.061032714874386,41.061032714874386,5
FAIL_002468,PAY_015210,CUST_0892,SUB_0892,429.37,2025-03-10,NETWORK_ERROR,TECHNICAL,778,18,7,25,0.72,0.35,0.45,friction_prone,0.28,0.72,growth,429.37,monthly,STOP,0.0,0.0,0.0,0.0,6
FAIL_002473,PAY_015227,CUST_0893,SUB_0893,2414.17,2026-07-31,NETWORK_ERROR,TECHNICAL,30,0,1,1,0.0,0.6,0.6,normal,1.0,0.0,pro,2414.17,monthly,RETRY_NOW,0.9057775449188917,2.0,2186.700975616841,2184.700975616841,1
FAIL_002473,PAY_015227,CUST_0893,SUB_0893,2414.17,2026-07-31,NETWORK_ERROR,TECHNICAL,30,0,1,1,0.0,0.6,0.6,normal,1.0,0.0,pro,2414.17,monthly,WAIT_AND_RETRY,0.8820822862170978,2.0,2129.496592916731,2127.496592916731,2
FAIL_002473,PAY_015227,CUST_0893,SUB_0893,2414.17,2026-07-31,NETWORK_ERROR,TECHNICAL,30,0,1,1,0.0,0.6,0.6,normal,1.0,0.0,pro,2414.17,monthly,PAYMENT_LINK,0.5864126838847771,3.0,1415.6999090541124,1412.6999090541124,3
FAIL_002473,PAY_015227,CUST_0893,SUB_0893,2414.17,2026-07-31,NETWORK_ERROR,TECHNICAL,30,0,1,1,0.0,0.6,0.6,normal,1.0,0.0,pro,2414.17,monthly,SEND_REMINDER,0.2820665725363058,1.0,680.9566574199733,679.9566574199733,4
FAIL_002473,PAY_015227,CUST_0893,SUB_0893,2414.17,2026-07-31,NETWORK_ERROR,TECHNICAL,30,0,1,1,0.0,0.6,0.6,normal,1.0,0.0,pro,2414.17,monthly,UPDATE_PAYMENT_METHOD,0.2550733386101316,3.0,615.7904018724214,612.7904018724214,5
FAIL_002473,PAY_015227,CUST_0893,SUB_0893,2414.17,2026-07-31,NETWORK_ERROR,TECHNICAL,30,0,1,1,0.0,0.6,0.6,normal,1.0,0.0,pro,2414.17,monthly,STOP,0.0,0.0,0.0,0.0,6
FAIL_002476,PAY_015243,CUST_0896,SUB_0896,397.37,2024-10-02,INSUFFICIENT_FUNDS,CUSTOMER_FINANCIAL,847,18,10,28,0.6429,0.35,0.45,friction_prone,0.3571,0.6429,pro,397.37,monthly,WAIT_AND_RETRY,0.6585625467962702,2.0,261.69299922043393,259.69299922043393,1
FAIL_002476,PAY_015243,CUST_0896,SUB_0896,397.37,2024-10-02,INSUFFICIENT_FUNDS,CUSTOMER_FINANCIAL,847,18,10,28,0.6429,0.35,0.45,friction_prone,0.3571,0.6429,pro,397.37,monthly,PAYMENT_LINK,0.6525537546139863,3.0,259.30528547095975,256.30528547095975,2
FAIL_002476,PAY_015243,CUST_0896,SUB_0896,397.37,2024-10-02,INSUFFICIENT_FUNDS,CUSTOMER_FINANCIAL,847,18,10,28,0.6429,0.35,0.45,friction_prone,0.3571,0.6429,pro,397.37,monthly,SEND_REMINDER,0.4951550540170554,1.0,196.7597638147573,195.7597638147573,3
FAIL_002476,PAY_015243,CUST_0896,SUB_0896,397.37,2024-10-02,INSUFFICIENT_FUNDS,CUSTOMER_FINANCIAL,847,18,10,28,0.6429,0.35,0.45,friction_prone,0.3571,0.6429,pro,397.37,monthly,RETRY_NOW,0.2653753154202886,2.0,105.45218908856008,103.45218908856008,4
FAIL_002476,PAY_015243,CUST_0896,SUB_0896,397.37,2024-10-02,INSUFFICIENT_FUNDS,CUSTOMER_FINANCIAL,847,18,10,28,0.6429,0.35,0.45,friction_prone,0.3571,0.6429,pro,397.37,monthly,UPDATE_PAYMENT_METHOD,0.21756248155755178,3.0,86.45280329652435,83.45280329652435,5
FAIL_002476,PAY_015243,CUST_0896,SUB_0896,397.37,2024-10-02,INSUFFICIENT_FUNDS,CUSTOMER_FINANCIAL,847,18,10,28,0.6429,0.35,0.45,friction_prone,0.3571,0.6429,pro,397.37,monthly,STOP,0.0,0.0,0.0,0.0,6
FAIL_002485,PAY_015272,CUST_0897,SUB_0897,994.96,2025-02-20,INSUFFICIENT_FUNDS,CUSTOMER_FINANCIAL,736,20,4,24,0.8333,0.6,0.6,normal,0.1667,0.8333,growth,994.96,monthly,PAYMENT_LINK,0.7664899577813311,3.0,762.6268483941133,759.6268483941133,1
FAIL_002485,PAY_015272,CUST_0897,SUB_0897,994.96,2025-02-20,INSUFFICIENT_FUNDS,CUSTOMER_FINANCIAL,736,20,4,24,0.8333,0.6,0.6,normal,0.1667,0.8333,growth,994.96,monthly,WAIT_AND_RETRY,0.6936123728979859,2.0,690.1165665385802,688.1165665385802,2
FAIL_002485,PAY_015272,CUST_0897,SUB_0897,994.96,2025-02-20,INSUFFICIENT_FUNDS,CUSTOMER_FINANCIAL,736,20,4,24,0.8333,0.6,0.6,normal,0.1667,0.8333,growth,994.96,monthly,SEND_REMINDER,0.6122891008782018,1.0,609.2031638097757,608.2031638097757,3
FAIL_002485,PAY_015272,CUST_0897,SUB_0897,994.96,2025-02-20,INSUFFICIENT_FUNDS,CUSTOMER_FINANCIAL,736,20,4,24,0.8333,0.6,0.6,normal,0.1667,0.8333,growth,994.96,monthly,UPDATE_PAYMENT_METHOD,0.3531044346124422,3.0,351.3247882619955,348.3247882619955,4
FAIL_002485,PAY_015272,CUST_0897,SUB_0897,994.96,2025-02-20,INSUFFICIENT_FUNDS,CUSTOMER_FINANCIAL,736,20,4,24,0.8333,0.6,0.6,normal,0.1667,0.8333,growth,994.96,monthly,RETRY_NOW,0.2999314771314071,2.0,298.4198224866648,296.4198224866648,5
FAIL_002485,PAY_015272,CUST_0897,SUB_0897,994.96,2025-02-20,INSUFFICIENT_FUNDS,CUSTOMER_FINANCIAL,736,20,4,24,0.8333,0.6,0.6,normal,0.1667,0.8333,growth,994.96,monthly,STOP,0.0,0.0,0.0,0.0,6
FAIL_002495,PAY_015353,CUST_0902,SUB_0902,1011.26,2025-12-25,CARD_EXPIRED,PAYMENT_METHOD,278,6,3,9,0.6667,0.35,0.45,friction_prone,0.3333,0.6667,growth,1011.26,monthly,UPDATE_PAYMENT_METHOD,0.8362856404426245,3.0,845.7022167540085,842.7022167540085,1
FAIL_002495,PAY_015353,CUST_0902,SUB_0902,1011.26,2025-12-25,CARD_EXPIRED,PAYMENT_METHOD,278,6,3,9,0.6667,0.35,0.45,friction_prone,0.3333,0.6667,growth,1011.26,monthly,PAYMENT_LINK,0.46160977025627076,3.0,466.80749626935636,463.80749626935636,2
FAIL_002495,PAY_015353,CUST_0902,SUB_0902,1011.26,2025-12-25,CARD_EXPIRED,PAYMENT_METHOD,278,6,3,9,0.6667,0.35,0.45,friction_prone,0.3333,0.6667,growth,1011.26,monthly,SEND_REMINDER,0.26272353577272917,1.0,265.68180278553007,264.68180278553007,3
FAIL_002495,PAY_015353,CUST_0902,SUB_0902,1011.26,2025-12-25,CARD_EXPIRED,PAYMENT_METHOD,278,6,3,9,0.6667,0.35,0.45,friction_prone,0.3333,0.6667,growth,1011.26,monthly,RETRY_NOW,0.14131703099475806,2.0,142.90826076375905,140.90826076375905,4
FAIL_002495,PAY_015353,CUST_0902,SUB_0902,1011.26,2025-12-25,CARD_EXPIRED,PAYMENT_METHOD,278,6,3,9,0.6667,0.35,0.45,friction_prone,0.3333,0.6667,growth,1011.26,monthly,WAIT_AND_RETRY,0.05275458752060987,2.0,53.34860417609194,51.34860417609194,5
FAIL_002495,PAY_015353,CUST_0902,SUB_0902,1011.26,2025-12-25,CARD_EXPIRED,PAYMENT_METHOD,278,6,3,9,0.6667,0.35,0.45,friction_prone,0.3333,0.6667,growth,1011.26,monthly,STOP,0.0,0.0,0.0,0.0,6
FAIL_002496,PAY_015360,CUST_0902,SUB_0902,1011.26,2026-07-23,INSUFFICIENT_FUNDS,CUSTOMER_FINANCIAL,278,6,3,9,0.6667,0.35,0.45,friction_prone,0.3333,0.6667,growth,1011.26,monthly,WAIT_AND_RETRY,0.7197329665519117,2.0,727.8371597552862,725.8371597552862,1
FAIL_002496,PAY_015360,CUST_0902,SUB_0902,1011.26,2026-07-23,INSUFFICIENT_FUNDS,CUSTOMER_FINANCIAL,278,6,3,9,0.6667,0.35,0.45,friction_prone,0.3333,0.6667,growth,1011.26,monthly,PAYMENT_LINK,0.5285925082846257,3.0,534.5444599279106,531.5444599279106,2
FAIL_002496,PAY_015360,CUST_0902,SUB_0902,1011.26,2026-07-23,INSUFFICIENT_FUNDS,CUSTOMER_FINANCIAL,278,6,3,9,0.6667,0.35,0.45,friction_prone,0.3333,0.6667,growth,1011.26,monthly,SEND_REMINDER,0.504515738559187,1.0,510.1965857753634,509.1965857753634,3
FAIL_002496,PAY_015360,CUST_0902,SUB_0902,1011.26,2026-07-23,INSUFFICIENT_FUNDS,CUSTOMER_FINANCIAL,278,6,3,9,0.6667,0.35,0.45,friction_prone,0.3333,0.6667,growth,1011.26,monthly,RETRY_NOW,0.22229869897919083,2.0,224.80178232969652,222.80178232969652,4
FAIL_002496,PAY_015360,CUST_0902,SUB_0902,1011.26,2026-07-23,INSUFFICIENT_FUNDS,CUSTOMER_FINANCIAL,278,6,3,9,0.6667,0.35,0.45,friction_prone,0.3333,0.6667,growth,1011.26,monthly,UPDATE_PAYMENT_METHOD,0.18266477827223418,3.0,184.72158367557952,181.72158367557952,5
FAIL_002496,PAY_015360,CUST_0902,SUB_0902,1011.26,2026-07-23,INSUFFICIENT_FUNDS,CUSTOMER_FINANCIAL,278,6,3,9,0.6667,0.35,0.45,friction_prone,0.3333,0.6667,growth,1011.26,monthly,STOP,0.0,0.0,0.0,0.0,6
FAIL_002499,PAY_015371,CUST_0903,SUB_0903,5512.84,2026-06-19,CARD_EXPIRED,PAYMENT_METHOD,372,10,2,12,0.8333,0.82,0.9,high_value_loyal,0.1667,0.8333,pro,5512.84,monthly,UPDATE_PAYMENT_METHOD,0.9390836494167638,3.0,5177.017905850712,5174.017905850712,1
FAIL_002499,PAY_015371,CUST_0903,SUB_0903,5512.84,2026-06-19,CARD_EXPIRED,PAYMENT_METHOD,372,10,2,12,0.8333,0.82,0.9,high_value_loyal,0.1667,0.8333,pro,5512.84,monthly,PAYMENT_LINK,0.7773502909963244,3.0,4285.407778216177,4282.407778216177,2
FAIL_002499,PAY_015371,CUST_0903,SUB_0903,5512.84,2026-06-19,CARD_EXPIRED,PAYMENT_METHOD,372,10,2,12,0.8333,0.82,0.9,high_value_loyal,0.1667,0.8333,pro,5512.84,monthly,WAIT_AND_RETRY,0.39896861227319885,2.0,2199.4501244841817,2197.4501244841817,3
FAIL_002499,PAY_015371,CUST_0903,SUB_0903,5512.84,2026-06-19,CARD_EXPIRED,PAYMENT_METHOD,372,10,2,12,0.8333,0.82,0.9,high_value_loyal,0.1667,0.8333,pro,5512.84,monthly,SEND_REMINDER,0.20994134037207046,1.0,1157.373018856765,1156.373018856765,4
FAIL_002499,PAY_015371,CUST_0903,SUB_0903,5512.84,2026-06-19,CARD_EXPIRED,PAYMENT_METHOD,372,10,2,12,0.8333,0.82,0.9,high_value_loyal,0.1667,0.8333,pro,5512.84,monthly,RETRY_NOW,0.051690826820336516,2.0,284.963257728224,282.963257728224,5
FAIL_002499,PAY_015371,CUST_0903,SUB_0903,5512.84,2026-06-19,CARD_EXPIRED,PAYMENT_METHOD,372,10,2,12,0.8333,0.82,0.9,high_value_loyal,0.1667,0.8333,pro,5512.84,monthly,STOP,0.0,0.0,0.0,0.0,6
FAIL_002501,PAY_015379,CUST_0904,SUB_0904,3422.48,2024-09-16,CARD_EXPIRED,PAYMENT_METHOD,893,25,4,29,0.8621,0.6,0.6,normal,0.1379,0.8621,pro,3422.48,monthly,UPDATE_PAYMENT_METHOD,0.8930571413434154,3.0,3056.470205105012,3053.470205105012,1
FAIL_002501,PAY_015379,CUST_0904,SUB_0904,3422.48,2024-09-16,CARD_EXPIRED,PAYMENT_METHOD,893,25,4,29,0.8621,0.6,0.6,normal,0.1379,0.8621,pro,3422.48,monthly,RETRY_NOW,0.46138913603627846,2.0,1579.0950903014423,1577.0950903014423,2
FAIL_002501,PAY_015379,CUST_0904,SUB_0904,3422.48,2024-09-16,CARD_EXPIRED,PAYMENT_METHOD,893,25,4,29,0.8621,0.6,0.6,normal,0.1379,0.8621,pro,3422.48,monthly,PAYMENT_LINK,0.3664391071025674,3.0,1254.1305152763948,1251.1305152763948,3
FAIL_002501,PAY_015379,CUST_0904,SUB_0904,3422.48,2024-09-16,CARD_EXPIRED,PAYMENT_METHOD,893,25,4,29,0.8621,0.6,0.6,normal,0.1379,0.8621,pro,3422.48,monthly,SEND_REMINDER,0.31375718635900074,1.0,1073.827695169953,1072.827695169953,4
FAIL_002501,PAY_015379,CUST_0904,SUB_0904,3422.48,2024-09-16,CARD_EXPIRED,PAYMENT_METHOD,893,25,4,29,0.8621,0.6,0.6,normal,0.1379,0.8621,pro,3422.48,monthly,WAIT_AND_RETRY,0.14924944799742967,2.0,510.80325078224314,508.80325078224314,5
FAIL_002501,PAY_015379,CUST_0904,SUB_0904,3422.48,2024-09-16,CARD_EXPIRED,PAYMENT_METHOD,893,25,4,29,0.8621,0.6,0.6,normal,0.1379,0.8621,pro,3422.48,monthly,STOP,0.0,0.0,0.0,0.0,6
FAIL_002515,PAY_015478,CUST_0908,SUB_0908,210.14,2026-05-11,LIMIT_EXCEEDED,PAYMENT_LIMIT,621,15,5,20,0.75,0.35,0.45,friction_prone,0.25,0.75,starter,210.14,monthly,PAYMENT_LINK,0.673767736492939,3.0,141.58555214662618,138.58555214662618,1
FAIL_002515,PAY_015478,CUST_0908,SUB_0908,210.14,2026-05-11,LIMIT_EXCEEDED,PAYMENT_LIMIT,621,15,5,20,0.75,0.35,0.45,friction_prone,0.25,0.75,starter,210.14,monthly,UPDATE_PAYMENT_METHOD,0.4096232695931222,3.0,86.07823387229868,83.07823387229868,2
FAIL_002515,PAY_015478,CUST_0908,SUB_0908,210.14,2026-05-11,LIMIT_EXCEEDED,PAYMENT_LIMIT,621,15,5,20,0.75,0.35,0.45,friction_prone,0.25,0.75,starter,210.14,monthly,SEND_REMINDER,0.2644936765402843,1.0,55.58070118817533,54.58070118817533,3
FAIL_002515,PAY_015478,CUST_0908,SUB_0908,210.14,2026-05-11,LIMIT_EXCEEDED,PAYMENT_LIMIT,621,15,5,20,0.75,0.35,0.45,friction_prone,0.25,0.75,starter,210.14,monthly,WAIT_AND_RETRY,0.22830596187100774,2.0,47.976214827573564,45.976214827573564,4
FAIL_002515,PAY_015478,CUST_0908,SUB_0908,210.14,2026-05-11,LIMIT_EXCEEDED,PAYMENT_LIMIT,621,15,5,20,0.75,0.35,0.45,friction_prone,0.25,0.75,starter,210.14,monthly,RETRY_NOW,0.0492480092691632,2.0,10.348976667821955,8.348976667821955,5
FAIL_002515,PAY_015478,CUST_0908,SUB_0908,210.14,2026-05-11,LIMIT_EXCEEDED,PAYMENT_LIMIT,621,15,5,20,0.75,0.35,0.45,friction_prone,0.25,0.75,starter,210.14,monthly,STOP,0.0,0.0,0.0,0.0,6
FAIL_002518,PAY_015505,CUST_0910,SUB_0910,293.13,2025-05-25,CARD_EXPIRED,PAYMENT_METHOD,642,15,6,21,0.7143,0.6,0.6,normal,0.2857,0.7143,starter,293.13,monthly,UPDATE_PAYMENT_METHOD,0.872850601974815,3.0,255.8586969568775,252.8586969568775,1
FAIL_002518,PAY_015505,CUST_0910,SUB_0910,293.13,2025-05-25,CARD_EXPIRED,PAYMENT_METHOD,642,15,6,21,0.7143,0.6,0.6,normal,0.2857,0.7143,starter,293.13,monthly,PAYMENT_LINK,0.33443787766281946,3.0,98.03377507930227,95.03377507930227,2
FAIL_002518,PAY_015505,CUST_0910,SUB_0910,293.13,2025-05-25,CARD_EXPIRED,PAYMENT_METHOD,642,15,6,21,0.7143,0.6,0.6,normal,0.2857,0.7143,starter,293.13,monthly,SEND_REMINDER,0.20900802953079448,1.0,61.26652369636179,60.26652369636179,3
FAIL_002518,PAY_015505,CUST_0910,SUB_0910,293.13,2025-05-25,CARD_EXPIRED,PAYMENT_METHOD,642,15,6,21,0.7143,0.6,0.6,normal,0.2857,0.7143,starter,293.13,monthly,WAIT_AND_RETRY,0.0969561192786672,2.0,28.420747244155713,26.420747244155713,4
FAIL_002518,PAY_015505,CUST_0910,SUB_0910,293.13,2025-05-25,CARD_EXPIRED,PAYMENT_METHOD,642,15,6,21,0.7143,0.6,0.6,normal,0.2857,0.7143,starter,293.13,monthly,RETRY_NOW,0.0942931540079395,2.0,27.640152234347305,25.640152234347305,5
FAIL_002518,PAY_015505,CUST_0910,SUB_0910,293.13,2025-05-25,CARD_EXPIRED,PAYMENT_METHOD,642,15,6,21,0.7143,0.6,0.6,normal,0.2857,0.7143,starter,293.13,monthly,STOP,0.0,0.0,0.0,0.0,6
FAIL_002522,PAY_015512,CUST_0910,SUB_0910,293.13,2025-12-21,NETWORK_ERROR,TECHNICAL,642,15,6,21,0.7143,0.6,0.6,normal,0.2857,0.7143,starter,293.13,monthly,RETRY_NOW,0.9156010155800414,2.0,268.3901256969775,266.3901256969775,1
FAIL_002522,PAY_015512,CUST_0910,SUB_0910,293.13,2025-12-21,NETWORK_ERROR,TECHNICAL,642,15,6,21,0.7143,0.6,0.6,normal,0.2857,0.7143,starter,293.13,monthly,WAIT_AND_RETRY,0.8169568493375106,2.0,239.47456124630446,237.47456124630446,2
FAIL_002522,PAY_015512,CUST_0910,SUB_0910,293.13,2025-12-21,NETWORK_ERROR,TECHNICAL,642,15,6,21,0.7143,0.6,0.6,normal,0.2857,0.7143,starter,293.13,monthly,PAYMENT_LINK,0.5793814310900715,3.0,169.83407889543264,166.83407889543264,3
FAIL_002522,PAY_015512,CUST_0910,SUB_0910,293.13,2025-12-21,NETWORK_ERROR,TECHNICAL,642,15,6,21,0.7143,0.6,0.6,normal,0.2857,0.7143,starter,293.13,monthly,SEND_REMINDER,0.29874585640590445,1.0,87.57137288826277,86.57137288826277,4
FAIL_002522,PAY_015512,CUST_0910,SUB_0910,293.13,2025-12-21,NETWORK_ERROR,TECHNICAL,642,15,6,21,0.7143,0.6,0.6,normal,0.2857,0.7143,starter,293.13,monthly,UPDATE_PAYMENT_METHOD,0.24227439528710018,3.0,71.01789349050767,68.01789349050767,5
FAIL_002522,PAY_015512,CUST_0910,SUB_0910,293.13,2025-12-21,NETWORK_ERROR,TECHNICAL,642,15,6,21,0.7143,0.6,0.6,normal,0.2857,0.7143,starter,293.13,monthly,STOP,0.0,0.0,0.0,0.0,6
FAIL_002525,PAY_015522,CUST_0911,SUB_0911,2077.0,2024-02-11,BANK_DECLINED,ISSUER_DECLINE,991,29,4,33,0.8788,0.6,0.6,normal,0.1212,0.8788,growth,2077.0,monthly,WAIT_AND_RETRY,0.7994038473204977,2.0,1660.3617908846738,1658.3617908846738,1
FAIL_002525,PAY_015522,CUST_0911,SUB_0911,2077.0,2024-02-11,BANK_DECLINED,ISSUER_DECLINE,991,29,4,33,0.8788,0.6,0.6,normal,0.1212,0.8788,growth,2077.0,monthly,PAYMENT_LINK,0.6900670968034812,3.0,1433.2693600608304,1430.2693600608304,2
FAIL_002525,PAY_015522,CUST_0911,SUB_0911,2077.0,2024-02-11,BANK_DECLINED,ISSUER_DECLINE,991,29,4,33,0.8788,0.6,0.6,normal,0.1212,0.8788,growth,2077.0,monthly,SEND_REMINDER,0.43666302254245815,1.0,906.9490978206856,905.9490978206856,3
FAIL_002525,PAY_015522,CUST_0911,SUB_0911,2077.0,2024-02-11,BANK_DECLINED,ISSUER_DECLINE,991,29,4,33,0.8788,0.6,0.6,normal,0.1212,0.8788,growth,2077.0,monthly,RETRY_NOW,0.336906749325754,2.0,699.755318349591,697.755318349591,4
FAIL_002525,PAY_015522,CUST_0911,SUB_0911,2077.0,2024-02-11,BANK_DECLINED,ISSUER_DECLINE,991,29,4,33,0.8788,0.6,0.6,normal,0.1212,0.8788,growth,2077.0,monthly,UPDATE_PAYMENT_METHOD,0.2300070700360456,3.0,477.7246844648667,474.7246844648667,5
FAIL_002525,PAY_015522,CUST_0911,SUB_0911,2077.0,2024-02-11,BANK_DECLINED,ISSUER_DECLINE,991,29,4,33,0.8788,0.6,0.6,normal,0.1212,0.8788,growth,2077.0,monthly,STOP,0.0,0.0,0.0,0.0,6
FAIL_002528,PAY_015549,CUST_0911,SUB_0911,2077.0,2026-05-01,INSUFFICIENT_FUNDS,CUSTOMER_FINANCIAL,991,29,4,33,0.8788,0.6,0.6,normal,0.1212,0.8788,growth,2077.0,monthly,WAIT_AND_RETRY,0.8103949585590171,2.0,1683.1903289270786,1681.1903289270786,1
FAIL_002528,PAY_015549,CUST_0911,SUB_0911,2077.0,2026-05-01,INSUFFICIENT_FUNDS,CUSTOMER_FINANCIAL,991,29,4,33,0.8788,0.6,0.6,normal,0.1212,0.8788,growth,2077.0,monthly,PAYMENT_LINK,0.6157195966718383,3.0,1278.849602287408,1275.849602287408,2
FAIL_002528,PAY_015549,CUST_0911,SUB_0911,2077.0,2026-05-01,INSUFFICIENT_FUNDS,CUSTOMER_FINANCIAL,991,29,4,33,0.8788,0.6,0.6,normal,0.1212,0.8788,growth,2077.0,monthly,SEND_REMINDER,0.5936408364499516,1.0,1232.9920173065495,1231.9920173065495,3
FAIL_002528,PAY_015549,CUST_0911,SUB_0911,2077.0,2026-05-01,INSUFFICIENT_FUNDS,CUSTOMER_FINANCIAL,991,29,4,33,0.8788,0.6,0.6,normal,0.1212,0.8788,growth,2077.0,monthly,UPDATE_PAYMENT_METHOD,0.38463715995407566,3.0,798.8913812246151,795.8913812246151,4
FAIL_002528,PAY_015549,CUST_0911,SUB_0911,2077.0,2026-05-01,INSUFFICIENT_FUNDS,CUSTOMER_FINANCIAL,991,29,4,33,0.8788,0.6,0.6,normal,0.1212,0.8788,growth,2077.0,monthly,RETRY_NOW,0.18501774491904927,2.0,384.2818561968653,382.2818561968653,5
FAIL_002528,PAY_015549,CUST_0911,SUB_0911,2077.0,2026-05-01,INSUFFICIENT_FUNDS,CUSTOMER_FINANCIAL,991,29,4,33,0.8788,0.6,0.6,normal,0.1212,0.8788,growth,2077.0,monthly,STOP,0.0,0.0,0.0,0.0,6
FAIL_002534,PAY_015570,CUST_0913,SUB_0913,1397.1,2024-12-16,BANK_DECLINED,ISSUER_DECLINE,742,20,4,24,0.8333,0.3,0.25,low_engagement,0.1667,0.8333,growth,1397.1,monthly,WAIT_AND_RETRY,0.6463055133683672,2.0,902.9534327269457,900.9534327269457,1
FAIL_002534,PAY_015570,CUST_0913,SUB_0913,1397.1,2024-12-16,BANK_DECLINED,ISSUER_DECLINE,742,20,4,24,0.8333,0.3,0.25,low_engagement,0.1667,0.8333,growth,1397.1,monthly,PAYMENT_LINK,0.46357293382500203,3.0,647.6577458469103,644.6577458469103,2
FAIL_002534,PAY_015570,CUST_0913,SUB_0913,1397.1,2024-12-16,BANK_DECLINED,ISSUER_DECLINE,742,20,4,24,0.8333,0.3,0.25,low_engagement,0.1667,0.8333,growth,1397.1,monthly,RETRY_NOW,0.3659160249344772,2.0,511.2212784359581,509.2212784359581,3
FAIL_002534,PAY_015570,CUST_0913,SUB_0913,1397.1,2024-12-16,BANK_DECLINED,ISSUER_DECLINE,742,20,4,24,0.8333,0.3,0.25,low_engagement,0.1667,0.8333,growth,1397.1,monthly,SEND_REMINDER,0.171713261084636,1.0,239.90059706134494,238.90059706134494,4
FAIL_002534,PAY_015570,CUST_0913,SUB_0913,1397.1,2024-12-16,BANK_DECLINED,ISSUER_DECLINE,742,20,4,24,0.8333,0.3,0.25,low_engagement,0.1667,0.8333,growth,1397.1,monthly,UPDATE_PAYMENT_METHOD,0.11281511560292687,3.0,157.6139980088491,154.6139980088491,5
FAIL_002534,PAY_015570,CUST_0913,SUB_0913,1397.1,2024-12-16,BANK_DECLINED,ISSUER_DECLINE,742,20,4,24,0.8333,0.3,0.25,low_engagement,0.1667,0.8333,growth,1397.1,monthly,STOP,0.0,0.0,0.0,0.0,6
FAIL_002535,PAY_015589,CUST_0913,SUB_0913,1397.1,2026-07-09,BANK_DECLINED,ISSUER_DECLINE,742,20,4,24,0.8333,0.3,0.25,low_engagement,0.1667,0.8333,growth,1397.1,monthly,WAIT_AND_RETRY,0.6463055133683672,2.0,902.9534327269457,900.9534327269457,1
FAIL_002535,PAY_015589,CUST_0913,SUB_0913,1397.1,2026-07-09,BANK_DECLINED,ISSUER_DECLINE,742,20,4,24,0.8333,0.3,0.25,low_engagement,0.1667,0.8333,growth,1397.1,monthly,PAYMENT_LINK,0.46357293382500203,3.0,647.6577458469103,644.6577458469103,2
FAIL_002535,PAY_015589,CUST_0913,SUB_0913,1397.1,2026-07-09,BANK_DECLINED,ISSUER_DECLINE,742,20,4,24,0.8333,0.3,0.25,low_engagement,0.1667,0.8333,growth,1397.1,monthly,RETRY_NOW,0.3659160249344772,2.0,511.2212784359581,509.2212784359581,3
FAIL_002535,PAY_015589,CUST_0913,SUB_0913,1397.1,2026-07-09,BANK_DECLINED,ISSUER_DECLINE,742,20,4,24,0.8333,0.3,0.25,low_engagement,0.1667,0.8333,growth,1397.1,monthly,SEND_REMINDER,0.171713261084636,1.0,239.90059706134494,238.90059706134494,4
FAIL_002535,PAY_015589,CUST_0913,SUB_0913,1397.1,2026-07-09,BANK_DECLINED,ISSUER_DECLINE,742,20,4,24,0.8333,0.3,0.25,low_engagement,0.1667,0.8333,growth,1397.1,monthly,UPDATE_PAYMENT_METHOD,0.11281511560292687,3.0,157.6139980088491,154.6139980088491,5
FAIL_002535,PAY_015589,CUST_0913,SUB_0913,1397.1,2026-07-09,BANK_DECLINED,ISSUER_DECLINE,742,20,4,24,0.8333,0.3,0.25,low_engagement,0.1667,0.8333,growth,1397.1,monthly,STOP,0.0,0.0,0.0,0.0,6
FAIL_002543,PAY_015620,CUST_0915,SUB_0915,1705.4,2025-08-04,BANK_DECLINED,ISSUER_DECLINE,541,11,7,18,0.6111,0.35,0.45,friction_prone,0.3889,0.6111,pro,1705.4,monthly,WAIT_AND_RETRY,0.5577647725203055,2.0,951.2120430561291,949.2120430561291,1
FAIL_002543,PAY_015620,CUST_0915,SUB_0915,1705.4,2025-08-04,BANK_DECLINED,ISSUER_DECLINE,541,11,7,18,0.6111,0.35,0.45,friction_prone,0.3889,0.6111,pro,1705.4,monthly,SEND_REMINDER,0.45277785822470434,1.0,772.1673594164108,771.1673594164108,2
FAIL_002543,PAY_015620,CUST_0915,SUB_0915,1705.4,2025-08-04,BANK_DECLINED,ISSUER_DECLINE,541,11,7,18,0.6111,0.35,0.45,friction_prone,0.3889,0.6111,pro,1705.4,monthly,PAYMENT_LINK,0.4521319854803799,3.0,771.0658880382399,768.0658880382399,3
FAIL_002543,PAY_015620,CUST_0915,SUB_0915,1705.4,2025-08-04,BANK_DECLINED,ISSUER_DECLINE,541,11,7,18,0.6111,0.35,0.45,friction_prone,0.3889,0.6111,pro,1705.4,monthly,RETRY_NOW,0.349182528385936,2.0,595.4958839093753,593.4958839093753,4
FAIL_002543,PAY_015620,CUST_0915,SUB_0915,1705.4,2025-08-04,BANK_DECLINED,ISSUER_DECLINE,541,11,7,18,0.6111,0.35,0.45,friction_prone,0.3889,0.6111,pro,1705.4,monthly,UPDATE_PAYMENT_METHOD,0.3191950417400089,3.0,544.3552241834112,541.3552241834112,5
FAIL_002543,PAY_015620,CUST_0915,SUB_0915,1705.4,2025-08-04,BANK_DECLINED,ISSUER_DECLINE,541,11,7,18,0.6111,0.35,0.45,friction_prone,0.3889,0.6111,pro,1705.4,monthly,STOP,0.0,0.0,0.0,0.0,6
FAIL_002555,PAY_015662,CUST_0917,SUB_0917,881.56,2026-05-01,BANK_DECLINED,ISSUER_DECLINE,151,3,2,5,0.6,0.3,0.25,low_engagement,0.4,0.6,starter,881.56,monthly,WAIT_AND_RETRY,0.6101451114535424,2.0,537.8795244529848,535.8795244529848,1
FAIL_002555,PAY_015662,CUST_0917,SUB_0917,881.56,2026-05-01,BANK_DECLINED,ISSUER_DECLINE,151,3,2,5,0.6,0.3,0.25,low_engagement,0.4,0.6,starter,881.56,monthly,PAYMENT_LINK,0.5119418165169537,3.0,451.30742776868567,448.30742776868567,2
FAIL_002555,PAY_015662,CUST_0917,SUB_0917,881.56,2026-05-01,BANK_DECLINED,ISSUER_DECLINE,151,3,2,5,0.6,0.3,0.25,low_engagement,0.4,0.6,starter,881.56,monthly,UPDATE_PAYMENT_METHOD,0.4197750935125727,3.0,370.05693143694356,367.05693143694356,3
FAIL_002555,PAY_015662,CUST_0917,SUB_0917,881.56,2026-05-01,BANK_DECLINED,ISSUER_DECLINE,151,3,2,5,0.6,0.3,0.25,low_engagement,0.4,0.6,starter,881.56,monthly,SEND_REMINDER,0.20619024365972247,1.0,181.76907120066494,180.76907120066494,4
FAIL_002555,PAY_015662,CUST_0917,SUB_0917,881.56,2026-05-01,BANK_DECLINED,ISSUER_DECLINE,151,3,2,5,0.6,0.3,0.25,low_engagement,0.4,0.6,starter,881.56,monthly,RETRY_NOW,0.2028868312582035,2.0,178.85691496398186,176.85691496398186,5
FAIL_002555,PAY_015662,CUST_0917,SUB_0917,881.56,2026-05-01,BANK_DECLINED,ISSUER_DECLINE,151,3,2,5,0.6,0.3,0.25,low_engagement,0.4,0.6,starter,881.56,monthly,STOP,0.0,0.0,0.0,0.0,6
FAIL_002560,PAY_015675,CUST_0918,SUB_0918,595.63,2025-06-30,NETWORK_ERROR,TECHNICAL,696,16,7,23,0.6957,0.35,0.45,friction_prone,0.3043,0.6957,growth,595.63,monthly,RETRY_NOW,0.8696060533113141,2.0,517.963453533818,515.963453533818,1
FAIL_002560,PAY_015675,CUST_0918,SUB_0918,595.63,2025-06-30,NETWORK_ERROR,TECHNICAL,696,16,7,23,0.6957,0.35,0.45,friction_prone,0.3043,0.6957,growth,595.63,monthly,WAIT_AND_RETRY,0.831993450981273,2.0,495.5602592079756,493.5602592079756,2
FAIL_002560,PAY_015675,CUST_0918,SUB_0918,595.63,2025-06-30,NETWORK_ERROR,TECHNICAL,696,16,7,23,0.6957,0.35,0.45,friction_prone,0.3043,0.6957,growth,595.63,monthly,SEND_REMINDER,0.4864213304495571,1.0,289.7271370556697,288.7271370556697,3
FAIL_002560,PAY_015675,CUST_0918,SUB_0918,595.63,2025-06-30,NETWORK_ERROR,TECHNICAL,696,16,7,23,0.6957,0.35,0.45,friction_prone,0.3043,0.6957,growth,595.63,monthly,PAYMENT_LINK,0.40012281374521763,3.0,238.32515155106398,235.32515155106398,4
FAIL_002560,PAY_015675,CUST_0918,SUB_0918,595.63,2025-06-30,NETWORK_ERROR,TECHNICAL,696,16,7,23,0.6957,0.35,0.45,friction_prone,0.3043,0.6957,growth,595.63,monthly,UPDATE_PAYMENT_METHOD,0.10017645445719209,3.0,59.66810156833732,56.66810156833732,5
FAIL_002560,PAY_015675,CUST_0918,SUB_0918,595.63,2025-06-30,NETWORK_ERROR,TECHNICAL,696,16,7,23,0.6957,0.35,0.45,friction_prone,0.3043,0.6957,growth,595.63,monthly,STOP,0.0,0.0,0.0,0.0,6
FAIL_002562,PAY_015685,CUST_0918,SUB_0918,595.63,2026-04-26,BANK_DECLINED,ISSUER_DECLINE,696,16,7,23,0.6957,0.35,0.45,friction_prone,0.3043,0.6957,growth,595.63,monthly,WAIT_AND_RETRY,0.6419957383599335,2.0,382.39192163932717,380.39192163932717,1
FAIL_002562,PAY_015685,CUST_0918,SUB_0918,595.63,2026-04-26,BANK_DECLINED,ISSUER_DECLINE,696,16,7,23,0.6957,0.35,0.45,friction_prone,0.3043,0.6957,growth,595.63,monthly,PAYMENT_LINK,0.6247874611706845,3.0,372.1421554970948,369.1421554970948,2
FAIL_002562,PAY_015685,CUST_0918,SUB_0918,595.63,2026-04-26,BANK_DECLINED,ISSUER_DECLINE,696,16,7,23,0.6957,0.35,0.45,friction_prone,0.3043,0.6957,growth,595.63,monthly,UPDATE_PAYMENT_METHOD,0.48084656195087155,3.0,286.4066376947976,283.4066376947976,3
FAIL_002562,PAY_015685,CUST_0918,SUB_0918,595.63,2026-04-26,BANK_DECLINED,ISSUER_DECLINE,696,16,7,23,0.6957,0.35,0.45,friction_prone,0.3043,0.6957,growth,595.63,monthly,SEND_REMINDER,0.39876436145098126,1.0,237.51601661104797,236.51601661104797,4
FAIL_002562,PAY_015685,CUST_0918,SUB_0918,595.63,2026-04-26,BANK_DECLINED,ISSUER_DECLINE,696,16,7,23,0.6957,0.35,0.45,friction_prone,0.3043,0.6957,growth,595.63,monthly,RETRY_NOW,0.26126217792750117,2.0,155.61559103895752,153.61559103895752,5
FAIL_002562,PAY_015685,CUST_0918,SUB_0918,595.63,2026-04-26,BANK_DECLINED,ISSUER_DECLINE,696,16,7,23,0.6957,0.35,0.45,friction_prone,0.3043,0.6957,growth,595.63,monthly,STOP,0.0,0.0,0.0,0.0,6
FAIL_002571,PAY_015740,CUST_0921,SUB_0921,415.4,2025-03-04,CARD_EXPIRED,PAYMENT_METHOD,694,16,7,23,0.6957,0.35,0.45,friction_prone,0.3043,0.6957,starter,415.4,monthly,UPDATE_PAYMENT_METHOD,0.8445628887096508,3.0,350.8314239699889,347.8314239699889,1
FAIL_002571,PAY_015740,CUST_0921,SUB_0921,415.4,2025-03-04,CARD_EXPIRED,PAYMENT_METHOD,694,16,7,23,0.6957,0.35,0.45,friction_prone,0.3043,0.6957,starter,415.4,monthly,PAYMENT_LINK,0.49805234713588115,3.0,206.890945000245,203.890945000245,2
FAIL_002571,PAY_015740,CUST_0921,SUB_0921,415.4,2025-03-04,CARD_EXPIRED,PAYMENT_METHOD,694,16,7,23,0.6957,0.35,0.45,friction_prone,0.3043,0.6957,starter,415.4,monthly,SEND_REMINDER,0.24276386143944093,1.0,100.84410804194376,99.84410804194376,3
FAIL_002571,PAY_015740,CUST_0921,SUB_0921,415.4,2025-03-04,CARD_EXPIRED,PAYMENT_METHOD,694,16,7,23,0.6957,0.35,0.45,friction_prone,0.3043,0.6957,starter,415.4,monthly,WAIT_AND_RETRY,0.05089833046482186,2.0,21.143166475087,19.143166475087,4
FAIL_002571,PAY_015740,CUST_0921,SUB_0921,415.4,2025-03-04,CARD_EXPIRED,PAYMENT_METHOD,694,16,7,23,0.6957,0.35,0.45,friction_prone,0.3043,0.6957,starter,415.4,monthly,RETRY_NOW,0.03929731319125041,2.0,16.32410389964542,14.324103899645419,5
FAIL_002571,PAY_015740,CUST_0921,SUB_0921,415.4,2025-03-04,CARD_EXPIRED,PAYMENT_METHOD,694,16,7,23,0.6957,0.35,0.45,friction_prone,0.3043,0.6957,starter,415.4,monthly,STOP,0.0,0.0,0.0,0.0,6
FAIL_002575,PAY_015784,CUST_0923,SUB_0923,786.88,2026-05-02,INSUFFICIENT_FUNDS,CUSTOMER_FINANCIAL,690,19,4,23,0.8261,0.3,0.25,low_engagement,0.1739,0.8261,starter,786.88,monthly,WAIT_AND_RETRY,0.7404035322476693,2.0,582.608731455046,580.608731455046,1
FAIL_002575,PAY_015784,CUST_0923,SUB_0923,786.88,2026-05-02,INSUFFICIENT_FUNDS,CUSTOMER_FINANCIAL,690,19,4,23,0.8261,0.3,0.25,low_engagement,0.1739,0.8261,starter,786.88,monthly,PAYMENT_LINK,0.5795095319318424,3.0,456.00446048652816,453.00446048652816,2
FAIL_002575,PAY_015784,CUST_0923,SUB_0923,786.88,2026-05-02,INSUFFICIENT_FUNDS,CUSTOMER_FINANCIAL,690,19,4,23,0.8261,0.3,0.25,low_engagement,0.1739,0.8261,starter,786.88,monthly,SEND_REMINDER,0.42199333570021924,1.0,332.0581159957885,331.0581159957885,3
FAIL_002575,PAY_015784,CUST_0923,SUB_0923,786.88,2026-05-02,INSUFFICIENT_FUNDS,CUSTOMER_FINANCIAL,690,19,4,23,0.8261,0.3,0.25,low_engagement,0.1739,0.8261,starter,786.88,monthly,RETRY_NOW,0.25476703642168524,2.0,200.47108561949568,198.47108561949568,4
FAIL_002575,PAY_015784,CUST_0923,SUB_0923,786.88,2026-05-02,INSUFFICIENT_FUNDS,CUSTOMER_FINANCIAL,690,19,4,23,0.8261,0.3,0.25,low_engagement,0.1739,0.8261,starter,786.88,monthly,UPDATE_PAYMENT_METHOD,0.11221395194907988,3.0,88.29891450969197,85.29891450969197,5
FAIL_002575,PAY_015784,CUST_0923,SUB_0923,786.88,2026-05-02,INSUFFICIENT_FUNDS,CUSTOMER_FINANCIAL,690,19,4,23,0.8261,0.3,0.25,low_engagement,0.1739,0.8261,starter,786.88,monthly,STOP,0.0,0.0,0.0,0.0,6
FAIL_002580,PAY_015820,CUST_0925,SUB_0925,200.0,2025-03-21,AUTHENTICATION_FAILED,CUSTOMER_ACTION,677,14,8,22,0.6364,0.3,0.25,low_engagement,0.3636,0.6364,starter,200.0,monthly,UPDATE_PAYMENT_METHOD,0.6862910106239991,3.0,137.25820212479982,134.25820212479982,1
FAIL_002580,PAY_015820,CUST_0925,SUB_0925,200.0,2025-03-21,AUTHENTICATION_FAILED,CUSTOMER_ACTION,677,14,8,22,0.6364,0.3,0.25,low_engagement,0.3636,0.6364,starter,200.0,monthly,SEND_REMINDER,0.47313534234532306,1.0,94.62706846906461,93.62706846906461,2
FAIL_002580,PAY_015820,CUST_0925,SUB_0925,200.0,2025-03-21,AUTHENTICATION_FAILED,CUSTOMER_ACTION,677,14,8,22,0.6364,0.3,0.25,low_engagement,0.3636,0.6364,starter,200.0,monthly,WAIT_AND_RETRY,0.4226519135524732,2.0,84.53038271049465,82.53038271049465,3
FAIL_002580,PAY_015820,CUST_0925,SUB_0925,200.0,2025-03-21,AUTHENTICATION_FAILED,CUSTOMER_ACTION,677,14,8,22,0.6364,0.3,0.25,low_engagement,0.3636,0.6364,starter,200.0,monthly,PAYMENT_LINK,0.32027673574245397,3.0,64.0553471484908,61.055347148490796,4
FAIL_002580,PAY_015820,CUST_0925,SUB_0925,200.0,2025-03-21,AUTHENTICATION_FAILED,CUSTOMER_ACTION,677,14,8,22,0.6364,0.3,0.25,low_engagement,0.3636,0.6364,starter,200.0,monthly,RETRY_NOW,0.0994660566627815,2.0,19.893211332556298,17.893211332556298,5
FAIL_002580,PAY_015820,CUST_0925,SUB_0925,200.0,2025-03-21,AUTHENTICATION_FAILED,CUSTOMER_ACTION,677,14,8,22,0.6364,0.3,0.25,low_engagement,0.3636,0.6364,starter,200.0,monthly,STOP,0.0,0.0,0.0,0.0,6
FAIL_002590,PAY_015849,CUST_0926,SUB_0926,706.67,2025-06-14,BANK_DECLINED,ISSUER_DECLINE,802,24,2,26,0.9231,0.8,0.85,reliable,0.0769,0.9231,starter,706.67,monthly,PAYMENT_LINK,0.7021245317770497,3.0,496.1703428708877,493.1703428708877,1
FAIL_002590,PAY_015849,CUST_0926,SUB_0926,706.67,2025-06-14,BANK_DECLINED,ISSUER_DECLINE,802,24,2,26,0.9231,0.8,0.85,reliable,0.0769,0.9231,starter,706.67,monthly,WAIT_AND_RETRY,0.6993539806949611,2.0,494.21247753770814,492.21247753770814,2
FAIL_002590,PAY_015849,CUST_0926,SUB_0926,706.67,2025-06-14,BANK_DECLINED,ISSUER_DECLINE,802,24,2,26,0.9231,0.8,0.85,reliable,0.0769,0.9231,starter,706.67,monthly,SEND_REMINDER,0.4965177003747355,1.0,350.87416332381434,349.87416332381434,3
FAIL_002590,PAY_015849,CUST_0926,SUB_0926,706.67,2025-06-14,BANK_DECLINED,ISSUER_DECLINE,802,24,2,26,0.9231,0.8,0.85,reliable,0.0769,0.9231,starter,706.67,monthly,RETRY_NOW,0.35268554379772965,2.0,249.2322932355416,247.2322932355416,4
FAIL_002590,PAY_015849,CUST_0926,SUB_0926,706.67,2025-06-14,BANK_DECLINED,ISSUER_DECLINE,802,24,2,26,0.9231,0.8,0.85,reliable,0.0769,0.9231,starter,706.67,monthly,UPDATE_PAYMENT_METHOD,0.22301401468858342,3.0,157.59731375998123,154.59731375998123,5
FAIL_002590,PAY_015849,CUST_0926,SUB_0926,706.67,2025-06-14,BANK_DECLINED,ISSUER_DECLINE,802,24,2,26,0.9231,0.8,0.85,reliable,0.0769,0.9231,starter,706.67,monthly,STOP,0.0,0.0,0.0,0.0,6
FAIL_002595,PAY_015883,CUST_0929,SUB_0929,329.53,2025-07-26,NETWORK_ERROR,TECHNICAL,820,23,4,27,0.8519,0.35,0.45,friction_prone,0.1481,0.8519,growth,329.53,monthly,RETRY_NOW,0.8922273157751938,2.0,294.0156673673996,292.0156673673996,1
FAIL_002595,PAY_015883,CUST_0929,SUB_0929,329.53,2025-07-26,NETWORK_ERROR,TECHNICAL,820,23,4,27,0.8519,0.35,0.45,friction_prone,0.1481,0.8519,growth,329.53,monthly,WAIT_AND_RETRY,0.7991286325673824,2.0,263.3368582899295,261.3368582899295,2
FAIL_002595,PAY_015883,CUST_0929,SUB_0929,329.53,2025-07-26,NETWORK_ERROR,TECHNICAL,820,23,4,27,0.8519,0.35,0.45,friction_prone,0.1481,0.8519,growth,329.53,monthly,SEND_REMINDER,0.4697881120010157,1.0,154.8092765476947,153.8092765476947,3
FAIL_002595,PAY_015883,CUST_0929,SUB_0929,329.53,2025-07-26,NETWORK_ERROR,TECHNICAL,820,23,4,27,0.8519,0.35,0.45,friction_prone,0.1481,0.8519,growth,329.53,monthly,PAYMENT_LINK,0.3143752564929474,3.0,103.59607827212095,100.59607827212095,4
FAIL_002595,PAY_015883,CUST_0929,SUB_0929,329.53,2025-07-26,NETWORK_ERROR,TECHNICAL,820,23,4,27,0.8519,0.35,0.45,friction_prone,0.1481,0.8519,growth,329.53,monthly,UPDATE_PAYMENT_METHOD,0.11783492790748501,3.0,38.830143793353535,35.830143793353535,5
FAIL_002595,PAY_015883,CUST_0929,SUB_0929,329.53,2025-07-26,NETWORK_ERROR,TECHNICAL,820,23,4,27,0.8519,0.35,0.45,friction_prone,0.1481,0.8519,growth,329.53,monthly,STOP,0.0,0.0,0.0,0.0,6
FAIL_002600,PAY_015936,CUST_0931,SUB_0931,729.59,2025-07-17,BANK_DECLINED,ISSUER_DECLINE,799,22,4,26,0.8462,0.6,0.6,normal,0.1538,0.8462,growth,729.59,monthly,WAIT_AND_RETRY,0.6430573152678377,2.0,469.16818664626174,467.16818664626174,1
FAIL_002600,PAY_015936,CUST_0931,SUB_0931,729.59,2025-07-17,BANK_DECLINED,ISSUER_DECLINE,799,22,4,26,0.8462,0.6,0.6,normal,0.1538,0.8462,growth,729.59,monthly,PAYMENT_LINK,0.5636928178225996,3.0,411.2646429551905,408.2646429551905,2
FAIL_002600,PAY_015936,CUST_0931,SUB_0931,729.59,2025-07-17,BANK_DECLINED,ISSUER_DECLINE,799,22,4,26,0.8462,0.6,0.6,normal,0.1538,0.8462,growth,729.59,monthly,SEND_REMINDER,0.3768218728269548,1.0,274.925470195818,273.925470195818,3
FAIL_002600,PAY_015936,CUST_0931,SUB_0931,729.59,2025-07-17,BANK_DECLINED,ISSUER_DECLINE,799,22,4,26,0.8462,0.6,0.6,normal,0.1538,0.8462,growth,729.59,monthly,UPDATE_PAYMENT_METHOD,0.343454172146929,3.0,250.58072945667797,247.58072945667797,4
FAIL_002600,PAY_015936,CUST_0931,SUB_0931,729.59,2025-07-17,BANK_DECLINED,ISSUER_DECLINE,799,22,4,26,0.8462,0.6,0.6,normal,0.1538,0.8462,growth,729.59,monthly,RETRY_NOW,0.28484991838373375,2.0,207.82365195358832,205.82365195358832,5
FAIL_002600,PAY_015936,CUST_0931,SUB_0931,729.59,2025-07-17,BANK_DECLINED,ISSUER_DECLINE,799,22,4,26,0.8462,0.6,0.6,normal,0.1538,0.8462,growth,729.59,monthly,STOP,0.0,0.0,0.0,0.0,6
FAIL_002601,PAY_015975,CUST_0932,SUB_0932,2080.35,2026-01-29,BANK_DECLINED,ISSUER_DECLINE,993,31,2,33,0.9394,0.6,0.6,normal,0.0606,0.9394,pro,2080.35,monthly,WAIT_AND_RETRY,0.7798166489344992,2.0,1622.2915656108853,1620.2915656108853,1
FAIL_002601,PAY_015975,CUST_0932,SUB_0932,2080.35,2026-01-29,BANK_DECLINED,ISSUER_DECLINE,993,31,2,33,0.9394,0.6,0.6,normal,0.0606,0.9394,pro,2080.35,monthly,PAYMENT_LINK,0.7171916219709231,3.0,1492.0095907672098,1489.0095907672098,2
FAIL_002601,PAY_015975,CUST_0932,SUB_0932,2080.35,2026-01-29,BANK_DECLINED,ISSUER_DECLINE,993,31,2,33,0.9394,0.6,0.6,normal,0.0606,0.9394,pro,2080.35,monthly,SEND_REMINDER,0.562126528269585,1.0,1169.4199230856311,1168.4199230856311,3
FAIL_002601,PAY_015975,CUST_0932,SUB_0932,2080.35,2026-01-29,BANK_DECLINED,ISSUER_DECLINE,993,31,2,33,0.9394,0.6,0.6,normal,0.0606,0.9394,pro,2080.35,monthly,UPDATE_PAYMENT_METHOD,0.4104209853503738,3.0,853.81929687365,850.81929687365,4
FAIL_002601,PAY_015975,CUST_0932,SUB_0932,2080.35,2026-01-29,BANK_DECLINED,ISSUER_DECLINE,993,31,2,33,0.9394,0.6,0.6,normal,0.0606,0.9394,pro,2080.35,monthly,RETRY_NOW,0.2971129176294731,2.0,618.0988581904744,616.0988581904744,5
FAIL_002601,PAY_015975,CUST_0932,SUB_0932,2080.35,2026-01-29,BANK_DECLINED,ISSUER_DECLINE,993,31,2,33,0.9394,0.6,0.6,normal,0.0606,0.9394,pro,2080.35,monthly,STOP,0.0,0.0,0.0,0.0,6
FAIL_002604,PAY_016036,CUST_0935,SUB_0935,295.63,2025-02-06,INSUFFICIENT_FUNDS,CUSTOMER_FINANCIAL,900,22,8,30,0.7333,0.3,0.25,low_engagement,0.2667,0.7333,starter,295.63,monthly,WAIT_AND_RETRY,0.8215311457207248,2.0,242.86925260941788,240.86925260941788,1
FAIL_002604,PAY_016036,CUST_0935,SUB_0935,295.63,2025-02-06,INSUFFICIENT_FUNDS,CUSTOMER_FINANCIAL,900,22,8,30,0.7333,0.3,0.25,low_engagement,0.2667,0.7333,starter,295.63,monthly,PAYMENT_LINK,0.6098244310915455,3.0,180.28239656359358,177.28239656359358,2
FAIL_002604,PAY_016036,CUST_0935,SUB_0935,295.63,2025-02-06,INSUFFICIENT_FUNDS,CUSTOMER_FINANCIAL,900,22,8,30,0.7333,0.3,0.25,low_engagement,0.2667,0.7333,starter,295.63,monthly,SEND_REMINDER,0.5188826948304857,1.0,153.39729107273646,152.39729107273646,3
FAIL_002604,PAY_016036,CUST_0935,SUB_0935,295.63,2025-02-06,INSUFFICIENT_FUNDS,CUSTOMER_FINANCIAL,900,22,8,30,0.7333,0.3,0.25,low_engagement,0.2667,0.7333,starter,295.63,monthly,RETRY_NOW,0.23586154190215156,2.0,69.72774763253307,67.72774763253307,4
FAIL_002604,PAY_016036,CUST_0935,SUB_0935,295.63,2025-02-06,INSUFFICIENT_FUNDS,CUSTOMER_FINANCIAL,900,22,8,30,0.7333,0.3,0.25,low_engagement,0.2667,0.7333,starter,295.63,monthly,UPDATE_PAYMENT_METHOD,0.08206333932624771,3.0,24.26038500501861,21.26038500501861,5
FAIL_002604,PAY_016036,CUST_0935,SUB_0935,295.63,2025-02-06,INSUFFICIENT_FUNDS,CUSTOMER_FINANCIAL,900,22,8,30,0.7333,0.3,0.25,low_engagement,0.2667,0.7333,starter,295.63,monthly,STOP,0.0,0.0,0.0,0.0,6
FAIL_002608,PAY_016046,CUST_0935,SUB_0935,295.63,2025-12-03,NETWORK_ERROR,TECHNICAL,900,22,8,30,0.7333,0.3,0.25,low_engagement,0.2667,0.7333,starter,295.63,monthly,RETRY_NOW,0.8737106231488552,2.0,258.295071521496,256.295071521496,1
FAIL_002608,PAY_016046,CUST_0935,SUB_0935,295.63,2025-12-03,NETWORK_ERROR,TECHNICAL,900,22,8,30,0.7333,0.3,0.25,low_engagement,0.2667,0.7333,starter,295.63,monthly,WAIT_AND_RETRY,0.8524204486510971,2.0,252.00105723472385,250.00105723472385,2
FAIL_002608,PAY_016046,CUST_0935,SUB_0935,295.63,2025-12-03,NETWORK_ERROR,TECHNICAL,900,22,8,30,0.7333,0.3,0.25,low_engagement,0.2667,0.7333,starter,295.63,monthly,PAYMENT_LINK,0.500678157257074,3.0,148.01548362990877,145.01548362990877,3
FAIL_002608,PAY_016046,CUST_0935,SUB_0935,295.63,2025-12-03,NETWORK_ERROR,TECHNICAL,900,22,8,30,0.7333,0.3,0.25,low_engagement,0.2667,0.7333,starter,295.63,monthly,SEND_REMINDER,0.27213188511791886,1.0,80.45034919741035,79.45034919741035,4
FAIL_002608,PAY_016046,CUST_0935,SUB_0935,295.63,2025-12-03,NETWORK_ERROR,TECHNICAL,900,22,8,30,0.7333,0.3,0.25,low_engagement,0.2667,0.7333,starter,295.63,monthly,UPDATE_PAYMENT_METHOD,0.031904621928414346,3.0,9.431963380697134,6.431963380697134,5
FAIL_002608,PAY_016046,CUST_0935,SUB_0935,295.63,2025-12-03,NETWORK_ERROR,TECHNICAL,900,22,8,30,0.7333,0.3,0.25,low_engagement,0.2667,0.7333,starter,295.63,monthly,STOP,0.0,0.0,0.0,0.0,6
FAIL_002618,PAY_016090,CUST_0939,SUB_0939,368.13,2026-07-05,BANK_DECLINED,ISSUER_DECLINE,386,10,2,12,0.8333,0.3,0.25,low_engagement,0.1667,0.8333,starter,368.13,monthly,WAIT_AND_RETRY,0.5659815041059884,2.0,208.3547711065375,206.3547711065375,1
FAIL_002618,PAY_016090,CUST_0939,SUB_0939,368.13,2026-07-05,BANK_DECLINED,ISSUER_DECLINE,386,10,2,12,0.8333,0.3,0.25,low_engagement,0.1667,0.8333,starter,368.13,monthly,PAYMENT_LINK,0.4376094167142864,3.0,161.09715457503023,158.09715457503023,2
FAIL_002618,PAY_016090,CUST_0939,SUB_0939,368.13,2026-07-05,BANK_DECLINED,ISSUER_DECLINE,386,10,2,12,0.8333,0.3,0.25,low_engagement,0.1667,0.8333,starter,368.13,monthly,UPDATE_PAYMENT_METHOD,0.3189288840525207,3.0,117.40729008625443,114.40729008625443,3
FAIL_002618,PAY_016090,CUST_0939,SUB_0939,368.13,2026-07-05,BANK_DECLINED,ISSUER_DECLINE,386,10,2,12,0.8333,0.3,0.25,low_engagement,0.1667,0.8333,starter,368.13,monthly,SEND_REMINDER,0.15235491680041635,1.0,56.08641552173727,55.08641552173727,4
FAIL_002618,PAY_016090,CUST_0939,SUB_0939,368.13,2026-07-05,BANK_DECLINED,ISSUER_DECLINE,386,10,2,12,0.8333,0.3,0.25,low_engagement,0.1667,0.8333,starter,368.13,monthly,RETRY_NOW,0.1475357337963809,2.0,54.3123296824617,52.3123296824617,5
FAIL_002618,PAY_016090,CUST_0939,SUB_0939,368.13,2026-07-05,BANK_DECLINED,ISSUER_DECLINE,386,10,2,12,0.8333,0.3,0.25,low_engagement,0.1667,0.8333,starter,368.13,monthly,STOP,0.0,0.0,0.0,0.0,6
FAIL_002620,PAY_016129,CUST_0942,SUB_0942,568.27,2024-05-01,AUTHENTICATION_FAILED,CUSTOMER_ACTION,941,20,11,31,0.6452,0.35,0.45,friction_prone,0.3548,0.6452,growth,568.27,monthly,UPDATE_PAYMENT_METHOD,0.7244845490296803,3.0,411.7028346770964,408.7028346770964,1
FAIL_002620,PAY_016129,CUST_0942,SUB_0942,568.27,2024-05-01,AUTHENTICATION_FAILED,CUSTOMER_ACTION,941,20,11,31,0.6452,0.35,0.45,friction_prone,0.3548,0.6452,growth,568.27,monthly,PAYMENT_LINK,0.6655766809145142,3.0,378.227260463291,375.227260463291,2
FAIL_002620,PAY_016129,CUST_0942,SUB_0942,568.27,2024-05-01,AUTHENTICATION_FAILED,CUSTOMER_ACTION,941,20,11,31,0.6452,0.35,0.45,friction_prone,0.3548,0.6452,growth,568.27,monthly,SEND_REMINDER,0.43158798858468017,1.0,245.2585062730162,244.2585062730162,3
FAIL_002620,PAY_016129,CUST_0942,SUB_0942,568.27,2024-05-01,AUTHENTICATION_FAILED,CUSTOMER_ACTION,941,20,11,31,0.6452,0.35,0.45,friction_prone,0.3548,0.6452,growth,568.27,monthly,WAIT_AND_RETRY,0.2566436423822012,2.0,145.84288265653348,143.84288265653348,4
FAIL_002620,PAY_016129,CUST_0942,SUB_0942,568.27,2024-05-01,AUTHENTICATION_FAILED,CUSTOMER_ACTION,941,20,11,31,0.6452,0.35,0.45,friction_prone,0.3548,0.6452,growth,568.27,monthly,RETRY_NOW,0.04446878164004742,2.0,25.270274542589746,23.270274542589746,5
FAIL_002620,PAY_016129,CUST_0942,SUB_0942,568.27,2024-05-01,AUTHENTICATION_FAILED,CUSTOMER_ACTION,941,20,11,31,0.6452,0.35,0.45,friction_prone,0.3548,0.6452,growth,568.27,monthly,STOP,0.0,0.0,0.0,0.0,6
FAIL_002622,PAY_016132,CUST_0942,SUB_0942,568.27,2024-07-30,BANK_DECLINED,ISSUER_DECLINE,941,20,11,31,0.6452,0.35,0.45,friction_prone,0.3548,0.6452,growth,568.27,monthly,PAYMENT_LINK,0.6501564533121666,3.0,369.46440772370494,366.46440772370494,1
FAIL_002622,PAY_016132,CUST_0942,SUB_0942,568.27,2024-07-30,BANK_DECLINED,ISSUER_DECLINE,941,20,11,31,0.6452,0.35,0.45,friction_prone,0.3548,0.6452,growth,568.27,monthly,WAIT_AND_RETRY,0.6171152649375371,2.0,350.6880916060542,348.6880916060542,2
FAIL_002622,PAY_016132,CUST_0942,SUB_0942,568.27,2024-07-30,BANK_DECLINED,ISSUER_DECLINE,941,20,11,31,0.6452,0.35,0.45,friction_prone,0.3548,0.6452,growth,568.27,monthly,UPDATE_PAYMENT_METHOD,0.39640357764236317,3.0,225.26426106682572,222.26426106682572,3
FAIL_002622,PAY_016132,CUST_0942,SUB_0942,568.27,2024-07-30,BANK_DECLINED,ISSUER_DECLINE,941,20,11,31,0.6452,0.35,0.45,friction_prone,0.3548,0.6452,growth,568.27,monthly,SEND_REMINDER,0.33477996693571954,1.0,190.24541181056134,189.24541181056134,4
FAIL_002622,PAY_016132,CUST_0942,SUB_0942,568.27,2024-07-30,BANK_DECLINED,ISSUER_DECLINE,941,20,11,31,0.6452,0.35,0.45,friction_prone,0.3548,0.6452,growth,568.27,monthly,RETRY_NOW,0.3235338464598064,2.0,183.85457892771416,181.85457892771416,5
FAIL_002622,PAY_016132,CUST_0942,SUB_0942,568.27,2024-07-30,BANK_DECLINED,ISSUER_DECLINE,941,20,11,31,0.6452,0.35,0.45,friction_prone,0.3548,0.6452,growth,568.27,monthly,STOP,0.0,0.0,0.0,0.0,6
FAIL_002624,PAY_016134,CUST_0942,SUB_0942,568.27,2024-09-28,BANK_DECLINED,ISSUER_DECLINE,941,20,11,31,0.6452,0.35,0.45,friction_prone,0.3548,0.6452,growth,568.27,monthly,PAYMENT_LINK,0.6501564533121666,3.0,369.46440772370494,366.46440772370494,1
FAIL_002624,PAY_016134,CUST_0942,SUB_0942,568.27,2024-09-28,BANK_DECLINED,ISSUER_DECLINE,941,20,11,31,0.6452,0.35,0.45,friction_prone,0.3548,0.6452,growth,568.27,monthly,WAIT_AND_RETRY,0.6171152649375371,2.0,350.6880916060542,348.6880916060542,2
FAIL_002624,PAY_016134,CUST_0942,SUB_0942,568.27,2024-09-28,BANK_DECLINED,ISSUER_DECLINE,941,20,11,31,0.6452,0.35,0.45,friction_prone,0.3548,0.6452,growth,568.27,monthly,UPDATE_PAYMENT_METHOD,0.39640357764236317,3.0,225.26426106682572,222.26426106682572,3
FAIL_002624,PAY_016134,CUST_0942,SUB_0942,568.27,2024-09-28,BANK_DECLINED,ISSUER_DECLINE,941,20,11,31,0.6452,0.35,0.45,friction_prone,0.3548,0.6452,growth,568.27,monthly,SEND_REMINDER,0.33477996693571954,1.0,190.24541181056134,189.24541181056134,4
FAIL_002624,PAY_016134,CUST_0942,SUB_0942,568.27,2024-09-28,BANK_DECLINED,ISSUER_DECLINE,941,20,11,31,0.6452,0.35,0.45,friction_prone,0.3548,0.6452,growth,568.27,monthly,RETRY_NOW,0.3235338464598064,2.0,183.85457892771416,181.85457892771416,5
FAIL_002624,PAY_016134,CUST_0942,SUB_0942,568.27,2024-09-28,BANK_DECLINED,ISSUER_DECLINE,941,20,11,31,0.6452,0.35,0.45,friction_prone,0.3548,0.6452,growth,568.27,monthly,STOP,0.0,0.0,0.0,0.0,6
FAIL_002626,PAY_016140,CUST_0942,SUB_0942,568.27,2025-03-27,BANK_DECLINED,ISSUER_DECLINE,941,20,11,31,0.6452,0.35,0.45,friction_prone,0.3548,0.6452,growth,568.27,monthly,PAYMENT_LINK,0.6501564533121666,3.0,369.46440772370494,366.46440772370494,1
FAIL_002626,PAY_016140,CUST_0942,SUB_0942,568.27,2025-03-27,BANK_DECLINED,ISSUER_DECLINE,941,20,11,31,0.6452,0.35,0.45,friction_prone,0.3548,0.6452,growth,568.27,monthly,WAIT_AND_RETRY,0.6171152649375371,2.0,350.6880916060542,348.6880916060542,2
FAIL_002626,PAY_016140,CUST_0942,SUB_0942,568.27,2025-03-27,BANK_DECLINED,ISSUER_DECLINE,941,20,11,31,0.6452,0.35,0.45,friction_prone,0.3548,0.6452,growth,568.27,monthly,UPDATE_PAYMENT_METHOD,0.39640357764236317,3.0,225.26426106682572,222.26426106682572,3
FAIL_002626,PAY_016140,CUST_0942,SUB_0942,568.27,2025-03-27,BANK_DECLINED,ISSUER_DECLINE,941,20,11,31,0.6452,0.35,0.45,friction_prone,0.3548,0.6452,growth,568.27,monthly,SEND_REMINDER,0.33477996693571954,1.0,190.24541181056134,189.24541181056134,4
FAIL_002626,PAY_016140,CUST_0942,SUB_0942,568.27,2025-03-27,BANK_DECLINED,ISSUER_DECLINE,941,20,11,31,0.6452,0.35,0.45,friction_prone,0.3548,0.6452,growth,568.27,monthly,RETRY_NOW,0.3235338464598064,2.0,183.85457892771416,181.85457892771416,5
FAIL_002626,PAY_016140,CUST_0942,SUB_0942,568.27,2025-03-27,BANK_DECLINED,ISSUER_DECLINE,941,20,11,31,0.6452,0.35,0.45,friction_prone,0.3548,0.6452,growth,568.27,monthly,STOP,0.0,0.0,0.0,0.0,6
FAIL_002630,PAY_016150,CUST_0942,SUB_0942,568.27,2026-01-21,INSUFFICIENT_FUNDS,CUSTOMER_FINANCIAL,941,20,11,31,0.6452,0.35,0.45,friction_prone,0.3548,0.6452,growth,568.27,monthly,WAIT_AND_RETRY,0.7788904685789336,2.0,442.6200865793506,440.6200865793506,1
FAIL_002630,PAY_016150,CUST_0942,SUB_0942,568.27,2026-01-21,INSUFFICIENT_FUNDS,CUSTOMER_FINANCIAL,941,20,11,31,0.6452,0.35,0.45,friction_prone,0.3548,0.6452,growth,568.27,monthly,PAYMENT_LINK,0.5656234848764605,3.0,321.4268577507462,318.4268577507462,2
FAIL_002630,PAY_016150,CUST_0942,SUB_0942,568.27,2026-01-21,INSUFFICIENT_FUNDS,CUSTOMER_FINANCIAL,941,20,11,31,0.6452,0.35,0.45,friction_prone,0.3548,0.6452,growth,568.27,monthly,UPDATE_PAYMENT_METHOD,0.4185144511556938,3.0,237.8292071582461,234.8292071582461,3
FAIL_002630,PAY_016150,CUST_0942,SUB_0942,568.27,2026-01-21,INSUFFICIENT_FUNDS,CUSTOMER_FINANCIAL,941,20,11,31,0.6452,0.35,0.45,friction_prone,0.3548,0.6452,growth,568.27,monthly,RETRY_NOW,0.3489215943071713,2.0,198.2816743969362,196.2816743969362,4
FAIL_002630,PAY_016150,CUST_0942,SUB_0942,568.27,2026-01-21,INSUFFICIENT_FUNDS,CUSTOMER_FINANCIAL,941,20,11,31,0.6452,0.35,0.45,friction_prone,0.3548,0.6452,growth,568.27,monthly,SEND_REMINDER,0.33857053684562116,1.0,192.39947897326113,191.39947897326113,5
FAIL_002630,PAY_016150,CUST_0942,SUB_0942,568.27,2026-01-21,INSUFFICIENT_FUNDS,CUSTOMER_FINANCIAL,941,20,11,31,0.6452,0.35,0.45,friction_prone,0.3548,0.6452,growth,568.27,monthly,STOP,0.0,0.0,0.0,0.0,6
FAIL_002634,PAY_016214,CUST_0947,SUB_0947,773.95,2024-09-01,CARD_EXPIRED,PAYMENT_METHOD,818,21,6,27,0.7778,0.3,0.25,low_engagement,0.2222,0.7778,growth,773.95,monthly,UPDATE_PAYMENT_METHOD,0.7331548329569473,3.0,567.4251829670294,564.4251829670294,1
FAIL_002634,PAY_016214,CUST_0947,SUB_0947,773.95,2024-09-01,CARD_EXPIRED,PAYMENT_METHOD,818,21,6,27,0.7778,0.3,0.25,low_engagement,0.2222,0.7778,growth,773.95,monthly,PAYMENT_LINK,0.4333579134891793,3.0,335.3973571449503,332.3973571449503,2
FAIL_002634,PAY_016214,CUST_0947,SUB_0947,773.95,2024-09-01,CARD_EXPIRED,PAYMENT_METHOD,818,21,6,27,0.7778,0.3,0.25,low_engagement,0.2222,0.7778,growth,773.95,monthly,SEND_REMINDER,0.10787238801096151,1.0,83.48783470108367,82.48783470108367,3
FAIL_002634,PAY_016214,CUST_0947,SUB_0947,773.95,2024-09-01,CARD_EXPIRED,PAYMENT_METHOD,818,21,6,27,0.7778,0.3,0.25,low_engagement,0.2222,0.7778,growth,773.95,monthly,RETRY_NOW,0.061376376794929646,2.0,47.5022468204358,45.5022468204358,4
FAIL_002634,PAY_016214,CUST_0947,SUB_0947,773.95,2024-09-01,CARD_EXPIRED,PAYMENT_METHOD,818,21,6,27,0.7778,0.3,0.25,low_engagement,0.2222,0.7778,growth,773.95,monthly,WAIT_AND_RETRY,0.03624343636645831,2.0,28.05060757582041,26.05060757582041,5
FAIL_002634,PAY_016214,CUST_0947,SUB_0947,773.95,2024-09-01,CARD_EXPIRED,PAYMENT_METHOD,818,21,6,27,0.7778,0.3,0.25,low_engagement,0.2222,0.7778,growth,773.95,monthly,STOP,0.0,0.0,0.0,0.0,6
FAIL_002640,PAY_016232,CUST_0947,SUB_0947,773.95,2026-02-23,INSUFFICIENT_FUNDS,CUSTOMER_FINANCIAL,818,21,6,27,0.7778,0.3,0.25,low_engagement,0.2222,0.7778,growth,773.95,monthly,WAIT_AND_RETRY,0.7549012843959828,2.0,584.2558490582709,582.2558490582709,1
FAIL_002640,PAY_016232,CUST_0947,SUB_0947,773.95,2026-02-23,INSUFFICIENT_FUNDS,CUSTOMER_FINANCIAL,818,21,6,27,0.7778,0.3,0.25,low_engagement,0.2222,0.7778,growth,773.95,monthly,PAYMENT_LINK,0.5344576355986749,3.0,413.64348707159445,410.64348707159445,2
FAIL_002640,PAY_016232,CUST_0947,SUB_0947,773.95,2026-02-23,INSUFFICIENT_FUNDS,CUSTOMER_FINANCIAL,818,21,6,27,0.7778,0.3,0.25,low_engagement,0.2222,0.7778,growth,773.95,monthly,SEND_REMINDER,0.3786394513883764,1.0,293.04800340203394,292.04800340203394,3
FAIL_002640,PAY_016232,CUST_0947,SUB_0947,773.95,2026-02-23,INSUFFICIENT_FUNDS,CUSTOMER_FINANCIAL,818,21,6,27,0.7778,0.3,0.25,low_engagement,0.2222,0.7778,growth,773.95,monthly,RETRY_NOW,0.254082655971827,2.0,196.64727158939553,194.64727158939553,4
FAIL_002640,PAY_016232,CUST_0947,SUB_0947,773.95,2026-02-23,INSUFFICIENT_FUNDS,CUSTOMER_FINANCIAL,818,21,6,27,0.7778,0.3,0.25,low_engagement,0.2222,0.7778,growth,773.95,monthly,UPDATE_PAYMENT_METHOD,0.1330481702007411,3.0,102.97263132686359,99.97263132686359,5
FAIL_002640,PAY_016232,CUST_0947,SUB_0947,773.95,2026-02-23,INSUFFICIENT_FUNDS,CUSTOMER_FINANCIAL,818,21,6,27,0.7778,0.3,0.25,low_engagement,0.2222,0.7778,growth,773.95,monthly,STOP,0.0,0.0,0.0,0.0,6
FAIL_002641,PAY_016266,CUST_0949,SUB_0949,974.33,2024-08-20,INSUFFICIENT_FUNDS,CUSTOMER_FINANCIAL,830,22,5,27,0.8148,0.3,0.25,low_engagement,0.1852,0.8148,starter,974.33,monthly,WAIT_AND_RETRY,0.7201707942231377,2.0,701.6840099354298,699.6840099354298,1
FAIL_002641,PAY_016266,CUST_0949,SUB_0949,974.33,2024-08-20,INSUFFICIENT_FUNDS,CUSTOMER_FINANCIAL,830,22,5,27,0.8148,0.3,0.25,low_engagement,0.1852,0.8148,starter,974.33,monthly,PAYMENT_LINK,0.5579572805100207,3.0,543.6345171193285,540.6345171193285,2
FAIL_002641,PAY_016266,CUST_0949,SUB_0949,974.33,2024-08-20,INSUFFICIENT_FUNDS,CUSTOMER_FINANCIAL,830,22,5,27,0.8148,0.3,0.25,low_engagement,0.1852,0.8148,starter,974.33,monthly,SEND_REMINDER,0.5345929431239,1.0,520.8699422739096,519.8699422739096,3
FAIL_002641,PAY_016266,CUST_0949,SUB_0949,974.33,2024-08-20,INSUFFICIENT_FUNDS,CUSTOMER_FINANCIAL,830,22,5,27,0.8148,0.3,0.25,low_engagement,0.1852,0.8148,starter,974.33,monthly,RETRY_NOW,0.30780553619894147,2.0,299.9041680847146,297.9041680847146,4
FAIL_002641,PAY_016266,CUST_0949,SUB_0949,974.33,2024-08-20,INSUFFICIENT_FUNDS,CUSTOMER_FINANCIAL,830,22,5,27,0.8148,0.3,0.25,low_engagement,0.1852,0.8148,starter,974.33,monthly,UPDATE_PAYMENT_METHOD,0.21060975641816962,3.0,205.20340397091522,202.20340397091522,5
FAIL_002641,PAY_016266,CUST_0949,SUB_0949,974.33,2024-08-20,INSUFFICIENT_FUNDS,CUSTOMER_FINANCIAL,830,22,5,27,0.8148,0.3,0.25,low_engagement,0.1852,0.8148,starter,974.33,monthly,STOP,0.0,0.0,0.0,0.0,6
FAIL_002652,PAY_016358,CUST_0955,SUB_0955,319.2,2024-12-30,INSUFFICIENT_FUNDS,CUSTOMER_FINANCIAL,788,19,7,26,0.7308,0.3,0.25,low_engagement,0.2692,0.7308,starter,319.2,monthly,WAIT_AND_RETRY,0.7545141256037237,2.0,240.8409088927086,238.8409088927086,1
FAIL_002652,PAY_016358,CUST_0955,SUB_0955,319.2,2024-12-30,INSUFFICIENT_FUNDS,CUSTOMER_FINANCIAL,788,19,7,26,0.7308,0.3,0.25,low_engagement,0.2692,0.7308,starter,319.2,monthly,PAYMENT_LINK,0.5345439675738424,3.0,170.62643444957047,167.62643444957047,2
FAIL_002652,PAY_016358,CUST_0955,SUB_0955,319.2,2024-12-30,INSUFFICIENT_FUNDS,CUSTOMER_FINANCIAL,788,19,7,26,0.7308,0.3,0.25,low_engagement,0.2692,0.7308,starter,319.2,monthly,SEND_REMINDER,0.48567121718602974,1.0,155.02625252578068,154.02625252578068,3
FAIL_002652,PAY_016358,CUST_0955,SUB_0955,319.2,2024-12-30,INSUFFICIENT_FUNDS,CUSTOMER_FINANCIAL,788,19,7,26,0.7308,0.3,0.25,low_engagement,0.2692,0.7308,starter,319.2,monthly,RETRY_NOW,0.29841156215836634,2.0,95.25297064095054,93.25297064095054,4
FAIL_002652,PAY_016358,CUST_0955,SUB_0955,319.2,2024-12-30,INSUFFICIENT_FUNDS,CUSTOMER_FINANCIAL,788,19,7,26,0.7308,0.3,0.25,low_engagement,0.2692,0.7308,starter,319.2,monthly,UPDATE_PAYMENT_METHOD,0.14234956221135558,3.0,45.4379802578647,42.4379802578647,5
FAIL_002652,PAY_016358,CUST_0955,SUB_0955,319.2,2024-12-30,INSUFFICIENT_FUNDS,CUSTOMER_FINANCIAL,788,19,7,26,0.7308,0.3,0.25,low_engagement,0.2692,0.7308,starter,319.2,monthly,STOP,0.0,0.0,0.0,0.0,6
FAIL_002655,PAY_016362,CUST_0955,SUB_0955,319.2,2025-04-29,INSUFFICIENT_FUNDS,CUSTOMER_FINANCIAL,788,19,7,26,0.7308,0.3,0.25,low_engagement,0.2692,0.7308,starter,319.2,monthly,WAIT_AND_RETRY,0.7545141256037237,2.0,240.8409088927086,238.8409088927086,1
FAIL_002655,PAY_016362,CUST_0955,SUB_0955,319.2,2025-04-29,INSUFFICIENT_FUNDS,CUSTOMER_FINANCIAL,788,19,7,26,0.7308,0.3,0.25,low_engagement,0.2692,0.7308,starter,319.2,monthly,PAYMENT_LINK,0.5345439675738424,3.0,170.62643444957047,167.62643444957047,2
FAIL_002655,PAY_016362,CUST_0955,SUB_0955,319.2,2025-04-29,INSUFFICIENT_FUNDS,CUSTOMER_FINANCIAL,788,19,7,26,0.7308,0.3,0.25,low_engagement,0.2692,0.7308,starter,319.2,monthly,SEND_REMINDER,0.48567121718602974,1.0,155.02625252578068,154.02625252578068,3
FAIL_002655,PAY_016362,CUST_0955,SUB_0955,319.2,2025-04-29,INSUFFICIENT_FUNDS,CUSTOMER_FINANCIAL,788,19,7,26,0.7308,0.3,0.25,low_engagement,0.2692,0.7308,starter,319.2,monthly,RETRY_NOW,0.29841156215836634,2.0,95.25297064095054,93.25297064095054,4
FAIL_002655,PAY_016362,CUST_0955,SUB_0955,319.2,2025-04-29,INSUFFICIENT_FUNDS,CUSTOMER_FINANCIAL,788,19,7,26,0.7308,0.3,0.25,low_engagement,0.2692,0.7308,starter,319.2,monthly,UPDATE_PAYMENT_METHOD,0.14234956221135558,3.0,45.4379802578647,42.4379802578647,5
FAIL_002655,PAY_016362,CUST_0955,SUB_0955,319.2,2025-04-29,INSUFFICIENT_FUNDS,CUSTOMER_FINANCIAL,788,19,7,26,0.7308,0.3,0.25,low_engagement,0.2692,0.7308,starter,319.2,monthly,STOP,0.0,0.0,0.0,0.0,6
FAIL_002656,PAY_016363,CUST_0955,SUB_0955,319.2,2025-05-29,AUTHENTICATION_FAILED,CUSTOMER_ACTION,788,19,7,26,0.7308,0.3,0.25,low_engagement,0.2692,0.7308,starter,319.2,monthly,UPDATE_PAYMENT_METHOD,0.6459772573409592,3.0,206.19594054323417,203.19594054323417,1
FAIL_002656,PAY_016363,CUST_0955,SUB_0955,319.2,2025-05-29,AUTHENTICATION_FAILED,CUSTOMER_ACTION,788,19,7,26,0.7308,0.3,0.25,low_engagement,0.2692,0.7308,starter,319.2,monthly,SEND_REMINDER,0.5604370988361859,1.0,178.89152194851053,177.89152194851053,2
FAIL_002656,PAY_016363,CUST_0955,SUB_0955,319.2,2025-05-29,AUTHENTICATION_FAILED,CUSTOMER_ACTION,788,19,7,26,0.7308,0.3,0.25,low_engagement,0.2692,0.7308,starter,319.2,monthly,PAYMENT_LINK,0.4332326308921762,3.0,138.28785578078262,135.28785578078262,3
FAIL_002656,PAY_016363,CUST_0955,SUB_0955,319.2,2025-05-29,AUTHENTICATION_FAILED,CUSTOMER_ACTION,788,19,7,26,0.7308,0.3,0.25,low_engagement,0.2692,0.7308,starter,319.2,monthly,WAIT_AND_RETRY,0.2482247279580677,2.0,79.2333331642152,77.2333331642152,4
FAIL_002656,PAY_016363,CUST_0955,SUB_0955,319.2,2025-05-29,AUTHENTICATION_FAILED,CUSTOMER_ACTION,788,19,7,26,0.7308,0.3,0.25,low_engagement,0.2692,0.7308,starter,319.2,monthly,RETRY_NOW,0.08116530969301729,2.0,25.907966854011118,23.907966854011118,5
FAIL_002656,PAY_016363,CUST_0955,SUB_0955,319.2,2025-05-29,AUTHENTICATION_FAILED,CUSTOMER_ACTION,788,19,7,26,0.7308,0.3,0.25,low_engagement,0.2692,0.7308,starter,319.2,monthly,STOP,0.0,0.0,0.0,0.0,6
FAIL_002662,PAY_016408,CUST_0958,SUB_0958,1863.63,2024-06-21,INSUFFICIENT_FUNDS,CUSTOMER_FINANCIAL,830,23,4,27,0.8519,0.6,0.6,normal,0.1481,0.8519,pro,1863.63,monthly,WAIT_AND_RETRY,0.8234580213340641,2.0,1534.621072298802,1532.621072298802,1
FAIL_002662,PAY_016408,CUST_0958,SUB_0958,1863.63,2024-06-21,INSUFFICIENT_FUNDS,CUSTOMER_FINANCIAL,830,23,4,27,0.8519,0.6,0.6,normal,0.1481,0.8519,pro,1863.63,monthly,PAYMENT_LINK,0.7293902591897441,3.0,1359.3135687337829,1356.3135687337829,2
FAIL_002662,PAY_016408,CUST_0958,SUB_0958,1863.63,2024-06-21,INSUFFICIENT_FUNDS,CUSTOMER_FINANCIAL,830,23,4,27,0.8519,0.6,0.6,normal,0.1481,0.8519,pro,1863.63,monthly,SEND_REMINDER,0.6270823780293844,1.0,1168.6495321669017,1167.6495321669017,3
FAIL_002662,PAY_016408,CUST_0958,SUB_0958,1863.63,2024-06-21,INSUFFICIENT_FUNDS,CUSTOMER_FINANCIAL,830,23,4,27,0.8519,0.6,0.6,normal,0.1481,0.8519,pro,1863.63,monthly,RETRY_NOW,0.4356708138945273,2.0,811.9291988982579,809.9291988982579,4
FAIL_002662,PAY_016408,CUST_0958,SUB_0958,1863.63,2024-06-21,INSUFFICIENT_FUNDS,CUSTOMER_FINANCIAL,830,23,4,27,0.8519,0.6,0.6,normal,0.1481,0.8519,pro,1863.63,monthly,UPDATE_PAYMENT_METHOD,0.3346917901978807,3.0,623.7416609664765,620.7416609664765,5
FAIL_002662,PAY_016408,CUST_0958,SUB_0958,1863.63,2024-06-21,INSUFFICIENT_FUNDS,CUSTOMER_FINANCIAL,830,23,4,27,0.8519,0.6,0.6,normal,0.1481,0.8519,pro,1863.63,monthly,STOP,0.0,0.0,0.0,0.0,6
FAIL_002667,PAY_016439,CUST_0959,SUB_0959,1165.14,2025-08-24,INSUFFICIENT_FUNDS,CUSTOMER_FINANCIAL,521,15,2,17,0.8824,0.3,0.25,low_engagement,0.1176,0.8824,growth,1165.14,monthly,WAIT_AND_RETRY,0.6892787067240762,2.0,803.1061923524902,801.1061923524902,1
FAIL_002667,PAY_016439,CUST_0959,SUB_0959,1165.14,2025-08-24,INSUFFICIENT_FUNDS,CUSTOMER_FINANCIAL,521,15,2,17,0.8824,0.3,0.25,low_engagement,0.1176,0.8824,growth,1165.14,monthly,PAYMENT_LINK,0.4172239021665782,3.0,486.12425737036693,483.12425737036693,2
FAIL_002667,PAY_016439,CUST_0959,SUB_0959,1165.14,2025-08-24,INSUFFICIENT_FUNDS,CUSTOMER_FINANCIAL,521,15,2,17,0.8824,0.3,0.25,low_engagement,0.1176,0.8824,growth,1165.14,monthly,RETRY_NOW,0.3705886814648382,2.0,431.7876963219416,429.7876963219416,3
FAIL_002667,PAY_016439,CUST_0959,SUB_0959,1165.14,2025-08-24,INSUFFICIENT_FUNDS,CUSTOMER_FINANCIAL,521,15,2,17,0.8824,0.3,0.25,low_engagement,0.1176,0.8824,growth,1165.14,monthly,SEND_REMINDER,0.26969175086685215,1.0,314.22864660500414,313.22864660500414,4
FAIL_002667,PAY_016439,CUST_0959,SUB_0959,1165.14,2025-08-24,INSUFFICIENT_FUNDS,CUSTOMER_FINANCIAL,521,15,2,17,0.8824,0.3,0.25,low_engagement,0.1176,0.8824,growth,1165.14,monthly,UPDATE_PAYMENT_METHOD,0.09864208199708074,3.0,114.93183541807866,111.93183541807866,5
FAIL_002667,PAY_016439,CUST_0959,SUB_0959,1165.14,2025-08-24,INSUFFICIENT_FUNDS,CUSTOMER_FINANCIAL,521,15,2,17,0.8824,0.3,0.25,low_engagement,0.1176,0.8824,growth,1165.14,monthly,STOP,0.0,0.0,0.0,0.0,6
FAIL_002668,PAY_016491,CUST_0964,SUB_0964,1091.43,2024-05-23,BANK_DECLINED,ISSUER_DECLINE,859,16,12,28,0.5714,0.35,0.45,friction_prone,0.4286,0.5714,pro,1091.43,monthly,WAIT_AND_RETRY,0.5865786222970202,2.0,640.2095057336368,638.2095057336368,1
FAIL_002668,PAY_016491,CUST_0964,SUB_0964,1091.43,2024-05-23,BANK_DECLINED,ISSUER_DECLINE,859,16,12,28,0.5714,0.35,0.45,friction_prone,0.4286,0.5714,pro,1091.43,monthly,PAYMENT_LINK,0.5835527480388841,3.0,636.9069757920794,633.9069757920794,2
FAIL_002668,PAY_016491,CUST_0964,SUB_0964,1091.43,2024-05-23,BANK_DECLINED,ISSUER_DECLINE,859,16,12,28,0.5714,0.35,0.45,friction_prone,0.4286,0.5714,pro,1091.43,monthly,SEND_REMINDER,0.42182672190005194,1.0,460.3943390833737,459.3943390833737,3
FAIL_002668,PAY_016491,CUST_0964,SUB_0964,1091.43,2024-05-23,BANK_DECLINED,ISSUER_DECLINE,859,16,12,28,0.5714,0.35,0.45,friction_prone,0.4286,0.5714,pro,1091.43,monthly,UPDATE_PAYMENT_METHOD,0.2945926070677713,3.0,321.52720913197766,318.52720913197766,4
FAIL_002668,PAY_016491,CUST_0964,SUB_0964,1091.43,2024-05-23,BANK_DECLINED,ISSUER_DECLINE,859,16,12,28,0.5714,0.35,0.45,friction_prone,0.4286,0.5714,pro,1091.43,monthly,RETRY_NOW,0.17250390521306283,2.0,188.27593726669318,186.27593726669318,5
FAIL_002668,PAY_016491,CUST_0964,SUB_0964,1091.43,2024-05-23,BANK_DECLINED,ISSUER_DECLINE,859,16,12,28,0.5714,0.35,0.45,friction_prone,0.4286,0.5714,pro,1091.43,monthly,STOP,0.0,0.0,0.0,0.0,6
FAIL_002678,PAY_016511,CUST_0964,SUB_0964,1091.43,2026-01-13,LIMIT_EXCEEDED,PAYMENT_LIMIT,859,16,12,28,0.5714,0.35,0.45,friction_prone,0.4286,0.5714,pro,1091.43,monthly,PAYMENT_LINK,0.6566488403127948,3.0,716.6862437825937,713.6862437825937,1
FAIL_002678,PAY_016511,CUST_0964,SUB_0964,1091.43,2026-01-13,LIMIT_EXCEEDED,PAYMENT_LIMIT,859,16,12,28,0.5714,0.35,0.45,friction_prone,0.4286,0.5714,pro,1091.43,monthly,UPDATE_PAYMENT_METHOD,0.5093779461271545,3.0,555.9503717415603,552.9503717415603,2
FAIL_002678,PAY_016511,CUST_0964,SUB_0964,1091.43,2026-01-13,LIMIT_EXCEEDED,PAYMENT_LIMIT,859,16,12,28,0.5714,0.35,0.45,friction_prone,0.4286,0.5714,pro,1091.43,monthly,WAIT_AND_RETRY,0.3046074332194126,2.0,332.4576908386635,330.4576908386635,3
FAIL_002678,PAY_016511,CUST_0964,SUB_0964,1091.43,2026-01-13,LIMIT_EXCEEDED,PAYMENT_LIMIT,859,16,12,28,0.5714,0.35,0.45,friction_prone,0.4286,0.5714,pro,1091.43,monthly,SEND_REMINDER,0.17410899849641165,1.0,190.02778422893857,189.02778422893857,4
FAIL_002678,PAY_016511,CUST_0964,SUB_0964,1091.43,2026-01-13,LIMIT_EXCEEDED,PAYMENT_LIMIT,859,16,12,28,0.5714,0.35,0.45,friction_prone,0.4286,0.5714,pro,1091.43,monthly,RETRY_NOW,0.12785387360482245,2.0,139.54355326851137,137.54355326851137,5
FAIL_002678,PAY_016511,CUST_0964,SUB_0964,1091.43,2026-01-13,LIMIT_EXCEEDED,PAYMENT_LIMIT,859,16,12,28,0.5714,0.35,0.45,friction_prone,0.4286,0.5714,pro,1091.43,monthly,STOP,0.0,0.0,0.0,0.0,6
FAIL_002685,PAY_016528,CUST_0965,SUB_0965,817.6,2025-02-12,INSUFFICIENT_FUNDS,CUSTOMER_FINANCIAL,864,25,3,28,0.8929,0.6,0.6,normal,0.1071,0.8929,starter,817.6,monthly,WAIT_AND_RETRY,0.7423651139496688,2.0,606.9577171652492,604.9577171652492,1
FAIL_002685,PAY_016528,CUST_0965,SUB_0965,817.6,2025-02-12,INSUFFICIENT_FUNDS,CUSTOMER_FINANCIAL,864,25,3,28,0.8929,0.6,0.6,normal,0.1071,0.8929,starter,817.6,monthly,PAYMENT_LINK,0.6200892770010643,3.0,506.9849928760702,503.9849928760702,2
FAIL_002685,PAY_016528,CUST_0965,SUB_0965,817.6,2025-02-12,INSUFFICIENT_FUNDS,CUSTOMER_FINANCIAL,864,25,3,28,0.8929,0.6,0.6,normal,0.1071,0.8929,starter,817.6,monthly,SEND_REMINDER,0.5896334802930443,1.0,482.084333487593,481.084333487593,3
FAIL_002685,PAY_016528,CUST_0965,SUB_0965,817.6,2025-02-12,INSUFFICIENT_FUNDS,CUSTOMER_FINANCIAL,864,25,3,28,0.8929,0.6,0.6,normal,0.1071,0.8929,starter,817.6,monthly,UPDATE_PAYMENT_METHOD,0.388253266870482,3.0,317.4358709933061,314.4358709933061,4
FAIL_002685,PAY_016528,CUST_0965,SUB_0965,817.6,2025-02-12,INSUFFICIENT_FUNDS,CUSTOMER_FINANCIAL,864,25,3,28,0.8929,0.6,0.6,normal,0.1071,0.8929,starter,817.6,monthly,RETRY_NOW,0.2939774019334151,2.0,240.35592382076018,238.35592382076018,5
FAIL_002685,PAY_016528,CUST_0965,SUB_0965,817.6,2025-02-12,INSUFFICIENT_FUNDS,CUSTOMER_FINANCIAL,864,25,3,28,0.8929,0.6,0.6,normal,0.1071,0.8929,starter,817.6,monthly,STOP,0.0,0.0,0.0,0.0,6
FAIL_002689,PAY_016559,CUST_0966,SUB_0966,231.48,2025-08-10,AUTHENTICATION_FAILED,CUSTOMER_ACTION,775,17,8,25,0.68,0.3,0.25,low_engagement,0.32,0.68,starter,231.48,monthly,UPDATE_PAYMENT_METHOD,0.6804749317437335,3.0,157.51633720003943,154.51633720003943,1
FAIL_002689,PAY_016559,CUST_0966,SUB_0966,231.48,2025-08-10,AUTHENTICATION_FAILED,CUSTOMER_ACTION,775,17,8,25,0.68,0.3,0.25,low_engagement,0.32,0.68,starter,231.48,monthly,SEND_REMINDER,0.5533714337529873,1.0,128.0944194851415,127.09441948514149,2
FAIL_002689,PAY_016559,CUST_0966,SUB_0966,231.48,2025-08-10,AUTHENTICATION_FAILED,CUSTOMER_ACTION,775,17,8,25,0.68,0.3,0.25,low_engagement,0.32,0.68,starter,231.48,monthly,PAYMENT_LINK,0.23222616122497783,3.0,53.755711800357865,50.755711800357865,3
FAIL_002689,PAY_016559,CUST_0966,SUB_0966,231.48,2025-08-10,AUTHENTICATION_FAILED,CUSTOMER_ACTION,775,17,8,25,0.68,0.3,0.25,low_engagement,0.32,0.68,starter,231.48,monthly,RETRY_NOW,0.217855194724467,2.0,50.42912047481962,48.42912047481962,4
FAIL_002689,PAY_016559,CUST_0966,SUB_0966,231.48,2025-08-10,AUTHENTICATION_FAILED,CUSTOMER_ACTION,775,17,8,25,0.68,0.3,0.25,low_engagement,0.32,0.68,starter,231.48,monthly,WAIT_AND_RETRY,0.2057180457231276,2.0,47.619613223989575,45.619613223989575,5
FAIL_002689,PAY_016559,CUST_0966,SUB_0966,231.48,2025-08-10,AUTHENTICATION_FAILED,CUSTOMER_ACTION,775,17,8,25,0.68,0.3,0.25,low_engagement,0.32,0.68,starter,231.48,monthly,STOP,0.0,0.0,0.0,0.0,6
FAIL_002695,PAY_016595,CUST_0967,SUB_0967,10771.74,2025-12-23,BANK_DECLINED,ISSUER_DECLINE,970,29,3,32,0.9062,0.82,0.9,high_value_loyal,0.0938,0.9062,pro,10771.74,monthly,WAIT_AND_RETRY,0.7661192547488221,2.0,8252.437421148077,8250.437421148077,1
FAIL_002695,PAY_016595,CUST_0967,SUB_0967,10771.74,2025-12-23,BANK_DECLINED,ISSUER_DECLINE,970,29,3,32,0.9062,0.82,0.9,high_value_loyal,0.0938,0.9062,pro,10771.74,monthly,PAYMENT_LINK,0.7125930662346412,3.0,7675.867235282334,7672.867235282334,2
FAIL_002695,PAY_016595,CUST_0967,SUB_0967,10771.74,2025-12-23,BANK_DECLINED,ISSUER_DECLINE,970,29,3,32,0.9062,0.82,0.9,high_value_loyal,0.0938,0.9062,pro,10771.74,monthly,RETRY_NOW,0.3963155640195124,2.0,4269.008213571542,4267.008213571542,3
FAIL_002695,PAY_016595,CUST_0967,SUB_0967,10771.74,2025-12-23,BANK_DECLINED,ISSUER_DECLINE,970,29,3,32,0.9062,0.82,0.9,high_value_loyal,0.0938,0.9062,pro,10771.74,monthly,UPDATE_PAYMENT_METHOD,0.38865251090969705,3.0,4186.46379786642,4183.46379786642,4
FAIL_002695,PAY_016595,CUST_0967,SUB_0967,10771.74,2025-12-23,BANK_DECLINED,ISSUER_DECLINE,970,29,3,32,0.9062,0.82,0.9,high_value_loyal,0.0938,0.9062,pro,10771.74,monthly,SEND_REMINDER,0.16776635979549187,1.0,1807.1356084634915,1806.1356084634915,5
FAIL_002695,PAY_016595,CUST_0967,SUB_0967,10771.74,2025-12-23,BANK_DECLINED,ISSUER_DECLINE,970,29,3,32,0.9062,0.82,0.9,high_value_loyal,0.0938,0.9062,pro,10771.74,monthly,STOP,0.0,0.0,0.0,0.0,6
FAIL_002707,PAY_016677,CUST_0970,SUB_0970,827.8,2025-07-13,AUTHENTICATION_FAILED,CUSTOMER_ACTION,953,24,7,31,0.7742,0.3,0.25,low_engagement,0.2258,0.7742,growth,827.8,monthly,UPDATE_PAYMENT_METHOD,0.7590726330971385,3.0,628.3603256778111,625.3603256778111,1
FAIL_002707,PAY_016677,CUST_0970,SUB_0970,827.8,2025-07-13,AUTHENTICATION_FAILED,CUSTOMER_ACTION,953,24,7,31,0.7742,0.3,0.25,low_engagement,0.2258,0.7742,growth,827.8,monthly,SEND_REMINDER,0.45485816893642517,1.0,376.5315922455727,375.5315922455727,2
FAIL_002707,PAY_016677,CUST_0970,SUB_0970,827.8,2025-07-13,AUTHENTICATION_FAILED,CUSTOMER_ACTION,953,24,7,31,0.7742,0.3,0.25,low_engagement,0.2258,0.7742,growth,827.8,monthly,PAYMENT_LINK,0.4279331050056765,3.0,354.243024323699,351.243024323699,3
FAIL_002707,PAY_016677,CUST_0970,SUB_0970,827.8,2025-07-13,AUTHENTICATION_FAILED,CUSTOMER_ACTION,953,24,7,31,0.7742,0.3,0.25,low_engagement,0.2258,0.7742,growth,827.8,monthly,WAIT_AND_RETRY,0.11996711715184509,2.0,99.30877957829736,97.30877957829736,4
FAIL_002707,PAY_016677,CUST_0970,SUB_0970,827.8,2025-07-13,AUTHENTICATION_FAILED,CUSTOMER_ACTION,953,24,7,31,0.7742,0.3,0.25,low_engagement,0.2258,0.7742,growth,827.8,monthly,RETRY_NOW,0.04633134450279041,2.0,38.3530869794099,36.3530869794099,5
FAIL_002707,PAY_016677,CUST_0970,SUB_0970,827.8,2025-07-13,AUTHENTICATION_FAILED,CUSTOMER_ACTION,953,24,7,31,0.7742,0.3,0.25,low_engagement,0.2258,0.7742,growth,827.8,monthly,STOP,0.0,0.0,0.0,0.0,6
FAIL_002709,PAY_016695,CUST_0971,SUB_0971,401.23,2024-12-21,BANK_DECLINED,ISSUER_DECLINE,767,15,10,25,0.6,0.35,0.45,friction_prone,0.4,0.6,starter,401.23,monthly,PAYMENT_LINK,0.6787795594102928,3.0,272.3467226221918,269.3467226221918,1
FAIL_002709,PAY_016695,CUST_0971,SUB_0971,401.23,2024-12-21,BANK_DECLINED,ISSUER_DECLINE,767,15,10,25,0.6,0.35,0.45,friction_prone,0.4,0.6,starter,401.23,monthly,WAIT_AND_RETRY,0.569584684121247,2.0,228.53446280996792,226.53446280996792,2
FAIL_002709,PAY_016695,CUST_0971,SUB_0971,401.23,2024-12-21,BANK_DECLINED,ISSUER_DECLINE,767,15,10,25,0.6,0.35,0.45,friction_prone,0.4,0.6,starter,401.23,monthly,UPDATE_PAYMENT_METHOD,0.4567888437720973,3.0,183.2773877866786,180.2773877866786,3
FAIL_002709,PAY_016695,CUST_0971,SUB_0971,401.23,2024-12-21,BANK_DECLINED,ISSUER_DECLINE,767,15,10,25,0.6,0.35,0.45,friction_prone,0.4,0.6,starter,401.23,monthly,SEND_REMINDER,0.4487444566608955,1.0,180.04973834605113,179.04973834605113,4
FAIL_002709,PAY_016695,CUST_0971,SUB_0971,401.23,2024-12-21,BANK_DECLINED,ISSUER_DECLINE,767,15,10,25,0.6,0.35,0.45,friction_prone,0.4,0.6,starter,401.23,monthly,RETRY_NOW,0.1851838722573235,2.0,74.30132506580591,72.30132506580591,5
FAIL_002709,PAY_016695,CUST_0971,SUB_0971,401.23,2024-12-21,BANK_DECLINED,ISSUER_DECLINE,767,15,10,25,0.6,0.35,0.45,friction_prone,0.4,0.6,starter,401.23,monthly,STOP,0.0,0.0,0.0,0.0,6
FAIL_002712,PAY_016703,CUST_0971,SUB_0971,401.23,2025-08-18,AUTHENTICATION_FAILED,CUSTOMER_ACTION,767,15,10,25,0.6,0.35,0.45,friction_prone,0.4,0.6,starter,401.23,monthly,UPDATE_PAYMENT_METHOD,0.7927740871484562,3.0,318.0847469865751,315.0847469865751,1
FAIL_002712,PAY_016703,CUST_0971,SUB_0971,401.23,2025-08-18,AUTHENTICATION_FAILED,CUSTOMER_ACTION,767,15,10,25,0.6,0.35,0.45,friction_prone,0.4,0.6,starter,401.23,monthly,PAYMENT_LINK,0.7407039802928626,3.0,297.19265801290527,294.19265801290527,2
FAIL_002712,PAY_016703,CUST_0971,SUB_0971,401.23,2025-08-18,AUTHENTICATION_FAILED,CUSTOMER_ACTION,767,15,10,25,0.6,0.35,0.45,friction_prone,0.4,0.6,starter,401.23,monthly,SEND_REMINDER,0.3830789186414329,1.0,153.70275452650213,152.70275452650213,3
FAIL_002712,PAY_016703,CUST_0971,SUB_0971,401.23,2025-08-18,AUTHENTICATION_FAILED,CUSTOMER_ACTION,767,15,10,25,0.6,0.35,0.45,friction_prone,0.4,0.6,starter,401.23,monthly,WAIT_AND_RETRY,0.08591744179364454,2.0,34.472655170864,32.472655170864,4
FAIL_002712,PAY_016703,CUST_0971,SUB_0971,401.23,2025-08-18,AUTHENTICATION_FAILED,CUSTOMER_ACTION,767,15,10,25,0.6,0.35,0.45,friction_prone,0.4,0.6,starter,401.23,monthly,RETRY_NOW,0.03803142184497561,2.0,15.259347386859567,13.259347386859567,5
FAIL_002712,PAY_016703,CUST_0971,SUB_0971,401.23,2025-08-18,AUTHENTICATION_FAILED,CUSTOMER_ACTION,767,15,10,25,0.6,0.35,0.45,friction_prone,0.4,0.6,starter,401.23,monthly,STOP,0.0,0.0,0.0,0.0,6
FAIL_002736,PAY_016842,CUST_0978,SUB_0978,445.63,2025-04-10,INSUFFICIENT_FUNDS,CUSTOMER_FINANCIAL,897,22,7,29,0.7586,0.35,0.45,friction_prone,0.2414,0.7586,pro,445.63,monthly,PAYMENT_LINK,0.6984792166895605,3.0,311.26329333336884,308.26329333336884,1
FAIL_002736,PAY_016842,CUST_0978,SUB_0978,445.63,2025-04-10,INSUFFICIENT_FUNDS,CUSTOMER_FINANCIAL,897,22,7,29,0.7586,0.35,0.45,friction_prone,0.2414,0.7586,pro,445.63,monthly,WAIT_AND_RETRY,0.6793952128708263,2.0,302.7588887116263,300.7588887116263,2
FAIL_002736,PAY_016842,CUST_0978,SUB_0978,445.63,2025-04-10,INSUFFICIENT_FUNDS,CUSTOMER_FINANCIAL,897,22,7,29,0.7586,0.35,0.45,friction_prone,0.2414,0.7586,pro,445.63,monthly,SEND_REMINDER,0.5911149569647367,1.0,263.41855827219564,262.41855827219564,3
FAIL_002736,PAY_016842,CUST_0978,SUB_0978,445.63,2025-04-10,INSUFFICIENT_FUNDS,CUSTOMER_FINANCIAL,897,22,7,29,0.7586,0.35,0.45,friction_prone,0.2414,0.7586,pro,445.63,monthly,UPDATE_PAYMENT_METHOD,0.33602068583333844,3.0,149.7408982279106,146.7408982279106,4
FAIL_002736,PAY_016842,CUST_0978,SUB_0978,445.63,2025-04-10,INSUFFICIENT_FUNDS,CUSTOMER_FINANCIAL,897,22,7,29,0.7586,0.35,0.45,friction_prone,0.2414,0.7586,pro,445.63,monthly,RETRY_NOW,0.2060054060715456,2.0,91.80218910766287,89.80218910766287,5
FAIL_002736,PAY_016842,CUST_0978,SUB_0978,445.63,2025-04-10,INSUFFICIENT_FUNDS,CUSTOMER_FINANCIAL,897,22,7,29,0.7586,0.35,0.45,friction_prone,0.2414,0.7586,pro,445.63,monthly,STOP,0.0,0.0,0.0,0.0,6
FAIL_002744,PAY_016877,CUST_0981,SUB_0981,622.68,2026-06-16,NETWORK_ERROR,TECHNICAL,315,7,3,10,0.7,0.35,0.45,friction_prone,0.3,0.7,growth,622.68,monthly,RETRY_NOW,0.9303638673878167,2.0,579.3189729450456,577.3189729450456,1
FAIL_002744,PAY_016877,CUST_0981,SUB_0981,622.68,2026-06-16,NETWORK_ERROR,TECHNICAL,315,7,3,10,0.7,0.35,0.45,friction_prone,0.3,0.7,growth,622.68,monthly,WAIT_AND_RETRY,0.8413719762023061,2.0,523.9055021416519,521.9055021416519,2
FAIL_002744,PAY_016877,CUST_0981,SUB_0981,622.68,2026-06-16,NETWORK_ERROR,TECHNICAL,315,7,3,10,0.7,0.35,0.45,friction_prone,0.3,0.7,growth,622.68,monthly,PAYMENT_LINK,0.47850234625777766,3.0,297.953840967793,294.953840967793,3
FAIL_002744,PAY_016877,CUST_0981,SUB_0981,622.68,2026-06-16,NETWORK_ERROR,TECHNICAL,315,7,3,10,0.7,0.35,0.45,friction_prone,0.3,0.7,growth,622.68,monthly,SEND_REMINDER,0.3413954331117843,1.0,212.5801082900458,211.5801082900458,4
FAIL_002744,PAY_016877,CUST_0981,SUB_0981,622.68,2026-06-16,NETWORK_ERROR,TECHNICAL,315,7,3,10,0.7,0.35,0.45,friction_prone,0.3,0.7,growth,622.68,monthly,UPDATE_PAYMENT_METHOD,0.18534650707105138,3.0,115.41156302300226,112.41156302300226,5
FAIL_002744,PAY_016877,CUST_0981,SUB_0981,622.68,2026-06-16,NETWORK_ERROR,TECHNICAL,315,7,3,10,0.7,0.35,0.45,friction_prone,0.3,0.7,growth,622.68,monthly,STOP,0.0,0.0,0.0,0.0,6
FAIL_002747,PAY_016915,CUST_0984,SUB_0984,634.7,2026-07-27,CARD_EXPIRED,PAYMENT_METHOD,334,8,3,11,0.7273,0.3,0.25,low_engagement,0.2727,0.7273,starter,634.7,monthly,UPDATE_PAYMENT_METHOD,0.9172976642724234,3.0,582.2088275137072,579.2088275137072,1
FAIL_002747,PAY_016915,CUST_0984,SUB_0984,634.7,2026-07-27,CARD_EXPIRED,PAYMENT_METHOD,334,8,3,11,0.7273,0.3,0.25,low_engagement,0.2727,0.7273,starter,634.7,monthly,PAYMENT_LINK,0.31169521886326657,3.0,197.8329554125153,194.8329554125153,2
FAIL_002747,PAY_016915,CUST_0984,SUB_0984,634.7,2026-07-27,CARD_EXPIRED,PAYMENT_METHOD,334,8,3,11,0.7273,0.3,0.25,low_engagement,0.2727,0.7273,starter,634.7,monthly,RETRY_NOW,0.09862542891603462,2.0,62.59755973300718,60.59755973300718,3
FAIL_002747,PAY_016915,CUST_0984,SUB_0984,634.7,2026-07-27,CARD_EXPIRED,PAYMENT_METHOD,334,8,3,11,0.7273,0.3,0.25,low_engagement,0.2727,0.7273,starter,634.7,monthly,SEND_REMINDER,0.052898125545425806,1.0,33.57444028368176,32.57444028368176,4
FAIL_002747,PAY_016915,CUST_0984,SUB_0984,634.7,2026-07-27,CARD_EXPIRED,PAYMENT_METHOD,334,8,3,11,0.7273,0.3,0.25,low_engagement,0.2727,0.7273,starter,634.7,monthly,WAIT_AND_RETRY,0.028270558138546977,2.0,17.94332325053577,15.94332325053577,5
FAIL_002747,PAY_016915,CUST_0984,SUB_0984,634.7,2026-07-27,CARD_EXPIRED,PAYMENT_METHOD,334,8,3,11,0.7273,0.3,0.25,low_engagement,0.2727,0.7273,starter,634.7,monthly,STOP,0.0,0.0,0.0,0.0,6
FAIL_002750,PAY_016989,CUST_0988,SUB_0988,747.97,2025-07-25,BANK_DECLINED,ISSUER_DECLINE,581,16,3,19,0.8421,0.3,0.25,low_engagement,0.1579,0.8421,starter,747.97,monthly,WAIT_AND_RETRY,0.57415866377512,2.0,429.45345574387653,427.45345574387653,1
FAIL_002750,PAY_016989,CUST_0988,SUB_0988,747.97,2025-07-25,BANK_DECLINED,ISSUER_DECLINE,581,16,3,19,0.8421,0.3,0.25,low_engagement,0.1579,0.8421,starter,747.97,monthly,PAYMENT_LINK,0.4704558124798482,3.0,351.8868340605521,348.8868340605521,2
FAIL_002750,PAY_016989,CUST_0988,SUB_0988,747.97,2025-07-25,BANK_DECLINED,ISSUER_DECLINE,581,16,3,19,0.8421,0.3,0.25,low_engagement,0.1579,0.8421,starter,747.97,monthly,RETRY_NOW,0.26188065160111007,2.0,195.87887097808232,193.87887097808232,3
FAIL_002750,PAY_016989,CUST_0988,SUB_0988,747.97,2025-07-25,BANK_DECLINED,ISSUER_DECLINE,581,16,3,19,0.8421,0.3,0.25,low_engagement,0.1579,0.8421,starter,747.97,monthly,UPDATE_PAYMENT_METHOD,0.18775901994842542,3.0,140.43811415082376,137.43811415082376,4
FAIL_002750,PAY_016989,CUST_0988,SUB_0988,747.97,2025-07-25,BANK_DECLINED,ISSUER_DECLINE,581,16,3,19,0.8421,0.3,0.25,low_engagement,0.1579,0.8421,starter,747.97,monthly,SEND_REMINDER,0.097553567857318,1.0,72.96714215023815,71.96714215023815,5
FAIL_002750,PAY_016989,CUST_0988,SUB_0988,747.97,2025-07-25,BANK_DECLINED,ISSUER_DECLINE,581,16,3,19,0.8421,0.3,0.25,low_engagement,0.1579,0.8421,starter,747.97,monthly,STOP,0.0,0.0,0.0,0.0,6
FAIL_002751,PAY_016995,CUST_0988,SUB_0988,747.97,2026-01-21,INSUFFICIENT_FUNDS,CUSTOMER_FINANCIAL,581,16,3,19,0.8421,0.3,0.25,low_engagement,0.1579,0.8421,starter,747.97,monthly,WAIT_AND_RETRY,0.7445136755780241,2.0,556.8738939220947,554.8738939220947,1
FAIL_002751,PAY_016995,CUST_0988,SUB_0988,747.97,2026-01-21,INSUFFICIENT_FUNDS,CUSTOMER_FINANCIAL,581,16,3,19,0.8421,0.3,0.25,low_engagement,0.1579,0.8421,starter,747.97,monthly,PAYMENT_LINK,0.5747426756971783,3.0,429.89027914121846,426.89027914121846,2
FAIL_002751,PAY_016995,CUST_0988,SUB_0988,747.97,2026-01-21,INSUFFICIENT_FUNDS,CUSTOMER_FINANCIAL,581,16,3,19,0.8421,0.3,0.25,low_engagement,0.1579,0.8421,starter,747.97,monthly,SEND_REMINDER,0.38432272373332216,1.0,287.461867670813,286.461867670813,3
FAIL_002751,PAY_016995,CUST_0988,SUB_0988,747.97,2026-01-21,INSUFFICIENT_FUNDS,CUSTOMER_FINANCIAL,581,16,3,19,0.8421,0.3,0.25,low_engagement,0.1579,0.8421,starter,747.97,monthly,RETRY_NOW,0.27938642844720696,2.0,208.9726668856574,206.9726668856574,4
FAIL_002751,PAY_016995,CUST_0988,SUB_0988,747.97,2026-01-21,INSUFFICIENT_FUNDS,CUSTOMER_FINANCIAL,581,16,3,19,0.8421,0.3,0.25,low_engagement,0.1579,0.8421,starter,747.97,monthly,UPDATE_PAYMENT_METHOD,0.20642251710091694,3.0,154.39785011597286,151.39785011597286,5
FAIL_002751,PAY_016995,CUST_0988,SUB_0988,747.97,2026-01-21,INSUFFICIENT_FUNDS,CUSTOMER_FINANCIAL,581,16,3,19,0.8421,0.3,0.25,low_engagement,0.1579,0.8421,starter,747.97,monthly,STOP,0.0,0.0,0.0,0.0,6
FAIL_002755,PAY_017007,CUST_0989,SUB_0989,997.84,2026-01-05,LIMIT_EXCEEDED,PAYMENT_LIMIT,387,6,6,12,0.5,0.35,0.45,friction_prone,0.5,0.5,growth,997.84,monthly,UPDATE_PAYMENT_METHOD,0.5076426171913381,3.0,506.5461091382048,503.5461091382048,1
FAIL_002755,PAY_017007,CUST_0989,SUB_0989,997.84,2026-01-05,LIMIT_EXCEEDED,PAYMENT_LIMIT,387,6,6,12,0.5,0.35,0.45,friction_prone,0.5,0.5,growth,997.84,monthly,PAYMENT_LINK,0.44690997609941485,3.0,445.9446505510401,442.9446505510401,2
FAIL_002755,PAY_017007,CUST_0989,SUB_0989,997.84,2026-01-05,LIMIT_EXCEEDED,PAYMENT_LIMIT,387,6,6,12,0.5,0.35,0.45,friction_prone,0.5,0.5,growth,997.84,monthly,WAIT_AND_RETRY,0.2511229188653979,2.0,250.58049336064863,248.58049336064863,3
FAIL_002755,PAY_017007,CUST_0989,SUB_0989,997.84,2026-01-05,LIMIT_EXCEEDED,PAYMENT_LIMIT,387,6,6,12,0.5,0.35,0.45,friction_prone,0.5,0.5,growth,997.84,monthly,SEND_REMINDER,0.15947478994287811,1.0,159.1303243966015,158.1303243966015,4
FAIL_002755,PAY_017007,CUST_0989,SUB_0989,997.84,2026-01-05,LIMIT_EXCEEDED,PAYMENT_LIMIT,387,6,6,12,0.5,0.35,0.45,friction_prone,0.5,0.5,growth,997.84,monthly,RETRY_NOW,0.059763331272945336,2.0,59.63424247739577,57.63424247739577,5
FAIL_002755,PAY_017007,CUST_0989,SUB_0989,997.84,2026-01-05,LIMIT_EXCEEDED,PAYMENT_LIMIT,387,6,6,12,0.5,0.35,0.45,friction_prone,0.5,0.5,growth,997.84,monthly,STOP,0.0,0.0,0.0,0.0,6
FAIL_002760,PAY_017013,CUST_0989,SUB_0989,997.84,2026-07-04,INSUFFICIENT_FUNDS,CUSTOMER_FINANCIAL,387,6,6,12,0.5,0.35,0.45,friction_prone,0.5,0.5,growth,997.84,monthly,WAIT_AND_RETRY,0.6746075158763294,2.0,673.1503636420365,671.1503636420365,1
FAIL_002760,PAY_017013,CUST_0989,SUB_0989,997.84,2026-07-04,INSUFFICIENT_FUNDS,CUSTOMER_FINANCIAL,387,6,6,12,0.5,0.35,0.45,friction_prone,0.5,0.5,growth,997.84,monthly,PAYMENT_LINK,0.6303509518357712,3.0,628.9893937798059,625.9893937798059,2
FAIL_002760,PAY_017013,CUST_0989,SUB_0989,997.84,2026-07-04,INSUFFICIENT_FUNDS,CUSTOMER_FINANCIAL,387,6,6,12,0.5,0.35,0.45,friction_prone,0.5,0.5,growth,997.84,monthly,SEND_REMINDER,0.3395384351767621,1.0,338.80503215678027,337.80503215678027,3
FAIL_002760,PAY_017013,CUST_0989,SUB_0989,997.84,2026-07-04,INSUFFICIENT_FUNDS,CUSTOMER_FINANCIAL,387,6,6,12,0.5,0.35,0.45,friction_prone,0.5,0.5,growth,997.84,monthly,UPDATE_PAYMENT_METHOD,0.16673279644884575,3.0,166.37265360851626,163.37265360851626,4
FAIL_002760,PAY_017013,CUST_0989,SUB_0989,997.84,2026-07-04,INSUFFICIENT_FUNDS,CUSTOMER_FINANCIAL,387,6,6,12,0.5,0.35,0.45,friction_prone,0.5,0.5,growth,997.84,monthly,RETRY_NOW,0.1097002660467634,2.0,109.4633134721024,107.4633134721024,5
FAIL_002760,PAY_017013,CUST_0989,SUB_0989,997.84,2026-07-04,INSUFFICIENT_FUNDS,CUSTOMER_FINANCIAL,387,6,6,12,0.5,0.35,0.45,friction_prone,0.5,0.5,growth,997.84,monthly,STOP,0.0,0.0,0.0,0.0,6
FAIL_002761,PAY_017021,CUST_0990,SUB_0990,1096.67,2025-02-25,BANK_DECLINED,ISSUER_DECLINE,761,21,4,25,0.84,0.6,0.6,normal,0.16,0.84,starter,1096.67,monthly,PAYMENT_LINK,0.5883120452761426,3.0,645.1841706929873,642.1841706929873,1
FAIL_002761,PAY_017021,CUST_0990,SUB_0990,1096.67,2025-02-25,BANK_DECLINED,ISSUER_DECLINE,761,21,4,25,0.84,0.6,0.6,normal,0.16,0.84,starter,1096.67,monthly,WAIT_AND_RETRY,0.5743995826639547,2.0,629.9267903200792,627.9267903200792,2
FAIL_002761,PAY_017021,CUST_0990,SUB_0990,1096.67,2025-02-25,BANK_DECLINED,ISSUER_DECLINE,761,21,4,25,0.84,0.6,0.6,normal,0.16,0.84,starter,1096.67,monthly,SEND_REMINDER,0.44230063773994466,1.0,485.05784039026514,484.05784039026514,3
FAIL_002761,PAY_017021,CUST_0990,SUB_0990,1096.67,2025-02-25,BANK_DECLINED,ISSUER_DECLINE,761,21,4,25,0.84,0.6,0.6,normal,0.16,0.84,starter,1096.67,monthly,RETRY_NOW,0.3180124506833986,2.0,348.7547142909628,346.7547142909628,4
FAIL_002761,PAY_017021,CUST_0990,SUB_0990,1096.67,2025-02-25,BANK_DECLINED,ISSUER_DECLINE,761,21,4,25,0.84,0.6,0.6,normal,0.16,0.84,starter,1096.67,monthly,UPDATE_PAYMENT_METHOD,0.3180526198035292,3.0,348.79876655993644,345.79876655993644,5
FAIL_002761,PAY_017021,CUST_0990,SUB_0990,1096.67,2025-02-25,BANK_DECLINED,ISSUER_DECLINE,761,21,4,25,0.84,0.6,0.6,normal,0.16,0.84,starter,1096.67,monthly,STOP,0.0,0.0,0.0,0.0,6
FAIL_002762,PAY_017023,CUST_0990,SUB_0990,1096.67,2025-04-26,INSUFFICIENT_FUNDS,CUSTOMER_FINANCIAL,761,21,4,25,0.84,0.6,0.6,normal,0.16,0.84,starter,1096.67,monthly,WAIT_AND_RETRY,0.7598274001136349,2.0,833.2799148826201,831.2799148826201,1
FAIL_002762,PAY_017023,CUST_0990,SUB_0990,1096.67,2025-04-26,INSUFFICIENT_FUNDS,CUSTOMER_FINANCIAL,761,21,4,25,0.84,0.6,0.6,normal,0.16,0.84,starter,1096.67,monthly,PAYMENT_LINK,0.7034206790944814,3.0,771.420356142545,768.420356142545,2
FAIL_002762,PAY_017023,CUST_0990,SUB_0990,1096.67,2025-04-26,INSUFFICIENT_FUNDS,CUSTOMER_FINANCIAL,761,21,4,25,0.84,0.6,0.6,normal,0.16,0.84,starter,1096.67,monthly,SEND_REMINDER,0.6089879276446407,1.0,667.8587906100482,666.8587906100482,3
FAIL_002762,PAY_017023,CUST_0990,SUB_0990,1096.67,2025-04-26,INSUFFICIENT_FUNDS,CUSTOMER_FINANCIAL,761,21,4,25,0.84,0.6,0.6,normal,0.16,0.84,starter,1096.67,monthly,UPDATE_PAYMENT_METHOD,0.39374713852552773,3.0,431.8106744067905,428.8106744067905,4
FAIL_002762,PAY_017023,CUST_0990,SUB_0990,1096.67,2025-04-26,INSUFFICIENT_FUNDS,CUSTOMER_FINANCIAL,761,21,4,25,0.84,0.6,0.6,normal,0.16,0.84,starter,1096.67,monthly,RETRY_NOW,0.348557143989169,2.0,382.25216309860195,380.25216309860195,5
FAIL_002762,PAY_017023,CUST_0990,SUB_0990,1096.67,2025-04-26,INSUFFICIENT_FUNDS,CUSTOMER_FINANCIAL,761,21,4,25,0.84,0.6,0.6,normal,0.16,0.84,starter,1096.67,monthly,STOP,0.0,0.0,0.0,0.0,6
FAIL_002769,PAY_017045,CUST_0991,SUB_0991,885.95,2025-10-23,AUTHENTICATION_FAILED,CUSTOMER_ACTION,491,13,3,16,0.8125,0.35,0.45,friction_prone,0.1875,0.8125,growth,885.95,monthly,UPDATE_PAYMENT_METHOD,0.7413861179047634,3.0,656.8310311577252,653.8310311577252,1
FAIL_002769,PAY_017045,CUST_0991,SUB_0991,885.95,2025-10-23,AUTHENTICATION_FAILED,CUSTOMER_ACTION,491,13,3,16,0.8125,0.35,0.45,friction_prone,0.1875,0.8125,growth,885.95,monthly,PAYMENT_LINK,0.6115425379501744,3.0,541.7961114969571,538.7961114969571,2
FAIL_002769,PAY_017045,CUST_0991,SUB_0991,885.95,2025-10-23,AUTHENTICATION_FAILED,CUSTOMER_ACTION,491,13,3,16,0.8125,0.35,0.45,friction_prone,0.1875,0.8125,growth,885.95,monthly,SEND_REMINDER,0.3061386257775366,1.0,271.22351550760857,270.22351550760857,3
FAIL_002769,PAY_017045,CUST_0991,SUB_0991,885.95,2025-10-23,AUTHENTICATION_FAILED,CUSTOMER_ACTION,491,13,3,16,0.8125,0.35,0.45,friction_prone,0.1875,0.8125,growth,885.95,monthly,WAIT_AND_RETRY,0.08268862127519884,2.0,73.25798401876241,71.25798401876241,4
FAIL_002769,PAY_017045,CUST_0991,SUB_0991,885.95,2025-10-23,AUTHENTICATION_FAILED,CUSTOMER_ACTION,491,13,3,16,0.8125,0.35,0.45,friction_prone,0.1875,0.8125,growth,885.95,monthly,RETRY_NOW,0.080256629160744,2.0,71.10336060496115,69.10336060496115,5
FAIL_002769,PAY_017045,CUST_0991,SUB_0991,885.95,2025-10-23,AUTHENTICATION_FAILED,CUSTOMER_ACTION,491,13,3,16,0.8125,0.35,0.45,friction_prone,0.1875,0.8125,growth,885.95,monthly,STOP,0.0,0.0,0.0,0.0,6
FAIL_002772,PAY_017079,CUST_0993,SUB_0993,6771.64,2026-04-01,BANK_DECLINED,ISSUER_DECLINE,361,10,2,12,0.8333,0.82,0.9,high_value_loyal,0.1667,0.8333,pro,6771.64,monthly,PAYMENT_LINK,0.5871089118229696,3.0,3975.6901916568945,3972.6901916568945,1
FAIL_002772,PAY_017079,CUST_0993,SUB_0993,6771.64,2026-04-01,BANK_DECLINED,ISSUER_DECLINE,361,10,2,12,0.8333,0.82,0.9,high_value_loyal,0.1667,0.8333,pro,6771.64,monthly,WAIT_AND_RETRY,0.5803143893706962,2.0,3929.6801316381816,3927.6801316381816,2
FAIL_002772,PAY_017079,CUST_0993,SUB_0993,6771.64,2026-04-01,BANK_DECLINED,ISSUER_DECLINE,361,10,2,12,0.8333,0.82,0.9,high_value_loyal,0.1667,0.8333,pro,6771.64,monthly,UPDATE_PAYMENT_METHOD,0.5451529695480531,3.0,3691.5796547103787,3688.5796547103787,3
FAIL_002772,PAY_017079,CUST_0993,SUB_0993,6771.64,2026-04-01,BANK_DECLINED,ISSUER_DECLINE,361,10,2,12,0.8333,0.82,0.9,high_value_loyal,0.1667,0.8333,pro,6771.64,monthly,SEND_REMINDER,0.4406583947455106,1.0,2983.9800121944895,2982.9800121944895,4
FAIL_002772,PAY_017079,CUST_0993,SUB_0993,6771.64,2026-04-01,BANK_DECLINED,ISSUER_DECLINE,361,10,2,12,0.8333,0.82,0.9,high_value_loyal,0.1667,0.8333,pro,6771.64,monthly,RETRY_NOW,0.2754844173170277,2.0,1865.4812996806777,1863.4812996806777,5
FAIL_002772,PAY_017079,CUST_0993,SUB_0993,6771.64,2026-04-01,BANK_DECLINED,ISSUER_DECLINE,361,10,2,12,0.8333,0.82,0.9,high_value_loyal,0.1667,0.8333,pro,6771.64,monthly,STOP,0.0,0.0,0.0,0.0,6
FAIL_002773,PAY_017095,CUST_0995,SUB_0995,1739.2,2025-07-22,LIMIT_EXCEEDED,PAYMENT_LIMIT,494,11,5,16,0.6875,0.35,0.45,friction_prone,0.3125,0.6875,growth,1739.2,monthly,PAYMENT_LINK,0.6077689926789099,3.0,1057.0318320671602,1054.0318320671602,1
FAIL_002773,PAY_017095,CUST_0995,SUB_0995,1739.2,2025-07-22,LIMIT_EXCEEDED,PAYMENT_LIMIT,494,11,5,16,0.6875,0.35,0.45,friction_prone,0.3125,0.6875,growth,1739.2,monthly,SEND_REMINDER,0.3481931938971999,1.0,605.5776028260101,604.5776028260101,2
FAIL_002773,PAY_017095,CUST_0995,SUB_0995,1739.2,2025-07-22,LIMIT_EXCEEDED,PAYMENT_LIMIT,494,11,5,16,0.6875,0.35,0.45,friction_prone,0.3125,0.6875,growth,1739.2,monthly,UPDATE_PAYMENT_METHOD,0.2960310872621423,3.0,514.8572669663179,511.85726696631787,3
FAIL_002773,PAY_017095,CUST_0995,SUB_0995,1739.2,2025-07-22,LIMIT_EXCEEDED,PAYMENT_LIMIT,494,11,5,16,0.6875,0.35,0.45,friction_prone,0.3125,0.6875,growth,1739.2,monthly,WAIT_AND_RETRY,0.2219498173088265,2.0,386.0151222635111,384.0151222635111,4
FAIL_002773,PAY_017095,CUST_0995,SUB_0995,1739.2,2025-07-22,LIMIT_EXCEEDED,PAYMENT_LIMIT,494,11,5,16,0.6875,0.35,0.45,friction_prone,0.3125,0.6875,growth,1739.2,monthly,RETRY_NOW,0.07867098547094531,2.0,136.8245779310681,134.8245779310681,5
FAIL_002773,PAY_017095,CUST_0995,SUB_0995,1739.2,2025-07-22,LIMIT_EXCEEDED,PAYMENT_LIMIT,494,11,5,16,0.6875,0.35,0.45,friction_prone,0.3125,0.6875,growth,1739.2,monthly,STOP,0.0,0.0,0.0,0.0,6
FAIL_002783,PAY_017131,CUST_0998,SUB_0998,1639.15,2025-04-11,INSUFFICIENT_FUNDS,CUSTOMER_FINANCIAL,896,24,5,29,0.8276,0.6,0.6,normal,0.1724,0.8276,pro,1639.15,monthly,WAIT_AND_RETRY,0.7775216366622302,2.0,1274.4745907348947,1272.4745907348947,1
FAIL_002783,PAY_017131,CUST_0998,SUB_0998,1639.15,2025-04-11,INSUFFICIENT_FUNDS,CUSTOMER_FINANCIAL,896,24,5,29,0.8276,0.6,0.6,normal,0.1724,0.8276,pro,1639.15,monthly,PAYMENT_LINK,0.6761677206279348,3.0,1108.3403192672795,1105.3403192672795,2
FAIL_002783,PAY_017131,CUST_0998,SUB_0998,1639.15,2025-04-11,INSUFFICIENT_FUNDS,CUSTOMER_FINANCIAL,896,24,5,29,0.8276,0.6,0.6,normal,0.1724,0.8276,pro,1639.15,monthly,SEND_REMINDER,0.5695538753623873,1.0,933.5842348002573,932.5842348002573,3
FAIL_002783,PAY_017131,CUST_0998,SUB_0998,1639.15,2025-04-11,INSUFFICIENT_FUNDS,CUSTOMER_FINANCIAL,896,24,5,29,0.8276,0.6,0.6,normal,0.1724,0.8276,pro,1639.15,monthly,RETRY_NOW,0.3606077922647851,2.0,591.0902626908226,589.0902626908226,4
FAIL_002783,PAY_017131,CUST_0998,SUB_0998,1639.15,2025-04-11,INSUFFICIENT_FUNDS,CUSTOMER_FINANCIAL,896,24,5,29,0.8276,0.6,0.6,normal,0.1724,0.8276,pro,1639.15,monthly,UPDATE_PAYMENT_METHOD,0.30102492849174645,3.0,493.42501153724623,490.42501153724623,5
FAIL_002783,PAY_017131,CUST_0998,SUB_0998,1639.15,2025-04-11,INSUFFICIENT_FUNDS,CUSTOMER_FINANCIAL,896,24,5,29,0.8276,0.6,0.6,normal,0.1724,0.8276,pro,1639.15,monthly,STOP,0.0,0.0,0.0,0.0,6
FAIL_002789,PAY_017176,CUST_1000,SUB_1000,307.85,2024-03-25,INSUFFICIENT_FUNDS,CUSTOMER_FINANCIAL,888,21,8,29,0.7241,0.3,0.25,low_engagement,0.2759,0.7241,starter,307.85,monthly,WAIT_AND_RETRY,0.7911207741146421,2.0,243.54653031119258,241.54653031119258,1
FAIL_002789,PAY_017176,CUST_1000,SUB_1000,307.85,2024-03-25,INSUFFICIENT_FUNDS,CUSTOMER_FINANCIAL,888,21,8,29,0.7241,0.3,0.25,low_engagement,0.2759,0.7241,starter,307.85,monthly,PAYMENT_LINK,0.5484739016695143,3.0,168.84769062895998,165.84769062895998,2
FAIL_002789,PAY_017176,CUST_1000,SUB_1000,307.85,2024-03-25,INSUFFICIENT_FUNDS,CUSTOMER_FINANCIAL,888,21,8,29,0.7241,0.3,0.25,low_engagement,0.2759,0.7241,starter,307.85,monthly,RETRY_NOW,0.3322508747338182,2.0,102.28343178680593,100.28343178680593,3
FAIL_002789,PAY_017176,CUST_1000,SUB_1000,307.85,2024-03-25,INSUFFICIENT_FUNDS,CUSTOMER_FINANCIAL,888,21,8,29,0.7241,0.3,0.25,low_engagement,0.2759,0.7241,starter,307.85,monthly,SEND_REMINDER,0.2837529348671394,1.0,87.35334099884886,86.35334099884886,4
FAIL_002789,PAY_017176,CUST_1000,SUB_1000,307.85,2024-03-25,INSUFFICIENT_FUNDS,CUSTOMER_FINANCIAL,888,21,8,29,0.7241,0.3,0.25,low_engagement,0.2759,0.7241,starter,307.85,monthly,UPDATE_PAYMENT_METHOD,0.14569602335684653,3.0,44.85252079040521,41.85252079040521,5
FAIL_002789,PAY_017176,CUST_1000,SUB_1000,307.85,2024-03-25,INSUFFICIENT_FUNDS,CUSTOMER_FINANCIAL,888,21,8,29,0.7241,0.3,0.25,low_engagement,0.2759,0.7241,starter,307.85,monthly,STOP,0.0,0.0,0.0,0.0,6
FAIL_002794,PAY_017200,CUST_1000,SUB_1000,307.85,2026-03-15,INSUFFICIENT_FUNDS,CUSTOMER_FINANCIAL,888,21,8,29,0.7241,0.3,0.25,low_engagement,0.2759,0.7241,starter,307.85,monthly,WAIT_AND_RETRY,0.7911207741146421,2.0,243.54653031119258,241.54653031119258,1
FAIL_002794,PAY_017200,CUST_1000,SUB_1000,307.85,2026-03-15,INSUFFICIENT_FUNDS,CUSTOMER_FINANCIAL,888,21,8,29,0.7241,0.3,0.25,low_engagement,0.2759,0.7241,starter,307.85,monthly,PAYMENT_LINK,0.5484739016695143,3.0,168.84769062895998,165.84769062895998,2
FAIL_002794,PAY_017200,CUST_1000,SUB_1000,307.85,2026-03-15,INSUFFICIENT_FUNDS,CUSTOMER_FINANCIAL,888,21,8,29,0.7241,0.3,0.25,low_engagement,0.2759,0.7241,starter,307.85,monthly,RETRY_NOW,0.3322508747338182,2.0,102.28343178680593,100.28343178680593,3
FAIL_002794,PAY_017200,CUST_1000,SUB_1000,307.85,2026-03-15,INSUFFICIENT_FUNDS,CUSTOMER_FINANCIAL,888,21,8,29,0.7241,0.3,0.25,low_engagement,0.2759,0.7241,starter,307.85,monthly,SEND_REMINDER,0.2837529348671394,1.0,87.35334099884886,86.35334099884886,4
FAIL_002794,PAY_017200,CUST_1000,SUB_1000,307.85,2026-03-15,INSUFFICIENT_FUNDS,CUSTOMER_FINANCIAL,888,21,8,29,0.7241,0.3,0.25,low_engagement,0.2759,0.7241,starter,307.85,monthly,UPDATE_PAYMENT_METHOD,0.14569602335684653,3.0,44.85252079040521,41.85252079040521,5
FAIL_002794,PAY_017200,CUST_1000,SUB_1000,307.85,2026-03-15,INSUFFICIENT_FUNDS,CUSTOMER_FINANCIAL,888,21,8,29,0.7241,0.3,0.25,low_engagement,0.2759,0.7241,starter,307.85,monthly,STOP,0.0,0.0,0.0,0.0,6
