failure_id,payment_id,customer_id,subscription_id,amount,payment_date,failure_reason,failure_category,account_age_days,successful_payments,failed_payments,total_payments,payment_success_rate,historical_recovery_rate,engagement_score,behavior_profile,failure_ratio,payment_reliability,plan,monthly_subscription_value,billing_interval,candidate_action,estimated_recovery_probability,intervention_cost,expected_gross_recovery,expected_net_recovery,rank
FAIL_000002,PAY_000029,CUST_0004,SUB_0004,406.32,2025-10-10,INSUFFICIENT_FUNDS,CUSTOMER_FINANCIAL,744,20,4,24,0.8333,0.6,0.6,normal,0.1667,0.8333,starter,406.32,monthly,PAYMENT_LINK,0.7624076168424005,3.0,309.7814628754042,306.7814628754042,1
FAIL_000003,PAY_000034,CUST_0004,SUB_0004,406.32,2026-03-09,INSUFFICIENT_FUNDS,CUSTOMER_FINANCIAL,744,20,4,24,0.8333,0.6,0.6,normal,0.1667,0.8333,starter,406.32,monthly,PAYMENT_LINK,0.7624076168424005,3.0,309.7814628754042,306.7814628754042,1
FAIL_000007,PAY_000073,CUST_0008,SUB_0008,11574.78,2025-10-24,LIMIT_EXCEEDED,PAYMENT_LIMIT,400,11,2,13,0.8462,0.82,0.9,high_value_loyal,0.1538,0.8462,pro,11574.78,monthly,UPDATE_PAYMENT_METHOD,0.577933035204765,3.0,6689.4477372274105,6686.4477372274105,1
FAIL_000009,PAY_000087,CUST_0009,SUB_0009,2904.8,2025-01-01,BANK_DECLINED,ISSUER_DECLINE,726,23,1,24,0.9583,0.8,0.85,reliable,0.0417,0.9583,pro,2904.8,monthly,WAIT_AND_RETRY,0.6787439791535979,2.0,1971.6155106453712,1969.6155106453712,1
FAIL_000014,PAY_000115,CUST_0011,SUB_0011,1603.39,2026-06-26,INSUFFICIENT_FUNDS,CUSTOMER_FINANCIAL,275,5,4,9,0.5556,0.35,0.45,friction_prone,0.4444,0.5556,pro,1603.39,monthly,PAYMENT_LINK,0.62764004485778,3.0,1006.3517715245159,1003.3517715245159,1
FAIL_000015,PAY_000116,CUST_0011,SUB_0011,1603.39,2026-07-26,BANK_DECLINED,ISSUER_DECLINE,275,5,4,9,0.5556,0.35,0.45,friction_prone,0.4444,0.5556,pro,1603.39,monthly,WAIT_AND_RETRY,0.6520625123349483,2.0,1045.5105116527327,1043.5105116527327,1
FAIL_000023,PAY_000168,CUST_0015,SUB_0015,1187.03,2025-05-28,INSUFFICIENT_FUNDS,CUSTOMER_FINANCIAL,849,18,10,28,0.6429,0.35,0.45,friction_prone,0.3571,0.6429,starter,1187.03,monthly,WAIT_AND_RETRY,0.6219551544418,2.0,738.2794269770499,736.2794269770499,1
FAIL_000027,PAY_000181,CUST_0015,SUB_0015,1187.03,2026-06-22,INSUFFICIENT_FUNDS,CUSTOMER_FINANCIAL,849,18,10,28,0.6429,0.35,0.45,friction_prone,0.3571,0.6429,starter,1187.03,monthly,WAIT_AND_RETRY,0.6219551544418,2.0,738.2794269770499,736.2794269770499,1
FAIL_000030,PAY_000196,CUST_0017,SUB_0017,988.37,2025-10-26,NETWORK_ERROR,TECHNICAL,518,14,3,17,0.8235,0.3,0.25,low_engagement,0.1765,0.8235,starter,988.37,monthly,RETRY_NOW,0.8869601373620688,2.0,876.644790964548,874.644790964548,1
FAIL_000033,PAY_000201,CUST_0017,SUB_0017,988.37,2026-03-25,NETWORK_ERROR,TECHNICAL,518,14,3,17,0.8235,0.3,0.25,low_engagement,0.1765,0.8235,starter,988.37,monthly,RETRY_NOW,0.8869601373620688,2.0,876.644790964548,874.644790964548,1
FAIL_000039,PAY_000221,CUST_0019,SUB_0019,2269.23,2025-12-14,AUTHENTICATION_FAILED,CUSTOMER_ACTION,499,15,1,16,0.9375,0.8,0.85,reliable,0.0625,0.9375,starter,2269.23,monthly,SEND_REMINDER,0.6880335742500144,1.0,1561.3064276953603,1560.3064276953603,1
FAIL_000040,PAY_000230,CUST_0020,SUB_0020,641.27,2024-01-19,BANK_DECLINED,ISSUER_DECLINE,984,23,9,32,0.7188,0.35,0.45,friction_prone,0.2812,0.7188,pro,641.27,monthly,WAIT_AND_RETRY,0.6883120988041177,2.0,441.3938996001165,439.3938996001165,1
FAIL_000048,PAY_000262,CUST_0021,SUB_0021,7397.62,2026-04-22,BANK_DECLINED,ISSUER_DECLINE,160,3,2,5,0.6,0.82,0.9,high_value_loyal,0.4,0.6,pro,7397.62,monthly,UPDATE_PAYMENT_METHOD,0.5854985057169223,3.0,4331.295455861618,4328.295455861618,1
FAIL_000061,PAY_000301,CUST_0023,SUB_0023,1192.85,2025-03-12,LIMIT_EXCEEDED,PAYMENT_LIMIT,866,22,6,28,0.7857,0.6,0.6,normal,0.2143,0.7857,pro,1192.85,monthly,PAYMENT_LINK,0.7611993744744466,3.0,907.9966738418436,904.9966738418436,1
FAIL_000080,PAY_000353,CUST_0026,SUB_0026,15000.0,2026-04-29,INSUFFICIENT_FUNDS,CUSTOMER_FINANCIAL,723,22,2,24,0.9167,0.82,0.9,high_value_loyal,0.0833,0.9167,pro,15000.0,monthly,PAYMENT_LINK,0.8275716084133199,3.0,12413.5741261998,12410.5741261998,1
FAIL_000087,PAY_000444,CUST_0032,SUB_0032,10611.56,2025-09-29,LIMIT_EXCEEDED,PAYMENT_LIMIT,365,11,1,12,0.9167,0.82,0.9,high_value_loyal,0.0833,0.9167,growth,10611.56,monthly,UPDATE_PAYMENT_METHOD,0.7197579988945392,3.0,7637.755190749336,7634.755190749336,1
FAIL_000097,PAY_000558,CUST_0037,SUB_0037,9606.42,2026-07-30,LIMIT_EXCEEDED,PAYMENT_LIMIT,841,25,3,28,0.8929,0.82,0.9,high_value_loyal,0.1071,0.8929,pro,9606.42,monthly,PAYMENT_LINK,0.7167137909072376,3.0,6885.053695247106,6882.053695247106,1
FAIL_000101,PAY_000568,CUST_0038,SUB_0038,1015.59,2026-06-22,INSUFFICIENT_FUNDS,CUSTOMER_FINANCIAL,339,8,3,11,0.7273,0.6,0.6,normal,0.2727,0.7273,starter,1015.59,monthly,WAIT_AND_RETRY,0.7143308702220145,2.0,725.4672884887757,723.4672884887757,1
FAIL_000102,PAY_000574,CUST_0039,SUB_0039,13129.92,2025-09-03,CARD_EXPIRED,PAYMENT_METHOD,481,14,2,16,0.875,0.82,0.9,high_value_loyal,0.125,0.875,pro,13129.92,monthly,UPDATE_PAYMENT_METHOD,0.9393343900260961,3.0,12333.38539429144,12330.38539429144,1
FAIL_000103,PAY_000585,CUST_0039,SUB_0039,13129.92,2026-07-30,CARD_EXPIRED,PAYMENT_METHOD,481,14,2,16,0.875,0.82,0.9,high_value_loyal,0.125,0.875,pro,13129.92,monthly,UPDATE_PAYMENT_METHOD,0.9393343900260961,3.0,12333.38539429144,12330.38539429144,1
FAIL_000109,PAY_000678,CUST_0044,SUB_0044,781.5,2025-09-23,BANK_DECLINED,ISSUER_DECLINE,821,24,3,27,0.8889,0.8,0.85,reliable,0.1111,0.8889,starter,781.5,monthly,WAIT_AND_RETRY,0.7231824252139785,2.0,565.1670653047241,563.1670653047241,1
FAIL_000114,PAY_000713,CUST_0046,SUB_0046,405.71,2025-01-14,INSUFFICIENT_FUNDS,CUSTOMER_FINANCIAL,773,18,7,25,0.72,0.35,0.45,friction_prone,0.28,0.72,pro,405.71,monthly,WAIT_AND_RETRY,0.6796251169994971,2.0,275.730706217866,273.730706217866,1
FAIL_000123,PAY_000747,CUST_0047,SUB_0047,1330.55,2026-05-28,CARD_EXPIRED,PAYMENT_METHOD,544,14,4,18,0.7778,0.6,0.6,normal,0.2222,0.7778,growth,1330.55,monthly,UPDATE_PAYMENT_METHOD,0.7311473668324994,3.0,972.828128938982,969.828128938982,1
FAIL_000129,PAY_000787,CUST_0051,SUB_0051,706.77,2025-02-05,AUTHENTICATION_FAILED,CUSTOMER_ACTION,631,12,9,21,0.5714,0.35,0.45,friction_prone,0.4286,0.5714,starter,706.77,monthly,UPDATE_PAYMENT_METHOD,0.7830018425821569,3.0,553.402212281791,550.402212281791,1
FAIL_000131,PAY_000793,CUST_0051,SUB_0051,706.77,2025-08-04,INSUFFICIENT_FUNDS,CUSTOMER_FINANCIAL,631,12,9,21,0.5714,0.35,0.45,friction_prone,0.4286,0.5714,starter,706.77,monthly,WAIT_AND_RETRY,0.6116944961749822,2.0,432.32731906159216,430.32731906159216,1
FAIL_000132,PAY_000794,CUST_0051,SUB_0051,706.77,2025-09-03,INSUFFICIENT_FUNDS,CUSTOMER_FINANCIAL,631,12,9,21,0.5714,0.35,0.45,friction_prone,0.4286,0.5714,starter,706.77,monthly,WAIT_AND_RETRY,0.6116944961749822,2.0,432.32731906159216,430.32731906159216,1
FAIL_000148,PAY_000840,CUST_0053,SUB_0053,619.66,2026-03-30,CARD_EXPIRED,PAYMENT_METHOD,543,8,10,18,0.4444,0.3,0.25,low_engagement,0.5556,0.4444,starter,619.66,monthly,UPDATE_PAYMENT_METHOD,0.8418402002924584,3.0,521.6546985132247,518.6546985132247,1
FAIL_000157,PAY_000901,CUST_0058,SUB_0058,1656.39,2024-10-14,BANK_DECLINED,ISSUER_DECLINE,835,24,3,27,0.8889,0.8,0.85,reliable,0.1111,0.8889,pro,1656.39,monthly,WAIT_AND_RETRY,0.7267214701493002,2.0,1203.7341759405995,1201.7341759405995,1
FAIL_000159,PAY_000912,CUST_0058,SUB_0058,1656.39,2025-09-09,INSUFFICIENT_FUNDS,CUSTOMER_FINANCIAL,835,24,3,27,0.8889,0.8,0.85,reliable,0.1111,0.8889,pro,1656.39,monthly,WAIT_AND_RETRY,0.7823409794061938,2.0,1295.8617748786255,1293.8617748786255,1
FAIL_000163,PAY_000982,CUST_0062,SUB_0062,438.99,2026-03-26,INSUFFICIENT_FUNDS,CUSTOMER_FINANCIAL,367,9,3,12,0.75,0.3,0.25,low_engagement,0.25,0.75,starter,438.99,monthly,WAIT_AND_RETRY,0.8171005899026651,2.0,358.69898796137096,356.69898796137096,1
FAIL_000164,PAY_000987,CUST_0063,SUB_0063,961.34,2024-03-16,AUTHENTICATION_FAILED,CUSTOMER_ACTION,897,26,3,29,0.8966,0.6,0.6,normal,0.1034,0.8966,growth,961.34,monthly,UPDATE_PAYMENT_METHOD,0.7907478371519202,3.0,760.177525767627,757.177525767627,1
FAIL_000172,PAY_001070,CUST_0070,SUB_0070,11107.73,2025-07-10,NETWORK_ERROR,TECHNICAL,566,17,1,18,0.9444,0.82,0.9,high_value_loyal,0.0556,0.9444,growth,11107.73,monthly,WAIT_AND_RETRY,0.9187893554892385,2.0,10205.664087648478,10203.664087648478,1
FAIL_000178,PAY_001106,CUST_0073,SUB_0073,1637.14,2026-02-09,BANK_DECLINED,ISSUER_DECLINE,502,10,6,16,0.625,0.35,0.45,friction_prone,0.375,0.625,pro,1637.14,monthly,WAIT_AND_RETRY,0.5471631538645546,2.0,895.782685717817,893.782685717817,1
FAIL_000181,PAY_001113,CUST_0074,SUB_0074,756.59,2026-03-29,CARD_EXPIRED,PAYMENT_METHOD,184,2,4,6,0.3333,0.3,0.25,low_engagement,0.6667,0.3333,starter,756.59,monthly,UPDATE_PAYMENT_METHOD,0.7599445006388282,3.0,574.9664097383311,571.9664097383311,1
FAIL_000182,PAY_001116,CUST_0074,SUB_0074,756.59,2026-06-27,CARD_EXPIRED,PAYMENT_METHOD,184,2,4,6,0.3333,0.3,0.25,low_engagement,0.6667,0.3333,starter,756.59,monthly,UPDATE_PAYMENT_METHOD,0.7599445006388282,3.0,574.9664097383311,571.9664097383311,1
FAIL_000188,PAY_001187,CUST_0079,SUB_0079,2676.77,2025-07-18,INSUFFICIENT_FUNDS,CUSTOMER_FINANCIAL,768,22,3,25,0.88,0.6,0.6,normal,0.12,0.88,pro,2676.77,monthly,PAYMENT_LINK,0.7631755891241059,3.0,2042.845521699733,2039.845521699733,1
FAIL_000190,PAY_001255,CUST_0082,SUB_0082,622.31,2025-10-26,BANK_DECLINED,ISSUER_DECLINE,578,17,2,19,0.8947,0.3,0.25,low_engagement,0.1053,0.8947,growth,622.31,monthly,WAIT_AND_RETRY,0.5055211044545825,2.0,314.59083851313125,312.59083851313125,1
FAIL_000193,PAY_001279,CUST_0083,SUB_0083,1152.82,2025-08-20,INSUFFICIENT_FUNDS,CUSTOMER_FINANCIAL,795,17,9,26,0.6538,0.35,0.45,friction_prone,0.3462,0.6538,starter,1152.82,monthly,WAIT_AND_RETRY,0.6201467788848793,2.0,714.9176096340666,712.9176096340666,1
FAIL_000206,PAY_001428,CUST_0093,SUB_0093,333.96,2025-04-20,INSUFFICIENT_FUNDS,CUSTOMER_FINANCIAL,767,19,6,25,0.76,0.3,0.25,low_engagement,0.24,0.76,starter,333.96,monthly,WAIT_AND_RETRY,0.7093490612678928,2.0,236.89421250102546,234.89421250102546,1
FAIL_000208,PAY_001435,CUST_0093,SUB_0093,333.96,2025-11-16,INSUFFICIENT_FUNDS,CUSTOMER_FINANCIAL,767,19,6,25,0.76,0.3,0.25,low_engagement,0.24,0.76,starter,333.96,monthly,WAIT_AND_RETRY,0.7093490612678928,2.0,236.89421250102546,234.89421250102546,1
FAIL_000209,PAY_001440,CUST_0093,SUB_0093,333.96,2026-04-15,BANK_DECLINED,ISSUER_DECLINE,767,19,6,25,0.76,0.3,0.25,low_engagement,0.24,0.76,starter,333.96,monthly,WAIT_AND_RETRY,0.5958273079065726,2.0,198.98248774847897,196.98248774847897,1
FAIL_000222,PAY_001476,CUST_0096,SUB_0096,722.92,2025-12-04,BANK_DECLINED,ISSUER_DECLINE,539,10,7,17,0.5882,0.35,0.45,friction_prone,0.4118,0.5882,starter,722.92,monthly,PAYMENT_LINK,0.583529777303682,3.0,421.8453466083778,418.8453466083778,1
FAIL_000230,PAY_001514,CUST_0098,SUB_0098,1282.95,2025-10-11,LIMIT_EXCEEDED,PAYMENT_LIMIT,803,21,5,26,0.8077,0.35,0.45,friction_prone,0.1923,0.8077,pro,1282.95,monthly,PAYMENT_LINK,0.7532032565847633,3.0,966.3221180354221,963.3221180354221,1
FAIL_000233,PAY_001571,CUST_0101,SUB_0101,247.97,2024-01-17,NETWORK_ERROR,TECHNICAL,986,26,6,32,0.8125,0.3,0.25,low_engagement,0.1875,0.8125,starter,247.97,monthly,WAIT_AND_RETRY,0.8696857162504463,2.0,215.65596705862316,213.65596705862316,1
FAIL_000235,PAY_001580,CUST_0101,SUB_0101,247.97,2024-10-13,INSUFFICIENT_FUNDS,CUSTOMER_FINANCIAL,986,26,6,32,0.8125,0.3,0.25,low_engagement,0.1875,0.8125,starter,247.97,monthly,WAIT_AND_RETRY,0.8130708918035813,2.0,201.61718904053404,199.61718904053404,1
FAIL_000238,PAY_001591,CUST_0101,SUB_0101,247.97,2025-09-08,INSUFFICIENT_FUNDS,CUSTOMER_FINANCIAL,986,26,6,32,0.8125,0.3,0.25,low_engagement,0.1875,0.8125,starter,247.97,monthly,WAIT_AND_RETRY,0.8130708918035813,2.0,201.61718904053404,199.61718904053404,1
FAIL_000240,PAY_001601,CUST_0101,SUB_0101,247.97,2026-07-05,NETWORK_ERROR,TECHNICAL,986,26,6,32,0.8125,0.3,0.25,low_engagement,0.1875,0.8125,starter,247.97,monthly,WAIT_AND_RETRY,0.8696857162504463,2.0,215.65596705862316,213.65596705862316,1
FAIL_000241,PAY_001620,CUST_0102,SUB_0102,689.76,2026-07-08,BANK_DECLINED,ISSUER_DECLINE,593,18,1,19,0.9474,0.8,0.85,reliable,0.0526,0.9474,growth,689.76,monthly,WAIT_AND_RETRY,0.8114728057168845,2.0,559.7214824712783,557.7214824712783,1
FAIL_000242,PAY_001634,CUST_0103,SUB_0103,10145.96,2025-06-10,NETWORK_ERROR,TECHNICAL,836,22,5,27,0.8148,0.82,0.9,high_value_loyal,0.1852,0.8148,pro,10145.96,monthly,RETRY_NOW,0.8762212271739539,2.0,8890.10552205785,8888.10552205785,1
FAIL_000249,PAY_001717,CUST_0107,SUB_0107,1689.93,2026-01-17,NETWORK_ERROR,TECHNICAL,435,13,1,14,0.9286,0.8,0.85,reliable,0.0714,0.9286,starter,1689.93,monthly,WAIT_AND_RETRY,0.8783216197294043,2.0,1484.3020548293123,1482.3020548293123,1
FAIL_000250,PAY_001724,CUST_0108,SUB_0108,200.0,2024-01-31,INSUFFICIENT_FUNDS,CUSTOMER_FINANCIAL,942,22,9,31,0.7097,0.35,0.45,friction_prone,0.2903,0.7097,starter,200.0,monthly,PAYMENT_LINK,0.697279281848879,3.0,139.4558563697758,136.4558563697758,1
FAIL_000261,PAY_001768,CUST_0110,SUB_0110,697.76,2024-11-16,AUTHENTICATION_FAILED,CUSTOMER_ACTION,802,20,6,26,0.7692,0.6,0.6,normal,0.2308,0.7692,starter,697.76,monthly,UPDATE_PAYMENT_METHOD,0.7672893401573119,3.0,535.3838099881659,532.3838099881659,1
FAIL_000263,PAY_001776,CUST_0110,SUB_0110,697.76,2025-07-14,BANK_DECLINED,ISSUER_DECLINE,802,20,6,26,0.7692,0.6,0.6,normal,0.2308,0.7692,starter,697.76,monthly,WAIT_AND_RETRY,0.5901111629290691,2.0,411.7559650453872,409.7559650453872,1
FAIL_000272,PAY_001812,CUST_0112,SUB_0112,553.77,2025-07-04,INSUFFICIENT_FUNDS,CUSTOMER_FINANCIAL,692,16,7,23,0.6957,0.35,0.45,friction_prone,0.3043,0.6957,starter,553.77,monthly,WAIT_AND_RETRY,0.6183113460751026,2.0,342.40227411600955,340.40227411600955,1
FAIL_000277,PAY_001824,CUST_0112,SUB_0112,553.77,2026-06-29,INSUFFICIENT_FUNDS,CUSTOMER_FINANCIAL,692,16,7,23,0.6957,0.35,0.45,friction_prone,0.3043,0.6957,starter,553.77,monthly,WAIT_AND_RETRY,0.6183113460751026,2.0,342.40227411600955,340.40227411600955,1
FAIL_000279,PAY_001827,CUST_0113,SUB_0113,324.58,2024-09-09,INSUFFICIENT_FUNDS,CUSTOMER_FINANCIAL,750,20,5,25,0.8,0.3,0.25,low_engagement,0.2,0.8,starter,324.58,monthly,WAIT_AND_RETRY,0.7556416398542043,2.0,245.26616346387763,243.26616346387763,1
FAIL_000281,PAY_001830,CUST_0113,SUB_0113,324.58,2024-12-08,CARD_EXPIRED,PAYMENT_METHOD,750,20,5,25,0.8,0.3,0.25,low_engagement,0.2,0.8,starter,324.58,monthly,UPDATE_PAYMENT_METHOD,0.7790644406280439,3.0,252.86873613905047,249.86873613905047,1
FAIL_000282,PAY_001833,CUST_0113,SUB_0113,324.58,2025-03-08,INSUFFICIENT_FUNDS,CUSTOMER_FINANCIAL,750,20,5,25,0.8,0.3,0.25,low_engagement,0.2,0.8,starter,324.58,monthly,WAIT_AND_RETRY,0.7556416398542043,2.0,245.26616346387763,243.26616346387763,1
FAIL_000284,PAY_001835,CUST_0113,SUB_0113,324.58,2025-05-07,INSUFFICIENT_FUNDS,CUSTOMER_FINANCIAL,750,20,5,25,0.8,0.3,0.25,low_engagement,0.2,0.8,starter,324.58,monthly,WAIT_AND_RETRY,0.7556416398542043,2.0,245.26616346387763,243.26616346387763,1
FAIL_000285,PAY_001836,CUST_0113,SUB_0113,324.58,2025-06-06,BANK_DECLINED,ISSUER_DECLINE,750,20,5,25,0.8,0.3,0.25,low_engagement,0.2,0.8,starter,324.58,monthly,WAIT_AND_RETRY,0.644975817192426,2.0,209.34625074431764,207.34625074431764,1
FAIL_000287,PAY_001842,CUST_0113,SUB_0113,324.58,2025-12-03,AUTHENTICATION_FAILED,CUSTOMER_ACTION,750,20,5,25,0.8,0.3,0.25,low_engagement,0.2,0.8,starter,324.58,monthly,UPDATE_PAYMENT_METHOD,0.5323184013032053,3.0,172.77990669499437,169.77990669499437,1
FAIL_000291,PAY_001902,CUST_0117,SUB_0117,1714.93,2024-08-16,INSUFFICIENT_FUNDS,CUSTOMER_FINANCIAL,864,17,11,28,0.6071,0.35,0.45,friction_prone,0.3929,0.6071,growth,1714.93,monthly,WAIT_AND_RETRY,0.6709980926243706,2.0,1150.7147589843119,1148.7147589843119,1
FAIL_000293,PAY_001906,CUST_0117,SUB_0117,1714.93,2024-12-14,BANK_DECLINED,ISSUER_DECLINE,864,17,11,28,0.6071,0.35,0.45,friction_prone,0.3929,0.6071,growth,1714.93,monthly,PAYMENT_LINK,0.6273877108930875,3.0,1075.9260070418827,1072.9260070418827,1
FAIL_000298,PAY_001944,CUST_0119,SUB_0119,15000.0,2024-08-19,INSUFFICIENT_FUNDS,CUSTOMER_FINANCIAL,981,27,5,32,0.8438,0.82,0.9,high_value_loyal,0.1562,0.8438,pro,15000.0,monthly,PAYMENT_LINK,0.8333248119597095,3.0,12499.872179395643,12496.872179395643,1
FAIL_000299,PAY_001947,CUST_0119,SUB_0119,15000.0,2024-11-17,INSUFFICIENT_FUNDS,CUSTOMER_FINANCIAL,981,27,5,32,0.8438,0.82,0.9,high_value_loyal,0.1562,0.8438,pro,15000.0,monthly,PAYMENT_LINK,0.8333248119597095,3.0,12499.872179395643,12496.872179395643,1
FAIL_000301,PAY_001950,CUST_0119,SUB_0119,15000.0,2025-02-15,LIMIT_EXCEEDED,PAYMENT_LIMIT,981,27,5,32,0.8438,0.82,0.9,high_value_loyal,0.1562,0.8438,pro,15000.0,monthly,UPDATE_PAYMENT_METHOD,0.9205904462703751,3.0,13808.856694055627,13805.856694055627,1
FAIL_000309,PAY_002022,CUST_0121,SUB_0121,746.25,2026-06-05,AUTHENTICATION_FAILED,CUSTOMER_ACTION,956,25,6,31,0.8065,0.3,0.25,low_engagement,0.1935,0.8065,starter,746.25,monthly,UPDATE_PAYMENT_METHOD,0.8126144236401571,3.0,606.4135136414673,603.4135136414673,1
FAIL_000318,PAY_002106,CUST_0125,SUB_0125,10848.47,2025-01-18,NETWORK_ERROR,TECHNICAL,769,23,2,25,0.92,0.82,0.9,high_value_loyal,0.08,0.92,pro,10848.47,monthly,WAIT_AND_RETRY,0.9062040425790187,2.0,9830.927369797206,9828.927369797206,1
FAIL_000323,PAY_002174,CUST_0128,SUB_0128,14456.27,2026-04-12,AUTHENTICATION_FAILED,CUSTOMER_ACTION,680,20,2,22,0.9091,0.82,0.9,high_value_loyal,0.0909,0.9091,pro,14456.27,monthly,UPDATE_PAYMENT_METHOD,0.7198132172981075,3.0,10405.814218830114,10402.814218830114,1
FAIL_000327,PAY_002191,CUST_0130,SUB_0130,785.26,2025-04-22,INSUFFICIENT_FUNDS,CUSTOMER_FINANCIAL,585,9,10,19,0.4737,0.35,0.45,friction_prone,0.5263,0.4737,starter,785.26,monthly,WAIT_AND_RETRY,0.7909180849999474,2.0,621.0763354270587,619.0763354270587,1
FAIL_000329,PAY_002193,CUST_0130,SUB_0130,785.26,2025-06-21,CARD_EXPIRED,PAYMENT_METHOD,585,9,10,19,0.4737,0.35,0.45,friction_prone,0.5263,0.4737,starter,785.26,monthly,UPDATE_PAYMENT_METHOD,0.8693051542923714,3.0,682.6305654596276,679.6305654596276,1
FAIL_000336,PAY_002207,CUST_0131,SUB_0131,569.52,2024-10-22,AUTHENTICATION_FAILED,CUSTOMER_ACTION,677,15,7,22,0.6818,0.3,0.25,low_engagement,0.3182,0.6818,starter,569.52,monthly,UPDATE_PAYMENT_METHOD,0.6697173575277185,3.0,381.4174294591863,378.4174294591863,1
FAIL_000348,PAY_002276,CUST_0135,SUB_0135,771.04,2025-05-22,INSUFFICIENT_FUNDS,CUSTOMER_FINANCIAL,945,25,6,31,0.8065,0.35,0.45,friction_prone,0.1935,0.8065,growth,771.04,monthly,WAIT_AND_RETRY,0.6920090176293247,2.0,533.5666329529145,531.5666329529145,1
FAIL_000351,PAY_002307,CUST_0136,SUB_0136,671.28,2025-12-27,LIMIT_EXCEEDED,PAYMENT_LIMIT,726,20,4,24,0.8333,0.3,0.25,low_engagement,0.1667,0.8333,starter,671.28,monthly,PAYMENT_LINK,0.5592915113043384,3.0,375.4412057083763,372.4412057083763,1
FAIL_000357,PAY_002348,CUST_0138,SUB_0138,1037.22,2025-08-26,LIMIT_EXCEEDED,PAYMENT_LIMIT,399,12,1,13,0.9231,0.8,0.85,reliable,0.0769,0.9231,pro,1037.22,monthly,PAYMENT_LINK,0.6585448104561029,3.0,683.0558483012791,680.0558483012791,1
FAIL_000373,PAY_002470,CUST_0145,SUB_0145,1162.18,2026-07-08,CARD_EXPIRED,PAYMENT_METHOD,833,21,6,27,0.7778,0.3,0.25,low_engagement,0.2222,0.7778,growth,1162.18,monthly,UPDATE_PAYMENT_METHOD,0.7638340679265763,3.0,887.7126770629085,884.7126770629085,1
FAIL_000379,PAY_002551,CUST_0151,SUB_0151,1459.65,2025-11-17,INSUFFICIENT_FUNDS,CUSTOMER_FINANCIAL,316,9,1,10,0.9,0.35,0.45,friction_prone,0.1,0.9,pro,1459.65,monthly,WAIT_AND_RETRY,0.6904656821115963,2.0,1007.8382328941916,1005.8382328941916,1
FAIL_000380,PAY_002556,CUST_0151,SUB_0151,1459.65,2026-04-16,CARD_EXPIRED,PAYMENT_METHOD,316,9,1,10,0.9,0.35,0.45,friction_prone,0.1,0.9,pro,1459.65,monthly,UPDATE_PAYMENT_METHOD,0.88895669466278,3.0,1297.565639364527,1294.565639364527,1
FAIL_000383,PAY_002580,CUST_0152,SUB_0152,979.43,2026-06-03,INSUFFICIENT_FUNDS,CUSTOMER_FINANCIAL,688,17,5,22,0.7727,0.6,0.6,normal,0.2273,0.7727,pro,979.43,monthly,WAIT_AND_RETRY,0.775318792334142,2.0,759.3704847758287,757.3704847758287,1
FAIL_000384,PAY_002602,CUST_0154,SUB_0154,413.01,2025-10-02,BANK_DECLINED,ISSUER_DECLINE,812,25,2,27,0.9259,0.8,0.85,reliable,0.0741,0.9259,starter,413.01,monthly,PAYMENT_LINK,0.7285041355240037,3.0,300.87949301276876,297.87949301276876,1
FAIL_000387,PAY_002621,CUST_0155,SUB_0155,663.98,2024-08-31,INSUFFICIENT_FUNDS,CUSTOMER_FINANCIAL,969,22,10,32,0.6875,0.35,0.45,friction_prone,0.3125,0.6875,starter,663.98,monthly,WAIT_AND_RETRY,0.6854560017425998,2.0,455.12907603705145,453.12907603705145,1
FAIL_000397,PAY_002646,CUST_0156,SUB_0156,985.5,2024-08-09,BANK_DECLINED,ISSUER_DECLINE,781,13,13,26,0.5,0.35,0.45,friction_prone,0.5,0.5,pro,985.5,monthly,WAIT_AND_RETRY,0.6443511745187043,2.0,635.008082488183,633.008082488183,1
FAIL_000398,PAY_002648,CUST_0156,SUB_0156,985.5,2024-10-08,BANK_DECLINED,ISSUER_DECLINE,781,13,13,26,0.5,0.35,0.45,friction_prone,0.5,0.5,pro,985.5,monthly,WAIT_AND_RETRY,0.6443511745187043,2.0,635.008082488183,633.008082488183,1
FAIL_000402,PAY_002656,CUST_0156,SUB_0156,985.5,2025-06-05,INSUFFICIENT_FUNDS,CUSTOMER_FINANCIAL,781,13,13,26,0.5,0.35,0.45,friction_prone,0.5,0.5,pro,985.5,monthly,WAIT_AND_RETRY,0.742077352232531,2.0,731.3172306251594,729.3172306251594,1
FAIL_000404,PAY_002659,CUST_0156,SUB_0156,985.5,2025-09-03,AUTHENTICATION_FAILED,CUSTOMER_ACTION,781,13,13,26,0.5,0.35,0.45,friction_prone,0.5,0.5,pro,985.5,monthly,UPDATE_PAYMENT_METHOD,0.7622368581891815,3.0,751.1844237454384,748.1844237454384,1
FAIL_000410,PAY_002670,CUST_0156,SUB_0156,985.5,2026-07-30,INSUFFICIENT_FUNDS,CUSTOMER_FINANCIAL,781,13,13,26,0.5,0.35,0.45,friction_prone,0.5,0.5,pro,985.5,monthly,WAIT_AND_RETRY,0.742077352232531,2.0,731.3172306251594,729.3172306251594,1
FAIL_000414,PAY_002686,CUST_0158,SUB_0158,2492.3,2025-07-17,INSUFFICIENT_FUNDS,CUSTOMER_FINANCIAL,589,12,7,19,0.6316,0.35,0.45,friction_prone,0.3684,0.6316,pro,2492.3,monthly,WAIT_AND_RETRY,0.7716332634123798,2.0,1923.1415824026744,1921.1415824026744,1
FAIL_000419,PAY_002728,CUST_0161,SUB_0161,9716.42,2024-02-26,LIMIT_EXCEEDED,PAYMENT_LIMIT,946,30,1,31,0.9677,0.82,0.9,high_value_loyal,0.0323,0.9677,pro,9716.42,monthly,PAYMENT_LINK,0.7622497895677913,3.0,7406.339100352279,7403.339100352279,1
FAIL_000420,PAY_002758,CUST_0162,SUB_0162,293.46,2024-01-21,INSUFFICIENT_FUNDS,CUSTOMER_FINANCIAL,952,23,8,31,0.7419,0.3,0.25,low_engagement,0.2581,0.7419,starter,293.46,monthly,WAIT_AND_RETRY,0.7599863296170062,2.0,223.0255882894066,221.0255882894066,1
FAIL_000422,PAY_002768,CUST_0162,SUB_0162,293.46,2024-11-16,CARD_EXPIRED,PAYMENT_METHOD,952,23,8,31,0.7419,0.3,0.25,low_engagement,0.2581,0.7419,starter,293.46,monthly,UPDATE_PAYMENT_METHOD,0.8609921185157475,3.0,252.66674709963127,249.66674709963127,1
FAIL_000425,PAY_002777,CUST_0162,SUB_0162,293.46,2025-08-13,BANK_DECLINED,ISSUER_DECLINE,952,23,8,31,0.7419,0.3,0.25,low_engagement,0.2581,0.7419,starter,293.46,monthly,WAIT_AND_RETRY,0.5823169920264291,2.0,170.88674448007586,168.88674448007586,1
FAIL_000436,PAY_002868,CUST_0168,SUB_0168,1204.32,2025-02-04,INSUFFICIENT_FUNDS,CUSTOMER_FINANCIAL,692,18,5,23,0.7826,0.6,0.6,normal,0.2174,0.7826,starter,1204.32,monthly,WAIT_AND_RETRY,0.7485906380057092,2.0,901.5426771630357,899.5426771630357,1
FAIL_000437,PAY_002871,CUST_0168,SUB_0168,1204.32,2025-05-05,INSUFFICIENT_FUNDS,CUSTOMER_FINANCIAL,692,18,5,23,0.7826,0.6,0.6,normal,0.2174,0.7826,starter,1204.32,monthly,WAIT_AND_RETRY,0.7485906380057092,2.0,901.5426771630357,899.5426771630357,1
FAIL_000439,PAY_002873,CUST_0168,SUB_0168,1204.32,2025-07-04,BANK_DECLINED,ISSUER_DECLINE,692,18,5,23,0.7826,0.6,0.6,normal,0.2174,0.7826,starter,1204.32,monthly,PAYMENT_LINK,0.5986973801248282,3.0,721.023228831933,718.023228831933,1
FAIL_000443,PAY_002890,CUST_0169,SUB_0169,14872.16,2025-03-10,NETWORK_ERROR,TECHNICAL,628,19,1,20,0.95,0.82,0.9,high_value_loyal,0.05,0.95,pro,14872.16,monthly,RETRY_NOW,0.9042269937480303,2.0,13447.808527339706,13445.808527339706,1
FAIL_000445,PAY_002898,CUST_0169,SUB_0169,14872.16,2025-11-05,LIMIT_EXCEEDED,PAYMENT_LIMIT,628,19,1,20,0.95,0.82,0.9,high_value_loyal,0.05,0.95,pro,14872.16,monthly,PAYMENT_LINK,0.7911660629728501,3.0,11766.348275102302,11763.348275102302,1
FAIL_000448,PAY_002939,CUST_0171,SUB_0171,14917.0,2025-07-08,BANK_DECLINED,ISSUER_DECLINE,958,29,2,31,0.9355,0.82,0.9,high_value_loyal,0.0645,0.9355,pro,14917.0,monthly,PAYMENT_LINK,0.7779407093694058,3.0,11604.541561663427,11601.541561663427,1
FAIL_000450,PAY_002947,CUST_0171,SUB_0171,14917.0,2026-03-05,NETWORK_ERROR,TECHNICAL,958,29,2,31,0.9355,0.82,0.9,high_value_loyal,0.0645,0.9355,pro,14917.0,monthly,RETRY_NOW,0.9224601742413323,2.0,13760.338419157953,13758.338419157953,1
FAIL_000457,PAY_002994,CUST_0173,SUB_0173,655.36,2026-04-30,CARD_EXPIRED,PAYMENT_METHOD,812,22,5,27,0.8148,0.3,0.25,low_engagement,0.1852,0.8148,growth,655.36,monthly,UPDATE_PAYMENT_METHOD,0.7895956187736616,3.0,517.4693847195068,514.4693847195068,1
FAIL_000459,PAY_003001,CUST_0174,SUB_0174,623.9,2025-02-26,CARD_EXPIRED,PAYMENT_METHOD,640,16,5,21,0.7619,0.3,0.25,low_engagement,0.2381,0.7619,starter,623.9,monthly,UPDATE_PAYMENT_METHOD,0.7187636924402143,3.0,448.4366677134497,445.4366677134497,1
FAIL_000470,PAY_003078,CUST_0180,SUB_0180,1171.97,2025-03-19,INSUFFICIENT_FUNDS,CUSTOMER_FINANCIAL,709,18,5,23,0.7826,0.6,0.6,normal,0.2174,0.7826,growth,1171.97,monthly,WAIT_AND_RETRY,0.7446514398295051,2.0,872.7091479369851,870.7091479369851,1
FAIL_000473,PAY_003085,CUST_0180,SUB_0180,1171.97,2025-10-15,BANK_DECLINED,ISSUER_DECLINE,709,18,5,23,0.7826,0.6,0.6,normal,0.2174,0.7826,growth,1171.97,monthly,PAYMENT_LINK,0.6053264796916681,3.0,709.4244744042443,706.4244744042443,1
FAIL_000474,PAY_003091,CUST_0180,SUB_0180,1171.97,2026-04-13,INSUFFICIENT_FUNDS,CUSTOMER_FINANCIAL,709,18,5,23,0.7826,0.6,0.6,normal,0.2174,0.7826,growth,1171.97,monthly,WAIT_AND_RETRY,0.7446514398295051,2.0,872.7091479369851,870.7091479369851,1
FAIL_000492,PAY_003224,CUST_0188,SUB_0188,221.49,2024-11-21,INSUFFICIENT_FUNDS,CUSTOMER_FINANCIAL,677,17,5,22,0.7727,0.3,0.25,low_engagement,0.2273,0.7727,growth,221.49,monthly,WAIT_AND_RETRY,0.8209126989428587,2.0,181.82395368885378,179.82395368885378,1
FAIL_000496,PAY_003241,CUST_0188,SUB_0188,221.49,2026-04-15,CARD_EXPIRED,PAYMENT_METHOD,677,17,5,22,0.7727,0.3,0.25,low_engagement,0.2273,0.7727,growth,221.49,monthly,UPDATE_PAYMENT_METHOD,0.7684800425828328,3.0,170.21064463167164,167.21064463167164,1
FAIL_000498,PAY_003292,CUST_0192,SUB_0192,378.71,2025-11-24,INSUFFICIENT_FUNDS,CUSTOMER_FINANCIAL,489,15,1,16,0.9375,0.35,0.45,friction_prone,0.0625,0.9375,growth,378.71,monthly,WAIT_AND_RETRY,0.7959215838332814,2.0,301.423463013502,299.423463013502,1
FAIL_000511,PAY_003453,CUST_0202,SUB_0202,324.57,2026-05-11,INSUFFICIENT_FUNDS,CUSTOMER_FINANCIAL,141,2,2,4,0.5,0.3,0.25,low_engagement,0.5,0.5,growth,324.57,monthly,WAIT_AND_RETRY,0.7709221857731839,2.0,250.2182138364023,248.2182138364023,1
FAIL_000512,PAY_003464,CUST_0204,SUB_0204,213.4,2025-07-12,BANK_DECLINED,ISSUER_DECLINE,444,11,3,14,0.7857,0.3,0.25,low_engagement,0.2143,0.7857,starter,213.4,monthly,PAYMENT_LINK,0.49328976437499183,3.0,105.26803571762326,102.26803571762326,1
FAIL_000516,PAY_003495,CUST_0207,SUB_0207,1213.6,2025-10-16,CARD_EXPIRED,PAYMENT_METHOD,408,9,4,13,0.6923,0.35,0.45,friction_prone,0.3077,0.6923,pro,1213.6,monthly,UPDATE_PAYMENT_METHOD,0.8945000537304264,3.0,1085.5652652072454,1082.5652652072454,1
FAIL_000522,PAY_003541,CUST_0210,SUB_0210,799.69,2026-02-18,BANK_DECLINED,ISSUER_DECLINE,523,16,1,17,0.9412,0.8,0.85,reliable,0.0588,0.9412,pro,799.69,monthly,WAIT_AND_RETRY,0.7879390134632245,2.0,630.106949676406,628.106949676406,1
FAIL_000523,PAY_003553,CUST_0211,SUB_0211,1170.85,2024-06-02,BANK_DECLINED,ISSUER_DECLINE,999,25,8,33,0.7576,0.35,0.45,friction_prone,0.2424,0.7576,starter,1170.85,monthly,WAIT_AND_RETRY,0.6375390283370618,2.0,746.4625713284487,744.4625713284487,1
FAIL_000526,PAY_003561,CUST_0211,SUB_0211,1170.85,2025-01-28,NETWORK_ERROR,TECHNICAL,999,25,8,33,0.7576,0.35,0.45,friction_prone,0.2424,0.7576,starter,1170.85,monthly,RETRY_NOW,0.7636547035777856,2.0,894.1251096840502,892.1251096840502,1
FAIL_000536,PAY_003589,CUST_0212,SUB_0212,404.59,2024-12-31,CARD_EXPIRED,PAYMENT_METHOD,877,22,7,29,0.7586,0.3,0.25,low_engagement,0.2414,0.7586,starter,404.59,monthly,UPDATE_PAYMENT_METHOD,0.8242726677569628,3.0,333.4924786477896,330.4924786477896,1
FAIL_000537,PAY_003590,CUST_0212,SUB_0212,404.59,2025-01-30,INSUFFICIENT_FUNDS,CUSTOMER_FINANCIAL,877,22,7,29,0.7586,0.3,0.25,low_engagement,0.2414,0.7586,starter,404.59,monthly,WAIT_AND_RETRY,0.7434005082028333,2.0,300.7724116137843,298.7724116137843,1
FAIL_000542,PAY_003650,CUST_0214,SUB_0214,12636.68,2025-10-13,LIMIT_EXCEEDED,PAYMENT_LIMIT,831,24,3,27,0.8889,0.82,0.9,high_value_loyal,0.1111,0.8889,pro,12636.68,monthly,PAYMENT_LINK,0.6262659914794234,3.0,7913.9229292082,7910.9229292082,1
FAIL_000543,PAY_003652,CUST_0214,SUB_0214,12636.68,2025-12-12,INSUFFICIENT_FUNDS,CUSTOMER_FINANCIAL,831,24,3,27,0.8889,0.82,0.9,high_value_loyal,0.1111,0.8889,pro,12636.68,monthly,WAIT_AND_RETRY,0.8325255972790981,2.0,10520.359564624834,10518.359564624834,1
FAIL_000547,PAY_003669,CUST_0215,SUB_0215,7312.97,2026-02-02,LIMIT_EXCEEDED,PAYMENT_LIMIT,479,13,2,15,0.8667,0.82,0.9,high_value_loyal,0.1333,0.8667,growth,7312.97,monthly,PAYMENT_LINK,0.7381463121643156,3.0,5398.0418364682755,5395.0418364682755,1
FAIL_000551,PAY_003710,CUST_0217,SUB_0217,437.85,2025-04-15,CARD_EXPIRED,PAYMENT_METHOD,862,23,5,28,0.8214,0.3,0.25,low_engagement,0.1786,0.8214,growth,437.85,monthly,UPDATE_PAYMENT_METHOD,0.885147902540739,3.0,387.5620091274626,384.5620091274626,1
FAIL_000567,PAY_003794,CUST_0222,SUB_0222,1605.38,2026-03-22,INSUFFICIENT_FUNDS,CUSTOMER_FINANCIAL,491,13,3,16,0.8125,0.35,0.45,friction_prone,0.1875,0.8125,growth,1605.38,monthly,WAIT_AND_RETRY,0.6693718557757695,2.0,1074.596189825305,1072.596189825305,1
FAIL_000572,PAY_003822,CUST_0224,SUB_0224,1274.95,2026-05-09,BANK_DECLINED,ISSUER_DECLINE,233,6,1,7,0.8571,0.3,0.25,low_engagement,0.1429,0.8571,growth,1274.95,monthly,WAIT_AND_RETRY,0.6116921997450195,2.0,779.8769700649127,777.8769700649127,1
FAIL_000575,PAY_003877,CUST_0227,SUB_0227,9730.73,2025-05-26,INSUFFICIENT_FUNDS,CUSTOMER_FINANCIAL,671,20,2,22,0.9091,0.82,0.9,high_value_loyal,0.0909,0.9091,pro,9730.73,monthly,PAYMENT_LINK,0.8415486601585237,3.0,8188.882793864351,8185.882793864351,1
FAIL_000586,PAY_003964,CUST_0234,SUB_0234,992.15,2025-01-20,INSUFFICIENT_FUNDS,CUSTOMER_FINANCIAL,947,27,4,31,0.871,0.6,0.6,normal,0.129,0.871,pro,992.15,monthly,WAIT_AND_RETRY,0.6945143853479722,2.0,689.0624474229905,687.0624474229905,1
FAIL_000604,PAY_004093,CUST_0242,SUB_0242,408.16,2026-01-26,CARD_EXPIRED,PAYMENT_METHOD,396,10,3,13,0.7692,0.3,0.25,low_engagement,0.2308,0.7692,starter,408.16,monthly,UPDATE_PAYMENT_METHOD,0.898531069153743,3.0,366.7444411857918,363.7444411857918,1
FAIL_000605,PAY_004104,CUST_0243,SUB_0243,928.54,2025-10-02,NETWORK_ERROR,TECHNICAL,452,8,7,15,0.5333,0.35,0.45,friction_prone,0.4667,0.5333,starter,928.54,monthly,RETRY_NOW,0.8856481148752005,2.0,822.3597005862187,820.3597005862187,1
FAIL_000607,PAY_004108,CUST_0243,SUB_0243,928.54,2026-01-30,BANK_DECLINED,ISSUER_DECLINE,452,8,7,15,0.5333,0.35,0.45,friction_prone,0.4667,0.5333,starter,928.54,monthly,PAYMENT_LINK,0.5704579313625435,3.0,529.6930075873761,526.6930075873761,1
FAIL_000611,PAY_004117,CUST_0244,SUB_0244,1067.83,2024-04-01,NETWORK_ERROR,TECHNICAL,941,27,4,31,0.871,0.6,0.6,normal,0.129,0.871,growth,1067.83,monthly,RETRY_NOW,0.8658709618785287,2.0,924.6029892227493,922.6029892227493,1
FAIL_000627,PAY_004208,CUST_0248,SUB_0248,200.0,2025-07-25,INSUFFICIENT_FUNDS,CUSTOMER_FINANCIAL,701,15,8,23,0.6522,0.3,0.25,low_engagement,0.3478,0.6522,starter,200.0,monthly,WAIT_AND_RETRY,0.6691197370286491,2.0,133.82394740572983,131.82394740572983,1
FAIL_000634,PAY_004294,CUST_0252,SUB_0252,609.3,2025-10-30,INSUFFICIENT_FUNDS,CUSTOMER_FINANCIAL,724,16,8,24,0.6667,0.3,0.25,low_engagement,0.3333,0.6667,starter,609.3,monthly,WAIT_AND_RETRY,0.7027986157376762,2.0,428.21519656896606,426.21519656896606,1
FAIL_000635,PAY_004297,CUST_0252,SUB_0252,609.3,2026-01-28,INSUFFICIENT_FUNDS,CUSTOMER_FINANCIAL,724,16,8,24,0.6667,0.3,0.25,low_engagement,0.3333,0.6667,starter,609.3,monthly,WAIT_AND_RETRY,0.7027986157376762,2.0,428.21519656896606,426.21519656896606,1
FAIL_000637,PAY_004303,CUST_0252,SUB_0252,609.3,2026-07-27,INSUFFICIENT_FUNDS,CUSTOMER_FINANCIAL,724,16,8,24,0.6667,0.3,0.25,low_engagement,0.3333,0.6667,starter,609.3,monthly,WAIT_AND_RETRY,0.7027986157376762,2.0,428.21519656896606,426.21519656896606,1
FAIL_000645,PAY_004352,CUST_0255,SUB_0255,893.84,2025-08-14,AUTHENTICATION_FAILED,CUSTOMER_ACTION,531,13,4,17,0.7647,0.3,0.25,low_engagement,0.2353,0.7647,starter,893.84,monthly,UPDATE_PAYMENT_METHOD,0.6919446125255245,3.0,618.4877724598149,615.4877724598149,1
FAIL_000647,PAY_004357,CUST_0255,SUB_0255,893.84,2026-01-11,AUTHENTICATION_FAILED,CUSTOMER_ACTION,531,13,4,17,0.7647,0.3,0.25,low_engagement,0.2353,0.7647,starter,893.84,monthly,UPDATE_PAYMENT_METHOD,0.6919446125255245,3.0,618.4877724598149,615.4877724598149,1
FAIL_000648,PAY_004358,CUST_0255,SUB_0255,893.84,2026-02-10,NETWORK_ERROR,TECHNICAL,531,13,4,17,0.7647,0.3,0.25,low_engagement,0.2353,0.7647,starter,893.84,monthly,RETRY_NOW,0.9054713621869852,2.0,809.3465223772149,807.3465223772149,1
FAIL_000652,PAY_004454,CUST_0261,SUB_0261,768.63,2026-03-02,INSUFFICIENT_FUNDS,CUSTOMER_FINANCIAL,211,5,2,7,0.7143,0.3,0.25,low_engagement,0.2857,0.7143,starter,768.63,monthly,WAIT_AND_RETRY,0.7580673699770107,2.0,582.6733225854298,580.6733225854298,1
FAIL_000653,PAY_004462,CUST_0262,SUB_0262,1739.87,2024-08-14,LIMIT_EXCEEDED,PAYMENT_LIMIT,806,23,3,26,0.8846,0.8,0.85,reliable,0.1154,0.8846,starter,1739.87,monthly,SEND_REMINDER,0.5874164888914143,1.0,1022.0283265275049,1021.0283265275049,1
FAIL_000654,PAY_004463,CUST_0262,SUB_0262,1739.87,2024-09-13,BANK_DECLINED,ISSUER_DECLINE,806,23,3,26,0.8846,0.8,0.85,reliable,0.1154,0.8846,starter,1739.87,monthly,PAYMENT_LINK,0.6506566116763145,3.0,1132.0579189572693,1129.0579189572693,1
FAIL_000656,PAY_004480,CUST_0262,SUB_0262,1739.87,2026-02-05,BANK_DECLINED,ISSUER_DECLINE,806,23,3,26,0.8846,0.8,0.85,reliable,0.1154,0.8846,starter,1739.87,monthly,PAYMENT_LINK,0.6506566116763145,3.0,1132.0579189572693,1129.0579189572693,1
FAIL_000662,PAY_004578,CUST_0268,SUB_0268,648.75,2025-05-30,INSUFFICIENT_FUNDS,CUSTOMER_FINANCIAL,817,23,4,27,0.8519,0.6,0.6,normal,0.1481,0.8519,growth,648.75,monthly,WAIT_AND_RETRY,0.7711522797628496,2.0,500.28504149614866,498.28504149614866,1
FAIL_000666,PAY_004597,CUST_0269,SUB_0269,1477.76,2026-06-29,BANK_DECLINED,ISSUER_DECLINE,182,5,1,6,0.8333,0.35,0.45,friction_prone,0.1667,0.8333,growth,1477.76,monthly,WAIT_AND_RETRY,0.5986960138268409,2.0,884.7290213927524,882.7290213927524,1
FAIL_000667,PAY_004608,CUST_0270,SUB_0270,462.89,2026-07-24,NETWORK_ERROR,TECHNICAL,307,9,1,10,0.9,0.35,0.45,friction_prone,0.1,0.9,pro,462.89,monthly,RETRY_NOW,0.9348966027253003,2.0,432.75428843551424,430.75428843551424,1
FAIL_000670,PAY_004676,CUST_0276,SUB_0276,382.33,2025-06-26,BANK_DECLINED,ISSUER_DECLINE,640,15,6,21,0.7143,0.3,0.25,low_engagement,0.2857,0.7143,starter,382.33,monthly,PAYMENT_LINK,0.5648223373569844,3.0,215.94852424169582,212.94852424169582,1
FAIL_000675,PAY_004692,CUST_0277,SUB_0277,470.05,2025-02-15,NETWORK_ERROR,TECHNICAL,621,10,10,20,0.5,0.3,0.25,low_engagement,0.5,0.5,starter,470.05,monthly,RETRY_NOW,0.8060358909000528,2.0,378.8771705175698,376.8771705175698,1
FAIL_000677,PAY_004699,CUST_0277,SUB_0277,470.05,2025-09-13,CARD_EXPIRED,PAYMENT_METHOD,621,10,10,20,0.5,0.3,0.25,low_engagement,0.5,0.5,starter,470.05,monthly,UPDATE_PAYMENT_METHOD,0.797548616899462,3.0,374.8877273735921,371.8877273735921,1
FAIL_000682,PAY_004706,CUST_0277,SUB_0277,470.05,2026-04-11,INSUFFICIENT_FUNDS,CUSTOMER_FINANCIAL,621,10,10,20,0.5,0.3,0.25,low_engagement,0.5,0.5,starter,470.05,monthly,WAIT_AND_RETRY,0.7032151599004375,2.0,330.54628591120064,328.54628591120064,1
FAIL_000696,PAY_004766,CUST_0281,SUB_0281,913.36,2026-03-24,NETWORK_ERROR,TECHNICAL,759,20,5,25,0.8,0.6,0.6,normal,0.2,0.8,growth,913.36,monthly,RETRY_NOW,0.8641290189415015,2.0,789.2608807404098,787.2608807404098,1
FAIL_000701,PAY_004795,CUST_0285,SUB_0285,472.43,2025-07-29,NETWORK_ERROR,TECHNICAL,547,17,1,18,0.9444,0.6,0.6,normal,0.0556,0.9444,growth,472.43,monthly,RETRY_NOW,0.9020773375091571,2.0,426.1683965594511,424.1683965594511,1
FAIL_000713,PAY_004891,CUST_0291,SUB_0291,1068.05,2026-03-10,LIMIT_EXCEEDED,PAYMENT_LIMIT,293,7,2,9,0.7778,0.35,0.45,friction_prone,0.2222,0.7778,starter,1068.05,monthly,PAYMENT_LINK,0.6254776360561708,3.0,668.0413891897932,665.0413891897932,1
FAIL_000721,PAY_004965,CUST_0298,SUB_0298,706.23,2024-12-12,INSUFFICIENT_FUNDS,CUSTOMER_FINANCIAL,836,17,10,27,0.6296,0.35,0.45,friction_prone,0.3704,0.6296,pro,706.23,monthly,WAIT_AND_RETRY,0.6939987076624857,2.0,490.1227073124773,488.1227073124773,1
FAIL_000726,PAY_004993,CUST_0299,SUB_0299,8559.42,2025-07-27,LIMIT_EXCEEDED,PAYMENT_LIMIT,639,19,2,21,0.9048,0.82,0.9,high_value_loyal,0.0952,0.9048,pro,8559.42,monthly,PAYMENT_LINK,0.7471198776136792,3.0,6394.912822844078,6391.912822844078,1
FAIL_000732,PAY_005068,CUST_0303,SUB_0303,1311.68,2024-07-26,NETWORK_ERROR,TECHNICAL,795,21,5,26,0.8077,0.6,0.6,normal,0.1923,0.8077,growth,1311.68,monthly,RETRY_NOW,0.8891880652013973,2.0,1166.3302013633688,1164.3302013633688,1
FAIL_000735,PAY_005089,CUST_0303,SUB_0303,1311.68,2026-04-17,BANK_DECLINED,ISSUER_DECLINE,795,21,5,26,0.8077,0.6,0.6,normal,0.1923,0.8077,growth,1311.68,monthly,WAIT_AND_RETRY,0.5777106652480001,2.0,757.7715253924968,755.7715253924968,1
FAIL_000752,PAY_005156,CUST_0307,SUB_0307,2288.88,2025-10-23,LIMIT_EXCEEDED,PAYMENT_LIMIT,671,13,9,22,0.5909,0.35,0.45,friction_prone,0.4091,0.5909,pro,2288.88,monthly,PAYMENT_LINK,0.7183532571740653,3.0,1644.2244032805747,1641.2244032805747,1
FAIL_000762,PAY_005226,CUST_0312,SUB_0312,13871.79,2025-07-18,NETWORK_ERROR,TECHNICAL,498,14,2,16,0.875,0.82,0.9,high_value_loyal,0.125,0.875,pro,13871.79,monthly,WAIT_AND_RETRY,0.8797088683614944,2.0,12203.136683048295,12201.136683048295,1
FAIL_000778,PAY_005355,CUST_0322,SUB_0322,676.83,2025-08-10,AUTHENTICATION_FAILED,CUSTOMER_ACTION,625,16,4,20,0.8,0.35,0.45,friction_prone,0.2,0.8,starter,676.83,monthly,UPDATE_PAYMENT_METHOD,0.7256385574193724,3.0,491.1339448181539,488.1339448181539,1
FAIL_000779,PAY_005362,CUST_0322,SUB_0322,676.83,2026-03-08,BANK_DECLINED,ISSUER_DECLINE,625,16,4,20,0.8,0.35,0.45,friction_prone,0.2,0.8,starter,676.83,monthly,WAIT_AND_RETRY,0.5793857055277101,2.0,392.14562707232005,390.14562707232005,1
FAIL_000780,PAY_005367,CUST_0323,SUB_0323,262.8,2024-10-15,INSUFFICIENT_FUNDS,CUSTOMER_FINANCIAL,684,17,5,22,0.7727,0.3,0.25,low_engagement,0.2273,0.7727,starter,262.8,monthly,WAIT_AND_RETRY,0.8234499902973302,2.0,216.4026574501384,214.4026574501384,1
FAIL_000785,PAY_005400,CUST_0325,SUB_0325,726.01,2025-01-08,INSUFFICIENT_FUNDS,CUSTOMER_FINANCIAL,749,18,6,24,0.75,0.3,0.25,low_engagement,0.25,0.75,starter,726.01,monthly,WAIT_AND_RETRY,0.7633119248827371,2.0,554.172090584116,552.172090584116,1
FAIL_000786,PAY_005403,CUST_0325,SUB_0325,726.01,2025-04-08,AUTHENTICATION_FAILED,CUSTOMER_ACTION,749,18,6,24,0.75,0.3,0.25,low_engagement,0.25,0.75,starter,726.01,monthly,UPDATE_PAYMENT_METHOD,0.7025003441281695,3.0,510.02227484049234,507.02227484049234,1
FAIL_000788,PAY_005407,CUST_0325,SUB_0325,726.01,2025-08-06,INSUFFICIENT_FUNDS,CUSTOMER_FINANCIAL,749,18,6,24,0.75,0.3,0.25,low_engagement,0.25,0.75,starter,726.01,monthly,WAIT_AND_RETRY,0.7633119248827371,2.0,554.172090584116,552.172090584116,1
FAIL_000792,PAY_005444,CUST_0330,SUB_0330,998.82,2024-10-04,BANK_DECLINED,ISSUER_DECLINE,905,26,4,30,0.8667,0.6,0.6,normal,0.1333,0.8667,pro,998.82,monthly,WAIT_AND_RETRY,0.6248477982361722,2.0,624.1104778342535,622.1104778342535,1
FAIL_000797,PAY_005456,CUST_0330,SUB_0330,998.82,2025-09-29,BANK_DECLINED,ISSUER_DECLINE,905,26,4,30,0.8667,0.6,0.6,normal,0.1333,0.8667,pro,998.82,monthly,WAIT_AND_RETRY,0.6248477982361722,2.0,624.1104778342535,622.1104778342535,1
FAIL_000808,PAY_005504,CUST_0333,SUB_0333,1523.74,2026-07-06,INSUFFICIENT_FUNDS,CUSTOMER_FINANCIAL,235,3,4,7,0.4286,0.35,0.45,friction_prone,0.5714,0.4286,growth,1523.74,monthly,PAYMENT_LINK,0.6364426074246596,3.0,969.7730586372509,966.7730586372509,1
FAIL_000815,PAY_005524,CUST_0335,SUB_0335,997.42,2025-12-12,BANK_DECLINED,ISSUER_DECLINE,531,13,4,17,0.7647,0.35,0.45,friction_prone,0.2353,0.7647,pro,997.42,monthly,WAIT_AND_RETRY,0.6411255899564864,2.0,639.4714859343986,637.4714859343986,1
FAIL_000816,PAY_005532,CUST_0336,SUB_0336,1661.44,2024-09-22,INSUFFICIENT_FUNDS,CUSTOMER_FINANCIAL,707,15,8,23,0.6522,0.35,0.45,friction_prone,0.3478,0.6522,growth,1661.44,monthly,WAIT_AND_RETRY,0.5603522129213765,2.0,930.9915806360918,928.9915806360918,1
FAIL_000818,PAY_005541,CUST_0336,SUB_0336,1661.44,2025-06-19,INSUFFICIENT_FUNDS,CUSTOMER_FINANCIAL,707,15,8,23,0.6522,0.35,0.45,friction_prone,0.3478,0.6522,growth,1661.44,monthly,WAIT_AND_RETRY,0.5603522129213765,2.0,930.9915806360918,928.9915806360918,1
FAIL_000824,PAY_005554,CUST_0336,SUB_0336,1661.44,2026-07-14,CARD_EXPIRED,PAYMENT_METHOD,707,15,8,23,0.6522,0.35,0.45,friction_prone,0.3478,0.6522,growth,1661.44,monthly,UPDATE_PAYMENT_METHOD,0.8604771042010272,3.0,1429.6310800037547,1426.6310800037547,1
FAIL_000834,PAY_005674,CUST_0348,SUB_0348,10125.65,2024-06-20,BANK_DECLINED,ISSUER_DECLINE,831,23,4,27,0.8519,0.82,0.9,high_value_loyal,0.1481,0.8519,pro,10125.65,monthly,PAYMENT_LINK,0.6919986758112654,3.0,7006.936391728339,7003.936391728339,1
FAIL_000837,PAY_005692,CUST_0348,SUB_0348,10125.65,2025-12-12,NETWORK_ERROR,TECHNICAL,831,23,4,27,0.8519,0.82,0.9,high_value_loyal,0.1481,0.8519,pro,10125.65,monthly,RETRY_NOW,0.8931481474001277,2.0,9043.705538722103,9041.705538722103,1
FAIL_000859,PAY_005828,CUST_0353,SUB_0353,1421.41,2025-09-25,INSUFFICIENT_FUNDS,CUSTOMER_FINANCIAL,999,28,5,33,0.8485,0.6,0.6,normal,0.1515,0.8485,pro,1421.41,monthly,WAIT_AND_RETRY,0.6207231982720257,2.0,882.3021612558401,880.3021612558401,1
FAIL_000861,PAY_005846,CUST_0354,SUB_0354,886.93,2025-02-26,AUTHENTICATION_FAILED,CUSTOMER_ACTION,760,22,3,25,0.88,0.6,0.6,normal,0.12,0.88,starter,886.93,monthly,UPDATE_PAYMENT_METHOD,0.8053360402782669,3.0,714.2766942040032,711.2766942040032,1
FAIL_000863,PAY_005855,CUST_0354,SUB_0354,886.93,2025-11-23,NETWORK_ERROR,TECHNICAL,760,22,3,25,0.88,0.6,0.6,normal,0.12,0.88,starter,886.93,monthly,RETRY_NOW,0.9255754163421771,2.0,820.9206040163671,818.9206040163671,1
FAIL_000865,PAY_005882,CUST_0356,SUB_0356,8418.6,2025-03-16,INSUFFICIENT_FUNDS,CUSTOMER_FINANCIAL,922,27,3,30,0.9,0.82,0.9,high_value_loyal,0.1,0.9,growth,8418.6,monthly,WAIT_AND_RETRY,0.7589637588232157,2.0,6389.412300029124,6387.412300029124,1
FAIL_000868,PAY_005892,CUST_0356,SUB_0356,8418.6,2026-01-10,BANK_DECLINED,ISSUER_DECLINE,922,27,3,30,0.9,0.82,0.9,high_value_loyal,0.1,0.9,growth,8418.6,monthly,PAYMENT_LINK,0.7157191340953457,3.0,6025.353102295077,6022.353102295077,1
FAIL_000871,PAY_005919,CUST_0358,SUB_0358,533.16,2025-07-22,BANK_DECLINED,ISSUER_DECLINE,884,24,5,29,0.8276,0.6,0.6,normal,0.1724,0.8276,pro,533.16,monthly,WAIT_AND_RETRY,0.6655988908648106,2.0,354.8707046534824,352.8707046534824,1
FAIL_000874,PAY_005928,CUST_0358,SUB_0358,533.16,2026-04-18,INSUFFICIENT_FUNDS,CUSTOMER_FINANCIAL,884,24,5,29,0.8276,0.6,0.6,normal,0.1724,0.8276,pro,533.16,monthly,WAIT_AND_RETRY,0.7435854149544209,2.0,396.449999837099,394.449999837099,1
FAIL_000876,PAY_005933,CUST_0359,SUB_0359,762.6,2025-05-24,NETWORK_ERROR,TECHNICAL,493,13,3,16,0.8125,0.3,0.25,low_engagement,0.1875,0.8125,starter,762.6,monthly,RETRY_NOW,0.9083731549531517,2.0,692.7253679672735,690.7253679672735,1
FAIL_000878,PAY_005939,CUST_0359,SUB_0359,762.6,2025-11-20,AUTHENTICATION_FAILED,CUSTOMER_ACTION,493,13,3,16,0.8125,0.3,0.25,low_engagement,0.1875,0.8125,starter,762.6,monthly,UPDATE_PAYMENT_METHOD,0.6807863772866153,3.0,519.1676913187729,516.1676913187729,1
FAIL_000882,PAY_005955,CUST_0361,SUB_0361,1451.55,2026-06-28,INSUFFICIENT_FUNDS,CUSTOMER_FINANCIAL,153,3,2,5,0.6,0.6,0.6,normal,0.4,0.6,growth,1451.55,monthly,WAIT_AND_RETRY,0.7114543081060494,2.0,1032.7115009313359,1030.7115009313359,1
FAIL_000892,PAY_005993,CUST_0364,SUB_0364,376.34,2025-02-15,BANK_DECLINED,ISSUER_DECLINE,891,17,12,29,0.5862,0.35,0.45,friction_prone,0.4138,0.5862,starter,376.34,monthly,PAYMENT_LINK,0.524991334596071,3.0,197.57523886188534,194.57523886188534,1
FAIL_000896,PAY_006008,CUST_0364,SUB_0364,376.34,2026-05-11,INSUFFICIENT_FUNDS,CUSTOMER_FINANCIAL,891,17,12,29,0.5862,0.35,0.45,friction_prone,0.4138,0.5862,starter,376.34,monthly,WAIT_AND_RETRY,0.7378223746867617,2.0,277.67207248961586,275.67207248961586,1
FAIL_000897,PAY_006013,CUST_0365,SUB_0365,578.62,2026-03-24,BANK_DECLINED,ISSUER_DECLINE,219,6,1,7,0.8571,0.6,0.6,normal,0.1429,0.8571,pro,578.62,monthly,PAYMENT_LINK,0.7333287528244349,3.0,424.3186829592745,421.3186829592745,1
FAIL_000899,PAY_006027,CUST_0366,SUB_0366,1420.91,2025-06-25,BANK_DECLINED,ISSUER_DECLINE,701,18,5,23,0.7826,0.6,0.6,normal,0.2174,0.7826,starter,1420.91,monthly,PAYMENT_LINK,0.6376223992155953,3.0,906.0040432694316,903.0040432694316,1
FAIL_000900,PAY_006032,CUST_0366,SUB_0366,1420.91,2025-11-22,BANK_DECLINED,ISSUER_DECLINE,701,18,5,23,0.7826,0.6,0.6,normal,0.2174,0.7826,starter,1420.91,monthly,PAYMENT_LINK,0.6376223992155953,3.0,906.0040432694316,903.0040432694316,1
FAIL_000903,PAY_006078,CUST_0369,SUB_0369,803.69,2025-08-13,LIMIT_EXCEEDED,PAYMENT_LIMIT,772,21,4,25,0.84,0.3,0.25,low_engagement,0.16,0.84,starter,803.69,monthly,PAYMENT_LINK,0.6567267859128586,3.0,527.8047505703054,524.8047505703054,1
FAIL_000912,PAY_006129,CUST_0372,SUB_0372,454.36,2024-12-01,AUTHENTICATION_FAILED,CUSTOMER_ACTION,817,18,9,27,0.6667,0.35,0.45,friction_prone,0.3333,0.6667,growth,454.36,monthly,UPDATE_PAYMENT_METHOD,0.7187356122281545,3.0,326.5647127719843,323.5647127719843,1
FAIL_000914,PAY_006136,CUST_0372,SUB_0372,454.36,2025-06-29,CARD_EXPIRED,PAYMENT_METHOD,817,18,9,27,0.6667,0.35,0.45,friction_prone,0.3333,0.6667,growth,454.36,monthly,UPDATE_PAYMENT_METHOD,0.8464323693544158,3.0,384.5850113398724,381.5850113398724,1
FAIL_000915,PAY_006138,CUST_0372,SUB_0372,454.36,2025-08-28,BANK_DECLINED,ISSUER_DECLINE,817,18,9,27,0.6667,0.35,0.45,friction_prone,0.3333,0.6667,growth,454.36,monthly,PAYMENT_LINK,0.6276302017956386,3.0,285.17005848786636,282.17005848786636,1
FAIL_000921,PAY_006182,CUST_0374,SUB_0374,1655.04,2024-09-03,BANK_DECLINED,ISSUER_DECLINE,996,23,10,33,0.697,0.35,0.45,friction_prone,0.303,0.697,pro,1655.04,monthly,WAIT_AND_RETRY,0.45360621112430016,2.0,750.7364236591617,748.7364236591617,1
FAIL_000933,PAY_006275,CUST_0377,SUB_0377,929.32,2025-08-27,INSUFFICIENT_FUNDS,CUSTOMER_FINANCIAL,758,21,4,25,0.84,0.6,0.6,normal,0.16,0.84,starter,929.32,monthly,WAIT_AND_RETRY,0.7907116955496519,2.0,734.8241929082026,732.8241929082026,1
FAIL_000934,PAY_006277,CUST_0377,SUB_0377,929.32,2025-10-26,INSUFFICIENT_FUNDS,CUSTOMER_FINANCIAL,758,21,4,25,0.84,0.6,0.6,normal,0.16,0.84,starter,929.32,monthly,WAIT_AND_RETRY,0.7907116955496519,2.0,734.8241929082026,732.8241929082026,1
FAIL_000938,PAY_006328,CUST_0380,SUB_0380,2093.21,2025-05-17,AUTHENTICATION_FAILED,CUSTOMER_ACTION,830,21,6,27,0.7778,0.35,0.45,friction_prone,0.2222,0.7778,pro,2093.21,monthly,UPDATE_PAYMENT_METHOD,0.6221332213887449,3.0,1302.2554803431349,1299.2554803431349,1
FAIL_000939,PAY_006332,CUST_0380,SUB_0380,2093.21,2025-09-14,CARD_EXPIRED,PAYMENT_METHOD,830,21,6,27,0.7778,0.35,0.45,friction_prone,0.2222,0.7778,pro,2093.21,monthly,UPDATE_PAYMENT_METHOD,0.718409495085489,3.0,1503.7819392078966,1500.7819392078966,1
FAIL_000943,PAY_006383,CUST_0384,SUB_0384,686.09,2025-10-25,CARD_EXPIRED,PAYMENT_METHOD,429,10,4,14,0.7143,0.35,0.45,friction_prone,0.2857,0.7143,starter,686.09,monthly,UPDATE_PAYMENT_METHOD,0.8822125020152608,3.0,605.2771755076503,602.2771755076503,1
FAIL_000953,PAY_006419,CUST_0386,SUB_0386,978.94,2025-08-25,LIMIT_EXCEEDED,PAYMENT_LIMIT,580,14,5,19,0.7368,0.6,0.6,normal,0.2632,0.7368,pro,978.94,monthly,PAYMENT_LINK,0.7478561660725677,3.0,732.1063152150795,729.1063152150795,1
FAIL_000954,PAY_006420,CUST_0386,SUB_0386,978.94,2025-09-24,CARD_EXPIRED,PAYMENT_METHOD,580,14,5,19,0.7368,0.6,0.6,normal,0.2632,0.7368,pro,978.94,monthly,UPDATE_PAYMENT_METHOD,0.8583229801194237,3.0,840.2466981581086,837.2466981581086,1
FAIL_000961,PAY_006433,CUST_0387,SUB_0387,524.81,2025-03-02,CARD_EXPIRED,PAYMENT_METHOD,606,12,8,20,0.6,0.3,0.25,low_engagement,0.4,0.6,growth,524.81,monthly,UPDATE_PAYMENT_METHOD,0.8915861661454364,3.0,467.91333585478645,464.91333585478645,1
FAIL_000963,PAY_006437,CUST_0387,SUB_0387,524.81,2025-06-30,AUTHENTICATION_FAILED,CUSTOMER_ACTION,606,12,8,20,0.6,0.3,0.25,low_engagement,0.4,0.6,growth,524.81,monthly,UPDATE_PAYMENT_METHOD,0.624028309019147,3.0,327.49629685633846,324.49629685633846,1
FAIL_000964,PAY_006438,CUST_0387,SUB_0387,524.81,2025-07-30,AUTHENTICATION_FAILED,CUSTOMER_ACTION,606,12,8,20,0.6,0.3,0.25,low_engagement,0.4,0.6,growth,524.81,monthly,UPDATE_PAYMENT_METHOD,0.624028309019147,3.0,327.49629685633846,324.49629685633846,1
FAIL_000969,PAY_006445,CUST_0387,SUB_0387,524.81,2026-02-25,NETWORK_ERROR,TECHNICAL,606,12,8,20,0.6,0.3,0.25,low_engagement,0.4,0.6,growth,524.81,monthly,RETRY_NOW,0.9050795965231587,2.0,474.99482305131886,472.99482305131886,1
FAIL_000970,PAY_006446,CUST_0387,SUB_0387,524.81,2026-03-27,AUTHENTICATION_FAILED,CUSTOMER_ACTION,606,12,8,20,0.6,0.3,0.25,low_engagement,0.4,0.6,growth,524.81,monthly,UPDATE_PAYMENT_METHOD,0.624028309019147,3.0,327.49629685633846,324.49629685633846,1
FAIL_000975,PAY_006500,CUST_0393,SUB_0393,814.36,2025-03-10,BANK_DECLINED,ISSUER_DECLINE,718,18,5,23,0.7826,0.3,0.25,low_engagement,0.2174,0.7826,growth,814.36,monthly,WAIT_AND_RETRY,0.6272514946536419,2.0,510.8085271861399,508.8085271861399,1
FAIL_000978,PAY_006515,CUST_0393,SUB_0393,814.36,2026-06-03,LIMIT_EXCEEDED,PAYMENT_LIMIT,718,18,5,23,0.7826,0.3,0.25,low_engagement,0.2174,0.7826,growth,814.36,monthly,PAYMENT_LINK,0.627744095952856,3.0,511.2096819801678,508.2096819801678,1
FAIL_000980,PAY_006544,CUST_0396,SUB_0396,5752.09,2024-09-22,BANK_DECLINED,ISSUER_DECLINE,857,25,3,28,0.8929,0.82,0.9,high_value_loyal,0.1071,0.8929,pro,5752.09,monthly,PAYMENT_LINK,0.7371012407835277,3.0,4239.872676098522,4236.872676098522,1
FAIL_000981,PAY_006545,CUST_0396,SUB_0396,5752.09,2024-10-22,INSUFFICIENT_FUNDS,CUSTOMER_FINANCIAL,857,25,3,28,0.8929,0.82,0.9,high_value_loyal,0.1071,0.8929,pro,5752.09,monthly,WAIT_AND_RETRY,0.7873062037211814,2.0,4528.65614136257,4526.65614136257,1
FAIL_000987,PAY_006602,CUST_0398,SUB_0398,669.19,2025-08-07,LIMIT_EXCEEDED,PAYMENT_LIMIT,838,23,4,27,0.8519,0.3,0.25,low_engagement,0.1481,0.8519,starter,669.19,monthly,PAYMENT_LINK,0.6399534929961799,3.0,428.2504779781136,425.2504779781136,1
FAIL_000996,PAY_006650,CUST_0400,SUB_0400,7063.31,2025-11-06,INSUFFICIENT_FUNDS,CUSTOMER_FINANCIAL,927,28,2,30,0.9333,0.82,0.9,high_value_loyal,0.0667,0.9333,growth,7063.31,monthly,PAYMENT_LINK,0.856704034151391,3.0,6051.166171461861,6048.166171461861,1
FAIL_001000,PAY_006694,CUST_0402,SUB_0402,568.13,2026-04-04,CARD_EXPIRED,PAYMENT_METHOD,988,26,6,32,0.8125,0.35,0.45,friction_prone,0.1875,0.8125,pro,568.13,monthly,UPDATE_PAYMENT_METHOD,0.8483583496701603,3.0,481.97782919810817,478.97782919810817,1
FAIL_001001,PAY_006733,CUST_0405,SUB_0405,703.31,2025-11-19,INSUFFICIENT_FUNDS,CUSTOMER_FINANCIAL,374,10,2,12,0.8333,0.3,0.25,low_engagement,0.1667,0.8333,growth,703.31,monthly,WAIT_AND_RETRY,0.7489966875191663,2.0,526.7768602991048,524.7768602991048,1
FAIL_001003,PAY_006742,CUST_0406,SUB_0406,449.13,2024-10-10,NETWORK_ERROR,TECHNICAL,689,20,2,22,0.9091,0.3,0.25,low_engagement,0.0909,0.9091,starter,449.13,monthly,RETRY_NOW,0.9150271339940088,2.0,410.9661366907292,408.9661366907292,1
FAIL_001004,PAY_006746,CUST_0406,SUB_0406,449.13,2025-02-07,LIMIT_EXCEEDED,PAYMENT_LIMIT,689,20,2,22,0.9091,0.3,0.25,low_engagement,0.0909,0.9091,starter,449.13,monthly,PAYMENT_LINK,0.5972738829850712,3.0,268.25361906508505,265.25361906508505,1
FAIL_001009,PAY_006796,CUST_0408,SUB_0408,1572.78,2025-11-16,CARD_EXPIRED,PAYMENT_METHOD,377,8,4,12,0.6667,0.35,0.45,friction_prone,0.3333,0.6667,growth,1572.78,monthly,UPDATE_PAYMENT_METHOD,0.8898116764346954,3.0,1399.4780084629601,1396.4780084629601,1
FAIL_001011,PAY_006805,CUST_0409,SUB_0409,432.26,2024-01-08,CARD_EXPIRED,PAYMENT_METHOD,965,27,5,32,0.8438,0.3,0.25,low_engagement,0.1562,0.8438,starter,432.26,monthly,UPDATE_PAYMENT_METHOD,0.7609312092223844,3.0,328.9201244984679,325.9201244984679,1
FAIL_001013,PAY_006822,CUST_0409,SUB_0409,432.26,2025-06-01,NETWORK_ERROR,TECHNICAL,965,27,5,32,0.8438,0.3,0.25,low_engagement,0.1562,0.8438,starter,432.26,monthly,RETRY_NOW,0.8661406452691212,2.0,374.3979553240303,372.3979553240303,1
FAIL_001016,PAY_006858,CUST_0412,SUB_0412,449.29,2024-06-11,INSUFFICIENT_FUNDS,CUSTOMER_FINANCIAL,930,22,9,31,0.7097,0.3,0.25,low_engagement,0.2903,0.7097,starter,449.29,monthly,WAIT_AND_RETRY,0.7270928215171351,2.0,326.67553377943364,324.67553377943364,1
FAIL_001017,PAY_006865,CUST_0412,SUB_0412,449.29,2025-01-07,INSUFFICIENT_FUNDS,CUSTOMER_FINANCIAL,930,22,9,31,0.7097,0.3,0.25,low_engagement,0.2903,0.7097,starter,449.29,monthly,WAIT_AND_RETRY,0.7270928215171351,2.0,326.67553377943364,324.67553377943364,1
FAIL_001019,PAY_006872,CUST_0412,SUB_0412,449.29,2025-08-05,INSUFFICIENT_FUNDS,CUSTOMER_FINANCIAL,930,22,9,31,0.7097,0.3,0.25,low_engagement,0.2903,0.7097,starter,449.29,monthly,WAIT_AND_RETRY,0.7270928215171351,2.0,326.67553377943364,324.67553377943364,1
FAIL_001021,PAY_006874,CUST_0412,SUB_0412,449.29,2025-10-04,INSUFFICIENT_FUNDS,CUSTOMER_FINANCIAL,930,22,9,31,0.7097,0.3,0.25,low_engagement,0.2903,0.7097,starter,449.29,monthly,WAIT_AND_RETRY,0.7270928215171351,2.0,326.67553377943364,324.67553377943364,1
FAIL_001023,PAY_006879,CUST_0412,SUB_0412,449.29,2026-03-03,AUTHENTICATION_FAILED,CUSTOMER_ACTION,930,22,9,31,0.7097,0.3,0.25,low_engagement,0.2903,0.7097,starter,449.29,monthly,UPDATE_PAYMENT_METHOD,0.7220135733363685,3.0,324.39347836429704,321.39347836429704,1
FAIL_001024,PAY_006884,CUST_0412,SUB_0412,449.29,2026-07-31,BANK_DECLINED,ISSUER_DECLINE,930,22,9,31,0.7097,0.3,0.25,low_engagement,0.2903,0.7097,starter,449.29,monthly,WAIT_AND_RETRY,0.5937908495322801,2.0,266.78429078635816,264.78429078635816,1
FAIL_001029,PAY_006960,CUST_0417,SUB_0417,850.96,2025-12-03,INSUFFICIENT_FUNDS,CUSTOMER_FINANCIAL,960,26,6,32,0.8125,0.35,0.45,friction_prone,0.1875,0.8125,starter,850.96,monthly,WAIT_AND_RETRY,0.7686868621220295,2.0,654.1217721913623,652.1217721913623,1
FAIL_001030,PAY_006973,CUST_0419,SUB_0419,1157.68,2024-08-31,INSUFFICIENT_FUNDS,CUSTOMER_FINANCIAL,759,20,5,25,0.8,0.8,0.85,reliable,0.2,0.8,starter,1157.68,monthly,SEND_REMINDER,0.7224173124260579,1.0,836.3280742493987,835.3280742493987,1
FAIL_001044,PAY_007106,CUST_0426,SUB_0426,542.66,2025-03-15,BANK_DECLINED,ISSUER_DECLINE,743,18,6,24,0.75,0.35,0.45,friction_prone,0.25,0.75,pro,542.66,monthly,WAIT_AND_RETRY,0.653912472235501,2.0,354.8521421833169,352.8521421833169,1
FAIL_001062,PAY_007221,CUST_0430,SUB_0430,2619.41,2026-03-30,INSUFFICIENT_FUNDS,CUSTOMER_FINANCIAL,993,24,9,33,0.7273,0.6,0.6,normal,0.2727,0.7273,pro,2619.41,monthly,WAIT_AND_RETRY,0.7617346027528054,2.0,1995.2952357967258,1993.2952357967258,1
FAIL_001069,PAY_007241,CUST_0431,SUB_0431,745.87,2025-08-02,BANK_DECLINED,ISSUER_DECLINE,843,20,8,28,0.7143,0.3,0.25,low_engagement,0.2857,0.7143,starter,745.87,monthly,WAIT_AND_RETRY,0.6152263633535878,2.0,458.87888763454055,456.87888763454055,1
FAIL_001070,PAY_007246,CUST_0431,SUB_0431,745.87,2025-12-30,LIMIT_EXCEEDED,PAYMENT_LIMIT,843,20,8,28,0.7143,0.3,0.25,low_engagement,0.2857,0.7143,starter,745.87,monthly,PAYMENT_LINK,0.663572615154433,3.0,494.9389064652369,491.9389064652369,1
FAIL_001073,PAY_007262,CUST_0433,SUB_0433,699.79,2026-04-17,BANK_DECLINED,ISSUER_DECLINE,255,5,3,8,0.625,0.35,0.45,friction_prone,0.375,0.625,starter,699.79,monthly,WAIT_AND_RETRY,0.6316688524131964,2.0,442.03554623023064,440.03554623023064,1
FAIL_001077,PAY_007290,CUST_0434,SUB_0434,418.23,2025-12-09,NETWORK_ERROR,TECHNICAL,984,27,5,32,0.8438,0.6,0.6,normal,0.1562,0.8438,starter,418.23,monthly,RETRY_NOW,0.9471376619354115,2.0,396.1213843512472,394.1213843512472,1
FAIL_001079,PAY_007298,CUST_0435,SUB_0435,779.11,2024-09-20,CARD_EXPIRED,PAYMENT_METHOD,709,17,6,23,0.7391,0.3,0.25,low_engagement,0.2609,0.7391,growth,779.11,monthly,UPDATE_PAYMENT_METHOD,0.783923226314772,3.0,610.7624248541019,607.7624248541019,1
FAIL_001082,PAY_007328,CUST_0436,SUB_0436,829.5,2025-03-07,INSUFFICIENT_FUNDS,CUSTOMER_FINANCIAL,751,12,13,25,0.48,0.35,0.45,friction_prone,0.52,0.48,growth,829.5,monthly,WAIT_AND_RETRY,0.7793951362825796,2.0,646.5082655463998,644.5082655463998,1
FAIL_001084,PAY_007330,CUST_0436,SUB_0436,829.5,2025-05-06,BANK_DECLINED,ISSUER_DECLINE,751,12,13,25,0.48,0.35,0.45,friction_prone,0.52,0.48,growth,829.5,monthly,PAYMENT_LINK,0.5584764363324869,3.0,463.25620393779786,460.25620393779786,1
FAIL_001085,PAY_007331,CUST_0436,SUB_0436,829.5,2025-06-05,BANK_DECLINED,ISSUER_DECLINE,751,12,13,25,0.48,0.35,0.45,friction_prone,0.52,0.48,growth,829.5,monthly,PAYMENT_LINK,0.5584764363324869,3.0,463.25620393779786,460.25620393779786,1
FAIL_001086,PAY_007332,CUST_0436,SUB_0436,829.5,2025-07-05,INSUFFICIENT_FUNDS,CUSTOMER_FINANCIAL,751,12,13,25,0.48,0.35,0.45,friction_prone,0.52,0.48,growth,829.5,monthly,WAIT_AND_RETRY,0.7793951362825796,2.0,646.5082655463998,644.5082655463998,1
FAIL_001087,PAY_007333,CUST_0436,SUB_0436,829.5,2025-08-04,BANK_DECLINED,ISSUER_DECLINE,751,12,13,25,0.48,0.35,0.45,friction_prone,0.52,0.48,growth,829.5,monthly,PAYMENT_LINK,0.5584764363324869,3.0,463.25620393779786,460.25620393779786,1
FAIL_001088,PAY_007334,CUST_0436,SUB_0436,829.5,2025-09-03,BANK_DECLINED,ISSUER_DECLINE,751,12,13,25,0.48,0.35,0.45,friction_prone,0.52,0.48,growth,829.5,monthly,PAYMENT_LINK,0.5584764363324869,3.0,463.25620393779786,460.25620393779786,1
FAIL_001093,PAY_007362,CUST_0437,SUB_0437,1516.92,2025-12-06,CARD_EXPIRED,PAYMENT_METHOD,747,21,3,24,0.875,0.6,0.6,normal,0.125,0.875,growth,1516.92,monthly,UPDATE_PAYMENT_METHOD,0.7714422987641243,3.0,1170.2162518412754,1167.2162518412754,1
FAIL_001094,PAY_007383,CUST_0438,SUB_0438,1106.29,2025-01-19,INSUFFICIENT_FUNDS,CUSTOMER_FINANCIAL,978,29,3,32,0.9062,0.6,0.6,normal,0.0938,0.9062,starter,1106.29,monthly,WAIT_AND_RETRY,0.7041673527722406,2.0,779.0133006984021,777.0133006984021,1
FAIL_001097,PAY_007411,CUST_0439,SUB_0439,694.64,2025-09-18,AUTHENTICATION_FAILED,CUSTOMER_ACTION,616,16,4,20,0.8,0.3,0.25,low_engagement,0.2,0.8,starter,694.64,monthly,UPDATE_PAYMENT_METHOD,0.6743997252854088,3.0,468.4650251722564,465.4650251722564,1
FAIL_001106,PAY_007450,CUST_0441,SUB_0441,791.33,2026-04-20,CARD_EXPIRED,PAYMENT_METHOD,402,9,4,13,0.6923,0.35,0.45,friction_prone,0.3077,0.6923,starter,791.33,monthly,UPDATE_PAYMENT_METHOD,0.8875150741489547,3.0,702.3173036262923,699.3173036262923,1
FAIL_001116,PAY_007506,CUST_0444,SUB_0444,1927.55,2025-02-20,CARD_EXPIRED,PAYMENT_METHOD,826,16,11,27,0.5926,0.35,0.45,friction_prone,0.4074,0.5926,pro,1927.55,monthly,UPDATE_PAYMENT_METHOD,0.7245994829383846,3.0,1396.7017333378833,1393.7017333378833,1
FAIL_001125,PAY_007583,CUST_0449,SUB_0449,688.54,2025-07-27,CARD_EXPIRED,PAYMENT_METHOD,489,11,5,16,0.6875,0.3,0.25,low_engagement,0.3125,0.6875,starter,688.54,monthly,UPDATE_PAYMENT_METHOD,0.8722540156682977,3.0,600.5817799482497,597.5817799482497,1
FAIL_001127,PAY_007592,CUST_0449,SUB_0449,688.54,2026-04-23,AUTHENTICATION_FAILED,CUSTOMER_ACTION,489,11,5,16,0.6875,0.3,0.25,low_engagement,0.3125,0.6875,starter,688.54,monthly,UPDATE_PAYMENT_METHOD,0.7077148926135408,3.0,487.2900121601274,484.2900121601274,1
FAIL_001134,PAY_007711,CUST_0457,SUB_0457,1961.94,2024-01-13,INSUFFICIENT_FUNDS,CUSTOMER_FINANCIAL,960,25,7,32,0.7812,0.35,0.45,friction_prone,0.2188,0.7812,pro,1961.94,monthly,WAIT_AND_RETRY,0.6667806603820325,2.0,1308.183648829925,1306.183648829925,1
FAIL_001136,PAY_007722,CUST_0457,SUB_0457,1961.94,2024-12-08,BANK_DECLINED,ISSUER_DECLINE,960,25,7,32,0.7812,0.35,0.45,friction_prone,0.2188,0.7812,pro,1961.94,monthly,PAYMENT_LINK,0.6996849035529453,3.0,1372.7397996766656,1369.7397996766656,1
FAIL_001139,PAY_007742,CUST_0457,SUB_0457,1961.94,2026-07-31,BANK_DECLINED,ISSUER_DECLINE,960,25,7,32,0.7812,0.35,0.45,friction_prone,0.2188,0.7812,pro,1961.94,monthly,PAYMENT_LINK,0.6996849035529453,3.0,1372.7397996766656,1369.7397996766656,1
FAIL_001140,PAY_007743,CUST_0458,SUB_0458,3086.94,2025-01-31,INSUFFICIENT_FUNDS,CUSTOMER_FINANCIAL,576,12,7,19,0.6316,0.6,0.6,normal,0.3684,0.6316,pro,3086.94,monthly,PAYMENT_LINK,0.7015912745822831,3.0,2165.7701691590332,2162.7701691590332,1
FAIL_001141,PAY_007744,CUST_0458,SUB_0458,3086.94,2025-03-02,CARD_EXPIRED,PAYMENT_METHOD,576,12,7,19,0.6316,0.6,0.6,normal,0.3684,0.6316,pro,3086.94,monthly,UPDATE_PAYMENT_METHOD,0.8692507260901022,3.0,2683.3248363965804,2680.3248363965804,1
FAIL_001142,PAY_007745,CUST_0458,SUB_0458,3086.94,2025-04-01,INSUFFICIENT_FUNDS,CUSTOMER_FINANCIAL,576,12,7,19,0.6316,0.6,0.6,normal,0.3684,0.6316,pro,3086.94,monthly,PAYMENT_LINK,0.7015912745822831,3.0,2165.7701691590332,2162.7701691590332,1
FAIL_001144,PAY_007751,CUST_0458,SUB_0458,3086.94,2025-09-28,BANK_DECLINED,ISSUER_DECLINE,576,12,7,19,0.6316,0.6,0.6,normal,0.3684,0.6316,pro,3086.94,monthly,PAYMENT_LINK,0.7446567302367028,3.0,2298.7106468368875,2295.7106468368875,1
FAIL_001155,PAY_007798,CUST_0461,SUB_0461,1652.19,2026-01-07,BANK_DECLINED,ISSUER_DECLINE,595,13,6,19,0.6842,0.35,0.45,friction_prone,0.3158,0.6842,growth,1652.19,monthly,PAYMENT_LINK,0.5995241239657665,3.0,990.5277623749997,987.5277623749997,1
FAIL_001163,PAY_007821,CUST_0462,SUB_0462,1399.49,2025-11-14,NETWORK_ERROR,TECHNICAL,769,18,7,25,0.72,0.35,0.45,friction_prone,0.28,0.72,growth,1399.49,monthly,RETRY_NOW,0.844860944831416,2.0,1182.3744436821185,1180.3744436821185,1
FAIL_001168,PAY_007864,CUST_0465,SUB_0465,200.0,2026-07-18,NETWORK_ERROR,TECHNICAL,43,0,1,1,0.0,0.3,0.25,low_engagement,1.0,0.0,starter,200.0,monthly,RETRY_NOW,0.931635276299146,2.0,186.3270552598292,184.3270552598292,1
FAIL_001169,PAY_007915,CUST_0467,SUB_0467,2634.12,2026-07-27,INSUFFICIENT_FUNDS,CUSTOMER_FINANCIAL,964,30,2,32,0.9375,0.8,0.85,reliable,0.0625,0.9375,growth,2634.12,monthly,WAIT_AND_RETRY,0.8549244457476501,2.0,2251.9735810328,2249.9735810328,1
FAIL_001171,PAY_007919,CUST_0468,SUB_0468,1737.7,2024-03-18,INSUFFICIENT_FUNDS,CUSTOMER_FINANCIAL,985,18,14,32,0.5625,0.35,0.45,friction_prone,0.4375,0.5625,pro,1737.7,monthly,WAIT_AND_RETRY,0.6953076543279523,2.0,1208.2361109256826,1206.2361109256826,1
FAIL_001176,PAY_007930,CUST_0468,SUB_0468,1737.7,2025-02-11,NETWORK_ERROR,TECHNICAL,985,18,14,32,0.5625,0.35,0.45,friction_prone,0.4375,0.5625,pro,1737.7,monthly,RETRY_NOW,0.864463430406831,2.0,1502.1781030179504,1500.1781030179504,1
FAIL_001186,PAY_007944,CUST_0468,SUB_0468,1737.7,2026-04-07,INSUFFICIENT_FUNDS,CUSTOMER_FINANCIAL,985,18,14,32,0.5625,0.35,0.45,friction_prone,0.4375,0.5625,pro,1737.7,monthly,WAIT_AND_RETRY,0.6953076543279523,2.0,1208.2361109256826,1206.2361109256826,1
FAIL_001201,PAY_008048,CUST_0473,SUB_0473,1039.13,2025-12-31,CARD_EXPIRED,PAYMENT_METHOD,692,19,4,23,0.8261,0.35,0.45,friction_prone,0.1739,0.8261,growth,1039.13,monthly,UPDATE_PAYMENT_METHOD,0.8104094949199643,3.0,842.1208184561825,839.1208184561825,1
FAIL_001203,PAY_008059,CUST_0474,SUB_0474,468.79,2025-10-29,NETWORK_ERROR,TECHNICAL,395,12,1,13,0.9231,0.8,0.85,reliable,0.0769,0.9231,starter,468.79,monthly,WAIT_AND_RETRY,0.8905125750039411,2.0,417.46339003609756,415.46339003609756,1
FAIL_001212,PAY_008090,CUST_0475,SUB_0475,332.6,2026-01-27,NETWORK_ERROR,TECHNICAL,845,19,9,28,0.6786,0.3,0.25,low_engagement,0.3214,0.6786,starter,332.6,monthly,WAIT_AND_RETRY,0.8493535965170546,2.0,282.4950062015724,280.4950062015724,1
FAIL_001216,PAY_008109,CUST_0476,SUB_0476,457.08,2025-11-12,AUTHENTICATION_FAILED,CUSTOMER_ACTION,651,16,5,21,0.7619,0.3,0.25,low_engagement,0.2381,0.7619,starter,457.08,monthly,UPDATE_PAYMENT_METHOD,0.7037906745142581,3.0,321.6886415069771,318.6886415069771,1
FAIL_001223,PAY_008125,CUST_0477,SUB_0477,580.5,2025-01-06,BANK_DECLINED,ISSUER_DECLINE,811,17,10,27,0.6296,0.35,0.45,friction_prone,0.3704,0.6296,starter,580.5,monthly,PAYMENT_LINK,0.606414449266513,3.0,352.0235877992108,349.0235877992108,1
FAIL_001227,PAY_008134,CUST_0477,SUB_0477,580.5,2025-10-03,NETWORK_ERROR,TECHNICAL,811,17,10,27,0.6296,0.35,0.45,friction_prone,0.3704,0.6296,starter,580.5,monthly,RETRY_NOW,0.8593638408510822,2.0,498.86070961405323,496.86070961405323,1
FAIL_001229,PAY_008138,CUST_0477,SUB_0477,580.5,2026-01-31,BANK_DECLINED,ISSUER_DECLINE,811,17,10,27,0.6296,0.35,0.45,friction_prone,0.3704,0.6296,starter,580.5,monthly,PAYMENT_LINK,0.606414449266513,3.0,352.0235877992108,349.0235877992108,1
FAIL_001231,PAY_008144,CUST_0477,SUB_0477,580.5,2026-07-30,BANK_DECLINED,ISSUER_DECLINE,811,17,10,27,0.6296,0.35,0.45,friction_prone,0.3704,0.6296,starter,580.5,monthly,PAYMENT_LINK,0.606414449266513,3.0,352.0235877992108,349.0235877992108,1
FAIL_001233,PAY_008158,CUST_0479,SUB_0479,493.48,2024-08-19,NETWORK_ERROR,TECHNICAL,951,24,7,31,0.7742,0.3,0.25,low_engagement,0.2258,0.7742,growth,493.48,monthly,RETRY_NOW,0.9201097308080926,2.0,454.05574995917755,452.05574995917755,1
FAIL_001240,PAY_008189,CUST_0481,SUB_0481,3208.7,2024-06-19,INSUFFICIENT_FUNDS,CUSTOMER_FINANCIAL,922,27,3,30,0.9,0.82,0.9,high_value_loyal,0.1,0.9,growth,3208.7,monthly,WAIT_AND_RETRY,0.7478391598133202,2.0,2399.5915120930003,2397.5915120930003,1
FAIL_001245,PAY_008226,CUST_0482,SUB_0482,1120.08,2024-12-20,INSUFFICIENT_FUNDS,CUSTOMER_FINANCIAL,948,23,8,31,0.7419,0.6,0.6,normal,0.2581,0.7419,starter,1120.08,monthly,WAIT_AND_RETRY,0.7509353657781392,2.0,841.1076845007782,839.1076845007782,1
FAIL_001251,PAY_008244,CUST_0482,SUB_0482,1120.08,2026-06-13,BANK_DECLINED,ISSUER_DECLINE,948,23,8,31,0.7419,0.6,0.6,normal,0.2581,0.7419,starter,1120.08,monthly,WAIT_AND_RETRY,0.5492990756600099,2.0,615.2589086652639,613.2589086652639,1
FAIL_001260,PAY_008294,CUST_0485,SUB_0485,929.62,2025-09-20,BANK_DECLINED,ISSUER_DECLINE,344,6,5,11,0.5455,0.35,0.45,friction_prone,0.4545,0.5455,starter,929.62,monthly,WAIT_AND_RETRY,0.6755174494119992,2.0,627.9745313223827,625.9745313223827,1
FAIL_001263,PAY_008301,CUST_0485,SUB_0485,929.62,2026-04-18,INSUFFICIENT_FUNDS,CUSTOMER_FINANCIAL,344,6,5,11,0.5455,0.35,0.45,friction_prone,0.4545,0.5455,starter,929.62,monthly,WAIT_AND_RETRY,0.564930630161517,2.0,525.1708124107495,523.1708124107495,1
FAIL_001267,PAY_008319,CUST_0487,SUB_0487,15000.0,2024-03-18,BANK_DECLINED,ISSUER_DECLINE,955,29,2,31,0.9355,0.82,0.9,high_value_loyal,0.0645,0.9355,pro,15000.0,monthly,PAYMENT_LINK,0.7505074661354796,3.0,11257.611992032194,11254.611992032194,1
FAIL_001272,PAY_008376,CUST_0489,SUB_0489,8583.5,2025-10-10,NETWORK_ERROR,TECHNICAL,414,12,1,13,0.9231,0.82,0.9,high_value_loyal,0.0769,0.9231,growth,8583.5,monthly,WAIT_AND_RETRY,0.9053226377459115,2.0,7770.8368610920315,7768.8368610920315,1
FAIL_001277,PAY_008396,CUST_0491,SUB_0491,540.07,2024-09-21,INSUFFICIENT_FUNDS,CUSTOMER_FINANCIAL,978,22,10,32,0.6875,0.35,0.45,friction_prone,0.3125,0.6875,starter,540.07,monthly,WAIT_AND_RETRY,0.7546935441547482,2.0,407.5873423916549,405.5873423916549,1
FAIL_001285,PAY_008418,CUST_0491,SUB_0491,540.07,2026-07-13,NETWORK_ERROR,TECHNICAL,978,22,10,32,0.6875,0.35,0.45,friction_prone,0.3125,0.6875,starter,540.07,monthly,RETRY_NOW,0.9104242806490516,2.0,491.6928412501333,489.6928412501333,1
FAIL_001286,PAY_008435,CUST_0493,SUB_0493,489.64,2024-05-06,CARD_EXPIRED,PAYMENT_METHOD,876,24,5,29,0.8276,0.3,0.25,low_engagement,0.1724,0.8276,starter,489.64,monthly,UPDATE_PAYMENT_METHOD,0.852557357102272,3.0,417.4461843315564,414.4461843315564,1
FAIL_001287,PAY_008436,CUST_0493,SUB_0493,489.64,2024-06-05,AUTHENTICATION_FAILED,CUSTOMER_ACTION,876,24,5,29,0.8276,0.3,0.25,low_engagement,0.1724,0.8276,starter,489.64,monthly,UPDATE_PAYMENT_METHOD,0.7633915176640741,3.0,373.7870227090372,370.7870227090372,1
FAIL_001289,PAY_008443,CUST_0493,SUB_0493,489.64,2025-01-01,BANK_DECLINED,ISSUER_DECLINE,876,24,5,29,0.8276,0.3,0.25,low_engagement,0.1724,0.8276,starter,489.64,monthly,WAIT_AND_RETRY,0.726981034759467,2.0,355.95899385962537,353.95899385962537,1
FAIL_001293,PAY_008460,CUST_0493,SUB_0493,489.64,2026-05-26,LIMIT_EXCEEDED,PAYMENT_LIMIT,876,24,5,29,0.8276,0.3,0.25,low_engagement,0.1724,0.8276,starter,489.64,monthly,PAYMENT_LINK,0.6582240873670573,3.0,322.29284213840594,319.29284213840594,1
FAIL_001296,PAY_008485,CUST_0494,SUB_0494,14846.24,2026-06-23,NETWORK_ERROR,TECHNICAL,728,22,2,24,0.9167,0.82,0.9,high_value_loyal,0.0833,0.9167,pro,14846.24,monthly,RETRY_NOW,0.8777637465548183,2.0,13031.491244652005,13029.491244652005,1
FAIL_001300,PAY_008527,CUST_0500,SUB_0500,878.95,2025-06-11,NETWORK_ERROR,TECHNICAL,745,17,7,24,0.7083,0.35,0.45,friction_prone,0.2917,0.7083,pro,878.95,monthly,RETRY_NOW,0.8335504908153671,2.0,732.649203902167,730.649203902167,1
FAIL_001320,PAY_008671,CUST_0508,SUB_0508,676.53,2025-05-22,CARD_EXPIRED,PAYMENT_METHOD,705,16,7,23,0.6957,0.6,0.6,normal,0.3043,0.6957,starter,676.53,monthly,UPDATE_PAYMENT_METHOD,0.9426326713671003,3.0,637.7192811599843,634.7192811599843,1
FAIL_001328,PAY_008697,CUST_0511,SUB_0511,418.75,2025-10-08,INSUFFICIENT_FUNDS,CUSTOMER_FINANCIAL,326,9,1,10,0.9,0.3,0.25,low_engagement,0.1,0.9,starter,418.75,monthly,WAIT_AND_RETRY,0.8357347804197757,2.0,349.9639393007811,347.9639393007811,1
FAIL_001329,PAY_008719,CUST_0512,SUB_0512,2720.0,2026-05-12,CARD_EXPIRED,PAYMENT_METHOD,470,13,2,15,0.8667,0.8,0.85,reliable,0.1333,0.8667,pro,2720.0,monthly,UPDATE_PAYMENT_METHOD,0.8952902252905051,3.0,2435.1894127901737,2432.1894127901737,1
FAIL_001337,PAY_008845,CUST_0521,SUB_0521,1196.46,2025-06-04,BANK_DECLINED,ISSUER_DECLINE,542,11,7,18,0.6111,0.35,0.45,friction_prone,0.3889,0.6111,growth,1196.46,monthly,WAIT_AND_RETRY,0.5672092793119268,2.0,678.6432143255479,676.6432143255479,1
FAIL_001345,PAY_008883,CUST_0523,SUB_0523,1492.87,2026-06-14,CARD_EXPIRED,PAYMENT_METHOD,137,2,2,4,0.5,0.6,0.6,normal,0.5,0.5,growth,1492.87,monthly,UPDATE_PAYMENT_METHOD,0.750044603852642,3.0,1119.7190877534936,1116.7190877534936,1
FAIL_001353,PAY_008952,CUST_0527,SUB_0527,633.24,2026-07-22,LIMIT_EXCEEDED,PAYMENT_LIMIT,429,9,5,14,0.6429,0.35,0.45,friction_prone,0.3571,0.6429,starter,633.24,monthly,PAYMENT_LINK,0.5298185914120837,3.0,335.50232482578787,332.50232482578787,1
FAIL_001354,PAY_008965,CUST_0530,SUB_0530,2315.15,2025-08-10,CARD_EXPIRED,PAYMENT_METHOD,535,12,5,17,0.7059,0.6,0.6,normal,0.2941,0.7059,pro,2315.15,monthly,UPDATE_PAYMENT_METHOD,0.9209056911204484,3.0,2132.034810797506,2129.034810797506,1
FAIL_001357,PAY_008980,CUST_0531,SUB_0531,412.94,2025-08-14,INSUFFICIENT_FUNDS,CUSTOMER_FINANCIAL,471,11,4,15,0.7333,0.35,0.45,friction_prone,0.2667,0.7333,growth,412.94,monthly,WAIT_AND_RETRY,0.7960938923559285,2.0,328.73901190945713,326.73901190945713,1
FAIL_001361,PAY_009014,CUST_0532,SUB_0532,8636.92,2026-06-03,INSUFFICIENT_FUNDS,CUSTOMER_FINANCIAL,748,22,2,24,0.9167,0.82,0.9,high_value_loyal,0.0833,0.9167,pro,8636.92,monthly,PAYMENT_LINK,0.7843994867912768,3.0,6774.795615457315,6771.795615457315,1
FAIL_001367,PAY_009026,CUST_0533,SUB_0533,444.14,2025-07-26,AUTHENTICATION_FAILED,CUSTOMER_ACTION,700,15,8,23,0.6522,0.3,0.25,low_engagement,0.3478,0.6522,starter,444.14,monthly,UPDATE_PAYMENT_METHOD,0.7527486391797241,3.0,334.32578060528266,331.32578060528266,1
FAIL_001373,PAY_009066,CUST_0535,SUB_0535,11601.39,2025-09-01,BANK_DECLINED,ISSUER_DECLINE,423,13,1,14,0.9286,0.82,0.9,high_value_loyal,0.0714,0.9286,pro,11601.39,monthly,WAIT_AND_RETRY,0.6718193588849363,2.0,7794.038391974111,7792.038391974111,1
FAIL_001379,PAY_009095,CUST_0537,SUB_0537,547.66,2026-03-26,BANK_DECLINED,ISSUER_DECLINE,427,8,6,14,0.5714,0.3,0.25,low_engagement,0.4286,0.5714,growth,547.66,monthly,WAIT_AND_RETRY,0.351659015469747,2.0,192.58957641216162,190.58957641216162,1
FAIL_001385,PAY_009117,CUST_0540,SUB_0540,2023.63,2025-05-16,INSUFFICIENT_FUNDS,CUSTOMER_FINANCIAL,831,21,6,27,0.7778,0.35,0.45,friction_prone,0.2222,0.7778,pro,2023.63,monthly,WAIT_AND_RETRY,0.726594197208104,2.0,1470.3578152962357,1468.3578152962357,1
FAIL_001390,PAY_009154,CUST_0543,SUB_0543,601.97,2025-08-20,CARD_EXPIRED,PAYMENT_METHOD,765,21,4,25,0.84,0.3,0.25,low_engagement,0.16,0.84,starter,601.97,monthly,UPDATE_PAYMENT_METHOD,0.822382316686245,3.0,495.0494831756189,492.0494831756189,1
FAIL_001394,PAY_009174,CUST_0545,SUB_0545,321.75,2024-11-29,INSUFFICIENT_FUNDS,CUSTOMER_FINANCIAL,759,20,5,25,0.8,0.3,0.25,low_engagement,0.2,0.8,starter,321.75,monthly,WAIT_AND_RETRY,0.7134198945984705,2.0,229.5428510870579,227.5428510870579,1
FAIL_001405,PAY_009211,CUST_0547,SUB_0547,2231.07,2025-08-02,BANK_DECLINED,ISSUER_DECLINE,603,16,4,20,0.8,0.35,0.45,friction_prone,0.2,0.8,pro,2231.07,monthly,WAIT_AND_RETRY,0.6621324093360079,2.0,1477.2637544972872,1475.2637544972872,1
FAIL_001409,PAY_009258,CUST_0550,SUB_0550,7064.05,2024-08-14,INSUFFICIENT_FUNDS,CUSTOMER_FINANCIAL,746,22,2,24,0.9167,0.82,0.9,high_value_loyal,0.0833,0.9167,pro,7064.05,monthly,PAYMENT_LINK,0.7803604739573914,3.0,5512.505406058711,5509.505406058711,1
FAIL_001416,PAY_009293,CUST_0552,SUB_0552,507.97,2024-08-10,BANK_DECLINED,ISSUER_DECLINE,930,20,11,31,0.6452,0.3,0.25,low_engagement,0.3548,0.6452,growth,507.97,monthly,WAIT_AND_RETRY,0.684810104733062,2.0,347.8629889012535,345.8629889012535,1
FAIL_001430,PAY_009399,CUST_0556,SUB_0556,1271.26,2025-05-21,INSUFFICIENT_FUNDS,CUSTOMER_FINANCIAL,706,15,8,23,0.6522,0.35,0.45,friction_prone,0.3478,0.6522,pro,1271.26,monthly,WAIT_AND_RETRY,0.5988821069061082,2.0,761.3348672254591,759.3348672254591,1
FAIL_001433,PAY_009409,CUST_0556,SUB_0556,1271.26,2026-03-17,NETWORK_ERROR,TECHNICAL,706,15,8,23,0.6522,0.35,0.45,friction_prone,0.3478,0.6522,pro,1271.26,monthly,RETRY_NOW,0.9079008268011226,2.0,1154.1780050791951,1152.1780050791951,1
FAIL_001439,PAY_009481,CUST_0563,SUB_0563,404.63,2025-08-24,NETWORK_ERROR,TECHNICAL,971,28,4,32,0.875,0.3,0.25,low_engagement,0.125,0.875,starter,404.63,monthly,WAIT_AND_RETRY,0.8534752456365122,2.0,345.34168864190195,343.34168864190195,1
FAIL_001449,PAY_009527,CUST_0565,SUB_0565,200.0,2025-10-19,BANK_DECLINED,ISSUER_DECLINE,735,16,8,24,0.6667,0.35,0.45,friction_prone,0.3333,0.6667,starter,200.0,monthly,WAIT_AND_RETRY,0.6015603583253256,2.0,120.31207166506512,118.31207166506512,1
FAIL_001452,PAY_009556,CUST_0567,SUB_0567,950.44,2024-09-28,INSUFFICIENT_FUNDS,CUSTOMER_FINANCIAL,761,22,3,25,0.88,0.3,0.25,low_engagement,0.12,0.88,starter,950.44,monthly,WAIT_AND_RETRY,0.8673298159899215,2.0,824.3449503094611,822.3449503094611,1
FAIL_001456,PAY_009624,CUST_0572,SUB_0572,12441.81,2026-03-18,LIMIT_EXCEEDED,PAYMENT_LIMIT,465,13,2,15,0.8667,0.82,0.9,high_value_loyal,0.1333,0.8667,pro,12441.81,monthly,PAYMENT_LINK,0.5775189153601017,3.0,7185.380616316466,7182.380616316466,1
FAIL_001466,PAY_009650,CUST_0573,SUB_0573,557.68,2026-04-24,INSUFFICIENT_FUNDS,CUSTOMER_FINANCIAL,758,17,8,25,0.68,0.35,0.45,friction_prone,0.32,0.68,starter,557.68,monthly,WAIT_AND_RETRY,0.6230486932386757,2.0,347.46179524534466,345.46179524534466,1
FAIL_001471,PAY_009670,CUST_0574,SUB_0574,918.08,2025-05-05,LIMIT_EXCEEDED,PAYMENT_LIMIT,962,30,2,32,0.9375,0.8,0.85,reliable,0.0625,0.9375,growth,918.08,monthly,PAYMENT_LINK,0.6745725457924795,3.0,619.3115628411596,616.3115628411596,1
FAIL_001482,PAY_009722,CUST_0577,SUB_0577,576.58,2024-03-21,BANK_DECLINED,ISSUER_DECLINE,982,27,5,32,0.8438,0.3,0.25,low_engagement,0.1562,0.8438,starter,576.58,monthly,WAIT_AND_RETRY,0.6798455931320504,2.0,391.98537208807767,389.98537208807767,1
FAIL_001483,PAY_009732,CUST_0577,SUB_0577,576.58,2025-01-15,INSUFFICIENT_FUNDS,CUSTOMER_FINANCIAL,982,27,5,32,0.8438,0.3,0.25,low_engagement,0.1562,0.8438,starter,576.58,monthly,WAIT_AND_RETRY,0.8603118676804777,2.0,496.0386166672099,494.0386166672099,1
FAIL_001487,PAY_009764,CUST_0578,SUB_0578,1586.51,2026-01-10,BANK_DECLINED,ISSUER_DECLINE,622,14,6,20,0.7,0.35,0.45,friction_prone,0.3,0.7,pro,1586.51,monthly,WAIT_AND_RETRY,0.6058835148976706,2.0,961.2402552203033,959.2402552203033,1
FAIL_001492,PAY_009805,CUST_0580,SUB_0580,1096.45,2026-02-09,BANK_DECLINED,ISSUER_DECLINE,952,24,7,31,0.7742,0.3,0.25,low_engagement,0.2258,0.7742,growth,1096.45,monthly,WAIT_AND_RETRY,0.5932312590163137,2.0,650.4484139484372,648.4484139484372,1
FAIL_001494,PAY_009816,CUST_0581,SUB_0581,369.27,2025-05-16,INSUFFICIENT_FUNDS,CUSTOMER_FINANCIAL,621,10,10,20,0.5,0.35,0.45,friction_prone,0.5,0.5,starter,369.27,monthly,SEND_REMINDER,0.6469461286042905,1.0,238.89779690970633,237.89779690970633,1
FAIL_001495,PAY_009821,CUST_0581,SUB_0581,369.27,2025-10-13,LIMIT_EXCEEDED,PAYMENT_LIMIT,621,10,10,20,0.5,0.35,0.45,friction_prone,0.5,0.5,starter,369.27,monthly,PAYMENT_LINK,0.5554907912084023,3.0,205.1260844695267,202.1260844695267,1
FAIL_001513,PAY_009962,CUST_0588,SUB_0588,278.46,2025-11-21,CARD_EXPIRED,PAYMENT_METHOD,612,13,7,20,0.65,0.3,0.25,low_engagement,0.35,0.65,starter,278.46,monthly,UPDATE_PAYMENT_METHOD,0.7712660873080351,3.0,214.76675467179544,211.76675467179544,1
FAIL_001514,PAY_009969,CUST_0588,SUB_0588,278.46,2026-06-19,LIMIT_EXCEEDED,PAYMENT_LIMIT,612,13,7,20,0.65,0.3,0.25,low_engagement,0.35,0.65,starter,278.46,monthly,WAIT_AND_RETRY,0.6152429420408793,2.0,171.32054964070323,169.32054964070323,1
FAIL_001517,PAY_009979,CUST_0589,SUB_0589,998.51,2025-08-21,BANK_DECLINED,ISSUER_DECLINE,614,18,2,20,0.9,0.6,0.6,normal,0.1,0.9,starter,998.51,monthly,WAIT_AND_RETRY,0.7303921315101901,2.0,729.3038472342399,727.3038472342399,1
FAIL_001530,PAY_010123,CUST_0597,SUB_0597,12778.74,2026-07-19,LIMIT_EXCEEDED,PAYMENT_LIMIT,102,2,1,3,0.6667,0.82,0.9,high_value_loyal,0.3333,0.6667,pro,12778.74,monthly,PAYMENT_LINK,0.73913010407715,3.0,9445.15142617484,9442.15142617484,1
FAIL_001532,PAY_010153,CUST_0599,SUB_0599,1262.66,2026-03-03,AUTHENTICATION_FAILED,CUSTOMER_ACTION,300,9,1,10,0.9,0.6,0.6,normal,0.1,0.9,starter,1262.66,monthly,UPDATE_PAYMENT_METHOD,0.8671760421226268,3.0,1094.948501346556,1091.948501346556,1
FAIL_001551,PAY_010344,CUST_0609,SUB_0609,1520.27,2026-07-07,CARD_EXPIRED,PAYMENT_METHOD,774,16,9,25,0.64,0.35,0.45,friction_prone,0.36,0.64,pro,1520.27,monthly,UPDATE_PAYMENT_METHOD,0.8811736005105895,3.0,1339.6217896482337,1336.6217896482337,1
FAIL_001553,PAY_010354,CUST_0610,SUB_0610,11684.35,2024-12-02,INSUFFICIENT_FUNDS,CUSTOMER_FINANCIAL,906,24,6,30,0.8,0.82,0.9,high_value_loyal,0.2,0.8,pro,11684.35,monthly,WAIT_AND_RETRY,0.8328891924160687,2.0,9731.768835406692,9729.768835406692,1
FAIL_001555,PAY_010362,CUST_0610,SUB_0610,11684.35,2025-07-30,INSUFFICIENT_FUNDS,CUSTOMER_FINANCIAL,906,24,6,30,0.8,0.82,0.9,high_value_loyal,0.2,0.8,pro,11684.35,monthly,WAIT_AND_RETRY,0.8328891924160687,2.0,9731.768835406692,9729.768835406692,1
FAIL_001557,PAY_010374,CUST_0610,SUB_0610,11684.35,2026-07-25,INSUFFICIENT_FUNDS,CUSTOMER_FINANCIAL,906,24,6,30,0.8,0.82,0.9,high_value_loyal,0.2,0.8,pro,11684.35,monthly,WAIT_AND_RETRY,0.8328891924160687,2.0,9731.768835406692,9729.768835406692,1
FAIL_001564,PAY_010470,CUST_0617,SUB_0617,469.95,2026-06-18,INSUFFICIENT_FUNDS,CUSTOMER_FINANCIAL,583,10,9,19,0.5263,0.6,0.6,normal,0.4737,0.5263,starter,469.95,monthly,WAIT_AND_RETRY,0.821071516039079,2.0,385.8625589625652,383.8625589625652,1
FAIL_001567,PAY_010518,CUST_0623,SUB_0623,1621.46,2025-01-05,BANK_DECLINED,ISSUER_DECLINE,662,13,9,22,0.5909,0.35,0.45,friction_prone,0.4091,0.5909,pro,1621.46,monthly,PAYMENT_LINK,0.6680307175722031,3.0,1083.1850873146245,1080.1850873146245,1
FAIL_001573,PAY_010531,CUST_0623,SUB_0623,1621.46,2026-01-30,BANK_DECLINED,ISSUER_DECLINE,662,13,9,22,0.5909,0.35,0.45,friction_prone,0.4091,0.5909,pro,1621.46,monthly,PAYMENT_LINK,0.6680307175722031,3.0,1083.1850873146245,1080.1850873146245,1
FAIL_001577,PAY_010557,CUST_0625,SUB_0625,2210.87,2024-09-27,NETWORK_ERROR,TECHNICAL,702,16,7,23,0.6957,0.35,0.45,friction_prone,0.3043,0.6957,pro,2210.87,monthly,RETRY_NOW,0.8980268632502907,2.0,1985.4206511541702,1983.4206511541702,1
FAIL_001578,PAY_010560,CUST_0625,SUB_0625,2210.87,2024-12-26,BANK_DECLINED,ISSUER_DECLINE,702,16,7,23,0.6957,0.35,0.45,friction_prone,0.3043,0.6957,pro,2210.87,monthly,WAIT_AND_RETRY,0.7011314956698212,2.0,1550.1105898315377,1548.1105898315377,1
FAIL_001600,PAY_010652,CUST_0628,SUB_0628,1735.47,2025-05-06,INSUFFICIENT_FUNDS,CUSTOMER_FINANCIAL,781,21,5,26,0.8077,0.6,0.6,normal,0.1923,0.8077,growth,1735.47,monthly,WAIT_AND_RETRY,0.7797778560140877,2.0,1353.2810757767688,1351.2810757767688,1
FAIL_001621,PAY_010789,CUST_0635,SUB_0635,13569.88,2025-11-08,BANK_DECLINED,ISSUER_DECLINE,715,22,1,23,0.9565,0.82,0.9,high_value_loyal,0.0435,0.9565,pro,13569.88,monthly,PAYMENT_LINK,0.6257200245772141,3.0,8490.945647109846,8487.945647109846,1
FAIL_001622,PAY_010798,CUST_0636,SUB_0636,666.71,2024-07-03,CARD_EXPIRED,PAYMENT_METHOD,788,14,12,26,0.5385,0.35,0.45,friction_prone,0.4615,0.5385,pro,666.71,monthly,UPDATE_PAYMENT_METHOD,0.8890545346490634,3.0,592.7415487958771,589.7415487958771,1
FAIL_001633,PAY_010818,CUST_0636,SUB_0636,666.71,2026-02-23,NETWORK_ERROR,TECHNICAL,788,14,12,26,0.5385,0.35,0.45,friction_prone,0.4615,0.5385,pro,666.71,monthly,WAIT_AND_RETRY,0.7539602742163198,2.0,502.6728544227626,500.6728544227626,1
FAIL_001635,PAY_010820,CUST_0636,SUB_0636,666.71,2026-04-24,LIMIT_EXCEEDED,PAYMENT_LIMIT,788,14,12,26,0.5385,0.35,0.45,friction_prone,0.4615,0.5385,pro,666.71,monthly,PAYMENT_LINK,0.6054395689587444,3.0,403.6526150204845,400.6526150204845,1
FAIL_001636,PAY_010822,CUST_0636,SUB_0636,666.71,2026-06-23,INSUFFICIENT_FUNDS,CUSTOMER_FINANCIAL,788,14,12,26,0.5385,0.35,0.45,friction_prone,0.4615,0.5385,pro,666.71,monthly,SEND_REMINDER,0.5925673589893712,1.0,395.0705839118037,394.0705839118037,1
FAIL_001637,PAY_010851,CUST_0638,SUB_0638,1633.25,2025-06-08,INSUFFICIENT_FUNDS,CUSTOMER_FINANCIAL,658,17,4,21,0.8095,0.35,0.45,friction_prone,0.1905,0.8095,pro,1633.25,monthly,WAIT_AND_RETRY,0.7514273769334102,2.0,1227.2687633764922,1225.2687633764922,1
FAIL_001638,PAY_010859,CUST_0638,SUB_0638,1633.25,2026-02-03,BANK_DECLINED,ISSUER_DECLINE,658,17,4,21,0.8095,0.35,0.45,friction_prone,0.1905,0.8095,pro,1633.25,monthly,WAIT_AND_RETRY,0.5989688348950043,2.0,978.2658495922658,976.2658495922658,1
FAIL_001643,PAY_010878,CUST_0640,SUB_0640,1249.65,2024-10-27,INSUFFICIENT_FUNDS,CUSTOMER_FINANCIAL,852,15,13,28,0.5357,0.35,0.45,friction_prone,0.4643,0.5357,growth,1249.65,monthly,WAIT_AND_RETRY,0.7738911370217232,2.0,967.0930593791965,965.0930593791965,1
FAIL_001644,PAY_010880,CUST_0640,SUB_0640,1249.65,2024-12-26,INSUFFICIENT_FUNDS,CUSTOMER_FINANCIAL,852,15,13,28,0.5357,0.35,0.45,friction_prone,0.4643,0.5357,growth,1249.65,monthly,WAIT_AND_RETRY,0.7738911370217232,2.0,967.0930593791965,965.0930593791965,1
FAIL_001649,PAY_010889,CUST_0640,SUB_0640,1249.65,2025-09-22,INSUFFICIENT_FUNDS,CUSTOMER_FINANCIAL,852,15,13,28,0.5357,0.35,0.45,friction_prone,0.4643,0.5357,growth,1249.65,monthly,WAIT_AND_RETRY,0.7738911370217232,2.0,967.0930593791965,965.0930593791965,1
FAIL_001650,PAY_010891,CUST_0640,SUB_0640,1249.65,2025-11-21,INSUFFICIENT_FUNDS,CUSTOMER_FINANCIAL,852,15,13,28,0.5357,0.35,0.45,friction_prone,0.4643,0.5357,growth,1249.65,monthly,WAIT_AND_RETRY,0.7738911370217232,2.0,967.0930593791965,965.0930593791965,1
FAIL_001654,PAY_010897,CUST_0640,SUB_0640,1249.65,2026-05-20,BANK_DECLINED,ISSUER_DECLINE,852,15,13,28,0.5357,0.35,0.45,friction_prone,0.4643,0.5357,growth,1249.65,monthly,WAIT_AND_RETRY,0.5836701033187002,2.0,729.3833446122137,727.3833446122137,1
FAIL_001664,PAY_010952,CUST_0644,SUB_0644,289.39,2024-11-11,INSUFFICIENT_FUNDS,CUSTOMER_FINANCIAL,747,20,4,24,0.8333,0.3,0.25,low_engagement,0.1667,0.8333,starter,289.39,monthly,WAIT_AND_RETRY,0.6551859757814376,2.0,189.6042695313902,187.6042695313902,1
FAIL_001665,PAY_010956,CUST_0644,SUB_0644,289.39,2025-03-11,BANK_DECLINED,ISSUER_DECLINE,747,20,4,24,0.8333,0.3,0.25,low_engagement,0.1667,0.8333,starter,289.39,monthly,WAIT_AND_RETRY,0.610564892155014,2.0,176.6913741407395,174.6913741407395,1
FAIL_001668,PAY_010992,CUST_0646,SUB_0646,232.1,2026-03-01,BANK_DECLINED,ISSUER_DECLINE,182,2,4,6,0.3333,0.3,0.25,low_engagement,0.6667,0.3333,starter,232.1,monthly,WAIT_AND_RETRY,0.6758307661597066,2.0,156.8603208256679,154.8603208256679,1
FAIL_001673,PAY_011001,CUST_0647,SUB_0647,1055.34,2024-03-16,NETWORK_ERROR,TECHNICAL,987,20,12,32,0.625,0.35,0.45,friction_prone,0.375,0.625,pro,1055.34,monthly,WAIT_AND_RETRY,0.9030888174428605,2.0,953.0657526001484,951.0657526001484,1
FAIL_001684,PAY_011029,CUST_0647,SUB_0647,1055.34,2026-07-04,LIMIT_EXCEEDED,PAYMENT_LIMIT,987,20,12,32,0.625,0.35,0.45,friction_prone,0.375,0.625,pro,1055.34,monthly,PAYMENT_LINK,0.6451710761529249,3.0,680.8748435072278,677.8748435072278,1
FAIL_001687,PAY_011069,CUST_0650,SUB_0650,300.09,2024-09-02,LIMIT_EXCEEDED,PAYMENT_LIMIT,727,12,12,24,0.5,0.35,0.45,friction_prone,0.5,0.5,growth,300.09,monthly,PAYMENT_LINK,0.4874558333784966,3.0,146.28062103855302,143.28062103855302,1
FAIL_001689,PAY_011074,CUST_0650,SUB_0650,300.09,2025-01-30,CARD_EXPIRED,PAYMENT_METHOD,727,12,12,24,0.5,0.35,0.45,friction_prone,0.5,0.5,growth,300.09,monthly,UPDATE_PAYMENT_METHOD,0.8255847579932103,3.0,247.74973002618245,244.74973002618245,1
FAIL_001698,PAY_011096,CUST_0651,SUB_0651,1314.12,2026-06-06,INSUFFICIENT_FUNDS,CUSTOMER_FINANCIAL,175,4,1,5,0.8,0.6,0.6,normal,0.2,0.8,starter,1314.12,monthly,WAIT_AND_RETRY,0.8248070716826227,2.0,1083.895469039568,1081.895469039568,1
FAIL_001718,PAY_011268,CUST_0662,SUB_0662,8298.83,2025-10-05,NETWORK_ERROR,TECHNICAL,989,30,2,32,0.9375,0.82,0.9,high_value_loyal,0.0625,0.9375,pro,8298.83,monthly,RETRY_NOW,0.8979315801311331,2.0,7451.781535139651,7449.781535139651,1
FAIL_001719,PAY_011270,CUST_0662,SUB_0662,8298.83,2025-12-04,AUTHENTICATION_FAILED,CUSTOMER_ACTION,989,30,2,32,0.9375,0.82,0.9,high_value_loyal,0.0625,0.9375,pro,8298.83,monthly,UPDATE_PAYMENT_METHOD,0.7318351985149963,3.0,6073.375900492207,6070.375900492207,1
FAIL_001723,PAY_011315,CUST_0665,SUB_0665,374.12,2025-09-12,BANK_DECLINED,ISSUER_DECLINE,382,6,6,12,0.5,0.3,0.25,low_engagement,0.5,0.5,starter,374.12,monthly,PAYMENT_LINK,0.46263376609741386,3.0,173.0805445723645,170.0805445723645,1
FAIL_001729,PAY_011337,CUST_0666,SUB_0666,1090.5,2025-06-28,BANK_DECLINED,ISSUER_DECLINE,758,16,9,25,0.64,0.35,0.45,friction_prone,0.36,0.64,growth,1090.5,monthly,WAIT_AND_RETRY,0.6238085397905746,2.0,680.2632126416216,678.2632126416216,1
FAIL_001730,PAY_011343,CUST_0666,SUB_0666,1090.5,2025-12-25,INSUFFICIENT_FUNDS,CUSTOMER_FINANCIAL,758,16,9,25,0.64,0.35,0.45,friction_prone,0.36,0.64,growth,1090.5,monthly,WAIT_AND_RETRY,0.599970282081902,2.0,654.2675926103141,652.2675926103141,1
FAIL_001732,PAY_011352,CUST_0667,SUB_0667,651.62,2026-07-29,NETWORK_ERROR,TECHNICAL,62,1,1,2,0.5,0.3,0.25,low_engagement,0.5,0.5,starter,651.62,monthly,RETRY_NOW,0.9361013542861235,2.0,609.9823644799238,607.9823644799238,1
FAIL_001733,PAY_011356,CUST_0668,SUB_0668,1279.62,2024-10-07,CARD_EXPIRED,PAYMENT_METHOD,782,25,1,26,0.9615,0.8,0.85,reliable,0.0385,0.9615,pro,1279.62,monthly,UPDATE_PAYMENT_METHOD,0.8924083987000356,3.0,1141.9436351445395,1138.9436351445395,1
FAIL_001734,PAY_011398,CUST_0670,SUB_0670,891.7,2025-10-08,INSUFFICIENT_FUNDS,CUSTOMER_FINANCIAL,626,17,3,20,0.85,0.6,0.6,normal,0.15,0.85,starter,891.7,monthly,WAIT_AND_RETRY,0.7712368789132514,2.0,687.7119249269464,685.7119249269464,1
FAIL_001735,PAY_011399,CUST_0670,SUB_0670,891.7,2025-11-07,NETWORK_ERROR,TECHNICAL,626,17,3,20,0.85,0.6,0.6,normal,0.15,0.85,starter,891.7,monthly,RETRY_NOW,0.9003389751063254,2.0,802.8322641023104,800.8322641023104,1
FAIL_001742,PAY_011470,CUST_0675,SUB_0675,859.71,2025-04-06,NETWORK_ERROR,TECHNICAL,811,15,12,27,0.5556,0.35,0.45,friction_prone,0.4444,0.5556,pro,859.71,monthly,RETRY_NOW,0.8534892595621256,2.0,733.753251338155,731.753251338155,1
FAIL_001748,PAY_011489,CUST_0676,SUB_0676,208.63,2024-02-04,INSUFFICIENT_FUNDS,CUSTOMER_FINANCIAL,998,27,6,33,0.8182,0.3,0.25,low_engagement,0.1818,0.8182,starter,208.63,monthly,WAIT_AND_RETRY,0.7891472863861364,2.0,164.63979835873963,162.63979835873963,1
FAIL_001752,PAY_011500,CUST_0676,SUB_0676,208.63,2024-12-30,CARD_EXPIRED,PAYMENT_METHOD,998,27,6,33,0.8182,0.3,0.25,low_engagement,0.1818,0.8182,starter,208.63,monthly,UPDATE_PAYMENT_METHOD,0.7561537543798722,3.0,157.75635777627272,154.75635777627272,1
FAIL_001755,PAY_011530,CUST_0679,SUB_0679,1699.94,2024-03-12,INSUFFICIENT_FUNDS,CUSTOMER_FINANCIAL,961,26,6,32,0.8125,0.6,0.6,normal,0.1875,0.8125,starter,1699.94,monthly,WAIT_AND_RETRY,0.6702352608601077,2.0,1139.3597293465314,1137.3597293465314,1
FAIL_001761,PAY_011571,CUST_0680,SUB_0680,1595.24,2025-06-28,BANK_DECLINED,ISSUER_DECLINE,758,16,9,25,0.64,0.35,0.45,friction_prone,0.36,0.64,pro,1595.24,monthly,PAYMENT_LINK,0.6320193428450743,3.0,1008.2225364801764,1005.2225364801764,1
FAIL_001766,PAY_011582,CUST_0680,SUB_0680,1595.24,2026-05-24,BANK_DECLINED,ISSUER_DECLINE,758,16,9,25,0.64,0.35,0.45,friction_prone,0.36,0.64,pro,1595.24,monthly,PAYMENT_LINK,0.6320193428450743,3.0,1008.2225364801764,1005.2225364801764,1
FAIL_001767,PAY_011583,CUST_0680,SUB_0680,1595.24,2026-06-23,INSUFFICIENT_FUNDS,CUSTOMER_FINANCIAL,758,16,9,25,0.64,0.35,0.45,friction_prone,0.36,0.64,pro,1595.24,monthly,PAYMENT_LINK,0.5790129310247635,3.0,923.6645880879437,920.6645880879437,1
FAIL_001780,PAY_011715,CUST_0687,SUB_0687,345.77,2025-06-29,BANK_DECLINED,ISSUER_DECLINE,937,21,10,31,0.6774,0.6,0.6,normal,0.3226,0.6774,growth,345.77,monthly,WAIT_AND_RETRY,0.6074370389946318,2.0,210.03350497317382,208.03350497317382,1
FAIL_001781,PAY_011724,CUST_0687,SUB_0687,345.77,2026-03-26,LIMIT_EXCEEDED,PAYMENT_LIMIT,937,21,10,31,0.6774,0.6,0.6,normal,0.3226,0.6774,growth,345.77,monthly,PAYMENT_LINK,0.6598596002151018,3.0,228.15965396637574,225.15965396637574,1
FAIL_001787,PAY_011737,CUST_0688,SUB_0688,703.54,2025-12-28,NETWORK_ERROR,TECHNICAL,485,12,4,16,0.75,0.35,0.45,friction_prone,0.25,0.75,growth,703.54,monthly,RETRY_NOW,0.8080512493590065,2.0,568.4963759740355,566.4963759740355,1
FAIL_001788,PAY_011739,CUST_0688,SUB_0688,703.54,2026-02-26,INSUFFICIENT_FUNDS,CUSTOMER_FINANCIAL,485,12,4,16,0.75,0.35,0.45,friction_prone,0.25,0.75,growth,703.54,monthly,WAIT_AND_RETRY,0.737097306602977,2.0,518.5774390874584,516.5774390874584,1
FAIL_001795,PAY_011806,CUST_0693,SUB_0693,1009.84,2025-10-07,CARD_EXPIRED,PAYMENT_METHOD,447,11,3,14,0.7857,0.3,0.25,low_engagement,0.2143,0.7857,growth,1009.84,monthly,UPDATE_PAYMENT_METHOD,0.9012759162789634,3.0,910.1444712951485,907.1444712951485,1
FAIL_001802,PAY_011823,CUST_0694,SUB_0694,1377.46,2025-08-22,BANK_DECLINED,ISSUER_DECLINE,583,9,10,19,0.4737,0.35,0.45,friction_prone,0.5263,0.4737,pro,1377.46,monthly,SEND_REMINDER,0.5597203445717231,1.0,770.9923858337658,769.9923858337658,1
FAIL_001810,PAY_011855,CUST_0697,SUB_0697,671.72,2025-03-25,AUTHENTICATION_FAILED,CUSTOMER_ACTION,763,23,2,25,0.92,0.6,0.6,normal,0.08,0.92,starter,671.72,monthly,UPDATE_PAYMENT_METHOD,0.8621672166203131,3.0,579.1349627481968,576.1349627481968,1
FAIL_001812,PAY_011861,CUST_0697,SUB_0697,671.72,2025-09-21,LIMIT_EXCEEDED,PAYMENT_LIMIT,763,23,2,25,0.92,0.6,0.6,normal,0.08,0.92,starter,671.72,monthly,PAYMENT_LINK,0.8461614252649751,3.0,568.3835525789891,565.3835525789891,1
FAIL_001813,PAY_011872,CUST_0698,SUB_0698,636.44,2025-06-29,AUTHENTICATION_FAILED,CUSTOMER_ACTION,427,10,4,14,0.7143,0.35,0.45,friction_prone,0.2857,0.7143,pro,636.44,monthly,UPDATE_PAYMENT_METHOD,0.7729990234946157,3.0,491.96749851291327,488.96749851291327,1
FAIL_001816,PAY_011883,CUST_0698,SUB_0698,636.44,2026-05-25,LIMIT_EXCEEDED,PAYMENT_LIMIT,427,10,4,14,0.7143,0.35,0.45,friction_prone,0.2857,0.7143,pro,636.44,monthly,PAYMENT_LINK,0.5188242843839205,3.0,330.2005275533024,327.2005275533024,1
FAIL_001827,PAY_011942,CUST_0702,SUB_0702,618.03,2024-12-27,AUTHENTICATION_FAILED,CUSTOMER_ACTION,821,23,4,27,0.8519,0.6,0.6,normal,0.1481,0.8519,growth,618.03,monthly,UPDATE_PAYMENT_METHOD,0.8952783216038847,3.0,553.3088611008488,550.3088611008488,1
FAIL_001838,PAY_011978,CUST_0703,SUB_0703,360.66,2025-06-08,BANK_DECLINED,ISSUER_DECLINE,928,22,8,30,0.7333,0.35,0.45,friction_prone,0.2667,0.7333,starter,360.66,monthly,WAIT_AND_RETRY,0.6112095086279076,2.0,220.43882138174115,218.43882138174115,1
FAIL_001840,PAY_011987,CUST_0703,SUB_0703,360.66,2026-03-05,LIMIT_EXCEEDED,PAYMENT_LIMIT,928,22,8,30,0.7333,0.35,0.45,friction_prone,0.2667,0.7333,starter,360.66,monthly,UPDATE_PAYMENT_METHOD,0.6962144043721955,3.0,251.09668708087605,248.09668708087605,1
FAIL_001844,PAY_011998,CUST_0704,SUB_0704,685.76,2024-06-29,BANK_DECLINED,ISSUER_DECLINE,972,24,8,32,0.75,0.35,0.45,friction_prone,0.25,0.75,starter,685.76,monthly,PAYMENT_LINK,0.6396766621254681,3.0,438.664667819161,435.664667819161,1
FAIL_001850,PAY_012013,CUST_0704,SUB_0704,685.76,2025-09-22,INSUFFICIENT_FUNDS,CUSTOMER_FINANCIAL,972,24,8,32,0.75,0.35,0.45,friction_prone,0.25,0.75,starter,685.76,monthly,WAIT_AND_RETRY,0.7104349395416989,2.0,487.18786414011544,485.18786414011544,1
FAIL_001858,PAY_012034,CUST_0705,SUB_0705,937.29,2025-01-21,INSUFFICIENT_FUNDS,CUSTOMER_FINANCIAL,886,22,7,29,0.7586,0.3,0.25,low_engagement,0.2414,0.7586,growth,937.29,monthly,WAIT_AND_RETRY,0.7319368871589339,2.0,686.0371249651971,684.0371249651971,1
FAIL_001859,PAY_012036,CUST_0705,SUB_0705,937.29,2025-03-22,AUTHENTICATION_FAILED,CUSTOMER_ACTION,886,22,7,29,0.7586,0.3,0.25,low_engagement,0.2414,0.7586,growth,937.29,monthly,UPDATE_PAYMENT_METHOD,0.714037363686803,3.0,669.2600806100036,666.2600806100036,1
FAIL_001864,PAY_012049,CUST_0705,SUB_0705,937.29,2026-04-16,CARD_EXPIRED,PAYMENT_METHOD,886,22,7,29,0.7586,0.3,0.25,low_engagement,0.2414,0.7586,growth,937.29,monthly,UPDATE_PAYMENT_METHOD,0.8284421818534249,3.0,776.4905726293965,773.4905726293965,1
FAIL_001866,PAY_012067,CUST_0707,SUB_0707,933.74,2023-12-18,INSUFFICIENT_FUNDS,CUSTOMER_FINANCIAL,986,22,10,32,0.6875,0.35,0.45,friction_prone,0.3125,0.6875,growth,933.74,monthly,WAIT_AND_RETRY,0.7277720158233256,2.0,679.5498420548721,677.5498420548721,1
FAIL_001870,PAY_012077,CUST_0707,SUB_0707,933.74,2024-10-13,INSUFFICIENT_FUNDS,CUSTOMER_FINANCIAL,986,22,10,32,0.6875,0.35,0.45,friction_prone,0.3125,0.6875,growth,933.74,monthly,WAIT_AND_RETRY,0.7277720158233256,2.0,679.5498420548721,677.5498420548721,1
FAIL_001873,PAY_012085,CUST_0707,SUB_0707,933.74,2025-06-10,INSUFFICIENT_FUNDS,CUSTOMER_FINANCIAL,986,22,10,32,0.6875,0.35,0.45,friction_prone,0.3125,0.6875,growth,933.74,monthly,WAIT_AND_RETRY,0.7277720158233256,2.0,679.5498420548721,677.5498420548721,1
FAIL_001878,PAY_012099,CUST_0708,SUB_0708,1097.17,2024-02-04,INSUFFICIENT_FUNDS,CUSTOMER_FINANCIAL,938,25,6,31,0.8065,0.6,0.6,normal,0.1935,0.8065,growth,1097.17,monthly,SEND_REMINDER,0.5936141141149882,1.0,651.2955975835416,650.2955975835416,1
FAIL_001880,PAY_012113,CUST_0708,SUB_0708,1097.17,2025-03-30,INSUFFICIENT_FUNDS,CUSTOMER_FINANCIAL,938,25,6,31,0.8065,0.6,0.6,normal,0.1935,0.8065,growth,1097.17,monthly,SEND_REMINDER,0.5936141141149882,1.0,651.2955975835416,650.2955975835416,1
FAIL_001882,PAY_012117,CUST_0708,SUB_0708,1097.17,2025-07-28,BANK_DECLINED,ISSUER_DECLINE,938,25,6,31,0.8065,0.6,0.6,normal,0.1935,0.8065,growth,1097.17,monthly,WAIT_AND_RETRY,0.6640018060921915,2.0,728.5228615901698,726.5228615901698,1
FAIL_001886,PAY_012128,CUST_0708,SUB_0708,1097.17,2026-06-23,INSUFFICIENT_FUNDS,CUSTOMER_FINANCIAL,938,25,6,31,0.8065,0.6,0.6,normal,0.1935,0.8065,growth,1097.17,monthly,SEND_REMINDER,0.5936141141149882,1.0,651.2955975835416,650.2955975835416,1
FAIL_001894,PAY_012179,CUST_0713,SUB_0713,200.0,2024-06-23,NETWORK_ERROR,TECHNICAL,798,22,4,26,0.8462,0.3,0.25,low_engagement,0.1538,0.8462,starter,200.0,monthly,RETRY_NOW,0.8771856696401404,2.0,175.4371339280281,173.4371339280281,1
FAIL_001895,PAY_012189,CUST_0713,SUB_0713,200.0,2025-04-19,BANK_DECLINED,ISSUER_DECLINE,798,22,4,26,0.8462,0.3,0.25,low_engagement,0.1538,0.8462,starter,200.0,monthly,WAIT_AND_RETRY,0.6614846898921249,2.0,132.29693797842498,130.29693797842498,1
FAIL_001903,PAY_012257,CUST_0718,SUB_0718,799.44,2024-12-29,AUTHENTICATION_FAILED,CUSTOMER_ACTION,759,20,5,25,0.8,0.3,0.25,low_engagement,0.2,0.8,starter,799.44,monthly,UPDATE_PAYMENT_METHOD,0.6136676071329509,3.0,490.5904318463663,487.5904318463663,1
FAIL_001904,PAY_012258,CUST_0718,SUB_0718,799.44,2025-01-28,INSUFFICIENT_FUNDS,CUSTOMER_FINANCIAL,759,20,5,25,0.8,0.3,0.25,low_engagement,0.2,0.8,starter,799.44,monthly,WAIT_AND_RETRY,0.8087803283179391,2.0,646.5713456704933,644.5713456704933,1
FAIL_001905,PAY_012259,CUST_0718,SUB_0718,799.44,2025-02-27,BANK_DECLINED,ISSUER_DECLINE,759,20,5,25,0.8,0.3,0.25,low_engagement,0.2,0.8,starter,799.44,monthly,WAIT_AND_RETRY,0.6929760934344043,2.0,553.9928081352002,551.9928081352002,1
FAIL_001913,PAY_012287,CUST_0719,SUB_0719,984.04,2026-02-08,INSUFFICIENT_FUNDS,CUSTOMER_FINANCIAL,503,14,2,16,0.875,0.35,0.45,friction_prone,0.125,0.875,starter,984.04,monthly,WAIT_AND_RETRY,0.7405485122617327,2.0,728.7293580060355,726.7293580060355,1
FAIL_001918,PAY_012318,CUST_0720,SUB_0720,566.77,2026-06-06,BANK_DECLINED,ISSUER_DECLINE,835,20,7,27,0.7407,0.35,0.45,friction_prone,0.2593,0.7407,starter,566.77,monthly,PAYMENT_LINK,0.6183047526127442,3.0,350.43658463832503,347.43658463832503,1
FAIL_001928,PAY_012368,CUST_0723,SUB_0723,720.89,2025-06-07,CARD_EXPIRED,PAYMENT_METHOD,629,17,3,20,0.85,0.3,0.25,low_engagement,0.15,0.85,growth,720.89,monthly,UPDATE_PAYMENT_METHOD,0.8482289362393637,3.0,611.4797578455949,608.4797578455949,1
FAIL_001937,PAY_012424,CUST_0728,SUB_0728,1036.92,2025-04-22,AUTHENTICATION_FAILED,CUSTOMER_ACTION,855,20,8,28,0.7143,0.35,0.45,friction_prone,0.2857,0.7143,starter,1036.92,monthly,UPDATE_PAYMENT_METHOD,0.8228405222133449,3.0,853.2197942934616,850.2197942934616,1
FAIL_001938,PAY_012425,CUST_0728,SUB_0728,1036.92,2025-05-22,INSUFFICIENT_FUNDS,CUSTOMER_FINANCIAL,855,20,8,28,0.7143,0.35,0.45,friction_prone,0.2857,0.7143,starter,1036.92,monthly,WAIT_AND_RETRY,0.7075907192980588,2.0,733.7149686545432,731.7149686545432,1
FAIL_001939,PAY_012430,CUST_0728,SUB_0728,1036.92,2025-10-19,AUTHENTICATION_FAILED,CUSTOMER_ACTION,855,20,8,28,0.7143,0.35,0.45,friction_prone,0.2857,0.7143,starter,1036.92,monthly,UPDATE_PAYMENT_METHOD,0.8228405222133449,3.0,853.2197942934616,850.2197942934616,1
FAIL_001945,PAY_012483,CUST_0731,SUB_0731,1784.87,2024-12-15,BANK_DECLINED,ISSUER_DECLINE,893,23,6,29,0.7931,0.35,0.45,friction_prone,0.2069,0.7931,growth,1784.87,monthly,PAYMENT_LINK,0.6396081324338634,3.0,1141.6173673372298,1138.6173673372298,1
FAIL_001947,PAY_012492,CUST_0731,SUB_0731,1784.87,2025-09-11,LIMIT_EXCEEDED,PAYMENT_LIMIT,893,23,6,29,0.7931,0.35,0.45,friction_prone,0.2069,0.7931,growth,1784.87,monthly,PAYMENT_LINK,0.7441975645228347,3.0,1328.2959069898718,1325.2959069898718,1
FAIL_001953,PAY_012520,CUST_0732,SUB_0732,1339.11,2026-01-17,NETWORK_ERROR,TECHNICAL,735,20,4,24,0.8333,0.6,0.6,normal,0.1667,0.8333,starter,1339.11,monthly,RETRY_NOW,0.9096661088550287,2.0,1218.1429830288575,1216.1429830288575,1
FAIL_001972,PAY_012635,CUST_0739,SUB_0739,325.73,2025-03-01,AUTHENTICATION_FAILED,CUSTOMER_ACTION,817,22,5,27,0.8148,0.35,0.45,friction_prone,0.1852,0.8148,starter,325.73,monthly,UPDATE_PAYMENT_METHOD,0.7169921978366087,3.0,233.54586860131857,230.54586860131857,1
FAIL_001985,PAY_012686,CUST_0743,SUB_0743,1245.07,2026-01-14,INSUFFICIENT_FUNDS,CUSTOMER_FINANCIAL,228,4,3,7,0.5714,0.3,0.25,low_engagement,0.4286,0.5714,growth,1245.07,monthly,WAIT_AND_RETRY,0.7610380246255264,2.0,947.5456133205041,945.5456133205041,1
FAIL_001989,PAY_012696,CUST_0744,SUB_0744,200.0,2024-08-26,INSUFFICIENT_FUNDS,CUSTOMER_FINANCIAL,824,19,8,27,0.7037,0.3,0.25,low_engagement,0.2963,0.7037,starter,200.0,monthly,PAYMENT_LINK,0.7150434009332451,3.0,143.00868018664903,140.00868018664903,1
FAIL_001990,PAY_012697,CUST_0744,SUB_0744,200.0,2024-09-25,AUTHENTICATION_FAILED,CUSTOMER_ACTION,824,19,8,27,0.7037,0.3,0.25,low_engagement,0.2963,0.7037,starter,200.0,monthly,UPDATE_PAYMENT_METHOD,0.5817049304724949,3.0,116.34098609449899,113.34098609449899,1
FAIL_001991,PAY_012701,CUST_0744,SUB_0744,200.0,2025-01-23,INSUFFICIENT_FUNDS,CUSTOMER_FINANCIAL,824,19,8,27,0.7037,0.3,0.25,low_engagement,0.2963,0.7037,starter,200.0,monthly,PAYMENT_LINK,0.7150434009332451,3.0,143.00868018664903,140.00868018664903,1
FAIL_001994,PAY_012707,CUST_0744,SUB_0744,200.0,2025-07-22,AUTHENTICATION_FAILED,CUSTOMER_ACTION,824,19,8,27,0.7037,0.3,0.25,low_engagement,0.2963,0.7037,starter,200.0,monthly,UPDATE_PAYMENT_METHOD,0.5817049304724949,3.0,116.34098609449899,113.34098609449899,1
FAIL_002002,PAY_012749,CUST_0746,SUB_0746,450.36,2025-06-10,BANK_DECLINED,ISSUER_DECLINE,446,8,6,14,0.5714,0.35,0.45,friction_prone,0.4286,0.5714,starter,450.36,monthly,WAIT_AND_RETRY,0.6800891137170794,2.0,306.2849332536239,304.2849332536239,1
FAIL_002022,PAY_012793,CUST_0748,SUB_0748,200.0,2026-06-12,AUTHENTICATION_FAILED,CUSTOMER_ACTION,139,3,1,4,0.75,0.3,0.25,low_engagement,0.25,0.75,starter,200.0,monthly,PAYMENT_LINK,0.766428969547642,3.0,153.2857939095284,150.2857939095284,1
FAIL_002025,PAY_012817,CUST_0750,SUB_0750,1696.9,2025-10-29,CARD_EXPIRED,PAYMENT_METHOD,785,21,5,26,0.8077,0.6,0.6,normal,0.1923,0.8077,growth,1696.9,monthly,UPDATE_PAYMENT_METHOD,0.8615904226744122,3.0,1462.03278823621,1459.03278823621,1
FAIL_002045,PAY_012938,CUST_0758,SUB_0758,372.35,2026-01-02,NETWORK_ERROR,TECHNICAL,630,19,2,21,0.9048,0.35,0.45,friction_prone,0.0952,0.9048,pro,372.35,monthly,WAIT_AND_RETRY,0.9196203694817087,2.0,342.42064457651423,340.42064457651423,1
FAIL_002051,PAY_013036,CUST_0763,SUB_0763,580.18,2024-10-19,INSUFFICIENT_FUNDS,CUSTOMER_FINANCIAL,950,23,8,31,0.7419,0.3,0.25,low_engagement,0.2581,0.7419,starter,580.18,monthly,WAIT_AND_RETRY,0.8574581014333194,2.0,497.4800412895832,495.4800412895832,1
FAIL_002060,PAY_013078,CUST_0764,SUB_0764,880.92,2026-03-24,AUTHENTICATION_FAILED,CUSTOMER_ACTION,759,21,4,25,0.84,0.3,0.25,low_engagement,0.16,0.84,growth,880.92,monthly,UPDATE_PAYMENT_METHOD,0.641003042594409,3.0,564.6724002822667,561.6724002822667,1
FAIL_002068,PAY_013098,CUST_0766,SUB_0766,1882.53,2026-04-11,BANK_DECLINED,ISSUER_DECLINE,501,9,7,16,0.5625,0.35,0.45,friction_prone,0.4375,0.5625,pro,1882.53,monthly,WAIT_AND_RETRY,0.5522110421926779,2.0,1039.553853258982,1037.553853258982,1
FAIL_002070,PAY_013100,CUST_0766,SUB_0766,1882.53,2026-06-10,LIMIT_EXCEEDED,PAYMENT_LIMIT,501,9,7,16,0.5625,0.35,0.45,friction_prone,0.4375,0.5625,pro,1882.53,monthly,PAYMENT_LINK,0.5574744262472652,3.0,1049.4623316432642,1046.4623316432642,1
FAIL_002071,PAY_013148,CUST_0769,SUB_0769,1716.97,2025-12-01,BANK_DECLINED,ISSUER_DECLINE,572,16,3,19,0.8421,0.35,0.45,friction_prone,0.1579,0.8421,growth,1716.97,monthly,WAIT_AND_RETRY,0.6426031932999232,2.0,1103.3304048001692,1101.3304048001692,1
FAIL_002073,PAY_013157,CUST_0770,SUB_0770,601.44,2025-04-16,AUTHENTICATION_FAILED,CUSTOMER_ACTION,501,12,4,16,0.75,0.3,0.25,low_engagement,0.25,0.75,starter,601.44,monthly,UPDATE_PAYMENT_METHOD,0.7023909386827556,3.0,422.44600616135654,419.44600616135654,1
FAIL_002078,PAY_013235,CUST_0774,SUB_0774,281.45,2024-09-15,INSUFFICIENT_FUNDS,CUSTOMER_FINANCIAL,744,18,6,24,0.75,0.3,0.25,low_engagement,0.25,0.75,starter,281.45,monthly,WAIT_AND_RETRY,0.7755197706817125,2.0,218.270039458368,216.270039458368,1
FAIL_002080,PAY_013265,CUST_0777,SUB_0777,772.21,2024-11-22,LIMIT_EXCEEDED,PAYMENT_LIMIT,676,18,4,22,0.8182,0.8,0.85,reliable,0.1818,0.8182,starter,772.21,monthly,WAIT_AND_RETRY,0.5825348259277605,2.0,449.83921792967595,447.83921792967595,1
FAIL_002081,PAY_013271,CUST_0777,SUB_0777,772.21,2025-05-21,NETWORK_ERROR,TECHNICAL,676,18,4,22,0.8182,0.8,0.85,reliable,0.1818,0.8182,starter,772.21,monthly,RETRY_NOW,0.8224278630979182,2.0,635.0870201628434,633.0870201628434,1
FAIL_002087,PAY_013298,CUST_0778,SUB_0778,1859.33,2025-04-07,BANK_DECLINED,ISSUER_DECLINE,870,23,6,29,0.7931,0.6,0.6,normal,0.2069,0.7931,growth,1859.33,monthly,WAIT_AND_RETRY,0.6138363788196151,2.0,1141.324394230675,1139.324394230675,1
FAIL_002088,PAY_013305,CUST_0778,SUB_0778,1859.33,2025-11-03,NETWORK_ERROR,TECHNICAL,870,23,6,29,0.7931,0.6,0.6,normal,0.2069,0.7931,growth,1859.33,monthly,WAIT_AND_RETRY,0.9188487406270561,2.0,1708.4430289101042,1706.4430289101042,1
FAIL_002094,PAY_013341,CUST_0780,SUB_0780,2075.84,2026-03-12,BANK_DECLINED,ISSUER_DECLINE,651,18,3,21,0.8571,0.6,0.6,normal,0.1429,0.8571,growth,2075.84,monthly,WAIT_AND_RETRY,0.6655439530839771,2.0,1381.5627595698431,1379.5627595698431,1
FAIL_002095,PAY_013344,CUST_0780,SUB_0780,2075.84,2026-06-10,INSUFFICIENT_FUNDS,CUSTOMER_FINANCIAL,651,18,3,21,0.8571,0.6,0.6,normal,0.1429,0.8571,growth,2075.84,monthly,WAIT_AND_RETRY,0.7572326010735719,2.0,1571.8937226125636,1569.8937226125636,1
FAIL_002106,PAY_013411,CUST_0785,SUB_0785,1990.77,2026-07-19,LIMIT_EXCEEDED,PAYMENT_LIMIT,492,11,5,16,0.6875,0.35,0.45,friction_prone,0.3125,0.6875,pro,1990.77,monthly,PAYMENT_LINK,0.6184748528074968,3.0,1231.2411827235803,1228.2411827235803,1
FAIL_002112,PAY_013438,CUST_0786,SUB_0786,313.47,2026-01-27,CARD_EXPIRED,PAYMENT_METHOD,995,26,7,33,0.7879,0.3,0.25,low_engagement,0.2121,0.7879,starter,313.47,monthly,UPDATE_PAYMENT_METHOD,0.8129329903092408,3.0,254.83010447223774,251.83010447223774,1
FAIL_002120,PAY_013497,CUST_0788,SUB_0788,1672.99,2026-04-16,BANK_DECLINED,ISSUER_DECLINE,886,28,1,29,0.9655,0.8,0.85,reliable,0.0345,0.9655,pro,1672.99,monthly,WAIT_AND_RETRY,0.6935029367063205,2.0,1160.2234780803071,1158.2234780803071,1
FAIL_002122,PAY_013502,CUST_0789,SUB_0789,694.22,2024-05-26,BANK_DECLINED,ISSUER_DECLINE,856,24,4,28,0.8571,0.6,0.6,normal,0.1429,0.8571,pro,694.22,monthly,WAIT_AND_RETRY,0.6841412851581404,2.0,474.9445629824843,472.9445629824843,1
FAIL_002130,PAY_013614,CUST_0795,SUB_0795,408.24,2026-03-30,AUTHENTICATION_FAILED,CUSTOMER_ACTION,333,9,2,11,0.8182,0.3,0.25,low_engagement,0.1818,0.8182,starter,408.24,monthly,UPDATE_PAYMENT_METHOD,0.6620954299988713,3.0,270.2938383427392,267.2938383427392,1
FAIL_002136,PAY_013654,CUST_0797,SUB_0797,802.81,2026-02-24,BANK_DECLINED,ISSUER_DECLINE,967,29,3,32,0.9062,0.6,0.6,normal,0.0938,0.9062,starter,802.81,monthly,WAIT_AND_RETRY,0.6556639066468832,2.0,526.3735408951843,524.3735408951843,1
FAIL_002142,PAY_013691,CUST_0800,SUB_0800,1826.29,2026-05-18,BANK_DECLINED,ISSUER_DECLINE,104,2,1,3,0.6667,0.6,0.6,normal,0.3333,0.6667,pro,1826.29,monthly,WAIT_AND_RETRY,0.6705685530411731,2.0,1224.652642733564,1222.652642733564,1
FAIL_002162,PAY_013806,CUST_0807,SUB_0807,200.0,2024-11-12,NETWORK_ERROR,TECHNICAL,986,23,9,32,0.7188,0.3,0.25,low_engagement,0.2812,0.7188,starter,200.0,monthly,RETRY_NOW,0.8365709641575176,2.0,167.31419283150353,165.31419283150353,1
FAIL_002167,PAY_013823,CUST_0807,SUB_0807,200.0,2026-04-06,BANK_DECLINED,ISSUER_DECLINE,986,23,9,32,0.7188,0.3,0.25,low_engagement,0.2812,0.7188,starter,200.0,monthly,WAIT_AND_RETRY,0.6905599411823836,2.0,138.11198823647672,136.11198823647672,1
FAIL_002168,PAY_013825,CUST_0807,SUB_0807,200.0,2026-06-05,INSUFFICIENT_FUNDS,CUSTOMER_FINANCIAL,986,23,9,32,0.7188,0.3,0.25,low_engagement,0.2812,0.7188,starter,200.0,monthly,WAIT_AND_RETRY,0.7789883291521463,2.0,155.79766583042925,153.79766583042925,1
FAIL_002173,PAY_013836,CUST_0808,SUB_0808,642.76,2026-06-03,INSUFFICIENT_FUNDS,CUSTOMER_FINANCIAL,358,8,3,11,0.7273,0.3,0.25,low_engagement,0.2727,0.7273,starter,642.76,monthly,WAIT_AND_RETRY,0.5755757814488419,2.0,369.95708928405764,367.95708928405764,1
FAIL_002176,PAY_013872,CUST_0810,SUB_0810,1736.57,2024-08-02,LIMIT_EXCEEDED,PAYMENT_LIMIT,818,20,7,27,0.7407,0.35,0.45,friction_prone,0.2593,0.7407,growth,1736.57,monthly,UPDATE_PAYMENT_METHOD,0.6616383015236214,3.0,1148.9812252768752,1145.9812252768752,1
FAIL_002182,PAY_013895,CUST_0810,SUB_0810,1736.57,2026-06-23,INSUFFICIENT_FUNDS,CUSTOMER_FINANCIAL,818,20,7,27,0.7407,0.35,0.45,friction_prone,0.2593,0.7407,growth,1736.57,monthly,WAIT_AND_RETRY,0.722840391043417,2.0,1255.2629378742668,1253.2629378742668,1
FAIL_002188,PAY_013912,CUST_0812,SUB_0812,926.3,2025-10-10,CARD_EXPIRED,PAYMENT_METHOD,324,5,5,10,0.5,0.3,0.25,low_engagement,0.5,0.5,starter,926.3,monthly,UPDATE_PAYMENT_METHOD,0.8941547204176311,3.0,828.2555175228516,825.2555175228516,1
FAIL_002197,PAY_013971,CUST_0816,SUB_0816,9124.45,2026-02-15,BANK_DECLINED,ISSUER_DECLINE,766,23,2,25,0.92,0.82,0.9,high_value_loyal,0.08,0.92,pro,9124.45,monthly,PAYMENT_LINK,0.7120731237596143,3.0,6497.275614088413,6494.275614088413,1
FAIL_002200,PAY_014028,CUST_0819,SUB_0819,1986.45,2026-04-02,BANK_DECLINED,ISSUER_DECLINE,690,20,3,23,0.8696,0.8,0.85,reliable,0.1304,0.8696,growth,1986.45,monthly,WAIT_AND_RETRY,0.5807508526408549,2.0,1153.6325312284262,1151.6325312284262,1
FAIL_002203,PAY_014047,CUST_0820,SUB_0820,259.64,2026-03-07,INSUFFICIENT_FUNDS,CUSTOMER_FINANCIAL,596,17,2,19,0.8947,0.6,0.6,normal,0.1053,0.8947,starter,259.64,monthly,WAIT_AND_RETRY,0.862276410460636,2.0,223.8814472119995,221.8814472119995,1
FAIL_002206,PAY_014079,CUST_0823,SUB_0823,10550.69,2025-06-09,BANK_DECLINED,ISSUER_DECLINE,807,25,1,26,0.9615,0.82,0.9,high_value_loyal,0.0385,0.9615,pro,10550.69,monthly,SEND_REMINDER,0.5721887453084252,1.0,6036.986073238149,6035.986073238149,1
FAIL_002208,PAY_014093,CUST_0824,SUB_0824,311.11,2025-02-28,BANK_DECLINED,ISSUER_DECLINE,548,10,8,18,0.5556,0.3,0.25,low_engagement,0.4444,0.5556,starter,311.11,monthly,WAIT_AND_RETRY,0.63519261361585,2.0,197.6147740220271,195.6147740220271,1
FAIL_002209,PAY_014096,CUST_0824,SUB_0824,311.11,2025-05-29,CARD_EXPIRED,PAYMENT_METHOD,548,10,8,18,0.5556,0.3,0.25,low_engagement,0.4444,0.5556,starter,311.11,monthly,UPDATE_PAYMENT_METHOD,0.8800787352166367,3.0,273.80129531324786,270.80129531324786,1
FAIL_002210,PAY_014098,CUST_0824,SUB_0824,311.11,2025-07-28,CARD_EXPIRED,PAYMENT_METHOD,548,10,8,18,0.5556,0.3,0.25,low_engagement,0.4444,0.5556,starter,311.11,monthly,UPDATE_PAYMENT_METHOD,0.8800787352166367,3.0,273.80129531324786,270.80129531324786,1
FAIL_002215,PAY_014117,CUST_0825,SUB_0825,8971.98,2025-04-07,INSUFFICIENT_FUNDS,CUSTOMER_FINANCIAL,690,21,2,23,0.913,0.82,0.9,high_value_loyal,0.087,0.913,growth,8971.98,monthly,PAYMENT_LINK,0.8276411930749904,3.0,7425.580231444952,7422.580231444952,1
FAIL_002221,PAY_014145,CUST_0827,SUB_0827,768.09,2026-02-26,INSUFFICIENT_FUNDS,CUSTOMER_FINANCIAL,455,11,4,15,0.7333,0.3,0.25,low_engagement,0.2667,0.7333,starter,768.09,monthly,WAIT_AND_RETRY,0.6726210091895494,2.0,516.6334709484009,514.6334709484009,1
FAIL_002226,PAY_014174,CUST_0830,SUB_0830,636.05,2025-12-15,INSUFFICIENT_FUNDS,CUSTOMER_FINANCIAL,768,23,2,25,0.92,0.3,0.25,low_engagement,0.08,0.92,starter,636.05,monthly,WAIT_AND_RETRY,0.7237742369262388,2.0,460.35660339693413,458.35660339693413,1
FAIL_002233,PAY_014219,CUST_0832,SUB_0832,2452.06,2025-08-18,INSUFFICIENT_FUNDS,CUSTOMER_FINANCIAL,827,21,6,27,0.7778,0.6,0.6,normal,0.2222,0.7778,pro,2452.06,monthly,WAIT_AND_RETRY,0.730137791365399,2.0,1790.3416726954404,1788.3416726954404,1
FAIL_002234,PAY_014224,CUST_0832,SUB_0832,2452.06,2026-01-15,BANK_DECLINED,ISSUER_DECLINE,827,21,6,27,0.7778,0.6,0.6,normal,0.2222,0.7778,pro,2452.06,monthly,PAYMENT_LINK,0.6279404421750163,3.0,1539.7476406396704,1536.7476406396704,1
FAIL_002235,PAY_014227,CUST_0832,SUB_0832,2452.06,2026-04-15,INSUFFICIENT_FUNDS,CUSTOMER_FINANCIAL,827,21,6,27,0.7778,0.6,0.6,normal,0.2222,0.7778,pro,2452.06,monthly,WAIT_AND_RETRY,0.730137791365399,2.0,1790.3416726954404,1788.3416726954404,1
FAIL_002245,PAY_014278,CUST_0836,SUB_0836,468.26,2026-04-21,INSUFFICIENT_FUNDS,CUSTOMER_FINANCIAL,521,12,5,17,0.7059,0.35,0.45,friction_prone,0.2941,0.7059,pro,468.26,monthly,WAIT_AND_RETRY,0.6897006909526452,2.0,322.95924554548566,320.95924554548566,1
FAIL_002252,PAY_014363,CUST_0841,SUB_0841,609.78,2025-05-20,BANK_DECLINED,ISSUER_DECLINE,617,13,7,20,0.65,0.35,0.45,friction_prone,0.35,0.65,pro,609.78,monthly,WAIT_AND_RETRY,0.5559630910854932,2.0,339.01517368211205,337.01517368211205,1
FAIL_002255,PAY_014372,CUST_0841,SUB_0841,609.78,2026-02-14,INSUFFICIENT_FUNDS,CUSTOMER_FINANCIAL,617,13,7,20,0.65,0.35,0.45,friction_prone,0.35,0.65,pro,609.78,monthly,WAIT_AND_RETRY,0.6168358908009935,2.0,376.13418949262984,374.13418949262984,1
FAIL_002260,PAY_014391,CUST_0842,SUB_0842,5745.9,2026-07-30,BANK_DECLINED,ISSUER_DECLINE,421,12,2,14,0.8571,0.82,0.9,high_value_loyal,0.1429,0.8571,pro,5745.9,monthly,WAIT_AND_RETRY,0.5284431118472696,2.0,3036.381276363226,3034.381276363226,1
FAIL_002262,PAY_014394,CUST_0843,SUB_0843,638.25,2024-11-13,BANK_DECLINED,ISSUER_DECLINE,715,15,8,23,0.6522,0.3,0.25,low_engagement,0.3478,0.6522,starter,638.25,monthly,WAIT_AND_RETRY,0.6475927960743224,2.0,413.3261020944363,411.3261020944363,1
FAIL_002264,PAY_014397,CUST_0843,SUB_0843,638.25,2025-02-11,AUTHENTICATION_FAILED,CUSTOMER_ACTION,715,15,8,23,0.6522,0.3,0.25,low_engagement,0.3478,0.6522,starter,638.25,monthly,UPDATE_PAYMENT_METHOD,0.7995506581459875,3.0,510.3132075616765,507.3132075616765,1
FAIL_002267,PAY_014408,CUST_0843,SUB_0843,638.25,2026-01-07,AUTHENTICATION_FAILED,CUSTOMER_ACTION,715,15,8,23,0.6522,0.3,0.25,low_engagement,0.3478,0.6522,starter,638.25,monthly,UPDATE_PAYMENT_METHOD,0.7995506581459875,3.0,510.3132075616765,507.3132075616765,1
FAIL_002269,PAY_014413,CUST_0843,SUB_0843,638.25,2026-06-06,LIMIT_EXCEEDED,PAYMENT_LIMIT,715,15,8,23,0.6522,0.3,0.25,low_engagement,0.3478,0.6522,starter,638.25,monthly,PAYMENT_LINK,0.6264198225963938,3.0,399.8124517721484,396.8124517721484,1
FAIL_002271,PAY_014415,CUST_0844,SUB_0844,471.41,2026-04-25,INSUFFICIENT_FUNDS,CUSTOMER_FINANCIAL,127,1,3,4,0.25,0.35,0.45,friction_prone,0.75,0.25,pro,471.41,monthly,SEND_REMINDER,0.7434206370446976,1.0,350.4559225092409,349.4559225092409,1
FAIL_002272,PAY_014416,CUST_0844,SUB_0844,471.41,2026-05-25,LIMIT_EXCEEDED,PAYMENT_LIMIT,127,1,3,4,0.25,0.35,0.45,friction_prone,0.75,0.25,pro,471.41,monthly,PAYMENT_LINK,0.5719014163742907,3.0,269.6000466930044,266.6000466930044,1
FAIL_002277,PAY_014430,CUST_0845,SUB_0845,1868.13,2026-06-13,INSUFFICIENT_FUNDS,CUSTOMER_FINANCIAL,408,10,3,13,0.7692,0.6,0.6,normal,0.2308,0.7692,growth,1868.13,monthly,WAIT_AND_RETRY,0.7257644922301982,2.0,1355.8224208700003,1353.8224208700003,1
FAIL_002282,PAY_014438,CUST_0846,SUB_0846,518.72,2026-04-06,BANK_DECLINED,ISSUER_DECLINE,326,4,6,10,0.4,0.3,0.25,low_engagement,0.6,0.4,starter,518.72,monthly,WAIT_AND_RETRY,0.7308578868718034,2.0,379.1106030781419,377.1106030781419,1
FAIL_002294,PAY_014467,CUST_0849,SUB_0849,951.12,2026-01-26,BANK_DECLINED,ISSUER_DECLINE,306,6,4,10,0.6,0.3,0.25,low_engagement,0.4,0.6,growth,951.12,monthly,PAYMENT_LINK,0.39163301095176994,3.0,372.48998937644745,369.48998937644745,1
FAIL_002298,PAY_014489,CUST_0851,SUB_0851,741.13,2025-08-16,CARD_EXPIRED,PAYMENT_METHOD,529,12,5,17,0.7059,0.6,0.6,normal,0.2941,0.7059,starter,741.13,monthly,UPDATE_PAYMENT_METHOD,0.9246583229799665,3.0,685.2920229101426,682.2920229101426,1
FAIL_002299,PAY_014496,CUST_0851,SUB_0851,741.13,2026-03-14,BANK_DECLINED,ISSUER_DECLINE,529,12,5,17,0.7059,0.6,0.6,normal,0.2941,0.7059,starter,741.13,monthly,PAYMENT_LINK,0.6336063974971525,3.0,469.58470937706466,466.58470937706466,1
FAIL_002300,PAY_014497,CUST_0851,SUB_0851,741.13,2026-04-13,BANK_DECLINED,ISSUER_DECLINE,529,12,5,17,0.7059,0.6,0.6,normal,0.2941,0.7059,starter,741.13,monthly,PAYMENT_LINK,0.6336063974971525,3.0,469.58470937706466,466.58470937706466,1
FAIL_002307,PAY_014535,CUST_0853,SUB_0853,256.05,2026-03-05,LIMIT_EXCEEDED,PAYMENT_LIMIT,808,20,6,26,0.7692,0.3,0.25,low_engagement,0.2308,0.7692,starter,256.05,monthly,PAYMENT_LINK,0.667208886691457,3.0,170.83883543734757,167.83883543734757,1
FAIL_002316,PAY_014565,CUST_0854,SUB_0854,272.78,2026-02-14,AUTHENTICATION_FAILED,CUSTOMER_ACTION,947,24,7,31,0.7742,0.3,0.25,low_engagement,0.2258,0.7742,starter,272.78,monthly,UPDATE_PAYMENT_METHOD,0.7276813956717765,3.0,198.49693111134718,195.49693111134718,1
FAIL_002324,PAY_014605,CUST_0857,SUB_0857,436.65,2025-10-22,INSUFFICIENT_FUNDS,CUSTOMER_FINANCIAL,462,11,4,15,0.7333,0.3,0.25,low_engagement,0.2667,0.7333,starter,436.65,monthly,WAIT_AND_RETRY,0.7188860730646024,2.0,313.90160380365865,311.90160380365865,1
FAIL_002334,PAY_014673,CUST_0862,SUB_0862,1374.15,2025-01-31,BANK_DECLINED,ISSUER_DECLINE,816,19,8,27,0.7037,0.35,0.45,friction_prone,0.2963,0.7037,growth,1374.15,monthly,WAIT_AND_RETRY,0.6013945633808431,2.0,826.4063392697856,824.4063392697856,1
FAIL_002339,PAY_014722,CUST_0863,SUB_0863,9301.15,2026-07-29,AUTHENTICATION_FAILED,CUSTOMER_ACTION,932,28,3,31,0.9032,0.82,0.9,high_value_loyal,0.0968,0.9032,pro,9301.15,monthly,UPDATE_PAYMENT_METHOD,0.8274778970121329,3.0,7696.496041794399,7693.496041794399,1
FAIL_002361,PAY_014833,CUST_0868,SUB_0868,848.64,2026-03-06,CARD_EXPIRED,PAYMENT_METHOD,297,7,2,9,0.7778,0.35,0.45,friction_prone,0.2222,0.7778,starter,848.64,monthly,UPDATE_PAYMENT_METHOD,0.835192784767523,3.0,708.7780048651107,705.7780048651107,1
FAIL_002365,PAY_014883,CUST_0872,SUB_0872,471.51,2025-10-30,LIMIT_EXCEEDED,PAYMENT_LIMIT,694,18,5,23,0.7826,0.3,0.25,low_engagement,0.2174,0.7826,growth,471.51,monthly,PAYMENT_LINK,0.5498606950283099,3.0,259.2648163127984,256.2648163127984,1
FAIL_002372,PAY_014910,CUST_0874,SUB_0874,763.19,2025-02-15,BANK_DECLINED,ISSUER_DECLINE,891,23,6,29,0.7931,0.3,0.25,low_engagement,0.2069,0.7931,growth,763.19,monthly,PAYMENT_LINK,0.5748059303784174,3.0,438.6861380055044,435.6861380055044,1
FAIL_002373,PAY_014911,CUST_0874,SUB_0874,763.19,2025-03-17,INSUFFICIENT_FUNDS,CUSTOMER_FINANCIAL,891,23,6,29,0.7931,0.3,0.25,low_engagement,0.2069,0.7931,growth,763.19,monthly,WAIT_AND_RETRY,0.7802981328706386,2.0,595.5157320255428,593.5157320255428,1
FAIL_002386,PAY_014942,CUST_0875,SUB_0875,1152.64,2025-05-25,INSUFFICIENT_FUNDS,CUSTOMER_FINANCIAL,882,16,13,29,0.5517,0.35,0.45,friction_prone,0.4483,0.5517,pro,1152.64,monthly,PAYMENT_LINK,0.7678245789662826,3.0,885.0253226996961,882.0253226996961,1
FAIL_002391,PAY_014950,CUST_0875,SUB_0875,1152.64,2026-01-20,INSUFFICIENT_FUNDS,CUSTOMER_FINANCIAL,882,16,13,29,0.5517,0.35,0.45,friction_prone,0.4483,0.5517,pro,1152.64,monthly,PAYMENT_LINK,0.7678245789662826,3.0,885.0253226996961,882.0253226996961,1
FAIL_002393,PAY_014953,CUST_0875,SUB_0875,1152.64,2026-04-20,BANK_DECLINED,ISSUER_DECLINE,882,16,13,29,0.5517,0.35,0.45,friction_prone,0.4483,0.5517,pro,1152.64,monthly,PAYMENT_LINK,0.6139242261754412,3.0,707.6336200588606,704.6336200588606,1
FAIL_002395,PAY_014955,CUST_0875,SUB_0875,1152.64,2026-06-19,BANK_DECLINED,ISSUER_DECLINE,882,16,13,29,0.5517,0.35,0.45,friction_prone,0.4483,0.5517,pro,1152.64,monthly,PAYMENT_LINK,0.6139242261754412,3.0,707.6336200588606,704.6336200588606,1
FAIL_002398,PAY_014958,CUST_0877,SUB_0877,1893.79,2026-04-20,INSUFFICIENT_FUNDS,CUSTOMER_FINANCIAL,132,2,2,4,0.5,0.35,0.45,friction_prone,0.5,0.5,pro,1893.79,monthly,PAYMENT_LINK,0.6587267653023018,3.0,1247.490160861846,1244.490160861846,1
FAIL_002410,PAY_015039,CUST_0883,SUB_0883,1083.08,2024-09-21,NETWORK_ERROR,TECHNICAL,768,13,12,25,0.52,0.35,0.45,friction_prone,0.48,0.52,growth,1083.08,monthly,WAIT_AND_RETRY,0.7759347225459473,2.0,840.3993792950646,838.3993792950646,1
FAIL_002411,PAY_015040,CUST_0883,SUB_0883,1083.08,2024-10-21,BANK_DECLINED,ISSUER_DECLINE,768,13,12,25,0.52,0.35,0.45,friction_prone,0.48,0.52,growth,1083.08,monthly,WAIT_AND_RETRY,0.521603005892402,2.0,564.9377836219428,562.9377836219428,1
FAIL_002412,PAY_015042,CUST_0883,SUB_0883,1083.08,2024-12-20,BANK_DECLINED,ISSUER_DECLINE,768,13,12,25,0.52,0.35,0.45,friction_prone,0.48,0.52,growth,1083.08,monthly,WAIT_AND_RETRY,0.521603005892402,2.0,564.9377836219428,562.9377836219428,1
FAIL_002414,PAY_015044,CUST_0883,SUB_0883,1083.08,2025-02-18,INSUFFICIENT_FUNDS,CUSTOMER_FINANCIAL,768,13,12,25,0.52,0.35,0.45,friction_prone,0.48,0.52,growth,1083.08,monthly,WAIT_AND_RETRY,0.790333698719703,2.0,855.9946224093359,853.9946224093359,1
FAIL_002419,PAY_015054,CUST_0883,SUB_0883,1083.08,2025-12-15,LIMIT_EXCEEDED,PAYMENT_LIMIT,768,13,12,25,0.52,0.35,0.45,friction_prone,0.48,0.52,growth,1083.08,monthly,PAYMENT_LINK,0.5816339630126036,3.0,629.9561126596907,626.9561126596907,1
FAIL_002435,PAY_015087,CUST_0886,SUB_0886,938.96,2026-01-25,AUTHENTICATION_FAILED,CUSTOMER_ACTION,697,16,7,23,0.6957,0.3,0.25,low_engagement,0.3043,0.6957,starter,938.96,monthly,UPDATE_PAYMENT_METHOD,0.7632270483318486,3.0,716.6396693016726,713.6396693016726,1
FAIL_002436,PAY_015120,CUST_0887,SUB_0887,8464.41,2026-03-26,BANK_DECLINED,ISSUER_DECLINE,937,29,2,31,0.9355,0.82,0.9,high_value_loyal,0.0645,0.9355,growth,8464.41,monthly,PAYMENT_LINK,0.8097832181648479,3.0,6854.33716966672,6851.33716966672,1
FAIL_002438,PAY_015129,CUST_0888,SUB_0888,14993.1,2025-10-01,INSUFFICIENT_FUNDS,CUSTOMER_FINANCIAL,453,13,2,15,0.8667,0.82,0.9,high_value_loyal,0.1333,0.8667,pro,14993.1,monthly,WAIT_AND_RETRY,0.7120931947275058,2.0,10676.484477868968,10674.484477868968,1
FAIL_002441,PAY_015138,CUST_0888,SUB_0888,14993.1,2026-06-28,INSUFFICIENT_FUNDS,CUSTOMER_FINANCIAL,453,13,2,15,0.8667,0.82,0.9,high_value_loyal,0.1333,0.8667,pro,14993.1,monthly,WAIT_AND_RETRY,0.7120931947275058,2.0,10676.484477868968,10674.484477868968,1
FAIL_002443,PAY_015144,CUST_0889,SUB_0889,1368.01,2024-08-20,INSUFFICIENT_FUNDS,CUSTOMER_FINANCIAL,860,16,12,28,0.5714,0.35,0.45,friction_prone,0.4286,0.5714,pro,1368.01,monthly,PAYMENT_LINK,0.732553265186792,3.0,1002.1401923081833,999.1401923081833,1
FAIL_002454,PAY_015172,CUST_0890,SUB_0890,251.0,2025-04-05,INSUFFICIENT_FUNDS,CUSTOMER_FINANCIAL,632,15,6,21,0.7143,0.6,0.6,normal,0.2857,0.7143,starter,251.0,monthly,WAIT_AND_RETRY,0.6359441516432573,2.0,159.6219820624576,157.6219820624576,1
FAIL_002459,PAY_015186,CUST_0890,SUB_0890,251.0,2026-05-30,CARD_EXPIRED,PAYMENT_METHOD,632,15,6,21,0.7143,0.6,0.6,normal,0.2857,0.7143,starter,251.0,monthly,UPDATE_PAYMENT_METHOD,0.8725470808671071,3.0,219.0093172976439,216.0093172976439,1
FAIL_002466,PAY_015207,CUST_0892,SUB_0892,429.37,2024-12-10,BANK_DECLINED,ISSUER_DECLINE,778,18,7,25,0.72,0.35,0.45,friction_prone,0.28,0.72,growth,429.37,monthly,WAIT_AND_RETRY,0.5840980837550255,2.0,250.79419422189528,248.79419422189528,1
FAIL_002468,PAY_015210,CUST_0892,SUB_0892,429.37,2025-03-10,NETWORK_ERROR,TECHNICAL,778,18,7,25,0.72,0.35,0.45,friction_prone,0.28,0.72,growth,429.37,monthly,RETRY_NOW,0.834554821113872,2.0,358.3328035416632,356.3328035416632,1
FAIL_002473,PAY_015227,CUST_0893,SUB_0893,2414.17,2026-07-31,NETWORK_ERROR,TECHNICAL,30,0,1,1,0.0,0.6,0.6,normal,1.0,0.0,pro,2414.17,monthly,RETRY_NOW,0.9057775449188917,2.0,2186.700975616841,2184.700975616841,1
FAIL_002476,PAY_015243,CUST_0896,SUB_0896,397.37,2024-10-02,INSUFFICIENT_FUNDS,CUSTOMER_FINANCIAL,847,18,10,28,0.6429,0.35,0.45,friction_prone,0.3571,0.6429,pro,397.37,monthly,WAIT_AND_RETRY,0.6585625467962702,2.0,261.69299922043393,259.69299922043393,1
FAIL_002485,PAY_015272,CUST_0897,SUB_0897,994.96,2025-02-20,INSUFFICIENT_FUNDS,CUSTOMER_FINANCIAL,736,20,4,24,0.8333,0.6,0.6,normal,0.1667,0.8333,growth,994.96,monthly,PAYMENT_LINK,0.7664899577813311,3.0,762.6268483941133,759.6268483941133,1
FAIL_002495,PAY_015353,CUST_0902,SUB_0902,1011.26,2025-12-25,CARD_EXPIRED,PAYMENT_METHOD,278,6,3,9,0.6667,0.35,0.45,friction_prone,0.3333,0.6667,growth,1011.26,monthly,UPDATE_PAYMENT_METHOD,0.8362856404426245,3.0,845.7022167540085,842.7022167540085,1
FAIL_002496,PAY_015360,CUST_0902,SUB_0902,1011.26,2026-07-23,INSUFFICIENT_FUNDS,CUSTOMER_FINANCIAL,278,6,3,9,0.6667,0.35,0.45,friction_prone,0.3333,0.6667,growth,1011.26,monthly,WAIT_AND_RETRY,0.7197329665519117,2.0,727.8371597552862,725.8371597552862,1
FAIL_002499,PAY_015371,CUST_0903,SUB_0903,5512.84,2026-06-19,CARD_EXPIRED,PAYMENT_METHOD,372,10,2,12,0.8333,0.82,0.9,high_value_loyal,0.1667,0.8333,pro,5512.84,monthly,UPDATE_PAYMENT_METHOD,0.9390836494167638,3.0,5177.017905850712,5174.017905850712,1
FAIL_002501,PAY_015379,CUST_0904,SUB_0904,3422.48,2024-09-16,CARD_EXPIRED,PAYMENT_METHOD,893,25,4,29,0.8621,0.6,0.6,normal,0.1379,0.8621,pro,3422.48,monthly,UPDATE_PAYMENT_METHOD,0.8930571413434154,3.0,3056.470205105012,3053.470205105012,1
FAIL_002515,PAY_015478,CUST_0908,SUB_0908,210.14,2026-05-11,LIMIT_EXCEEDED,PAYMENT_LIMIT,621,15,5,20,0.75,0.35,0.45,friction_prone,0.25,0.75,starter,210.14,monthly,PAYMENT_LINK,0.673767736492939,3.0,141.58555214662618,138.58555214662618,1
FAIL_002518,PAY_015505,CUST_0910,SUB_0910,293.13,2025-05-25,CARD_EXPIRED,PAYMENT_METHOD,642,15,6,21,0.7143,0.6,0.6,normal,0.2857,0.7143,starter,293.13,monthly,UPDATE_PAYMENT_METHOD,0.872850601974815,3.0,255.8586969568775,252.8586969568775,1
FAIL_002522,PAY_015512,CUST_0910,SUB_0910,293.13,2025-12-21,NETWORK_ERROR,TECHNICAL,642,15,6,21,0.7143,0.6,0.6,normal,0.2857,0.7143,starter,293.13,monthly,RETRY_NOW,0.9156010155800414,2.0,268.3901256969775,266.3901256969775,1
FAIL_002525,PAY_015522,CUST_0911,SUB_0911,2077.0,2024-02-11,BANK_DECLINED,ISSUER_DECLINE,991,29,4,33,0.8788,0.6,0.6,normal,0.1212,0.8788,growth,2077.0,monthly,WAIT_AND_RETRY,0.7994038473204977,2.0,1660.3617908846738,1658.3617908846738,1
FAIL_002528,PAY_015549,CUST_0911,SUB_0911,2077.0,2026-05-01,INSUFFICIENT_FUNDS,CUSTOMER_FINANCIAL,991,29,4,33,0.8788,0.6,0.6,normal,0.1212,0.8788,growth,2077.0,monthly,WAIT_AND_RETRY,0.8103949585590171,2.0,1683.1903289270786,1681.1903289270786,1
FAIL_002534,PAY_015570,CUST_0913,SUB_0913,1397.1,2024-12-16,BANK_DECLINED,ISSUER_DECLINE,742,20,4,24,0.8333,0.3,0.25,low_engagement,0.1667,0.8333,growth,1397.1,monthly,WAIT_AND_RETRY,0.6463055133683672,2.0,902.9534327269457,900.9534327269457,1
FAIL_002535,PAY_015589,CUST_0913,SUB_0913,1397.1,2026-07-09,BANK_DECLINED,ISSUER_DECLINE,742,20,4,24,0.8333,0.3,0.25,low_engagement,0.1667,0.8333,growth,1397.1,monthly,WAIT_AND_RETRY,0.6463055133683672,2.0,902.9534327269457,900.9534327269457,1
FAIL_002543,PAY_015620,CUST_0915,SUB_0915,1705.4,2025-08-04,BANK_DECLINED,ISSUER_DECLINE,541,11,7,18,0.6111,0.35,0.45,friction_prone,0.3889,0.6111,pro,1705.4,monthly,WAIT_AND_RETRY,0.5577647725203055,2.0,951.2120430561291,949.2120430561291,1
FAIL_002555,PAY_015662,CUST_0917,SUB_0917,881.56,2026-05-01,BANK_DECLINED,ISSUER_DECLINE,151,3,2,5,0.6,0.3,0.25,low_engagement,0.4,0.6,starter,881.56,monthly,WAIT_AND_RETRY,0.6101451114535424,2.0,537.8795244529848,535.8795244529848,1
FAIL_002560,PAY_015675,CUST_0918,SUB_0918,595.63,2025-06-30,NETWORK_ERROR,TECHNICAL,696,16,7,23,0.6957,0.35,0.45,friction_prone,0.3043,0.6957,growth,595.63,monthly,RETRY_NOW,0.8696060533113141,2.0,517.963453533818,515.963453533818,1
FAIL_002562,PAY_015685,CUST_0918,SUB_0918,595.63,2026-04-26,BANK_DECLINED,ISSUER_DECLINE,696,16,7,23,0.6957,0.35,0.45,friction_prone,0.3043,0.6957,growth,595.63,monthly,WAIT_AND_RETRY,0.6419957383599335,2.0,382.39192163932717,380.39192163932717,1
FAIL_002571,PAY_015740,CUST_0921,SUB_0921,415.4,2025-03-04,CARD_EXPIRED,PAYMENT_METHOD,694,16,7,23,0.6957,0.35,0.45,friction_prone,0.3043,0.6957,starter,415.4,monthly,UPDATE_PAYMENT_METHOD,0.8445628887096508,3.0,350.8314239699889,347.8314239699889,1
FAIL_002575,PAY_015784,CUST_0923,SUB_0923,786.88,2026-05-02,INSUFFICIENT_FUNDS,CUSTOMER_FINANCIAL,690,19,4,23,0.8261,0.3,0.25,low_engagement,0.1739,0.8261,starter,786.88,monthly,WAIT_AND_RETRY,0.7404035322476693,2.0,582.608731455046,580.608731455046,1
FAIL_002580,PAY_015820,CUST_0925,SUB_0925,200.0,2025-03-21,AUTHENTICATION_FAILED,CUSTOMER_ACTION,677,14,8,22,0.6364,0.3,0.25,low_engagement,0.3636,0.6364,starter,200.0,monthly,UPDATE_PAYMENT_METHOD,0.6862910106239991,3.0,137.25820212479982,134.25820212479982,1
FAIL_002590,PAY_015849,CUST_0926,SUB_0926,706.67,2025-06-14,BANK_DECLINED,ISSUER_DECLINE,802,24,2,26,0.9231,0.8,0.85,reliable,0.0769,0.9231,starter,706.67,monthly,PAYMENT_LINK,0.7021245317770497,3.0,496.1703428708877,493.1703428708877,1
FAIL_002595,PAY_015883,CUST_0929,SUB_0929,329.53,2025-07-26,NETWORK_ERROR,TECHNICAL,820,23,4,27,0.8519,0.35,0.45,friction_prone,0.1481,0.8519,growth,329.53,monthly,RETRY_NOW,0.8922273157751938,2.0,294.0156673673996,292.0156673673996,1
FAIL_002600,PAY_015936,CUST_0931,SUB_0931,729.59,2025-07-17,BANK_DECLINED,ISSUER_DECLINE,799,22,4,26,0.8462,0.6,0.6,normal,0.1538,0.8462,growth,729.59,monthly,WAIT_AND_RETRY,0.6430573152678377,2.0,469.16818664626174,467.16818664626174,1
FAIL_002601,PAY_015975,CUST_0932,SUB_0932,2080.35,2026-01-29,BANK_DECLINED,ISSUER_DECLINE,993,31,2,33,0.9394,0.6,0.6,normal,0.0606,0.9394,pro,2080.35,monthly,WAIT_AND_RETRY,0.7798166489344992,2.0,1622.2915656108853,1620.2915656108853,1
FAIL_002604,PAY_016036,CUST_0935,SUB_0935,295.63,2025-02-06,INSUFFICIENT_FUNDS,CUSTOMER_FINANCIAL,900,22,8,30,0.7333,0.3,0.25,low_engagement,0.2667,0.7333,starter,295.63,monthly,WAIT_AND_RETRY,0.8215311457207248,2.0,242.86925260941788,240.86925260941788,1
FAIL_002608,PAY_016046,CUST_0935,SUB_0935,295.63,2025-12-03,NETWORK_ERROR,TECHNICAL,900,22,8,30,0.7333,0.3,0.25,low_engagement,0.2667,0.7333,starter,295.63,monthly,RETRY_NOW,0.8737106231488552,2.0,258.295071521496,256.295071521496,1
FAIL_002618,PAY_016090,CUST_0939,SUB_0939,368.13,2026-07-05,BANK_DECLINED,ISSUER_DECLINE,386,10,2,12,0.8333,0.3,0.25,low_engagement,0.1667,0.8333,starter,368.13,monthly,WAIT_AND_RETRY,0.5659815041059884,2.0,208.3547711065375,206.3547711065375,1
FAIL_002620,PAY_016129,CUST_0942,SUB_0942,568.27,2024-05-01,AUTHENTICATION_FAILED,CUSTOMER_ACTION,941,20,11,31,0.6452,0.35,0.45,friction_prone,0.3548,0.6452,growth,568.27,monthly,UPDATE_PAYMENT_METHOD,0.7244845490296803,3.0,411.7028346770964,408.7028346770964,1
FAIL_002622,PAY_016132,CUST_0942,SUB_0942,568.27,2024-07-30,BANK_DECLINED,ISSUER_DECLINE,941,20,11,31,0.6452,0.35,0.45,friction_prone,0.3548,0.6452,growth,568.27,monthly,PAYMENT_LINK,0.6501564533121666,3.0,369.46440772370494,366.46440772370494,1
FAIL_002624,PAY_016134,CUST_0942,SUB_0942,568.27,2024-09-28,BANK_DECLINED,ISSUER_DECLINE,941,20,11,31,0.6452,0.35,0.45,friction_prone,0.3548,0.6452,growth,568.27,monthly,PAYMENT_LINK,0.6501564533121666,3.0,369.46440772370494,366.46440772370494,1
FAIL_002626,PAY_016140,CUST_0942,SUB_0942,568.27,2025-03-27,BANK_DECLINED,ISSUER_DECLINE,941,20,11,31,0.6452,0.35,0.45,friction_prone,0.3548,0.6452,growth,568.27,monthly,PAYMENT_LINK,0.6501564533121666,3.0,369.46440772370494,366.46440772370494,1
FAIL_002630,PAY_016150,CUST_0942,SUB_0942,568.27,2026-01-21,INSUFFICIENT_FUNDS,CUSTOMER_FINANCIAL,941,20,11,31,0.6452,0.35,0.45,friction_prone,0.3548,0.6452,growth,568.27,monthly,WAIT_AND_RETRY,0.7788904685789336,2.0,442.6200865793506,440.6200865793506,1
FAIL_002634,PAY_016214,CUST_0947,SUB_0947,773.95,2024-09-01,CARD_EXPIRED,PAYMENT_METHOD,818,21,6,27,0.7778,0.3,0.25,low_engagement,0.2222,0.7778,growth,773.95,monthly,UPDATE_PAYMENT_METHOD,0.7331548329569473,3.0,567.4251829670294,564.4251829670294,1
FAIL_002640,PAY_016232,CUST_0947,SUB_0947,773.95,2026-02-23,INSUFFICIENT_FUNDS,CUSTOMER_FINANCIAL,818,21,6,27,0.7778,0.3,0.25,low_engagement,0.2222,0.7778,growth,773.95,monthly,WAIT_AND_RETRY,0.7549012843959828,2.0,584.2558490582709,582.2558490582709,1
FAIL_002641,PAY_016266,CUST_0949,SUB_0949,974.33,2024-08-20,INSUFFICIENT_FUNDS,CUSTOMER_FINANCIAL,830,22,5,27,0.8148,0.3,0.25,low_engagement,0.1852,0.8148,starter,974.33,monthly,WAIT_AND_RETRY,0.7201707942231377,2.0,701.6840099354298,699.6840099354298,1
FAIL_002652,PAY_016358,CUST_0955,SUB_0955,319.2,2024-12-30,INSUFFICIENT_FUNDS,CUSTOMER_FINANCIAL,788,19,7,26,0.7308,0.3,0.25,low_engagement,0.2692,0.7308,starter,319.2,monthly,WAIT_AND_RETRY,0.7545141256037237,2.0,240.8409088927086,238.8409088927086,1
FAIL_002655,PAY_016362,CUST_0955,SUB_0955,319.2,2025-04-29,INSUFFICIENT_FUNDS,CUSTOMER_FINANCIAL,788,19,7,26,0.7308,0.3,0.25,low_engagement,0.2692,0.7308,starter,319.2,monthly,WAIT_AND_RETRY,0.7545141256037237,2.0,240.8409088927086,238.8409088927086,1
FAIL_002656,PAY_016363,CUST_0955,SUB_0955,319.2,2025-05-29,AUTHENTICATION_FAILED,CUSTOMER_ACTION,788,19,7,26,0.7308,0.3,0.25,low_engagement,0.2692,0.7308,starter,319.2,monthly,UPDATE_PAYMENT_METHOD,0.6459772573409592,3.0,206.19594054323417,203.19594054323417,1
FAIL_002662,PAY_016408,CUST_0958,SUB_0958,1863.63,2024-06-21,INSUFFICIENT_FUNDS,CUSTOMER_FINANCIAL,830,23,4,27,0.8519,0.6,0.6,normal,0.1481,0.8519,pro,1863.63,monthly,WAIT_AND_RETRY,0.8234580213340641,2.0,1534.621072298802,1532.621072298802,1
FAIL_002667,PAY_016439,CUST_0959,SUB_0959,1165.14,2025-08-24,INSUFFICIENT_FUNDS,CUSTOMER_FINANCIAL,521,15,2,17,0.8824,0.3,0.25,low_engagement,0.1176,0.8824,growth,1165.14,monthly,WAIT_AND_RETRY,0.6892787067240762,2.0,803.1061923524902,801.1061923524902,1
FAIL_002668,PAY_016491,CUST_0964,SUB_0964,1091.43,2024-05-23,BANK_DECLINED,ISSUER_DECLINE,859,16,12,28,0.5714,0.35,0.45,friction_prone,0.4286,0.5714,pro,1091.43,monthly,WAIT_AND_RETRY,0.5865786222970202,2.0,640.2095057336368,638.2095057336368,1
FAIL_002678,PAY_016511,CUST_0964,SUB_0964,1091.43,2026-01-13,LIMIT_EXCEEDED,PAYMENT_LIMIT,859,16,12,28,0.5714,0.35,0.45,friction_prone,0.4286,0.5714,pro,1091.43,monthly,PAYMENT_LINK,0.6566488403127948,3.0,716.6862437825937,713.6862437825937,1
FAIL_002685,PAY_016528,CUST_0965,SUB_0965,817.6,2025-02-12,INSUFFICIENT_FUNDS,CUSTOMER_FINANCIAL,864,25,3,28,0.8929,0.6,0.6,normal,0.1071,0.8929,starter,817.6,monthly,WAIT_AND_RETRY,0.7423651139496688,2.0,606.9577171652492,604.9577171652492,1
FAIL_002689,PAY_016559,CUST_0966,SUB_0966,231.48,2025-08-10,AUTHENTICATION_FAILED,CUSTOMER_ACTION,775,17,8,25,0.68,0.3,0.25,low_engagement,0.32,0.68,starter,231.48,monthly,UPDATE_PAYMENT_METHOD,0.6804749317437335,3.0,157.51633720003943,154.51633720003943,1
FAIL_002695,PAY_016595,CUST_0967,SUB_0967,10771.74,2025-12-23,BANK_DECLINED,ISSUER_DECLINE,970,29,3,32,0.9062,0.82,0.9,high_value_loyal,0.0938,0.9062,pro,10771.74,monthly,WAIT_AND_RETRY,0.7661192547488221,2.0,8252.437421148077,8250.437421148077,1
FAIL_002707,PAY_016677,CUST_0970,SUB_0970,827.8,2025-07-13,AUTHENTICATION_FAILED,CUSTOMER_ACTION,953,24,7,31,0.7742,0.3,0.25,low_engagement,0.2258,0.7742,growth,827.8,monthly,UPDATE_PAYMENT_METHOD,0.7590726330971385,3.0,628.3603256778111,625.3603256778111,1
FAIL_002709,PAY_016695,CUST_0971,SUB_0971,401.23,2024-12-21,BANK_DECLINED,ISSUER_DECLINE,767,15,10,25,0.6,0.35,0.45,friction_prone,0.4,0.6,starter,401.23,monthly,PAYMENT_LINK,0.6787795594102928,3.0,272.3467226221918,269.3467226221918,1
FAIL_002712,PAY_016703,CUST_0971,SUB_0971,401.23,2025-08-18,AUTHENTICATION_FAILED,CUSTOMER_ACTION,767,15,10,25,0.6,0.35,0.45,friction_prone,0.4,0.6,starter,401.23,monthly,UPDATE_PAYMENT_METHOD,0.7927740871484562,3.0,318.0847469865751,315.0847469865751,1
FAIL_002736,PAY_016842,CUST_0978,SUB_0978,445.63,2025-04-10,INSUFFICIENT_FUNDS,CUSTOMER_FINANCIAL,897,22,7,29,0.7586,0.35,0.45,friction_prone,0.2414,0.7586,pro,445.63,monthly,PAYMENT_LINK,0.6984792166895605,3.0,311.26329333336884,308.26329333336884,1
FAIL_002744,PAY_016877,CUST_0981,SUB_0981,622.68,2026-06-16,NETWORK_ERROR,TECHNICAL,315,7,3,10,0.7,0.35,0.45,friction_prone,0.3,0.7,growth,622.68,monthly,RETRY_NOW,0.9303638673878167,2.0,579.3189729450456,577.3189729450456,1
FAIL_002747,PAY_016915,CUST_0984,SUB_0984,634.7,2026-07-27,CARD_EXPIRED,PAYMENT_METHOD,334,8,3,11,0.7273,0.3,0.25,low_engagement,0.2727,0.7273,starter,634.7,monthly,UPDATE_PAYMENT_METHOD,0.9172976642724234,3.0,582.2088275137072,579.2088275137072,1
FAIL_002750,PAY_016989,CUST_0988,SUB_0988,747.97,2025-07-25,BANK_DECLINED,ISSUER_DECLINE,581,16,3,19,0.8421,0.3,0.25,low_engagement,0.1579,0.8421,starter,747.97,monthly,WAIT_AND_RETRY,0.57415866377512,2.0,429.45345574387653,427.45345574387653,1
FAIL_002751,PAY_016995,CUST_0988,SUB_0988,747.97,2026-01-21,INSUFFICIENT_FUNDS,CUSTOMER_FINANCIAL,581,16,3,19,0.8421,0.3,0.25,low_engagement,0.1579,0.8421,starter,747.97,monthly,WAIT_AND_RETRY,0.7445136755780241,2.0,556.8738939220947,554.8738939220947,1
FAIL_002755,PAY_017007,CUST_0989,SUB_0989,997.84,2026-01-05,LIMIT_EXCEEDED,PAYMENT_LIMIT,387,6,6,12,0.5,0.35,0.45,friction_prone,0.5,0.5,growth,997.84,monthly,UPDATE_PAYMENT_METHOD,0.5076426171913381,3.0,506.5461091382048,503.5461091382048,1
FAIL_002760,PAY_017013,CUST_0989,SUB_0989,997.84,2026-07-04,INSUFFICIENT_FUNDS,CUSTOMER_FINANCIAL,387,6,6,12,0.5,0.35,0.45,friction_prone,0.5,0.5,growth,997.84,monthly,WAIT_AND_RETRY,0.6746075158763294,2.0,673.1503636420365,671.1503636420365,1
FAIL_002761,PAY_017021,CUST_0990,SUB_0990,1096.67,2025-02-25,BANK_DECLINED,ISSUER_DECLINE,761,21,4,25,0.84,0.6,0.6,normal,0.16,0.84,starter,1096.67,monthly,PAYMENT_LINK,0.5883120452761426,3.0,645.1841706929873,642.1841706929873,1
FAIL_002762,PAY_017023,CUST_0990,SUB_0990,1096.67,2025-04-26,INSUFFICIENT_FUNDS,CUSTOMER_FINANCIAL,761,21,4,25,0.84,0.6,0.6,normal,0.16,0.84,starter,1096.67,monthly,WAIT_AND_RETRY,0.7598274001136349,2.0,833.2799148826201,831.2799148826201,1
FAIL_002769,PAY_017045,CUST_0991,SUB_0991,885.95,2025-10-23,AUTHENTICATION_FAILED,CUSTOMER_ACTION,491,13,3,16,0.8125,0.35,0.45,friction_prone,0.1875,0.8125,growth,885.95,monthly,UPDATE_PAYMENT_METHOD,0.7413861179047634,3.0,656.8310311577252,653.8310311577252,1
FAIL_002772,PAY_017079,CUST_0993,SUB_0993,6771.64,2026-04-01,BANK_DECLINED,ISSUER_DECLINE,361,10,2,12,0.8333,0.82,0.9,high_value_loyal,0.1667,0.8333,pro,6771.64,monthly,PAYMENT_LINK,0.5871089118229696,3.0,3975.6901916568945,3972.6901916568945,1
FAIL_002773,PAY_017095,CUST_0995,SUB_0995,1739.2,2025-07-22,LIMIT_EXCEEDED,PAYMENT_LIMIT,494,11,5,16,0.6875,0.35,0.45,friction_prone,0.3125,0.6875,growth,1739.2,monthly,PAYMENT_LINK,0.6077689926789099,3.0,1057.0318320671602,1054.0318320671602,1
FAIL_002783,PAY_017131,CUST_0998,SUB_0998,1639.15,2025-04-11,INSUFFICIENT_FUNDS,CUSTOMER_FINANCIAL,896,24,5,29,0.8276,0.6,0.6,normal,0.1724,0.8276,pro,1639.15,monthly,WAIT_AND_RETRY,0.7775216366622302,2.0,1274.4745907348947,1272.4745907348947,1
FAIL_002789,PAY_017176,CUST_1000,SUB_1000,307.85,2024-03-25,INSUFFICIENT_FUNDS,CUSTOMER_FINANCIAL,888,21,8,29,0.7241,0.3,0.25,low_engagement,0.2759,0.7241,starter,307.85,monthly,WAIT_AND_RETRY,0.7911207741146421,2.0,243.54653031119258,241.54653031119258,1
FAIL_002794,PAY_017200,CUST_1000,SUB_1000,307.85,2026-03-15,INSUFFICIENT_FUNDS,CUSTOMER_FINANCIAL,888,21,8,29,0.7241,0.3,0.25,low_engagement,0.2759,0.7241,starter,307.85,monthly,WAIT_AND_RETRY,0.7911207741146421,2.0,243.54653031119258,241.54653031119258,1
