failure_id,payment_id,customer_id,subscription_id,amount,failure_reason,failure_category,behavior_profile,selected_action,estimated_recovery_probability,action_cost,expected_net_value,decision_margin
FAIL_002718,PAY_016720,CUST_0972,SUB_0972,10043.11,BANK_DECLINED,ISSUER_DECLINE,high_value_loyal,WAIT_AND_RETRY,0.4783,2.0,4801.26,710.69
FAIL_000011,PAY_000099,CUST_0009,SUB_0009,2904.8,INSUFFICIENT_FUNDS,CUSTOMER_FINANCIAL,reliable,WAIT_AND_RETRY,0.5287,2.0,1533.66,226.6
FAIL_002052,PAY_013037,CUST_0763,SUB_0763,580.18,AUTHENTICATION_FAILED,CUSTOMER_ACTION,low_engagement,UPDATE_PAYMENT_METHOD,0.501,3.0,287.67,87.03
FAIL_002105,PAY_013408,CUST_0785,SUB_0785,1990.77,CARD_EXPIRED,PAYMENT_METHOD,friction_prone,UPDATE_PAYMENT_METHOD,0.675,3.0,1340.77,796.31
FAIL_000646,PAY_004353,CUST_0255,SUB_0255,893.84,BANK_DECLINED,ISSUER_DECLINE,low_engagement,WAIT_AND_RETRY,0.4232,2.0,376.25,110.21
FAIL_000342,PAY_002261,CUST_0135,SUB_0135,771.04,INSUFFICIENT_FUNDS,CUSTOMER_FINANCIAL,friction_prone,WAIT_AND_RETRY,0.4805,2.0,368.5,82.36
FAIL_001148,PAY_007761,CUST_0458,SUB_0458,3086.94,BANK_DECLINED,ISSUER_DECLINE,normal,WAIT_AND_RETRY,0.3865,2.0,1191.19,82.89
FAIL_000142,PAY_000831,CUST_0053,SUB_0053,619.66,NETWORK_ERROR,TECHNICAL,low_engagement,RETRY_NOW,0.6476,2.0,399.26,61.97
FAIL_001478,PAY_009698,CUST_0576,SUB_0576,245.25,INSUFFICIENT_FUNDS,CUSTOMER_FINANCIAL,friction_prone,WAIT_AND_RETRY,0.4239,2.0,101.97,13.0
FAIL_002109,PAY_013429,CUST_0786,SUB_0786,313.47,BANK_DECLINED,ISSUER_DECLINE,low_engagement,WAIT_AND_RETRY,0.425,2.0,131.23,39.88
FAIL_002696,PAY_016600,CUST_0967,SUB_0967,10771.74,BANK_DECLINED,ISSUER_DECLINE,high_value_loyal,WAIT_AND_RETRY,0.4761,2.0,5126.38,738.82
FAIL_002335,PAY_014680,CUST_0862,SUB_0862,1374.15,BANK_DECLINED,ISSUER_DECLINE,friction_prone,WAIT_AND_RETRY,0.3723,2.0,509.59,65.99
FAIL_002280,PAY_014435,CUST_0846,SUB_0846,518.72,NETWORK_ERROR,TECHNICAL,low_engagement,RETRY_NOW,0.644,2.0,332.06,51.87
FAIL_000037,PAY_000215,CUST_0019,SUB_0019,2269.23,CARD_EXPIRED,PAYMENT_METHOD,reliable,UPDATE_PAYMENT_METHOD,0.751,3.0,1701.19,907.69
FAIL_000424,PAY_002773,CUST_0162,SUB_0162,293.46,CARD_EXPIRED,PAYMENT_METHOD,low_engagement,UPDATE_PAYMENT_METHOD,0.651,3.0,188.04,117.38
FAIL_000073,PAY_000324,CUST_0025,SUB_0025,2062.52,AUTHENTICATION_FAILED,CUSTOMER_ACTION,normal,UPDATE_PAYMENT_METHOD,0.56,3.0,1152.01,309.38
FAIL_002557,PAY_015664,CUST_0917,SUB_0917,881.56,INSUFFICIENT_FUNDS,CUSTOMER_FINANCIAL,low_engagement,WAIT_AND_RETRY,0.41,2.0,359.44,53.01
FAIL_002537,PAY_015598,CUST_0914,SUB_0914,1851.67,INSUFFICIENT_FUNDS,CUSTOMER_FINANCIAL,normal,WAIT_AND_RETRY,0.5,2.0,923.84,167.65
FAIL_001049,PAY_007140,CUST_0427,SUB_0427,317.18,LIMIT_EXCEEDED,PAYMENT_LIMIT,low_engagement,PAYMENT_LINK,0.451,3.0,140.05,63.44
FAIL_000554,PAY_003716,CUST_0217,SUB_0217,437.85,CARD_EXPIRED,PAYMENT_METHOD,low_engagement,UPDATE_PAYMENT_METHOD,0.651,3.0,282.04,175.14
FAIL_002121,PAY_013499,CUST_0788,SUB_0788,1672.99,INSUFFICIENT_FUNDS,CUSTOMER_FINANCIAL,reliable,WAIT_AND_RETRY,0.5292,2.0,883.41,131.89
FAIL_001976,PAY_012655,CUST_0740,SUB_0740,544.61,BANK_DECLINED,ISSUER_DECLINE,friction_prone,WAIT_AND_RETRY,0.3596,2.0,193.86,19.87
FAIL_000051,PAY_000268,CUST_0022,SUB_0022,929.98,BANK_DECLINED,ISSUER_DECLINE,normal,WAIT_AND_RETRY,0.386,2.0,356.97,25.18
FAIL_001737,PAY_011439,CUST_0672,SUB_0672,2240.02,LIMIT_EXCEEDED,PAYMENT_LIMIT,normal,PAYMENT_LINK,0.51,3.0,1139.41,448.0
FAIL_001002,PAY_006741,CUST_0405,SUB_0405,703.31,CARD_EXPIRED,PAYMENT_METHOD,low_engagement,UPDATE_PAYMENT_METHOD,0.651,3.0,454.85,281.32
FAIL_000678,PAY_004700,CUST_0277,SUB_0277,470.05,LIMIT_EXCEEDED,PAYMENT_LIMIT,low_engagement,PAYMENT_LINK,0.451,3.0,208.99,94.01
FAIL_002363,PAY_014860,CUST_0870,SUB_0870,1325.33,NETWORK_ERROR,TECHNICAL,normal,RETRY_NOW,0.7551,2.0,998.74,132.53
FAIL_001154,PAY_007796,CUST_0461,SUB_0461,1652.19,INSUFFICIENT_FUNDS,CUSTOMER_FINANCIAL,friction_prone,WAIT_AND_RETRY,0.4207,2.0,693.14,76.56
FAIL_001925,PAY_012356,CUST_0722,SUB_0722,1554.01,INSUFFICIENT_FUNDS,CUSTOMER_FINANCIAL,normal,WAIT_AND_RETRY,0.5063,2.0,784.8,150.66
FAIL_001823,PAY_011897,CUST_0699,SUB_0699,5610.27,CARD_EXPIRED,PAYMENT_METHOD,high_value_loyal,UPDATE_PAYMENT_METHOD,0.7576,3.0,4247.34,2244.11
FAIL_002669,PAY_016492,CUST_0964,SUB_0964,1091.43,BANK_DECLINED,ISSUER_DECLINE,friction_prone,WAIT_AND_RETRY,0.3617,2.0,392.78,41.07
FAIL_000295,PAY_001936,CUST_0119,SUB_0119,15000.0,CARD_EXPIRED,PAYMENT_METHOD,high_value_loyal,UPDATE_PAYMENT_METHOD,0.7576,3.0,11361.0,6000.0
FAIL_002407,PAY_015002,CUST_0880,SUB_0880,963.61,INSUFFICIENT_FUNDS,CUSTOMER_FINANCIAL,low_engagement,WAIT_AND_RETRY,0.412,2.0,395.01,59.78
FAIL_000364,PAY_002435,CUST_0143,SUB_0143,890.67,BANK_DECLINED,ISSUER_DECLINE,normal,WAIT_AND_RETRY,0.446,2.0,395.24,77.6
FAIL_000367,PAY_002453,CUST_0145,SUB_0145,1162.18,INSUFFICIENT_FUNDS,CUSTOMER_FINANCIAL,low_engagement,WAIT_AND_RETRY,0.4742,2.0,549.13,144.21
FAIL_001811,PAY_011860,CUST_0697,SUB_0697,671.72,BANK_DECLINED,ISSUER_DECLINE,normal,WAIT_AND_RETRY,0.4596,2.0,306.72,67.9
FAIL_001061,PAY_007218,CUST_0430,SUB_0430,2619.41,AUTHENTICATION_FAILED,CUSTOMER_ACTION,normal,UPDATE_PAYMENT_METHOD,0.56,3.0,1463.87,392.91
FAIL_000689,PAY_004738,CUST_0279,SUB_0279,1302.62,INSUFFICIENT_FUNDS,CUSTOMER_FINANCIAL,friction_prone,WAIT_AND_RETRY,0.4768,2.0,619.09,133.61
FAIL_001473,PAY_009682,CUST_0574,SUB_0574,918.08,BANK_DECLINED,ISSUER_DECLINE,reliable,WAIT_AND_RETRY,0.477,2.0,435.92,70.77
FAIL_001438,PAY_009468,CUST_0563,SUB_0563,404.63,INSUFFICIENT_FUNDS,CUSTOMER_FINANCIAL,low_engagement,WAIT_AND_RETRY,0.482,2.0,193.03,54.01
FAIL_001568,PAY_010519,CUST_0623,SUB_0623,1621.46,NETWORK_ERROR,TECHNICAL,friction_prone,RETRY_NOW,0.6633,2.0,1073.47,162.15
FAIL_000546,PAY_003662,CUST_0215,SUB_0215,7312.97,CARD_EXPIRED,PAYMENT_METHOD,high_value_loyal,UPDATE_PAYMENT_METHOD,0.7576,3.0,5537.31,2925.19
FAIL_002437,PAY_015126,CUST_0888,SUB_0888,14993.1,INSUFFICIENT_FUNDS,CUSTOMER_FINANCIAL,high_value_loyal,WAIT_AND_RETRY,0.5229,2.0,7838.43,980.59
FAIL_001817,PAY_011885,CUST_0698,SUB_0698,636.44,INSUFFICIENT_FUNDS,CUSTOMER_FINANCIAL,friction_prone,WAIT_AND_RETRY,0.4231,2.0,267.31,31.64
FAIL_002529,PAY_015555,CUST_0912,SUB_0912,1241.22,INSUFFICIENT_FUNDS,CUSTOMER_FINANCIAL,low_engagement,WAIT_AND_RETRY,0.4112,2.0,508.43,75.76
FAIL_000944,PAY_006388,CUST_0384,SUB_0384,686.09,NETWORK_ERROR,TECHNICAL,friction_prone,RETRY_NOW,0.6731,2.0,459.84,68.61
FAIL_000724,PAY_004981,CUST_0298,SUB_0298,706.23,BANK_DECLINED,ISSUER_DECLINE,friction_prone,WAIT_AND_RETRY,0.3664,2.0,256.74,30.22
FAIL_002643,PAY_016270,CUST_0949,SUB_0949,974.33,CARD_EXPIRED,PAYMENT_METHOD,low_engagement,UPDATE_PAYMENT_METHOD,0.651,3.0,631.29,389.73
FAIL_001685,PAY_011037,CUST_0648,SUB_0648,808.49,CARD_EXPIRED,PAYMENT_METHOD,low_engagement,UPDATE_PAYMENT_METHOD,0.651,3.0,523.33,323.4
FAIL_001103,PAY_007443,CUST_0441,SUB_0441,791.33,INSUFFICIENT_FUNDS,CUSTOMER_FINANCIAL,friction_prone,WAIT_AND_RETRY,0.4214,2.0,331.45,37.71
FAIL_002024,PAY_012801,CUST_0750,SUB_0750,1696.9,NETWORK_ERROR,TECHNICAL,normal,RETRY_NOW,0.7506,2.0,1271.72,169.69
FAIL_002415,PAY_015045,CUST_0883,SUB_0883,1083.08,INSUFFICIENT_FUNDS,CUSTOMER_FINANCIAL,friction_prone,WAIT_AND_RETRY,0.4076,2.0,439.46,36.31
FAIL_001964,PAY_012612,CUST_0737,SUB_0737,997.2,BANK_DECLINED,ISSUER_DECLINE,low_engagement,WAIT_AND_RETRY,0.4245,2.0,421.31,124.15
FAIL_002677,PAY_016510,CUST_0964,SUB_0964,1091.43,INSUFFICIENT_FUNDS,CUSTOMER_FINANCIAL,friction_prone,WAIT_AND_RETRY,0.4117,2.0,447.35,41.07
FAIL_001010,PAY_006801,CUST_0408,SUB_0408,1572.78,BANK_DECLINED,ISSUER_DECLINE,friction_prone,WAIT_AND_RETRY,0.3693,2.0,578.88,70.73
FAIL_001955,PAY_012560,CUST_0735,SUB_0735,8242.49,NETWORK_ERROR,TECHNICAL,high_value_loyal,RETRY_NOW,0.7636,2.0,6291.97,824.25
FAIL_000407,PAY_002663,CUST_0156,SUB_0156,985.5,INSUFFICIENT_FUNDS,CUSTOMER_FINANCIAL,friction_prone,WAIT_AND_RETRY,0.406,2.0,398.11,31.55
FAIL_000252,PAY_001726,CUST_0108,SUB_0108,200.0,NETWORK_ERROR,TECHNICAL,friction_prone,RETRY_NOW,0.6728,2.0,132.56,20.0
FAIL_000769,PAY_005297,CUST_0317,SUB_0317,1595.17,INSUFFICIENT_FUNDS,CUSTOMER_FINANCIAL,normal,WAIT_AND_RETRY,0.4378,2.0,696.31,45.29
FAIL_001916,PAY_012313,CUST_0720,SUB_0720,566.77,INSUFFICIENT_FUNDS,CUSTOMER_FINANCIAL,friction_prone,WAIT_AND_RETRY,0.4253,2.0,239.02,29.48
FAIL_002723,PAY_016762,CUST_0973,SUB_0973,12790.64,BANK_DECLINED,ISSUER_DECLINE,high_value_loyal,WAIT_AND_RETRY,0.4777,2.0,6107.73,897.27
FAIL_001022,PAY_006878,CUST_0412,SUB_0412,449.29,INSUFFICIENT_FUNDS,CUSTOMER_FINANCIAL,low_engagement,WAIT_AND_RETRY,0.4188,2.0,186.15,31.45
FAIL_001571,PAY_010528,CUST_0623,SUB_0623,1621.46,LIMIT_EXCEEDED,PAYMENT_LIMIT,friction_prone,PAYMENT_LINK,0.475,3.0,767.19,324.29
FAIL_001875,PAY_012087,CUST_0707,SUB_0707,933.74,INSUFFICIENT_FUNDS,CUSTOMER_FINANCIAL,friction_prone,WAIT_AND_RETRY,0.421,2.0,391.1,43.95
FAIL_002328,PAY_014614,CUST_0857,SUB_0857,436.65,CARD_EXPIRED,PAYMENT_METHOD,low_engagement,UPDATE_PAYMENT_METHOD,0.651,3.0,281.26,174.66
FAIL_002228,PAY_014187,CUST_0831,SUB_0831,5317.8,BANK_DECLINED,ISSUER_DECLINE,high_value_loyal,WAIT_AND_RETRY,0.4763,2.0,2531.02,366.48
FAIL_001393,PAY_009171,CUST_0545,SUB_0545,321.75,INSUFFICIENT_FUNDS,CUSTOMER_FINANCIAL,low_engagement,WAIT_AND_RETRY,0.476,2.0,151.15,41.22
FAIL_002256,PAY_014380,CUST_0842,SUB_0842,5745.9,NETWORK_ERROR,TECHNICAL,high_value_loyal,RETRY_NOW,0.7722,2.0,4434.8,574.59
FAIL_000302,PAY_001972,CUST_0120,SUB_0120,1809.15,BANK_DECLINED,ISSUER_DECLINE,normal,WAIT_AND_RETRY,0.4596,2.0,829.49,181.19
FAIL_002270,PAY_014414,CUST_0843,SUB_0843,638.25,INSUFFICIENT_FUNDS,CUSTOMER_FINANCIAL,low_engagement,WAIT_AND_RETRY,0.4142,2.0,262.35,41.32
FAIL_001058,PAY_007201,CUST_0430,SUB_0430,2619.41,BANK_DECLINED,ISSUER_DECLINE,normal,WAIT_AND_RETRY,0.3942,2.0,1030.53,90.54
FAIL_000958,PAY_006430,CUST_0386,SUB_0386,978.94,BANK_DECLINED,ISSUER_DECLINE,normal,WAIT_AND_RETRY,0.3949,2.0,384.63,35.21
FAIL_002692,PAY_016587,CUST_0967,SUB_0967,10771.74,CARD_EXPIRED,PAYMENT_METHOD,high_value_loyal,UPDATE_PAYMENT_METHOD,0.7576,3.0,8157.67,4308.7
FAIL_001661,PAY_010948,CUST_0643,SUB_0643,1063.34,LIMIT_EXCEEDED,PAYMENT_LIMIT,normal,PAYMENT_LINK,0.51,3.0,539.3,212.67
FAIL_000534,PAY_003586,CUST_0212,SUB_0212,404.59,INSUFFICIENT_FUNDS,CUSTOMER_FINANCIAL,low_engagement,WAIT_AND_RETRY,0.4727,2.0,189.24,50.23
FAIL_001111,PAY_007485,CUST_0443,SUB_0443,976.9,BANK_DECLINED,ISSUER_DECLINE,friction_prone,WAIT_AND_RETRY,0.4327,2.0,420.67,106.18
FAIL_001645,PAY_010882,CUST_0640,SUB_0640,1249.65,INSUFFICIENT_FUNDS,CUSTOMER_FINANCIAL,friction_prone,WAIT_AND_RETRY,0.4089,2.0,508.93,43.31
FAIL_002150,PAY_013757,CUST_0804,SUB_0804,1094.39,INSUFFICIENT_FUNDS,CUSTOMER_FINANCIAL,normal,WAIT_AND_RETRY,0.5057,2.0,551.41,105.71
FAIL_000820,PAY_005547,CUST_0336,SUB_0336,1661.44,NETWORK_ERROR,TECHNICAL,friction_prone,RETRY_NOW,0.6682,2.0,1108.13,166.14
FAIL_000956,PAY_006424,CUST_0386,SUB_0386,978.94,CARD_EXPIRED,PAYMENT_METHOD,normal,UPDATE_PAYMENT_METHOD,0.71,3.0,692.05,391.58
FAIL_001161,PAY_007809,CUST_0462,SUB_0462,1399.49,BANK_DECLINED,ISSUER_DECLINE,friction_prone,WAIT_AND_RETRY,0.3736,2.0,520.85,69.02
FAIL_000731,PAY_005059,CUST_0301,SUB_0301,627.37,BANK_DECLINED,ISSUER_DECLINE,reliable,WAIT_AND_RETRY,0.4784,2.0,298.11,49.53
FAIL_002502,PAY_015383,CUST_0904,SUB_0904,3422.48,NETWORK_ERROR,TECHNICAL,normal,RETRY_NOW,0.755,2.0,2581.86,342.25
FAIL_000862,PAY_005852,CUST_0354,SUB_0354,886.93,BANK_DECLINED,ISSUER_DECLINE,normal,WAIT_AND_RETRY,0.4564,2.0,402.79,86.5
FAIL_000092,PAY_000525,CUST_0036,SUB_0036,1214.61,BANK_DECLINED,ISSUER_DECLINE,friction_prone,WAIT_AND_RETRY,0.356,2.0,430.4,38.65
FAIL_000866,PAY_005887,CUST_0356,SUB_0356,8418.6,AUTHENTICATION_FAILED,CUSTOMER_ACTION,high_value_loyal,UPDATE_PAYMENT_METHOD,0.6076,3.0,5112.14,1262.79
FAIL_001997,PAY_012714,CUST_0744,SUB_0744,200.0,NETWORK_ERROR,TECHNICAL,low_engagement,RETRY_NOW,0.6683,2.0,131.66,20.0
FAIL_002090,PAY_013311,CUST_0778,SUB_0778,1859.33,INSUFFICIENT_FUNDS,CUSTOMER_FINANCIAL,normal,WAIT_AND_RETRY,0.4994,2.0,926.64,167.31
FAIL_001205,PAY_008073,CUST_0475,SUB_0475,332.6,BANK_DECLINED,ISSUER_DECLINE,low_engagement,WAIT_AND_RETRY,0.3663,2.0,119.83,22.71
FAIL_002216,PAY_014118,CUST_0825,SUB_0825,8971.98,INSUFFICIENT_FUNDS,CUSTOMER_FINANCIAL,high_value_loyal,WAIT_AND_RETRY,0.5266,2.0,4723.0,620.43
FAIL_001642,PAY_010875,CUST_0640,SUB_0640,1249.65,INSUFFICIENT_FUNDS,CUSTOMER_FINANCIAL,friction_prone,WAIT_AND_RETRY,0.4089,2.0,508.93,43.31
FAIL_000183,PAY_001117,CUST_0074,SUB_0074,756.59,LIMIT_EXCEEDED,PAYMENT_LIMIT,low_engagement,PAYMENT_LINK,0.451,3.0,338.22,151.32
FAIL_000232,PAY_001565,CUST_0100,SUB_0100,1882.04,INSUFFICIENT_FUNDS,CUSTOMER_FINANCIAL,reliable,WAIT_AND_RETRY,0.5288,2.0,993.22,147.42
FAIL_001370,PAY_009038,CUST_0533,SUB_0533,444.14,LIMIT_EXCEEDED,PAYMENT_LIMIT,low_engagement,PAYMENT_LINK,0.451,3.0,197.31,88.83
FAIL_000392,PAY_002635,CUST_0155,SUB_0155,663.98,BANK_DECLINED,ISSUER_DECLINE,friction_prone,WAIT_AND_RETRY,0.371,2.0,244.34,31.54
FAIL_000395,PAY_002643,CUST_0155,SUB_0155,663.98,INSUFFICIENT_FUNDS,CUSTOMER_FINANCIAL,friction_prone,WAIT_AND_RETRY,0.421,2.0,277.54,31.54
FAIL_000343,PAY_002267,CUST_0135,SUB_0135,771.04,INSUFFICIENT_FUNDS,CUSTOMER_FINANCIAL,friction_prone,WAIT_AND_RETRY,0.4805,2.0,368.5,82.36
FAIL_002332,PAY_014668,CUST_0862,SUB_0862,1374.15,INSUFFICIENT_FUNDS,CUSTOMER_FINANCIAL,friction_prone,WAIT_AND_RETRY,0.4223,2.0,578.3,65.99
FAIL_001676,PAY_011007,CUST_0647,SUB_0647,1055.34,BANK_DECLINED,ISSUER_DECLINE,friction_prone,WAIT_AND_RETRY,0.366,2.0,384.25,44.27
FAIL_001200,PAY_008045,CUST_0473,SUB_0473,1039.13,INSUFFICIENT_FUNDS,CUSTOMER_FINANCIAL,friction_prone,WAIT_AND_RETRY,0.4821,2.0,498.95,112.28
FAIL_001590,PAY_010621,CUST_0627,SUB_0627,200.0,AUTHENTICATION_FAILED,CUSTOMER_ACTION,friction_prone,UPDATE_PAYMENT_METHOD,0.525,3.0,102.0,30.0
FAIL_002706,PAY_016674,CUST_0970,SUB_0970,827.8,INSUFFICIENT_FUNDS,CUSTOMER_FINANCIAL,low_engagement,WAIT_AND_RETRY,0.4739,2.0,390.32,102.77
FAIL_002132,PAY_013636,CUST_0797,SUB_0797,802.81,INSUFFICIENT_FUNDS,CUSTOMER_FINANCIAL,normal,WAIT_AND_RETRY,0.5085,2.0,406.23,80.07
FAIL_002243,PAY_014272,CUST_0836,SUB_0836,468.26,BANK_DECLINED,ISSUER_DECLINE,friction_prone,WAIT_AND_RETRY,0.3725,2.0,172.41,23.23
FAIL_001271,PAY_008373,CUST_0489,SUB_0489,8583.5,BANK_DECLINED,ISSUER_DECLINE,high_value_loyal,WAIT_AND_RETRY,0.4774,2.0,4096.17,600.54
FAIL_000210,PAY_001442,CUST_0093,SUB_0093,333.96,LIMIT_EXCEEDED,PAYMENT_LIMIT,low_engagement,PAYMENT_LINK,0.451,3.0,147.62,66.79
FAIL_002195,PAY_013949,CUST_0815,SUB_0815,14666.4,BANK_DECLINED,ISSUER_DECLINE,high_value_loyal,WAIT_AND_RETRY,0.4676,2.0,6856.01,880.98
FAIL_001102,PAY_007438,CUST_0440,SUB_0440,591.55,INSUFFICIENT_FUNDS,CUSTOMER_FINANCIAL,low_engagement,WAIT_AND_RETRY,0.4167,2.0,244.52,39.89
FAIL_000399,PAY_002650,CUST_0156,SUB_0156,985.5,BANK_DECLINED,ISSUER_DECLINE,friction_prone,WAIT_AND_RETRY,0.356,2.0,348.84,31.55
FAIL_001560,PAY_010455,CUST_0617,SUB_0617,469.95,CARD_EXPIRED,PAYMENT_METHOD,normal,UPDATE_PAYMENT_METHOD,0.71,3.0,330.66,187.98
FAIL_001594,PAY_010629,CUST_0627,SUB_0627,200.0,BANK_DECLINED,ISSUER_DECLINE,friction_prone,WAIT_AND_RETRY,0.3624,2.0,70.49,8.49
FAIL_002390,PAY_014949,CUST_0875,SUB_0875,1152.64,BANK_DECLINED,ISSUER_DECLINE,friction_prone,WAIT_AND_RETRY,0.3601,2.0,413.11,41.5
FAIL_000807,PAY_005503,CUST_0333,SUB_0333,1523.74,BANK_DECLINED,ISSUER_DECLINE,friction_prone,WAIT_AND_RETRY,0.3503,2.0,531.75,39.53
FAIL_002240,PAY_014265,CUST_0836,SUB_0836,468.26,AUTHENTICATION_FAILED,CUSTOMER_ACTION,friction_prone,UPDATE_PAYMENT_METHOD,0.525,3.0,242.84,70.24
FAIL_001544,PAY_010325,CUST_0609,SUB_0609,1520.27,INSUFFICIENT_FUNDS,CUSTOMER_FINANCIAL,friction_prone,WAIT_AND_RETRY,0.4172,2.0,632.26,65.16
FAIL_002354,PAY_014796,CUST_0866,SUB_0866,1434.91,BANK_DECLINED,ISSUER_DECLINE,friction_prone,WAIT_AND_RETRY,0.3664,2.0,523.71,60.36
FAIL_000268,PAY_001794,CUST_0111,SUB_0111,7138.36,LIMIT_EXCEEDED,PAYMENT_LIMIT,high_value_loyal,PAYMENT_LINK,0.5576,3.0,3977.35,1427.67
FAIL_001824,PAY_011902,CUST_0699,SUB_0699,5610.27,LIMIT_EXCEEDED,PAYMENT_LIMIT,high_value_loyal,PAYMENT_LINK,0.5576,3.0,3125.29,1122.05
FAIL_001432,PAY_009407,CUST_0556,SUB_0556,1271.26,INSUFFICIENT_FUNDS,CUSTOMER_FINANCIAL,friction_prone,WAIT_AND_RETRY,0.4182,2.0,529.61,55.89
FAIL_002212,PAY_014101,CUST_0824,SUB_0824,311.11,NETWORK_ERROR,TECHNICAL,low_engagement,RETRY_NOW,0.6564,2.0,202.23,31.11
FAIL_002753,PAY_017004,CUST_0989,SUB_0989,997.84,CARD_EXPIRED,PAYMENT_METHOD,friction_prone,UPDATE_PAYMENT_METHOD,0.675,3.0,670.54,399.14
FAIL_000339,PAY_002217,CUST_0131,SUB_0131,569.52,BANK_DECLINED,ISSUER_DECLINE,low_engagement,WAIT_AND_RETRY,0.3665,2.0,206.75,38.33
FAIL_000275,PAY_001819,CUST_0112,SUB_0112,553.77,INSUFFICIENT_FUNDS,CUSTOMER_FINANCIAL,friction_prone,WAIT_AND_RETRY,0.4217,2.0,231.5,26.84
FAIL_000873,PAY_005923,CUST_0358,SUB_0358,533.16,INSUFFICIENT_FUNDS,CUSTOMER_FINANCIAL,normal,WAIT_AND_RETRY,0.5022,2.0,265.76,50.16
FAIL_001138,PAY_007725,CUST_0457,SUB_0457,1961.94,INSUFFICIENT_FUNDS,CUSTOMER_FINANCIAL,friction_prone,WAIT_AND_RETRY,0.4785,2.0,936.78,204.05
FAIL_002680,PAY_016514,CUST_0964,SUB_0964,1091.43,NETWORK_ERROR,TECHNICAL,friction_prone,RETRY_NOW,0.6617,2.0,720.21,109.14
FAIL_002276,PAY_014421,CUST_0845,SUB_0845,1868.13,LIMIT_EXCEEDED,PAYMENT_LIMIT,normal,PAYMENT_LINK,0.51,3.0,949.75,373.63
FAIL_001156,PAY_007800,CUST_0461,SUB_0461,1652.19,BANK_DECLINED,ISSUER_DECLINE,friction_prone,WAIT_AND_RETRY,0.3707,2.0,610.53,76.56
FAIL_001196,PAY_008020,CUST_0472,SUB_0472,1179.38,CARD_EXPIRED,PAYMENT_METHOD,reliable,UPDATE_PAYMENT_METHOD,0.751,3.0,882.71,471.75
FAIL_001067,PAY_007234,CUST_0431,SUB_0431,745.87,CARD_EXPIRED,PAYMENT_METHOD,low_engagement,UPDATE_PAYMENT_METHOD,0.651,3.0,482.56,298.35
FAIL_000505,PAY_003409,CUST_0199,SUB_0199,5484.95,INSUFFICIENT_FUNDS,CUSTOMER_FINANCIAL,high_value_loyal,WAIT_AND_RETRY,0.525,2.0,2877.77,370.86
FAIL_001299,PAY_008522,CUST_0500,SUB_0500,878.95,INSUFFICIENT_FUNDS,CUSTOMER_FINANCIAL,friction_prone,WAIT_AND_RETRY,0.4227,2.0,369.5,42.89
FAIL_000737,PAY_005096,CUST_0304,SUB_0304,5470.67,BANK_DECLINED,ISSUER_DECLINE,high_value_loyal,WAIT_AND_RETRY,0.4703,2.0,2570.66,343.81
FAIL_001083,PAY_007329,CUST_0436,SUB_0436,829.5,INSUFFICIENT_FUNDS,CUSTOMER_FINANCIAL,friction_prone,WAIT_AND_RETRY,0.4044,2.0,333.45,25.39
FAIL_001399,PAY_009188,CUST_0545,SUB_0545,321.75,INSUFFICIENT_FUNDS,CUSTOMER_FINANCIAL,low_engagement,WAIT_AND_RETRY,0.476,2.0,151.15,41.22
FAIL_002337,PAY_014689,CUST_0862,SUB_0862,1374.15,BANK_DECLINED,ISSUER_DECLINE,friction_prone,WAIT_AND_RETRY,0.3723,2.0,509.59,65.99
FAIL_001488,PAY_009766,CUST_0578,SUB_0578,1586.51,NETWORK_ERROR,TECHNICAL,friction_prone,RETRY_NOW,0.672,2.0,1064.13,158.65
FAIL_001522,PAY_010039,CUST_0593,SUB_0593,11278.37,INSUFFICIENT_FUNDS,CUSTOMER_FINANCIAL,high_value_loyal,WAIT_AND_RETRY,0.5261,2.0,5931.51,773.52
FAIL_002532,PAY_015564,CUST_0912,SUB_0912,1241.22,NETWORK_ERROR,TECHNICAL,low_engagement,RETRY_NOW,0.6612,2.0,818.73,124.12
FAIL_000706,PAY_004843,CUST_0287,SUB_0287,11785.54,BANK_DECLINED,ISSUER_DECLINE,high_value_loyal,WAIT_AND_RETRY,0.4789,2.0,5642.05,841.26
FAIL_000650,PAY_004411,CUST_0259,SUB_0259,432.07,BANK_DECLINED,ISSUER_DECLINE,low_engagement,WAIT_AND_RETRY,0.4306,2.0,184.04,56.98
FAIL_000574,PAY_003865,CUST_0226,SUB_0226,974.55,LIMIT_EXCEEDED,PAYMENT_LIMIT,normal,PAYMENT_LINK,0.51,3.0,494.02,194.91
FAIL_001883,PAY_012120,CUST_0708,SUB_0708,1097.17,AUTHENTICATION_FAILED,CUSTOMER_ACTION,normal,UPDATE_PAYMENT_METHOD,0.56,3.0,611.42,164.58
FAIL_002362,PAY_014852,CUST_0870,SUB_0870,1325.33,NETWORK_ERROR,TECHNICAL,normal,RETRY_NOW,0.7551,2.0,998.74,132.53
FAIL_000223,PAY_001477,CUST_0096,SUB_0096,722.92,BANK_DECLINED,ISSUER_DECLINE,friction_prone,WAIT_AND_RETRY,0.3631,2.0,260.46,28.51
FAIL_001183,PAY_007941,CUST_0468,SUB_0468,1737.7,INSUFFICIENT_FUNDS,CUSTOMER_FINANCIAL,friction_prone,WAIT_AND_RETRY,0.411,2.0,712.19,63.56
FAIL_000225,PAY_001480,CUST_0096,SUB_0096,722.92,INSUFFICIENT_FUNDS,CUSTOMER_FINANCIAL,friction_prone,WAIT_AND_RETRY,0.4131,2.0,296.61,28.51
FAIL_002719,PAY_016731,CUST_0972,SUB_0972,10043.11,BANK_DECLINED,ISSUER_DECLINE,high_value_loyal,WAIT_AND_RETRY,0.4783,2.0,4801.26,710.69
FAIL_001837,PAY_011975,CUST_0703,SUB_0703,360.66,INSUFFICIENT_FUNDS,CUSTOMER_FINANCIAL,friction_prone,WAIT_AND_RETRY,0.4247,2.0,151.16,18.91
FAIL_001410,PAY_009260,CUST_0550,SUB_0550,7064.05,NETWORK_ERROR,TECHNICAL,high_value_loyal,RETRY_NOW,0.7769,2.0,5486.31,706.4
FAIL_002042,PAY_012916,CUST_0757,SUB_0757,1032.33,AUTHENTICATION_FAILED,CUSTOMER_ACTION,low_engagement,UPDATE_PAYMENT_METHOD,0.501,3.0,514.2,154.85
FAIL_002223,PAY_014150,CUST_0827,SUB_0827,768.09,BANK_DECLINED,ISSUER_DECLINE,low_engagement,WAIT_AND_RETRY,0.3707,2.0,282.7,54.51
FAIL_001537,PAY_010178,CUST_0600,SUB_0600,482.28,AUTHENTICATION_FAILED,CUSTOMER_ACTION,friction_prone,UPDATE_PAYMENT_METHOD,0.525,3.0,250.2,72.34
FAIL_000553,PAY_003712,CUST_0217,SUB_0217,437.85,INSUFFICIENT_FUNDS,CUSTOMER_FINANCIAL,low_engagement,WAIT_AND_RETRY,0.4777,2.0,207.17,56.48
FAIL_000018,PAY_000133,CUST_0013,SUB_0013,709.07,BANK_DECLINED,ISSUER_DECLINE,friction_prone,WAIT_AND_RETRY,0.4346,2.0,306.14,78.69
FAIL_001658,PAY_010942,CUST_0643,SUB_0643,1063.34,INSUFFICIENT_FUNDS,CUSTOMER_FINANCIAL,normal,WAIT_AND_RETRY,0.4393,2.0,465.16,32.19
FAIL_002092,PAY_013321,CUST_0779,SUB_0779,223.4,LIMIT_EXCEEDED,PAYMENT_LIMIT,low_engagement,PAYMENT_LINK,0.451,3.0,97.75,44.68
FAIL_000438,PAY_002872,CUST_0168,SUB_0168,1204.32,CARD_EXPIRED,PAYMENT_METHOD,normal,UPDATE_PAYMENT_METHOD,0.71,3.0,852.07,481.73
FAIL_002631,PAY_016155,CUST_0942,SUB_0942,568.27,CARD_EXPIRED,PAYMENT_METHOD,friction_prone,UPDATE_PAYMENT_METHOD,0.675,3.0,380.58,227.31
FAIL_002123,PAY_013503,CUST_0789,SUB_0789,694.22,INSUFFICIENT_FUNDS,CUSTOMER_FINANCIAL,normal,WAIT_AND_RETRY,0.5046,2.0,348.28,66.65
FAIL_000012,PAY_000110,CUST_0011,SUB_0011,1603.39,BANK_DECLINED,ISSUER_DECLINE,friction_prone,WAIT_AND_RETRY,0.3604,2.0,575.94,57.84
FAIL_000504,PAY_003405,CUST_0199,SUB_0199,5484.95,NETWORK_ERROR,TECHNICAL,high_value_loyal,RETRY_NOW,0.775,2.0,4249.01,548.49
FAIL_000307,PAY_002012,CUST_0121,SUB_0121,746.25,BANK_DECLINED,ISSUER_DECLINE,low_engagement,WAIT_AND_RETRY,0.4265,2.0,316.29,94.67
FAIL_002733,PAY_016833,CUST_0978,SUB_0978,445.63,CARD_EXPIRED,PAYMENT_METHOD,friction_prone,UPDATE_PAYMENT_METHOD,0.675,3.0,297.8,178.25
FAIL_000001,PAY_000025,CUST_0004,SUB_0004,406.32,NETWORK_ERROR,TECHNICAL,normal,RETRY_NOW,0.7527,2.0,303.82,40.63
FAIL_000066,PAY_000311,CUST_0023,SUB_0023,1192.85,CARD_EXPIRED,PAYMENT_METHOD,normal,UPDATE_PAYMENT_METHOD,0.71,3.0,843.92,477.14
FAIL_002548,PAY_015629,CUST_0915,SUB_0915,1705.4,INSUFFICIENT_FUNDS,CUSTOMER_FINANCIAL,friction_prone,WAIT_AND_RETRY,0.4149,2.0,705.55,69.02
FAIL_001576,PAY_010538,CUST_0624,SUB_0624,1572.39,AUTHENTICATION_FAILED,CUSTOMER_ACTION,reliable,UPDATE_PAYMENT_METHOD,0.601,3.0,942.01,235.86
FAIL_002343,PAY_014757,CUST_0865,SUB_0865,1983.69,INSUFFICIENT_FUNDS,CUSTOMER_FINANCIAL,normal,WAIT_AND_RETRY,0.4982,2.0,986.32,176.01
FAIL_002698,PAY_016642,CUST_0969,SUB_0969,956.83,NETWORK_ERROR,TECHNICAL,low_engagement,RETRY_NOW,0.7282,2.0,694.77,95.68
FAIL_000144,PAY_000834,CUST_0053,SUB_0053,619.66,AUTHENTICATION_FAILED,CUSTOMER_ACTION,low_engagement,UPDATE_PAYMENT_METHOD,0.501,3.0,307.45,92.95
FAIL_000739,PAY_005101,CUST_0305,SUB_0305,200.0,BANK_DECLINED,ISSUER_DECLINE,low_engagement,WAIT_AND_RETRY,0.3667,2.0,71.35,14.15
FAIL_000201,PAY_001348,CUST_0089,SUB_0089,5310.59,LIMIT_EXCEEDED,PAYMENT_LIMIT,high_value_loyal,PAYMENT_LINK,0.5576,3.0,2958.18,1062.12
FAIL_001845,PAY_012001,CUST_0704,SUB_0704,685.76,AUTHENTICATION_FAILED,CUSTOMER_ACTION,friction_prone,UPDATE_PAYMENT_METHOD,0.525,3.0,357.02,102.86
FAIL_002588,PAY_015844,CUST_0926,SUB_0926,706.67,INSUFFICIENT_FUNDS,CUSTOMER_FINANCIAL,reliable,WAIT_AND_RETRY,0.5258,2.0,369.6,53.89
FAIL_000388,PAY_002627,CUST_0155,SUB_0155,663.98,BANK_DECLINED,ISSUER_DECLINE,friction_prone,WAIT_AND_RETRY,0.371,2.0,244.34,31.54
FAIL_001193,PAY_007962,CUST_0469,SUB_0469,725.12,INSUFFICIENT_FUNDS,CUSTOMER_FINANCIAL,low_engagement,WAIT_AND_RETRY,0.4167,2.0,300.18,48.67
FAIL_001475,PAY_009690,CUST_0576,SUB_0576,245.25,BANK_DECLINED,ISSUER_DECLINE,friction_prone,WAIT_AND_RETRY,0.3739,2.0,89.71,13.0
FAIL_002417,PAY_015050,CUST_0883,SUB_0883,1083.08,NETWORK_ERROR,TECHNICAL,friction_prone,RETRY_NOW,0.6576,2.0,710.23,108.31
FAIL_000218,PAY_001468,CUST_0096,SUB_0096,722.92,NETWORK_ERROR,TECHNICAL,friction_prone,RETRY_NOW,0.6631,2.0,477.34,72.29
FAIL_001391,PAY_009161,CUST_0543,SUB_0543,601.97,BANK_DECLINED,ISSUER_DECLINE,low_engagement,WAIT_AND_RETRY,0.4292,2.0,256.37,78.17
FAIL_002405,PAY_014997,CUST_0880,SUB_0880,963.61,INSUFFICIENT_FUNDS,CUSTOMER_FINANCIAL,low_engagement,WAIT_AND_RETRY,0.412,2.0,395.01,59.78
FAIL_002539,PAY_015615,CUST_0915,SUB_0915,1705.4,NETWORK_ERROR,TECHNICAL,friction_prone,RETRY_NOW,0.6649,2.0,1131.9,170.54
FAIL_000998,PAY_006671,CUST_0402,SUB_0402,568.13,BANK_DECLINED,ISSUER_DECLINE,friction_prone,WAIT_AND_RETRY,0.431,2.0,242.86,61.22
FAIL_000184,PAY_001121,CUST_0076,SUB_0076,677.01,INSUFFICIENT_FUNDS,CUSTOMER_FINANCIAL,low_engagement,WAIT_AND_RETRY,0.4787,2.0,322.06,87.43
FAIL_000535,PAY_003587,CUST_0212,SUB_0212,404.59,CARD_EXPIRED,PAYMENT_METHOD,low_engagement,UPDATE_PAYMENT_METHOD,0.651,3.0,260.39,161.84
FAIL_000616,PAY_004135,CUST_0244,SUB_0244,1067.83,BANK_DECLINED,ISSUER_DECLINE,normal,WAIT_AND_RETRY,0.4557,2.0,484.59,103.17
FAIL_002727,PAY_016818,CUST_0977,SUB_0977,1338.23,CARD_EXPIRED,PAYMENT_METHOD,normal,UPDATE_PAYMENT_METHOD,0.71,3.0,947.14,535.29
FAIL_000977,PAY_006510,CUST_0393,SUB_0393,814.36,INSUFFICIENT_FUNDS,CUSTOMER_FINANCIAL,low_engagement,WAIT_AND_RETRY,0.4746,2.0,384.5,101.66
FAIL_001469,PAY_009664,CUST_0574,SUB_0574,918.08,AUTHENTICATION_FAILED,CUSTOMER_ACTION,reliable,UPDATE_PAYMENT_METHOD,0.601,3.0,548.77,137.71
FAIL_000350,PAY_002291,CUST_0136,SUB_0136,671.28,BANK_DECLINED,ISSUER_DECLINE,low_engagement,WAIT_AND_RETRY,0.4287,2.0,285.75,86.7
FAIL_000622,PAY_004188,CUST_0246,SUB_0246,1197.51,INSUFFICIENT_FUNDS,CUSTOMER_FINANCIAL,low_engagement,WAIT_AND_RETRY,0.4876,2.0,581.85,164.52
FAIL_001506,PAY_009857,CUST_0582,SUB_0582,1476.54,INSUFFICIENT_FUNDS,CUSTOMER_FINANCIAL,normal,WAIT_AND_RETRY,0.5057,2.0,744.66,142.28
FAIL_001474,PAY_009687,CUST_0575,SUB_0575,200.0,AUTHENTICATION_FAILED,CUSTOMER_ACTION,friction_prone,UPDATE_PAYMENT_METHOD,0.525,3.0,102.0,30.0
FAIL_001678,PAY_011014,CUST_0647,SUB_0647,1055.34,INSUFFICIENT_FUNDS,CUSTOMER_FINANCIAL,friction_prone,WAIT_AND_RETRY,0.416,2.0,437.02,44.27
FAIL_001446,PAY_009518,CUST_0565,SUB_0565,200.0,CARD_EXPIRED,PAYMENT_METHOD,friction_prone,UPDATE_PAYMENT_METHOD,0.675,3.0,132.0,80.0
FAIL_001455,PAY_009613,CUST_0571,SUB_0571,1026.5,BANK_DECLINED,ISSUER_DECLINE,normal,WAIT_AND_RETRY,0.384,2.0,392.18,25.64
FAIL_001666,PAY_010957,CUST_0644,SUB_0644,289.39,AUTHENTICATION_FAILED,CUSTOMER_ACTION,low_engagement,UPDATE_PAYMENT_METHOD,0.501,3.0,141.98,43.41
FAIL_001288,PAY_008442,CUST_0493,SUB_0493,489.64,AUTHENTICATION_FAILED,CUSTOMER_ACTION,low_engagement,UPDATE_PAYMENT_METHOD,0.501,3.0,242.31,73.45
FAIL_002019,PAY_012789,CUST_0747,SUB_0747,795.67,BANK_DECLINED,ISSUER_DECLINE,low_engagement,WAIT_AND_RETRY,0.3663,2.0,289.44,52.95
FAIL_000577,PAY_003898,CUST_0228,SUB_0228,662.65,NETWORK_ERROR,TECHNICAL,low_engagement,RETRY_NOW,0.662,2.0,436.67,66.26
FAIL_000712,PAY_004890,CUST_0291,SUB_0291,1068.05,NETWORK_ERROR,TECHNICAL,friction_prone,RETRY_NOW,0.7282,2.0,775.78,106.8
FAIL_001738,PAY_011448,CUST_0673,SUB_0673,14863.79,INSUFFICIENT_FUNDS,CUSTOMER_FINANCIAL,high_value_loyal,PAYMENT_LINK,0.4576,3.0,6798.67,801.64
FAIL_000703,PAY_004802,CUST_0285,SUB_0285,472.43,CARD_EXPIRED,PAYMENT_METHOD,normal,UPDATE_PAYMENT_METHOD,0.71,3.0,332.43,188.97
FAIL_001458,PAY_009631,CUST_0573,SUB_0573,557.68,INSUFFICIENT_FUNDS,CUSTOMER_FINANCIAL,friction_prone,WAIT_AND_RETRY,0.4204,2.0,232.45,26.32
FAIL_001646,PAY_010883,CUST_0640,SUB_0640,1249.65,BANK_DECLINED,ISSUER_DECLINE,friction_prone,WAIT_AND_RETRY,0.3589,2.0,446.44,43.31
FAIL_001092,PAY_007359,CUST_0437,SUB_0437,1516.92,INSUFFICIENT_FUNDS,CUSTOMER_FINANCIAL,normal,WAIT_AND_RETRY,0.506,2.0,765.56,146.62
FAIL_001194,PAY_007965,CUST_0469,SUB_0469,725.12,INSUFFICIENT_FUNDS,CUSTOMER_FINANCIAL,low_engagement,WAIT_AND_RETRY,0.4167,2.0,300.18,48.67
FAIL_000608,PAY_004110,CUST_0243,SUB_0243,928.54,CARD_EXPIRED,PAYMENT_METHOD,friction_prone,UPDATE_PAYMENT_METHOD,0.675,3.0,623.76,371.42
FAIL_001037,PAY_007038,CUST_0422,SUB_0422,306.79,INSUFFICIENT_FUNDS,CUSTOMER_FINANCIAL,low_engagement,WAIT_AND_RETRY,0.4787,2.0,144.85,40.17
FAIL_000959,PAY_006431,CUST_0387,SUB_0387,524.81,BANK_DECLINED,ISSUER_DECLINE,low_engagement,WAIT_AND_RETRY,0.36,2.0,186.93,31.96
FAIL_001745,PAY_011476,CUST_0675,SUB_0675,859.71,AUTHENTICATION_FAILED,CUSTOMER_ACTION,friction_prone,UPDATE_PAYMENT_METHOD,0.525,3.0,448.35,128.96
FAIL_001470,PAY_009668,CUST_0574,SUB_0574,918.08,BANK_DECLINED,ISSUER_DECLINE,reliable,WAIT_AND_RETRY,0.477,2.0,435.92,70.77
FAIL_000855,PAY_005809,CUST_0353,SUB_0353,1421.41,AUTHENTICATION_FAILED,CUSTOMER_ACTION,normal,UPDATE_PAYMENT_METHOD,0.56,3.0,792.99,213.21
FAIL_001634,PAY_010819,CUST_0636,SUB_0636,666.71,CARD_EXPIRED,PAYMENT_METHOD,friction_prone,UPDATE_PAYMENT_METHOD,0.675,3.0,447.03,266.68
FAIL_000335,PAY_002205,CUST_0130,SUB_0130,785.26,CARD_EXPIRED,PAYMENT_METHOD,friction_prone,UPDATE_PAYMENT_METHOD,0.675,3.0,527.05,314.1
FAIL_002578,PAY_015818,CUST_0925,SUB_0925,200.0,INSUFFICIENT_FUNDS,CUSTOMER_FINANCIAL,low_engagement,WAIT_AND_RETRY,0.4129,2.0,80.58,13.38
FAIL_002638,PAY_016223,CUST_0947,SUB_0947,773.95,INSUFFICIENT_FUNDS,CUSTOMER_FINANCIAL,low_engagement,WAIT_AND_RETRY,0.4742,2.0,365.03,96.37
FAIL_002448,PAY_015157,CUST_0889,SUB_0889,1368.01,INSUFFICIENT_FUNDS,CUSTOMER_FINANCIAL,friction_prone,WAIT_AND_RETRY,0.4117,2.0,561.23,51.22
FAIL_001090,PAY_007342,CUST_0436,SUB_0436,829.5,INSUFFICIENT_FUNDS,CUSTOMER_FINANCIAL,friction_prone,WAIT_AND_RETRY,0.4044,2.0,333.45,25.39
FAIL_001914,PAY_012303,CUST_0720,SUB_0720,566.77,INSUFFICIENT_FUNDS,CUSTOMER_FINANCIAL,friction_prone,WAIT_AND_RETRY,0.4253,2.0,239.02,29.48
FAIL_002342,PAY_014755,CUST_0865,SUB_0865,1983.69,INSUFFICIENT_FUNDS,CUSTOMER_FINANCIAL,normal,WAIT_AND_RETRY,0.4982,2.0,986.32,176.01
FAIL_000864,PAY_005874,CUST_0356,SUB_0356,8418.6,LIMIT_EXCEEDED,PAYMENT_LIMIT,high_value_loyal,PAYMENT_LINK,0.5576,3.0,4691.21,1683.72
FAIL_002083,PAY_013279,CUST_0777,SUB_0777,772.21,INSUFFICIENT_FUNDS,CUSTOMER_FINANCIAL,reliable,WAIT_AND_RETRY,0.5175,2.0,397.58,52.32
FAIL_002357,PAY_014807,CUST_0867,SUB_0867,2055.45,INSUFFICIENT_FUNDS,CUSTOMER_FINANCIAL,normal,WAIT_AND_RETRY,0.505,2.0,1035.94,196.2
FAIL_000156,PAY_000894,CUST_0057,SUB_0057,381.29,INSUFFICIENT_FUNDS,CUSTOMER_FINANCIAL,normal,WAIT_AND_RETRY,0.5,2.0,188.65,35.32
FAIL_001848,PAY_012010,CUST_0704,SUB_0704,685.76,INSUFFICIENT_FUNDS,CUSTOMER_FINANCIAL,friction_prone,WAIT_AND_RETRY,0.476,2.0,324.42,70.26
FAIL_000744,PAY_005146,CUST_0307,SUB_0307,2288.88,NETWORK_ERROR,TECHNICAL,friction_prone,RETRY_NOW,0.6633,2.0,1516.15,228.89
FAIL_002610,PAY_016054,CUST_0935,SUB_0935,295.63,CARD_EXPIRED,PAYMENT_METHOD,low_engagement,UPDATE_PAYMENT_METHOD,0.651,3.0,189.46,118.25
FAIL_002319,PAY_014579,CUST_0855,SUB_0855,904.36,INSUFFICIENT_FUNDS,CUSTOMER_FINANCIAL,friction_prone,WAIT_AND_RETRY,0.414,2.0,372.41,36.27
FAIL_000035,PAY_000203,CUST_0017,SUB_0017,988.37,BANK_DECLINED,ISSUER_DECLINE,low_engagement,WAIT_AND_RETRY,0.4279,2.0,420.9,126.4
FAIL_001897,PAY_012214,CUST_0715,SUB_0715,805.01,BANK_DECLINED,ISSUER_DECLINE,reliable,WAIT_AND_RETRY,0.4713,2.0,377.43,57.62
FAIL_000805,PAY_005500,CUST_0333,SUB_0333,1523.74,BANK_DECLINED,ISSUER_DECLINE,friction_prone,WAIT_AND_RETRY,0.3503,2.0,531.75,39.53
FAIL_000471,PAY_003081,CUST_0180,SUB_0180,1171.97,BANK_DECLINED,ISSUER_DECLINE,normal,WAIT_AND_RETRY,0.4486,2.0,523.76,104.85
FAIL_001675,PAY_011006,CUST_0647,SUB_0647,1055.34,INSUFFICIENT_FUNDS,CUSTOMER_FINANCIAL,friction_prone,WAIT_AND_RETRY,0.416,2.0,437.02,44.27
FAIL_000740,PAY_005104,CUST_0305,SUB_0305,200.0,BANK_DECLINED,ISSUER_DECLINE,low_engagement,WAIT_AND_RETRY,0.3667,2.0,71.35,14.15
FAIL_001933,PAY_012397,CUST_0725,SUB_0725,1331.22,INSUFFICIENT_FUNDS,CUSTOMER_FINANCIAL,normal,WAIT_AND_RETRY,0.5,2.0,663.61,120.81
FAIL_000497,PAY_003265,CUST_0191,SUB_0191,500.8,BANK_DECLINED,ISSUER_DECLINE,normal,WAIT_AND_RETRY,0.4568,2.0,226.75,49.46
FAIL_000710,PAY_004879,CUST_0290,SUB_0290,2040.67,INSUFFICIENT_FUNDS,CUSTOMER_FINANCIAL,normal,WAIT_AND_RETRY,0.4352,2.0,886.16,52.49
FAIL_000365,PAY_002439,CUST_0143,SUB_0143,890.67,BANK_DECLINED,ISSUER_DECLINE,normal,WAIT_AND_RETRY,0.446,2.0,395.24,77.6
FAIL_002170,PAY_013827,CUST_0808,SUB_0808,642.76,AUTHENTICATION_FAILED,CUSTOMER_ACTION,low_engagement,UPDATE_PAYMENT_METHOD,0.501,3.0,319.02,96.41
FAIL_001375,PAY_009089,CUST_0537,SUB_0537,547.66,INSUFFICIENT_FUNDS,CUSTOMER_FINANCIAL,low_engagement,WAIT_AND_RETRY,0.4077,2.0,221.29,32.06
FAIL_001876,PAY_012091,CUST_0707,SUB_0707,933.74,BANK_DECLINED,ISSUER_DECLINE,friction_prone,WAIT_AND_RETRY,0.371,2.0,344.42,43.95
FAIL_002583,PAY_015824,CUST_0925,SUB_0925,200.0,CARD_EXPIRED,PAYMENT_METHOD,low_engagement,UPDATE_PAYMENT_METHOD,0.651,3.0,127.2,80.0
FAIL_001715,PAY_011233,CUST_0661,SUB_0661,629.8,BANK_DECLINED,ISSUER_DECLINE,normal,WAIT_AND_RETRY,0.458,2.0,286.45,62.72
FAIL_000237,PAY_001590,CUST_0101,SUB_0101,247.97,AUTHENTICATION_FAILED,CUSTOMER_ACTION,low_engagement,UPDATE_PAYMENT_METHOD,0.501,3.0,121.23,37.2
FAIL_001081,PAY_007318,CUST_0435,SUB_0435,779.11,BANK_DECLINED,ISSUER_DECLINE,low_engagement,WAIT_AND_RETRY,0.3711,2.0,287.15,55.64
FAIL_001241,PAY_008192,CUST_0481,SUB_0481,3208.7,INSUFFICIENT_FUNDS,CUSTOMER_FINANCIAL,high_value_loyal,WAIT_AND_RETRY,0.5256,2.0,1684.49,219.19
FAIL_001663,PAY_010950,CUST_0644,SUB_0644,289.39,BANK_DECLINED,ISSUER_DECLINE,low_engagement,WAIT_AND_RETRY,0.4287,2.0,122.05,37.94
FAIL_001629,PAY_010812,CUST_0636,SUB_0636,666.71,INSUFFICIENT_FUNDS,CUSTOMER_FINANCIAL,friction_prone,WAIT_AND_RETRY,0.4091,2.0,270.74,23.72
FAIL_001509,PAY_009900,CUST_0585,SUB_0585,15000.0,BANK_DECLINED,ISSUER_DECLINE,high_value_loyal,WAIT_AND_RETRY,0.4779,2.0,7166.32,1055.32
FAIL_000338,PAY_002214,CUST_0131,SUB_0131,569.52,AUTHENTICATION_FAILED,CUSTOMER_ACTION,low_engagement,UPDATE_PAYMENT_METHOD,0.501,3.0,282.33,85.43
FAIL_000320,PAY_002146,CUST_0127,SUB_0127,861.92,AUTHENTICATION_FAILED,CUSTOMER_ACTION,friction_prone,UPDATE_PAYMENT_METHOD,0.525,3.0,449.51,129.29
FAIL_001072,PAY_007260,CUST_0433,SUB_0433,699.79,BANK_DECLINED,ISSUER_DECLINE,friction_prone,WAIT_AND_RETRY,0.366,2.0,254.12,29.69
FAIL_001213,PAY_008103,CUST_0476,SUB_0476,457.08,AUTHENTICATION_FAILED,CUSTOMER_ACTION,low_engagement,UPDATE_PAYMENT_METHOD,0.501,3.0,226.0,68.56
FAIL_002577,PAY_015816,CUST_0925,SUB_0925,200.0,CARD_EXPIRED,PAYMENT_METHOD,low_engagement,UPDATE_PAYMENT_METHOD,0.651,3.0,127.2,80.0
FAIL_000801,PAY_005494,CUST_0332,SUB_0332,270.98,INSUFFICIENT_FUNDS,CUSTOMER_FINANCIAL,low_engagement,WAIT_AND_RETRY,0.472,2.0,125.9,33.79
FAIL_000415,PAY_002687,CUST_0158,SUB_0158,2492.3,INSUFFICIENT_FUNDS,CUSTOMER_FINANCIAL,friction_prone,WAIT_AND_RETRY,0.4165,2.0,1036.11,104.5
FAIL_000955,PAY_006422,CUST_0386,SUB_0386,978.94,BANK_DECLINED,ISSUER_DECLINE,normal,WAIT_AND_RETRY,0.3949,2.0,384.63,35.21
FAIL_001311,PAY_008620,CUST_0506,SUB_0506,1460.98,INSUFFICIENT_FUNDS,CUSTOMER_FINANCIAL,friction_prone,WAIT_AND_RETRY,0.4773,2.0,695.38,150.51
FAIL_001611,PAY_010720,CUST_0631,SUB_0631,761.44,CARD_EXPIRED,PAYMENT_METHOD,low_engagement,UPDATE_PAYMENT_METHOD,0.651,3.0,492.7,304.58
FAIL_001931,PAY_012390,CUST_0725,SUB_0725,1331.22,NETWORK_ERROR,TECHNICAL,normal,RETRY_NOW,0.75,2.0,996.41,133.12
FAIL_000229,PAY_001502,CUST_0098,SUB_0098,1282.95,INSUFFICIENT_FUNDS,CUSTOMER_FINANCIAL,friction_prone,WAIT_AND_RETRY,0.4806,2.0,614.61,136.5
FAIL_002392,PAY_014952,CUST_0875,SUB_0875,1152.64,CARD_EXPIRED,PAYMENT_METHOD,friction_prone,UPDATE_PAYMENT_METHOD,0.675,3.0,775.03,461.06
FAIL_000197,PAY_001287,CUST_0083,SUB_0083,1152.82,BANK_DECLINED,ISSUER_DECLINE,friction_prone,WAIT_AND_RETRY,0.3683,2.0,422.59,50.92
FAIL_002149,PAY_013746,CUST_0804,SUB_0804,1094.39,CARD_EXPIRED,PAYMENT_METHOD,normal,UPDATE_PAYMENT_METHOD,0.71,3.0,774.02,437.76
FAIL_000004,PAY_000054,CUST_0006,SUB_0006,1013.11,INSUFFICIENT_FUNDS,CUSTOMER_FINANCIAL,normal,WAIT_AND_RETRY,0.501,2.0,505.57,93.19
FAIL_002770,PAY_017055,CUST_0992,SUB_0992,10292.68,NETWORK_ERROR,TECHNICAL,high_value_loyal,RETRY_NOW,0.7789,2.0,8014.93,1029.27
FAIL_000927,PAY_006202,CUST_0374,SUB_0374,1655.04,BANK_DECLINED,ISSUER_DECLINE,friction_prone,WAIT_AND_RETRY,0.3718,2.0,613.28,78.39
FAIL_000668,PAY_004624,CUST_0272,SUB_0272,585.74,INSUFFICIENT_FUNDS,CUSTOMER_FINANCIAL,low_engagement,WAIT_AND_RETRY,0.476,2.0,276.81,74.22
FAIL_001640,PAY_010866,CUST_0639,SUB_0639,676.5,BANK_DECLINED,ISSUER_DECLINE,low_engagement,WAIT_AND_RETRY,0.3577,2.0,239.99,39.37
FAIL_002317,PAY_014574,CUST_0855,SUB_0855,904.36,BANK_DECLINED,ISSUER_DECLINE,friction_prone,WAIT_AND_RETRY,0.364,2.0,327.19,36.27
FAIL_000827,PAY_005609,CUST_0342,SUB_0342,240.82,INSUFFICIENT_FUNDS,CUSTOMER_FINANCIAL,low_engagement,WAIT_AND_RETRY,0.472,2.0,111.67,30.14
FAIL_000692,PAY_004750,CUST_0281,SUB_0281,913.36,BANK_DECLINED,ISSUER_DECLINE,normal,WAIT_AND_RETRY,0.45,2.0,409.01,83.2
FAIL_000846,PAY_005724,CUST_0349,SUB_0349,3058.5,AUTHENTICATION_FAILED,CUSTOMER_ACTION,normal,UPDATE_PAYMENT_METHOD,0.56,3.0,1709.76,458.78
FAIL_001770,PAY_011669,CUST_0685,SUB_0685,548.13,INSUFFICIENT_FUNDS,CUSTOMER_FINANCIAL,low_engagement,WAIT_AND_RETRY,0.4826,2.0,262.52,73.13
FAIL_000502,PAY_003355,CUST_0195,SUB_0195,4257.08,INSUFFICIENT_FUNDS,CUSTOMER_FINANCIAL,reliable,WAIT_AND_RETRY,0.522,2.0,2220.2,303.25
FAIL_001595,PAY_010630,CUST_0627,SUB_0627,200.0,BANK_DECLINED,ISSUER_DECLINE,friction_prone,WAIT_AND_RETRY,0.3624,2.0,70.49,8.49
FAIL_001056,PAY_007181,CUST_0429,SUB_0429,946.68,INSUFFICIENT_FUNDS,CUSTOMER_FINANCIAL,friction_prone,WAIT_AND_RETRY,0.4254,2.0,400.67,48.67
FAIL_002389,PAY_014948,CUST_0875,SUB_0875,1152.64,INSUFFICIENT_FUNDS,CUSTOMER_FINANCIAL,friction_prone,WAIT_AND_RETRY,0.4101,2.0,470.74,41.5
FAIL_000793,PAY_005446,CUST_0330,SUB_0330,998.82,AUTHENTICATION_FAILED,CUSTOMER_ACTION,normal,UPDATE_PAYMENT_METHOD,0.56,3.0,556.34,149.82
FAIL_002043,PAY_012922,CUST_0757,SUB_0757,1032.33,INSUFFICIENT_FUNDS,CUSTOMER_FINANCIAL,low_engagement,WAIT_AND_RETRY,0.4163,2.0,427.75,68.4
FAIL_000489,PAY_003151,CUST_0184,SUB_0184,11857.91,NETWORK_ERROR,TECHNICAL,high_value_loyal,RETRY_NOW,0.7736,2.0,9171.28,1185.79
FAIL_000008,PAY_000077,CUST_0008,SUB_0008,11574.78,INSUFFICIENT_FUNDS,CUSTOMER_FINANCIAL,high_value_loyal,WAIT_AND_RETRY,0.5213,2.0,6031.89,738.27
FAIL_001064,PAY_007225,CUST_0430,SUB_0430,2619.41,NETWORK_ERROR,TECHNICAL,normal,RETRY_NOW,0.6942,2.0,1816.35,261.94
FAIL_000705,PAY_004814,CUST_0286,SUB_0286,1293.21,INSUFFICIENT_FUNDS,CUSTOMER_FINANCIAL,normal,WAIT_AND_RETRY,0.5084,2.0,655.45,128.23
FAIL_001344,PAY_008882,CUST_0523,SUB_0523,1492.87,BANK_DECLINED,ISSUER_DECLINE,normal,WAIT_AND_RETRY,0.376,2.0,559.32,24.89
FAIL_001778,PAY_011708,CUST_0687,SUB_0687,345.77,INSUFFICIENT_FUNDS,CUSTOMER_FINANCIAL,normal,WAIT_AND_RETRY,0.4402,2.0,150.21,11.44
FAIL_000334,PAY_002204,CUST_0130,SUB_0130,785.26,INSUFFICIENT_FUNDS,CUSTOMER_FINANCIAL,friction_prone,WAIT_AND_RETRY,0.4039,2.0,315.16,23.69
FAIL_002049,PAY_012980,CUST_0761,SUB_0761,5726.73,BANK_DECLINED,ISSUER_DECLINE,high_value_loyal,WAIT_AND_RETRY,0.475,2.0,2718.38,387.16
FAIL_002020,PAY_012790,CUST_0747,SUB_0747,795.67,CARD_EXPIRED,PAYMENT_METHOD,low_engagement,UPDATE_PAYMENT_METHOD,0.651,3.0,514.98,318.27
FAIL_000423,PAY_002769,CUST_0162,SUB_0162,293.46,INSUFFICIENT_FUNDS,CUSTOMER_FINANCIAL,low_engagement,WAIT_AND_RETRY,0.4214,2.0,121.65,21.65
FAIL_002505,PAY_015389,CUST_0904,SUB_0904,3422.48,INSUFFICIENT_FUNDS,CUSTOMER_FINANCIAL,normal,WAIT_AND_RETRY,0.505,2.0,1726.24,326.03
FAIL_001712,PAY_011218,CUST_0660,SUB_0660,2082.3,NETWORK_ERROR,TECHNICAL,normal,RETRY_NOW,0.7546,2.0,1569.24,208.23
FAIL_002321,PAY_014590,CUST_0856,SUB_0856,598.61,CARD_EXPIRED,PAYMENT_METHOD,low_engagement,UPDATE_PAYMENT_METHOD,0.651,3.0,386.7,239.44
FAIL_000253,PAY_001728,CUST_0108,SUB_0108,200.0,INSUFFICIENT_FUNDS,CUSTOMER_FINANCIAL,friction_prone,WAIT_AND_RETRY,0.4228,2.0,82.56,10.56
FAIL_001503,PAY_009830,CUST_0581,SUB_0581,369.27,INSUFFICIENT_FUNDS,CUSTOMER_FINANCIAL,friction_prone,WAIT_AND_RETRY,0.406,2.0,147.92,12.45
FAIL_000368,PAY_002457,CUST_0145,SUB_0145,1162.18,CARD_EXPIRED,PAYMENT_METHOD,low_engagement,UPDATE_PAYMENT_METHOD,0.651,3.0,753.58,464.87
FAIL_001392,PAY_009163,CUST_0543,SUB_0543,601.97,INSUFFICIENT_FUNDS,CUSTOMER_FINANCIAL,low_engagement,WAIT_AND_RETRY,0.4792,2.0,286.46,78.17
FAIL_002004,PAY_012752,CUST_0746,SUB_0746,450.36,INSUFFICIENT_FUNDS,CUSTOMER_FINANCIAL,friction_prone,WAIT_AND_RETRY,0.4117,2.0,183.42,17.53
FAIL_002396,PAY_014956,CUST_0875,SUB_0875,1152.64,BANK_DECLINED,ISSUER_DECLINE,friction_prone,WAIT_AND_RETRY,0.3601,2.0,413.11,41.5
FAIL_001295,PAY_008468,CUST_0494,SUB_0494,14846.24,BANK_DECLINED,ISSUER_DECLINE,high_value_loyal,WAIT_AND_RETRY,0.4769,2.0,7078.71,1030.38
FAIL_002597,PAY_015891,CUST_0929,SUB_0929,329.53,INSUFFICIENT_FUNDS,CUSTOMER_FINANCIAL,friction_prone,WAIT_AND_RETRY,0.4842,2.0,157.54,36.97
FAIL_001821,PAY_011893,CUST_0699,SUB_0699,5610.27,NETWORK_ERROR,TECHNICAL,high_value_loyal,RETRY_NOW,0.7736,2.0,4338.1,561.03
FAIL_000005,PAY_000061,CUST_0006,SUB_0006,1013.11,NETWORK_ERROR,TECHNICAL,normal,RETRY_NOW,0.751,2.0,758.85,101.31
FAIL_000315,PAY_002055,CUST_0123,SUB_0123,11232.86,AUTHENTICATION_FAILED,CUSTOMER_ACTION,high_value_loyal,UPDATE_PAYMENT_METHOD,0.6076,3.0,6822.09,1684.93
FAIL_000483,PAY_003111,CUST_0181,SUB_0181,860.38,BANK_DECLINED,ISSUER_DECLINE,low_engagement,WAIT_AND_RETRY,0.3687,2.0,315.19,59.22
FAIL_002439,PAY_015134,CUST_0888,SUB_0888,14993.1,AUTHENTICATION_FAILED,CUSTOMER_ACTION,high_value_loyal,UPDATE_PAYMENT_METHOD,0.6076,3.0,9106.81,2248.97
FAIL_000763,PAY_005227,CUST_0312,SUB_0312,13871.79,AUTHENTICATION_FAILED,CUSTOMER_ACTION,high_value_loyal,UPDATE_PAYMENT_METHOD,0.6076,3.0,8425.5,2080.77
FAIL_002303,PAY_014521,CUST_0853,SUB_0853,256.05,CARD_EXPIRED,PAYMENT_METHOD,low_engagement,UPDATE_PAYMENT_METHOD,0.651,3.0,163.69,102.42
FAIL_000019,PAY_000134,CUST_0013,SUB_0013,709.07,CARD_EXPIRED,PAYMENT_METHOD,friction_prone,UPDATE_PAYMENT_METHOD,0.675,3.0,475.62,283.63
FAIL_000091,PAY_000524,CUST_0036,SUB_0036,1214.61,INSUFFICIENT_FUNDS,CUSTOMER_FINANCIAL,friction_prone,WAIT_AND_RETRY,0.406,2.0,491.13,38.65
FAIL_002349,PAY_014786,CUST_0866,SUB_0866,1434.91,INSUFFICIENT_FUNDS,CUSTOMER_FINANCIAL,friction_prone,WAIT_AND_RETRY,0.4164,2.0,595.45,60.36
FAIL_000812,PAY_005511,CUST_0334,SUB_0334,382.28,BANK_DECLINED,ISSUER_DECLINE,low_engagement,WAIT_AND_RETRY,0.36,2.0,135.62,23.55
FAIL_000952,PAY_006417,CUST_0386,SUB_0386,978.94,LIMIT_EXCEEDED,PAYMENT_LIMIT,normal,PAYMENT_LINK,0.51,3.0,496.26,195.79
FAIL_001098,PAY_007424,CUST_0440,SUB_0440,591.55,NETWORK_ERROR,TECHNICAL,low_engagement,RETRY_NOW,0.6667,2.0,392.41,59.16
FAIL_002653,PAY_016360,CUST_0955,SUB_0955,319.2,BANK_DECLINED,ISSUER_DECLINE,low_engagement,WAIT_AND_RETRY,0.3705,2.0,116.25,23.17
FAIL_000374,PAY_002488,CUST_0147,SUB_0147,5797.44,CARD_EXPIRED,PAYMENT_METHOD,high_value_loyal,UPDATE_PAYMENT_METHOD,0.7576,3.0,4389.14,2318.98
FAIL_000870,PAY_005908,CUST_0358,SUB_0358,533.16,BANK_DECLINED,ISSUER_DECLINE,normal,WAIT_AND_RETRY,0.4522,2.0,239.1,50.16
FAIL_001404,PAY_009210,CUST_0547,SUB_0547,2231.07,CARD_EXPIRED,PAYMENT_METHOD,friction_prone,UPDATE_PAYMENT_METHOD,0.675,3.0,1502.97,892.43
FAIL_002402,PAY_014978,CUST_0879,SUB_0879,289.72,CARD_EXPIRED,PAYMENT_METHOD,low_engagement,UPDATE_PAYMENT_METHOD,0.651,3.0,185.61,115.89
FAIL_001007,PAY_006793,CUST_0408,SUB_0408,1572.78,INSUFFICIENT_FUNDS,CUSTOMER_FINANCIAL,friction_prone,WAIT_AND_RETRY,0.4193,2.0,657.52,70.73
FAIL_002348,PAY_014781,CUST_0866,SUB_0866,1434.91,AUTHENTICATION_FAILED,CUSTOMER_ACTION,friction_prone,UPDATE_PAYMENT_METHOD,0.525,3.0,750.33,215.24
FAIL_002793,PAY_017192,CUST_1000,SUB_1000,307.85,NETWORK_ERROR,TECHNICAL,low_engagement,RETRY_NOW,0.6699,2.0,204.24,30.78
FAIL_000822,PAY_005550,CUST_0336,SUB_0336,1661.44,INSUFFICIENT_FUNDS,CUSTOMER_FINANCIAL,friction_prone,WAIT_AND_RETRY,0.4182,2.0,692.77,72.73
FAIL_001038,PAY_007046,CUST_0422,SUB_0422,306.79,BANK_DECLINED,ISSUER_DECLINE,low_engagement,WAIT_AND_RETRY,0.4287,2.0,129.51,40.17
FAIL_002704,PAY_016669,CUST_0970,SUB_0970,827.8,INSUFFICIENT_FUNDS,CUSTOMER_FINANCIAL,low_engagement,WAIT_AND_RETRY,0.4739,2.0,390.32,102.77
FAIL_002625,PAY_016138,CUST_0942,SUB_0942,568.27,BANK_DECLINED,ISSUER_DECLINE,friction_prone,WAIT_AND_RETRY,0.3676,2.0,206.91,25.22
FAIL_001794,PAY_011800,CUST_0692,SUB_0692,8785.82,LIMIT_EXCEEDED,PAYMENT_LIMIT,high_value_loyal,PAYMENT_LINK,0.5576,3.0,4895.97,1757.16
FAIL_001828,PAY_011945,CUST_0702,SUB_0702,618.03,INSUFFICIENT_FUNDS,CUSTOMER_FINANCIAL,normal,WAIT_AND_RETRY,0.5042,2.0,309.58,59.19
FAIL_002368,PAY_014898,CUST_0873,SUB_0873,560.51,INSUFFICIENT_FUNDS,CUSTOMER_FINANCIAL,normal,WAIT_AND_RETRY,0.5027,2.0,279.75,52.94
FAIL_002331,PAY_014665,CUST_0862,SUB_0862,1374.15,INSUFFICIENT_FUNDS,CUSTOMER_FINANCIAL,friction_prone,WAIT_AND_RETRY,0.4223,2.0,578.3,65.99
FAIL_001764,PAY_011575,CUST_0680,SUB_0680,1595.24,INSUFFICIENT_FUNDS,CUSTOMER_FINANCIAL,friction_prone,WAIT_AND_RETRY,0.4172,2.0,663.53,68.32
FAIL_002497,PAY_015364,CUST_0903,SUB_0903,5512.84,LIMIT_EXCEEDED,PAYMENT_LIMIT,high_value_loyal,PAYMENT_LINK,0.5576,3.0,3070.96,1102.57
FAIL_000428,PAY_002799,CUST_0163,SUB_0163,1748.55,INSUFFICIENT_FUNDS,CUSTOMER_FINANCIAL,normal,WAIT_AND_RETRY,0.504,2.0,879.27,165.36
FAIL_000550,PAY_003694,CUST_0216,SUB_0216,851.26,INSUFFICIENT_FUNDS,CUSTOMER_FINANCIAL,friction_prone,WAIT_AND_RETRY,0.4217,2.0,356.94,40.72
FAIL_000453,PAY_002974,CUST_0173,SUB_0173,655.36,BANK_DECLINED,ISSUER_DECLINE,low_engagement,WAIT_AND_RETRY,0.4272,2.0,277.96,83.7
FAIL_000120,PAY_000733,CUST_0047,SUB_0047,1330.55,INSUFFICIENT_FUNDS,CUSTOMER_FINANCIAL,normal,WAIT_AND_RETRY,0.4982,2.0,660.91,118.39
FAIL_001055,PAY_007179,CUST_0429,SUB_0429,946.68,LIMIT_EXCEEDED,PAYMENT_LIMIT,friction_prone,PAYMENT_LINK,0.475,3.0,446.67,189.34
FAIL_001119,PAY_007516,CUST_0444,SUB_0444,1927.55,BANK_DECLINED,ISSUER_DECLINE,friction_prone,WAIT_AND_RETRY,0.3634,2.0,698.49,75.03
FAIL_000802,PAY_005497,CUST_0332,SUB_0332,270.98,BANK_DECLINED,ISSUER_DECLINE,low_engagement,WAIT_AND_RETRY,0.422,2.0,112.35,33.79
FAIL_002032,PAY_012868,CUST_0754,SUB_0754,6221.88,INSUFFICIENT_FUNDS,CUSTOMER_FINANCIAL,high_value_loyal,WAIT_AND_RETRY,0.5289,2.0,3288.73,444.6
FAIL_001065,PAY_007229,CUST_0431,SUB_0431,745.87,INSUFFICIENT_FUNDS,CUSTOMER_FINANCIAL,low_engagement,WAIT_AND_RETRY,0.4191,2.0,310.63,51.83
FAIL_001314,PAY_008635,CUST_0506,SUB_0506,1460.98,BANK_DECLINED,ISSUER_DECLINE,friction_prone,WAIT_AND_RETRY,0.4273,2.0,622.33,150.51
FAIL_000799,PAY_005469,CUST_0331,SUB_0331,13126.22,BANK_DECLINED,ISSUER_DECLINE,high_value_loyal,WAIT_AND_RETRY,0.4777,2.0,6268.03,920.78
FAIL_001626,PAY_010806,CUST_0636,SUB_0636,666.71,INSUFFICIENT_FUNDS,CUSTOMER_FINANCIAL,friction_prone,WAIT_AND_RETRY,0.4091,2.0,270.74,23.72
FAIL_000056,PAY_000281,CUST_0022,SUB_0022,929.98,NETWORK_ERROR,TECHNICAL,normal,RETRY_NOW,0.686,2.0,635.97,93.0
FAIL_001057,PAY_007184,CUST_0429,SUB_0429,946.68,BANK_DECLINED,ISSUER_DECLINE,friction_prone,WAIT_AND_RETRY,0.3754,2.0,353.34,48.67
FAIL_001519,PAY_009996,CUST_0590,SUB_0590,2278.63,BANK_DECLINED,ISSUER_DECLINE,normal,WAIT_AND_RETRY,0.458,2.0,1041.61,224.31
FAIL_000674,PAY_004691,CUST_0277,SUB_0277,470.05,BANK_DECLINED,ISSUER_DECLINE,low_engagement,WAIT_AND_RETRY,0.352,2.0,163.46,24.97
FAIL_000714,PAY_004918,CUST_0294,SUB_0294,9361.25,BANK_DECLINED,ISSUER_DECLINE,high_value_loyal,WAIT_AND_RETRY,0.4695,2.0,4392.92,580.27
FAIL_000276,PAY_001823,CUST_0112,SUB_0112,553.77,INSUFFICIENT_FUNDS,CUSTOMER_FINANCIAL,friction_prone,WAIT_AND_RETRY,0.4217,2.0,231.5,26.84
FAIL_002451,PAY_015165,CUST_0889,SUB_0889,1368.01,CARD_EXPIRED,PAYMENT_METHOD,friction_prone,UPDATE_PAYMENT_METHOD,0.675,3.0,920.41,547.2
FAIL_002009,PAY_012761,CUST_0746,SUB_0746,450.36,BANK_DECLINED,ISSUER_DECLINE,friction_prone,WAIT_AND_RETRY,0.3617,2.0,160.9,17.53
FAIL_000826,PAY_005607,CUST_0342,SUB_0342,240.82,BANK_DECLINED,ISSUER_DECLINE,low_engagement,WAIT_AND_RETRY,0.422,2.0,99.63,30.14
FAIL_002430,PAY_015069,CUST_0884,SUB_0884,2190.71,LIMIT_EXCEEDED,PAYMENT_LIMIT,normal,PAYMENT_LINK,0.51,3.0,1114.26,438.14
FAIL_002376,PAY_014918,CUST_0874,SUB_0874,763.19,INSUFFICIENT_FUNDS,CUSTOMER_FINANCIAL,low_engagement,WAIT_AND_RETRY,0.4754,2.0,360.86,95.98
FAIL_000227,PAY_001495,CUST_0097,SUB_0097,4903.48,NETWORK_ERROR,TECHNICAL,reliable,RETRY_NOW,0.7763,2.0,3804.51,490.35
FAIL_002749,PAY_016984,CUST_0988,SUB_0988,747.97,INSUFFICIENT_FUNDS,CUSTOMER_FINANCIAL,low_engagement,WAIT_AND_RETRY,0.4794,2.0,356.55,97.02
FAIL_000041,PAY_000237,CUST_0020,SUB_0020,641.27,NETWORK_ERROR,TECHNICAL,friction_prone,RETRY_NOW,0.6735,2.0,429.9,64.13
FAIL_002318,PAY_014577,CUST_0855,SUB_0855,904.36,BANK_DECLINED,ISSUER_DECLINE,friction_prone,WAIT_AND_RETRY,0.364,2.0,327.19,36.27
FAIL_000022,PAY_000165,CUST_0015,SUB_0015,1187.03,NETWORK_ERROR,TECHNICAL,friction_prone,RETRY_NOW,0.6674,2.0,790.26,118.7
FAIL_000149,PAY_000842,CUST_0053,SUB_0053,619.66,INSUFFICIENT_FUNDS,CUSTOMER_FINANCIAL,low_engagement,WAIT_AND_RETRY,0.3976,2.0,244.35,29.85
FAIL_000603,PAY_004088,CUST_0242,SUB_0242,408.16,BANK_DECLINED,ISSUER_DECLINE,low_engagement,WAIT_AND_RETRY,0.4235,2.0,170.87,51.01
FAIL_001292,PAY_008456,CUST_0493,SUB_0493,489.64,BANK_DECLINED,ISSUER_DECLINE,low_engagement,WAIT_AND_RETRY,0.4282,2.0,207.67,63.29
FAIL_001462,PAY_009641,CUST_0573,SUB_0573,557.68,NETWORK_ERROR,TECHNICAL,friction_prone,RETRY_NOW,0.6704,2.0,371.87,55.77
FAIL_001420,PAY_009305,CUST_0552,SUB_0552,507.97,INSUFFICIENT_FUNDS,CUSTOMER_FINANCIAL,low_engagement,WAIT_AND_RETRY,0.4136,2.0,208.1,32.81
FAIL_002487,PAY_015286,CUST_0897,SUB_0897,994.96,AUTHENTICATION_FAILED,CUSTOMER_ACTION,normal,UPDATE_PAYMENT_METHOD,0.56,3.0,554.18,149.24
FAIL_002222,PAY_014146,CUST_0827,SUB_0827,768.09,INSUFFICIENT_FUNDS,CUSTOMER_FINANCIAL,low_engagement,WAIT_AND_RETRY,0.4207,2.0,321.11,54.51
FAIL_001123,PAY_007554,CUST_0448,SUB_0448,493.96,CARD_EXPIRED,PAYMENT_METHOD,reliable,UPDATE_PAYMENT_METHOD,0.751,3.0,367.96,197.58
FAIL_001264,PAY_008303,CUST_0485,SUB_0485,929.62,AUTHENTICATION_FAILED,CUSTOMER_ACTION,friction_prone,UPDATE_PAYMENT_METHOD,0.525,3.0,485.05,139.44
FAIL_001372,PAY_009062,CUST_0534,SUB_0534,5341.14,BANK_DECLINED,ISSUER_DECLINE,high_value_loyal,WAIT_AND_RETRY,0.474,2.0,2529.7,355.65
FAIL_000730,PAY_005016,CUST_0300,SUB_0300,1306.39,CARD_EXPIRED,PAYMENT_METHOD,normal,UPDATE_PAYMENT_METHOD,0.71,3.0,924.54,522.56
FAIL_002426,PAY_015064,CUST_0884,SUB_0884,2190.71,BANK_DECLINED,ISSUER_DECLINE,normal,WAIT_AND_RETRY,0.376,2.0,821.71,36.05
FAIL_001533,PAY_010162,CUST_0600,SUB_0600,482.28,BANK_DECLINED,ISSUER_DECLINE,friction_prone,WAIT_AND_RETRY,0.372,2.0,177.41,23.67
FAIL_001754,PAY_011515,CUST_0676,SUB_0676,208.63,BANK_DECLINED,ISSUER_DECLINE,low_engagement,WAIT_AND_RETRY,0.4275,2.0,87.18,27.38
FAIL_000600,PAY_004071,CUST_0240,SUB_0240,2643.64,LIMIT_EXCEEDED,PAYMENT_LIMIT,reliable,PAYMENT_LINK,0.551,3.0,1453.65,528.73
FAIL_002479,PAY_015248,CUST_0896,SUB_0896,397.37,INSUFFICIENT_FUNDS,CUSTOMER_FINANCIAL,friction_prone,WAIT_AND_RETRY,0.4174,2.0,163.87,17.86
FAIL_001871,PAY_012080,CUST_0707,SUB_0707,933.74,NETWORK_ERROR,TECHNICAL,friction_prone,RETRY_NOW,0.671,2.0,624.54,93.37
FAIL_002314,PAY_014561,CUST_0854,SUB_0854,272.78,CARD_EXPIRED,PAYMENT_METHOD,low_engagement,UPDATE_PAYMENT_METHOD,0.651,3.0,174.58,109.11
FAIL_001651,PAY_010892,CUST_0640,SUB_0640,1249.65,BANK_DECLINED,ISSUER_DECLINE,friction_prone,WAIT_AND_RETRY,0.3589,2.0,446.44,43.31
FAIL_002729,PAY_016820,CUST_0977,SUB_0977,1338.23,LIMIT_EXCEEDED,PAYMENT_LIMIT,normal,PAYMENT_LINK,0.51,3.0,679.5,267.65
FAIL_002787,PAY_017139,CUST_0998,SUB_0998,1639.15,NETWORK_ERROR,TECHNICAL,normal,RETRY_NOW,0.7522,2.0,1230.98,163.91
FAIL_002048,PAY_012957,CUST_0759,SUB_0759,681.91,AUTHENTICATION_FAILED,CUSTOMER_ACTION,normal,UPDATE_PAYMENT_METHOD,0.56,3.0,378.87,102.29
FAIL_001728,PAY_011330,CUST_0666,SUB_0666,1090.5,NETWORK_ERROR,TECHNICAL,friction_prone,RETRY_NOW,0.6672,2.0,725.58,109.05
FAIL_001137,PAY_007724,CUST_0457,SUB_0457,1961.94,BANK_DECLINED,ISSUER_DECLINE,friction_prone,WAIT_AND_RETRY,0.4285,2.0,838.68,204.05
FAIL_000153,PAY_000864,CUST_0056,SUB_0056,5536.93,BANK_DECLINED,ISSUER_DECLINE,high_value_loyal,WAIT_AND_RETRY,0.4736,2.0,2620.29,366.44
FAIL_002065,PAY_013094,CUST_0766,SUB_0766,1882.53,INSUFFICIENT_FUNDS,CUSTOMER_FINANCIAL,friction_prone,WAIT_AND_RETRY,0.411,2.0,771.72,68.77
FAIL_000691,PAY_004745,CUST_0280,SUB_0280,454.9,CARD_EXPIRED,PAYMENT_METHOD,low_engagement,UPDATE_PAYMENT_METHOD,0.651,3.0,293.14,181.96
FAIL_001114,PAY_007501,CUST_0444,SUB_0444,1927.55,INSUFFICIENT_FUNDS,CUSTOMER_FINANCIAL,friction_prone,WAIT_AND_RETRY,0.4134,2.0,794.86,75.03
FAIL_000099,PAY_000565,CUST_0038,SUB_0038,1015.59,LIMIT_EXCEEDED,PAYMENT_LIMIT,normal,PAYMENT_LINK,0.51,3.0,514.95,203.12
FAIL_002030,PAY_012849,CUST_0753,SUB_0753,2223.6,INSUFFICIENT_FUNDS,CUSTOMER_FINANCIAL,reliable,WAIT_AND_RETRY,0.5253,2.0,1166.14,166.29
FAIL_001325,PAY_008683,CUST_0508,SUB_0508,676.53,CARD_EXPIRED,PAYMENT_METHOD,normal,UPDATE_PAYMENT_METHOD,0.71,3.0,477.34,270.61
FAIL_000555,PAY_003719,CUST_0217,SUB_0217,437.85,AUTHENTICATION_FAILED,CUSTOMER_ACTION,low_engagement,UPDATE_PAYMENT_METHOD,0.501,3.0,216.36,65.68
FAIL_002569,PAY_015735,CUST_0921,SUB_0921,415.4,INSUFFICIENT_FUNDS,CUSTOMER_FINANCIAL,friction_prone,WAIT_AND_RETRY,0.4217,2.0,173.16,20.38
FAIL_001851,PAY_012018,CUST_0704,SUB_0704,685.76,BANK_DECLINED,ISSUER_DECLINE,friction_prone,WAIT_AND_RETRY,0.426,2.0,290.13,70.26
FAIL_001739,PAY_011460,CUST_0675,SUB_0675,859.71,INSUFFICIENT_FUNDS,CUSTOMER_FINANCIAL,friction_prone,WAIT_AND_RETRY,0.4104,2.0,350.87,31.48
FAIL_000467,PAY_003072,CUST_0180,SUB_0180,1171.97,INSUFFICIENT_FUNDS,CUSTOMER_FINANCIAL,normal,WAIT_AND_RETRY,0.4986,2.0,582.35,104.85
FAIL_000832,PAY_005653,CUST_0345,SUB_0345,1403.81,BANK_DECLINED,ISSUER_DECLINE,normal,WAIT_AND_RETRY,0.4537,2.0,634.9,132.53
FAIL_001014,PAY_006828,CUST_0409,SUB_0409,432.26,INSUFFICIENT_FUNDS,CUSTOMER_FINANCIAL,low_engagement,WAIT_AND_RETRY,0.4795,2.0,205.27,56.55
FAIL_002483,PAY_015255,CUST_0896,SUB_0896,397.37,INSUFFICIENT_FUNDS,CUSTOMER_FINANCIAL,friction_prone,WAIT_AND_RETRY,0.4174,2.0,163.87,17.86
FAIL_002599,PAY_015925,CUST_0931,SUB_0931,729.59,CARD_EXPIRED,PAYMENT_METHOD,normal,UPDATE_PAYMENT_METHOD,0.71,3.0,515.01,291.84
FAIL_002118,PAY_013469,CUST_0787,SUB_0787,1715.08,NETWORK_ERROR,TECHNICAL,normal,RETRY_NOW,0.6953,2.0,1190.42,171.51
FAIL_001459,PAY_009632,CUST_0573,SUB_0573,557.68,NETWORK_ERROR,TECHNICAL,friction_prone,RETRY_NOW,0.6704,2.0,371.87,55.77
FAIL_002074,PAY_013160,CUST_0770,SUB_0770,601.44,BANK_DECLINED,ISSUER_DECLINE,low_engagement,WAIT_AND_RETRY,0.422,2.0,251.81,73.77
FAIL_000679,PAY_004703,CUST_0277,SUB_0277,470.05,INSUFFICIENT_FUNDS,CUSTOMER_FINANCIAL,low_engagement,WAIT_AND_RETRY,0.402,2.0,186.96,24.97
FAIL_000776,PAY_005345,CUST_0321,SUB_0321,12689.54,INSUFFICIENT_FUNDS,CUSTOMER_FINANCIAL,high_value_loyal,WAIT_AND_RETRY,0.5222,2.0,6624.07,820.34
FAIL_002670,PAY_016494,CUST_0964,SUB_0964,1091.43,BANK_DECLINED,ISSUER_DECLINE,friction_prone,WAIT_AND_RETRY,0.3617,2.0,392.78,41.07
FAIL_001949,PAY_012494,CUST_0731,SUB_0731,1784.87,CARD_EXPIRED,PAYMENT_METHOD,friction_prone,UPDATE_PAYMENT_METHOD,0.675,3.0,1201.79,713.95
FAIL_000935,PAY_006281,CUST_0377,SUB_0377,929.32,BANK_DECLINED,ISSUER_DECLINE,normal,WAIT_AND_RETRY,0.4532,2.0,419.17,87.61
FAIL_002108,PAY_013423,CUST_0786,SUB_0786,313.47,CARD_EXPIRED,PAYMENT_METHOD,low_engagement,UPDATE_PAYMENT_METHOD,0.651,3.0,201.07,125.39
FAIL_002480,PAY_015249,CUST_0896,SUB_0896,397.37,INSUFFICIENT_FUNDS,CUSTOMER_FINANCIAL,friction_prone,WAIT_AND_RETRY,0.4174,2.0,163.87,17.86
FAIL_000288,PAY_001845,CUST_0113,SUB_0113,324.58,INSUFFICIENT_FUNDS,CUSTOMER_FINANCIAL,low_engagement,WAIT_AND_RETRY,0.476,2.0,152.5,41.57
FAIL_002444,PAY_015145,CUST_0889,SUB_0889,1368.01,BANK_DECLINED,ISSUER_DECLINE,friction_prone,WAIT_AND_RETRY,0.3617,2.0,492.83,51.22
FAIL_002145,PAY_013728,CUST_0803,SUB_0803,414.82,CARD_EXPIRED,PAYMENT_METHOD,low_engagement,UPDATE_PAYMENT_METHOD,0.651,3.0,267.05,165.93
FAIL_002084,PAY_013284,CUST_0777,SUB_0777,772.21,INSUFFICIENT_FUNDS,CUSTOMER_FINANCIAL,reliable,WAIT_AND_RETRY,0.5175,2.0,397.58,52.32
FAIL_001877,PAY_012098,CUST_0707,SUB_0707,933.74,NETWORK_ERROR,TECHNICAL,friction_prone,RETRY_NOW,0.671,2.0,624.54,93.37
FAIL_001605,PAY_010707,CUST_0631,SUB_0631,761.44,NETWORK_ERROR,TECHNICAL,low_engagement,RETRY_NOW,0.6685,2.0,507.0,76.14
FAIL_000770,PAY_005303,CUST_0317,SUB_0317,1595.17,LIMIT_EXCEEDED,PAYMENT_LIMIT,normal,PAYMENT_LINK,0.51,3.0,810.54,319.03
FAIL_002268,PAY_014410,CUST_0843,SUB_0843,638.25,AUTHENTICATION_FAILED,CUSTOMER_ACTION,low_engagement,UPDATE_PAYMENT_METHOD,0.501,3.0,316.76,95.74
FAIL_000757,PAY_005182,CUST_0309,SUB_0309,1591.11,BANK_DECLINED,ISSUER_DECLINE,friction_prone,WAIT_AND_RETRY,0.3714,2.0,588.91,74.8
FAIL_002261,PAY_014392,CUST_0843,SUB_0843,638.25,LIMIT_EXCEEDED,PAYMENT_LIMIT,low_engagement,PAYMENT_LINK,0.451,3.0,284.85,127.65
FAIL_001796,PAY_011808,CUST_0693,SUB_0693,1009.84,INSUFFICIENT_FUNDS,CUSTOMER_FINANCIAL,low_engagement,WAIT_AND_RETRY,0.4749,2.0,477.53,126.07
FAIL_001490,PAY_009784,CUST_0580,SUB_0580,1096.45,INSUFFICIENT_FUNDS,CUSTOMER_FINANCIAL,low_engagement,WAIT_AND_RETRY,0.4739,2.0,517.65,135.79
FAIL_001426,PAY_009358,CUST_0554,SUB_0554,1092.97,BANK_DECLINED,ISSUER_DECLINE,normal,WAIT_AND_RETRY,0.4605,2.0,501.29,110.82
FAIL_000105,PAY_000641,CUST_0042,SUB_0042,7945.8,INSUFFICIENT_FUNDS,CUSTOMER_FINANCIAL,high_value_loyal,WAIT_AND_RETRY,0.5288,2.0,4199.36,566.36
FAIL_000790,PAY_005414,CUST_0325,SUB_0325,726.01,BANK_DECLINED,ISSUER_DECLINE,low_engagement,WAIT_AND_RETRY,0.422,2.0,304.38,88.85
FAIL_001825,PAY_011904,CUST_0699,SUB_0699,5610.27,LIMIT_EXCEEDED,PAYMENT_LIMIT,high_value_loyal,PAYMENT_LINK,0.5576,3.0,3125.29,1122.05
FAIL_001830,PAY_011951,CUST_0702,SUB_0702,618.03,LIMIT_EXCEEDED,PAYMENT_LIMIT,normal,PAYMENT_LINK,0.51,3.0,312.2,123.61
FAIL_001853,PAY_012021,CUST_0704,SUB_0704,685.76,INSUFFICIENT_FUNDS,CUSTOMER_FINANCIAL,friction_prone,WAIT_AND_RETRY,0.476,2.0,324.42,70.26
FAIL_000161,PAY_000952,CUST_0060,SUB_0060,708.78,INSUFFICIENT_FUNDS,CUSTOMER_FINANCIAL,reliable,WAIT_AND_RETRY,0.5294,2.0,373.24,56.58
FAIL_001943,PAY_012458,CUST_0729,SUB_0729,11458.05,AUTHENTICATION_FAILED,CUSTOMER_ACTION,high_value_loyal,UPDATE_PAYMENT_METHOD,0.6076,3.0,6958.91,1718.71
FAIL_000010,PAY_000097,CUST_0009,SUB_0009,2904.8,INSUFFICIENT_FUNDS,CUSTOMER_FINANCIAL,reliable,WAIT_AND_RETRY,0.5287,2.0,1533.66,226.6
FAIL_000098,PAY_000559,CUST_0038,SUB_0038,1015.59,BANK_DECLINED,ISSUER_DECLINE,normal,WAIT_AND_RETRY,0.3942,2.0,398.33,35.72
FAIL_002338,PAY_014691,CUST_0862,SUB_0862,1374.15,INSUFFICIENT_FUNDS,CUSTOMER_FINANCIAL,friction_prone,WAIT_AND_RETRY,0.4223,2.0,578.3,65.99
FAIL_001632,PAY_010817,CUST_0636,SUB_0636,666.71,NETWORK_ERROR,TECHNICAL,friction_prone,RETRY_NOW,0.6591,2.0,437.42,66.67
FAIL_000967,PAY_006443,CUST_0387,SUB_0387,524.81,INSUFFICIENT_FUNDS,CUSTOMER_FINANCIAL,low_engagement,WAIT_AND_RETRY,0.41,2.0,213.17,31.96
FAIL_000886,PAY_005974,CUST_0363,SUB_0363,260.32,CARD_EXPIRED,PAYMENT_METHOD,low_engagement,UPDATE_PAYMENT_METHOD,0.651,3.0,166.47,104.13
FAIL_001095,PAY_007402,CUST_0439,SUB_0439,694.64,INSUFFICIENT_FUNDS,CUSTOMER_FINANCIAL,low_engagement,WAIT_AND_RETRY,0.476,2.0,328.65,87.83
FAIL_000628,PAY_004222,CUST_0249,SUB_0249,347.81,INSUFFICIENT_FUNDS,CUSTOMER_FINANCIAL,friction_prone,WAIT_AND_RETRY,0.416,2.0,142.69,15.26
FAIL_002341,PAY_014753,CUST_0864,SUB_0864,9370.08,BANK_DECLINED,ISSUER_DECLINE,high_value_loyal,WAIT_AND_RETRY,0.4786,2.0,4482.52,666.28
FAIL_000891,PAY_005989,CUST_0364,SUB_0364,376.34,BANK_DECLINED,ISSUER_DECLINE,friction_prone,WAIT_AND_RETRY,0.3629,2.0,134.57,15.26
FAIL_002231,PAY_014216,CUST_0832,SUB_0832,2452.06,INSUFFICIENT_FUNDS,CUSTOMER_FINANCIAL,normal,WAIT_AND_RETRY,0.4982,2.0,1219.68,217.33
FAIL_000431,PAY_002827,CUST_0166,SUB_0166,365.57,INSUFFICIENT_FUNDS,CUSTOMER_FINANCIAL,low_engagement,WAIT_AND_RETRY,0.4781,2.0,172.77,47.46
FAIL_000728,PAY_004999,CUST_0299,SUB_0299,8559.42,INSUFFICIENT_FUNDS,CUSTOMER_FINANCIAL,high_value_loyal,WAIT_AND_RETRY,0.526,2.0,4500.12,586.33
FAIL_000841,PAY_005703,CUST_0349,SUB_0349,3058.5,BANK_DECLINED,ISSUER_DECLINE,normal,WAIT_AND_RETRY,0.446,2.0,1362.09,264.03
FAIL_001170,PAY_007916,CUST_0468,SUB_0468,1737.7,INSUFFICIENT_FUNDS,CUSTOMER_FINANCIAL,friction_prone,WAIT_AND_RETRY,0.411,2.0,712.19,63.56
FAIL_002758,PAY_017011,CUST_0989,SUB_0989,997.84,CARD_EXPIRED,PAYMENT_METHOD,friction_prone,UPDATE_PAYMENT_METHOD,0.675,3.0,670.54,399.14
FAIL_002510,PAY_015429,CUST_0906,SUB_0906,368.38,INSUFFICIENT_FUNDS,CUSTOMER_FINANCIAL,low_engagement,WAIT_AND_RETRY,0.4153,2.0,151.0,24.7
FAIL_001608,PAY_010714,CUST_0631,SUB_0631,761.44,AUTHENTICATION_FAILED,CUSTOMER_ACTION,low_engagement,UPDATE_PAYMENT_METHOD,0.501,3.0,378.48,114.22
FAIL_002054,PAY_013041,CUST_0763,SUB_0763,580.18,INSUFFICIENT_FUNDS,CUSTOMER_FINANCIAL,low_engagement,WAIT_AND_RETRY,0.4214,2.0,242.46,41.82
FAIL_001401,PAY_009201,CUST_0546,SUB_0546,424.05,INSUFFICIENT_FUNDS,CUSTOMER_FINANCIAL,friction_prone,WAIT_AND_RETRY,0.4104,2.0,172.05,16.03
FAIL_001731,PAY_011344,CUST_0666,SUB_0666,1090.5,BANK_DECLINED,ISSUER_DECLINE,friction_prone,WAIT_AND_RETRY,0.3672,2.0,398.43,47.02
FAIL_000687,PAY_004734,CUST_0279,SUB_0279,1302.62,BANK_DECLINED,ISSUER_DECLINE,friction_prone,WAIT_AND_RETRY,0.4268,2.0,553.96,133.61
FAIL_000733,PAY_005077,CUST_0303,SUB_0303,1311.68,AUTHENTICATION_FAILED,CUSTOMER_ACTION,normal,UPDATE_PAYMENT_METHOD,0.56,3.0,731.54,196.75
FAIL_000643,PAY_004334,CUST_0254,SUB_0254,1610.91,NETWORK_ERROR,TECHNICAL,normal,RETRY_NOW,0.7482,2.0,1203.32,161.09
FAIL_000610,PAY_004115,CUST_0244,SUB_0244,1067.83,INSUFFICIENT_FUNDS,CUSTOMER_FINANCIAL,normal,WAIT_AND_RETRY,0.5057,2.0,537.98,103.17
FAIL_001671,PAY_010996,CUST_0646,SUB_0646,232.1,BANK_DECLINED,ISSUER_DECLINE,low_engagement,WAIT_AND_RETRY,0.3387,2.0,76.6,9.74
FAIL_000401,PAY_002654,CUST_0156,SUB_0156,985.5,BANK_DECLINED,ISSUER_DECLINE,friction_prone,WAIT_AND_RETRY,0.356,2.0,348.84,31.55
FAIL_000569,PAY_003805,CUST_0223,SUB_0223,819.65,CARD_EXPIRED,PAYMENT_METHOD,low_engagement,UPDATE_PAYMENT_METHOD,0.651,3.0,530.59,327.86
FAIL_000136,PAY_000803,CUST_0051,SUB_0051,706.77,BANK_DECLINED,ISSUER_DECLINE,friction_prone,WAIT_AND_RETRY,0.3617,2.0,253.65,26.95
FAIL_001901,PAY_012238,CUST_0716,SUB_0716,1897.02,INSUFFICIENT_FUNDS,CUSTOMER_FINANCIAL,reliable,WAIT_AND_RETRY,0.5284,2.0,1000.31,147.75
FAIL_001926,PAY_012357,CUST_0722,SUB_0722,1554.01,BANK_DECLINED,ISSUER_DECLINE,normal,WAIT_AND_RETRY,0.4563,2.0,707.1,150.66
FAIL_002644,PAY_016272,CUST_0949,SUB_0949,974.33,NETWORK_ERROR,TECHNICAL,low_engagement,RETRY_NOW,0.7272,2.0,706.52,97.43
FAIL_001799,PAY_011819,CUST_0694,SUB_0694,1377.46,INSUFFICIENT_FUNDS,CUSTOMER_FINANCIAL,friction_prone,WAIT_AND_RETRY,0.4039,2.0,554.35,40.8
FAIL_002096,PAY_013345,CUST_0780,SUB_0780,2075.84,CARD_EXPIRED,PAYMENT_METHOD,normal,UPDATE_PAYMENT_METHOD,0.71,3.0,1470.85,830.34
FAIL_000447,PAY_002916,CUST_0170,SUB_0170,476.76,CARD_EXPIRED,PAYMENT_METHOD,low_engagement,UPDATE_PAYMENT_METHOD,0.651,3.0,307.37,190.7
FAIL_000533,PAY_003585,CUST_0212,SUB_0212,404.59,NETWORK_ERROR,TECHNICAL,low_engagement,RETRY_NOW,0.7227,2.0,290.39,40.46
FAIL_000579,PAY_003900,CUST_0229,SUB_0229,902.45,BANK_DECLINED,ISSUER_DECLINE,friction_prone,WAIT_AND_RETRY,0.3631,2.0,325.64,35.34
FAIL_001207,PAY_008075,CUST_0475,SUB_0475,332.6,BANK_DECLINED,ISSUER_DECLINE,low_engagement,WAIT_AND_RETRY,0.3663,2.0,119.83,22.71
FAIL_001702,PAY_011145,CUST_0657,SUB_0657,1695.02,BANK_DECLINED,ISSUER_DECLINE,reliable,WAIT_AND_RETRY,0.4792,2.0,810.32,133.62
FAIL_000916,PAY_006140,CUST_0372,SUB_0372,454.36,INSUFFICIENT_FUNDS,CUSTOMER_FINANCIAL,friction_prone,WAIT_AND_RETRY,0.4193,2.0,188.53,21.14
FAIL_002169,PAY_013826,CUST_0807,SUB_0807,200.0,INSUFFICIENT_FUNDS,CUSTOMER_FINANCIAL,low_engagement,WAIT_AND_RETRY,0.4195,2.0,81.9,14.7
FAIL_000833,PAY_005658,CUST_0346,SUB_0346,278.73,NETWORK_ERROR,TECHNICAL,low_engagement,RETRY_NOW,0.7331,2.0,202.34,27.87
FAIL_002447,PAY_015153,CUST_0889,SUB_0889,1368.01,BANK_DECLINED,ISSUER_DECLINE,friction_prone,WAIT_AND_RETRY,0.3617,2.0,492.83,51.22
FAIL_000170,PAY_001028,CUST_0064,SUB_0064,656.63,INSUFFICIENT_FUNDS,CUSTOMER_FINANCIAL,normal,WAIT_AND_RETRY,0.5037,2.0,328.74,62.52
FAIL_000189,PAY_001199,CUST_0079,SUB_0079,2676.77,INSUFFICIENT_FUNDS,CUSTOMER_FINANCIAL,normal,WAIT_AND_RETRY,0.5064,2.0,1353.52,259.04
FAIL_001924,PAY_012351,CUST_0722,SUB_0722,1554.01,BANK_DECLINED,ISSUER_DECLINE,normal,WAIT_AND_RETRY,0.4563,2.0,707.1,150.66
FAIL_002139,PAY_013672,CUST_0798,SUB_0798,712.38,BANK_DECLINED,ISSUER_DECLINE,low_engagement,WAIT_AND_RETRY,0.4252,2.0,300.88,89.45
FAIL_002404,PAY_014994,CUST_0880,SUB_0880,963.61,NETWORK_ERROR,TECHNICAL,low_engagement,RETRY_NOW,0.662,2.0,635.91,96.36
FAIL_002519,PAY_015506,CUST_0910,SUB_0910,293.13,NETWORK_ERROR,TECHNICAL,normal,RETRY_NOW,0.6931,2.0,201.18,29.31
FAIL_000924,PAY_006191,CUST_0374,SUB_0374,1655.04,AUTHENTICATION_FAILED,CUSTOMER_ACTION,friction_prone,UPDATE_PAYMENT_METHOD,0.525,3.0,865.9,248.26
FAIL_001496,PAY_009822,CUST_0581,SUB_0581,369.27,LIMIT_EXCEEDED,PAYMENT_LIMIT,friction_prone,PAYMENT_LINK,0.475,3.0,172.4,73.85
FAIL_000629,PAY_004224,CUST_0249,SUB_0249,347.81,BANK_DECLINED,ISSUER_DECLINE,friction_prone,WAIT_AND_RETRY,0.366,2.0,125.3,15.26
FAIL_000273,PAY_001813,CUST_0112,SUB_0112,553.77,BANK_DECLINED,ISSUER_DECLINE,friction_prone,WAIT_AND_RETRY,0.3717,2.0,203.81,26.84
FAIL_002663,PAY_016410,CUST_0958,SUB_0958,1863.63,NETWORK_ERROR,TECHNICAL,normal,RETRY_NOW,0.7542,2.0,1403.46,186.36
FAIL_001831,PAY_011957,CUST_0702,SUB_0702,618.03,BANK_DECLINED,ISSUER_DECLINE,normal,WAIT_AND_RETRY,0.4542,2.0,278.68,59.19
FAIL_001096,PAY_007407,CUST_0439,SUB_0439,694.64,CARD_EXPIRED,PAYMENT_METHOD,low_engagement,UPDATE_PAYMENT_METHOD,0.651,3.0,449.21,277.86
FAIL_001348,PAY_008937,CUST_0526,SUB_0526,1281.89,LIMIT_EXCEEDED,PAYMENT_LIMIT,normal,PAYMENT_LINK,0.51,3.0,650.76,256.38
FAIL_001362,PAY_009016,CUST_0533,SUB_0533,444.14,AUTHENTICATION_FAILED,CUSTOMER_ACTION,low_engagement,UPDATE_PAYMENT_METHOD,0.501,3.0,219.51,66.62
FAIL_001122,PAY_007550,CUST_0446,SUB_0446,330.54,LIMIT_EXCEEDED,PAYMENT_LIMIT,low_engagement,PAYMENT_LINK,0.451,3.0,146.07,66.11
FAIL_000432,PAY_002828,CUST_0166,SUB_0166,365.57,BANK_DECLINED,ISSUER_DECLINE,low_engagement,WAIT_AND_RETRY,0.4281,2.0,154.5,47.46
FAIL_002421,PAY_015056,CUST_0883,SUB_0883,1083.08,BANK_DECLINED,ISSUER_DECLINE,friction_prone,WAIT_AND_RETRY,0.3576,2.0,385.31,36.31
FAIL_000561,PAY_003744,CUST_0219,SUB_0219,454.09,BANK_DECLINED,ISSUER_DECLINE,normal,WAIT_AND_RETRY,0.4494,2.0,202.09,41.62
FAIL_001254,PAY_008275,CUST_0484,SUB_0484,846.76,AUTHENTICATION_FAILED,CUSTOMER_ACTION,low_engagement,UPDATE_PAYMENT_METHOD,0.501,3.0,421.23,127.01
FAIL_002160,PAY_013796,CUST_0807,SUB_0807,200.0,AUTHENTICATION_FAILED,CUSTOMER_ACTION,low_engagement,UPDATE_PAYMENT_METHOD,0.501,3.0,97.2,30.0
FAIL_002211,PAY_014099,CUST_0824,SUB_0824,311.11,INSUFFICIENT_FUNDS,CUSTOMER_FINANCIAL,low_engagement,WAIT_AND_RETRY,0.4064,2.0,124.45,18.25
FAIL_001089,PAY_007339,CUST_0436,SUB_0436,829.5,INSUFFICIENT_FUNDS,CUSTOMER_FINANCIAL,friction_prone,WAIT_AND_RETRY,0.4044,2.0,333.45,25.39
FAIL_000477,PAY_003096,CUST_0181,SUB_0181,860.38,NETWORK_ERROR,TECHNICAL,low_engagement,RETRY_NOW,0.6687,2.0,573.31,86.04
FAIL_002305,PAY_014525,CUST_0853,SUB_0853,256.05,CARD_EXPIRED,PAYMENT_METHOD,low_engagement,UPDATE_PAYMENT_METHOD,0.651,3.0,163.69,102.42
FAIL_000072,PAY_000323,CUST_0025,SUB_0025,2062.52,LIMIT_EXCEEDED,PAYMENT_LIMIT,normal,PAYMENT_LINK,0.51,3.0,1048.89,412.5
FAIL_002225,PAY_014173,CUST_0830,SUB_0830,636.05,INSUFFICIENT_FUNDS,CUSTOMER_FINANCIAL,low_engagement,WAIT_AND_RETRY,0.4856,2.0,306.87,86.61
FAIL_002220,PAY_014139,CUST_0827,SUB_0827,768.09,BANK_DECLINED,ISSUER_DECLINE,low_engagement,WAIT_AND_RETRY,0.3707,2.0,282.7,54.51
FAIL_002681,PAY_016515,CUST_0964,SUB_0964,1091.43,NETWORK_ERROR,TECHNICAL,friction_prone,RETRY_NOW,0.6617,2.0,720.21,109.14
FAIL_000774,PAY_005320,CUST_0320,SUB_0320,9080.78,NETWORK_ERROR,TECHNICAL,high_value_loyal,RETRY_NOW,0.78,2.0,7080.65,908.08
FAIL_001980,PAY_012662,CUST_0740,SUB_0740,544.61,INSUFFICIENT_FUNDS,CUSTOMER_FINANCIAL,friction_prone,WAIT_AND_RETRY,0.4096,2.0,221.09,19.87
FAIL_000266,PAY_001783,CUST_0110,SUB_0110,697.76,NETWORK_ERROR,TECHNICAL,normal,RETRY_NOW,0.7475,2.0,519.6,69.78
FAIL_001053,PAY_007173,CUST_0429,SUB_0429,946.68,BANK_DECLINED,ISSUER_DECLINE,friction_prone,WAIT_AND_RETRY,0.3754,2.0,353.34,48.67
FAIL_002163,PAY_013810,CUST_0807,SUB_0807,200.0,INSUFFICIENT_FUNDS,CUSTOMER_FINANCIAL,low_engagement,WAIT_AND_RETRY,0.4195,2.0,81.9,14.7
FAIL_000787,PAY_005405,CUST_0325,SUB_0325,726.01,LIMIT_EXCEEDED,PAYMENT_LIMIT,low_engagement,PAYMENT_LINK,0.451,3.0,324.43,145.2
FAIL_001191,PAY_007955,CUST_0469,SUB_0469,725.12,CARD_EXPIRED,PAYMENT_METHOD,low_engagement,UPDATE_PAYMENT_METHOD,0.651,3.0,469.05,290.05
FAIL_001819,PAY_011890,CUST_0699,SUB_0699,5610.27,LIMIT_EXCEEDED,PAYMENT_LIMIT,high_value_loyal,PAYMENT_LINK,0.5576,3.0,3125.29,1122.05
FAIL_001771,PAY_011684,CUST_0686,SUB_0686,752.05,INSUFFICIENT_FUNDS,CUSTOMER_FINANCIAL,friction_prone,WAIT_AND_RETRY,0.4789,2.0,358.12,79.1
FAIL_002330,PAY_014630,CUST_0860,SUB_0860,399.54,BANK_DECLINED,ISSUER_DECLINE,low_engagement,WAIT_AND_RETRY,0.422,2.0,166.61,49.34
FAIL_002296,PAY_014469,CUST_0849,SUB_0849,951.12,CARD_EXPIRED,PAYMENT_METHOD,low_engagement,UPDATE_PAYMENT_METHOD,0.651,3.0,616.18,380.45
FAIL_002536,PAY_015597,CUST_0914,SUB_0914,1851.67,NETWORK_ERROR,TECHNICAL,normal,RETRY_NOW,0.75,2.0,1386.75,185.17
FAIL_001541,PAY_010311,CUST_0608,SUB_0608,1135.3,CARD_EXPIRED,PAYMENT_METHOD,normal,UPDATE_PAYMENT_METHOD,0.71,3.0,803.06,454.12
FAIL_002359,PAY_014818,CUST_0867,SUB_0867,2055.45,CARD_EXPIRED,PAYMENT_METHOD,normal,UPDATE_PAYMENT_METHOD,0.71,3.0,1456.37,822.18
FAIL_000594,PAY_004014,CUST_0236,SUB_0236,1414.91,CARD_EXPIRED,PAYMENT_METHOD,friction_prone,UPDATE_PAYMENT_METHOD,0.675,3.0,952.06,565.96
FAIL_000538,PAY_003598,CUST_0212,SUB_0212,404.59,NETWORK_ERROR,TECHNICAL,low_engagement,RETRY_NOW,0.7227,2.0,290.39,40.46
FAIL_002460,PAY_015188,CUST_0890,SUB_0890,251.0,CARD_EXPIRED,PAYMENT_METHOD,normal,UPDATE_PAYMENT_METHOD,0.71,3.0,175.21,100.4
FAIL_001660,PAY_010947,CUST_0643,SUB_0643,1063.34,BANK_DECLINED,ISSUER_DECLINE,normal,WAIT_AND_RETRY,0.3893,2.0,412.0,32.19
FAIL_002551,PAY_015632,CUST_0915,SUB_0915,1705.4,AUTHENTICATION_FAILED,CUSTOMER_ACTION,friction_prone,UPDATE_PAYMENT_METHOD,0.525,3.0,892.34,255.81
FAIL_000615,PAY_004131,CUST_0244,SUB_0244,1067.83,BANK_DECLINED,ISSUER_DECLINE,normal,WAIT_AND_RETRY,0.4557,2.0,484.59,103.17
FAIL_001128,PAY_007593,CUST_0449,SUB_0449,688.54,AUTHENTICATION_FAILED,CUSTOMER_ACTION,low_engagement,UPDATE_PAYMENT_METHOD,0.501,3.0,341.96,103.28
FAIL_000122,PAY_000746,CUST_0047,SUB_0047,1330.55,BANK_DECLINED,ISSUER_DECLINE,normal,WAIT_AND_RETRY,0.4482,2.0,594.38,118.39
FAIL_002676,PAY_016508,CUST_0964,SUB_0964,1091.43,NETWORK_ERROR,TECHNICAL,friction_prone,RETRY_NOW,0.6617,2.0,720.21,109.14
FAIL_000994,PAY_006638,CUST_0400,SUB_0400,7063.31,BANK_DECLINED,ISSUER_DECLINE,high_value_loyal,WAIT_AND_RETRY,0.4783,2.0,3376.13,500.12
FAIL_001164,PAY_007823,CUST_0462,SUB_0462,1399.49,BANK_DECLINED,ISSUER_DECLINE,friction_prone,WAIT_AND_RETRY,0.3736,2.0,520.85,69.02
FAIL_001656,PAY_010914,CUST_0641,SUB_0641,644.44,BANK_DECLINED,ISSUER_DECLINE,low_engagement,WAIT_AND_RETRY,0.426,2.0,272.53,81.56
FAIL_000918,PAY_006151,CUST_0373,SUB_0373,1062.38,NETWORK_ERROR,TECHNICAL,normal,RETRY_NOW,0.7556,2.0,800.7,106.24
FAIL_001499,PAY_009825,CUST_0581,SUB_0581,369.27,INSUFFICIENT_FUNDS,CUSTOMER_FINANCIAL,friction_prone,WAIT_AND_RETRY,0.406,2.0,147.92,12.45
FAIL_001628,PAY_010810,CUST_0636,SUB_0636,666.71,BANK_DECLINED,ISSUER_DECLINE,friction_prone,WAIT_AND_RETRY,0.3591,2.0,237.4,23.72
FAIL_002512,PAY_015470,CUST_0908,SUB_0908,210.14,INSUFFICIENT_FUNDS,CUSTOMER_FINANCIAL,friction_prone,WAIT_AND_RETRY,0.476,2.0,98.03,22.22
FAIL_002010,PAY_012763,CUST_0747,SUB_0747,795.67,BANK_DECLINED,ISSUER_DECLINE,low_engagement,WAIT_AND_RETRY,0.3663,2.0,289.44,52.95
FAIL_000411,PAY_002680,CUST_0158,SUB_0158,2492.3,CARD_EXPIRED,PAYMENT_METHOD,friction_prone,UPDATE_PAYMENT_METHOD,0.675,3.0,1679.3,996.92
FAIL_001747,PAY_011484,CUST_0675,SUB_0675,859.71,NETWORK_ERROR,TECHNICAL,friction_prone,RETRY_NOW,0.6604,2.0,565.79,85.97
FAIL_000540,PAY_003607,CUST_0212,SUB_0212,404.59,INSUFFICIENT_FUNDS,CUSTOMER_FINANCIAL,low_engagement,WAIT_AND_RETRY,0.4727,2.0,189.24,50.23
FAIL_000413,PAY_002684,CUST_0158,SUB_0158,2492.3,NETWORK_ERROR,TECHNICAL,friction_prone,RETRY_NOW,0.6665,2.0,1659.19,249.23
FAIL_000375,PAY_002491,CUST_0147,SUB_0147,5797.44,BANK_DECLINED,ISSUER_DECLINE,high_value_loyal,WAIT_AND_RETRY,0.4774,2.0,2765.98,405.94
FAIL_001540,PAY_010305,CUST_0608,SUB_0608,1135.3,NETWORK_ERROR,TECHNICAL,normal,RETRY_NOW,0.7601,2.0,860.91,113.53
FAIL_001323,PAY_008681,CUST_0508,SUB_0508,676.53,INSUFFICIENT_FUNDS,CUSTOMER_FINANCIAL,normal,WAIT_AND_RETRY,0.4417,2.0,296.79,22.42
FAIL_001891,PAY_012170,CUST_0712,SUB_0712,1746.84,INSUFFICIENT_FUNDS,CUSTOMER_FINANCIAL,normal,WAIT_AND_RETRY,0.5017,2.0,874.41,161.21
FAIL_002192,PAY_013919,CUST_0812,SUB_0812,926.3,NETWORK_ERROR,TECHNICAL,low_engagement,RETRY_NOW,0.652,2.0,601.95,92.63
FAIL_002517,PAY_015504,CUST_0910,SUB_0910,293.13,INSUFFICIENT_FUNDS,CUSTOMER_FINANCIAL,normal,WAIT_AND_RETRY,0.4431,2.0,127.9,10.72
FAIL_002688,PAY_016553,CUST_0966,SUB_0966,231.48,INSUFFICIENT_FUNDS,CUSTOMER_FINANCIAL,low_engagement,WAIT_AND_RETRY,0.4164,2.0,94.39,16.14
FAIL_001177,PAY_007933,CUST_0468,SUB_0468,1737.7,INSUFFICIENT_FUNDS,CUSTOMER_FINANCIAL,friction_prone,WAIT_AND_RETRY,0.411,2.0,712.19,63.56
FAIL_000507,PAY_003432,CUST_0200,SUB_0200,339.89,INSUFFICIENT_FUNDS,CUSTOMER_FINANCIAL,low_engagement,WAIT_AND_RETRY,0.4787,2.0,160.69,44.39
FAIL_001525,PAY_010075,CUST_0595,SUB_0595,10967.98,BANK_DECLINED,ISSUER_DECLINE,high_value_loyal,WAIT_AND_RETRY,0.4732,2.0,5187.7,720.15
FAIL_002541,PAY_015618,CUST_0915,SUB_0915,1705.4,INSUFFICIENT_FUNDS,CUSTOMER_FINANCIAL,friction_prone,WAIT_AND_RETRY,0.4149,2.0,705.55,69.02
FAIL_000050,PAY_000266,CUST_0022,SUB_0022,929.98,BANK_DECLINED,ISSUER_DECLINE,normal,WAIT_AND_RETRY,0.386,2.0,356.97,25.18
FAIL_002570,PAY_015739,CUST_0921,SUB_0921,415.4,NETWORK_ERROR,TECHNICAL,friction_prone,RETRY_NOW,0.6717,2.0,277.01,41.54
FAIL_000950,PAY_006409,CUST_0385,SUB_0385,15000.0,LIMIT_EXCEEDED,PAYMENT_LIMIT,high_value_loyal,PAYMENT_LINK,0.5576,3.0,8361.0,3000.0
FAIL_002309,PAY_014540,CUST_0854,SUB_0854,272.78,BANK_DECLINED,ISSUER_DECLINE,low_engagement,WAIT_AND_RETRY,0.4239,2.0,113.64,34.53
FAIL_000965,PAY_006439,CUST_0387,SUB_0387,524.81,INSUFFICIENT_FUNDS,CUSTOMER_FINANCIAL,low_engagement,WAIT_AND_RETRY,0.41,2.0,213.17,31.96
FAIL_002672,PAY_016500,CUST_0964,SUB_0964,1091.43,NETWORK_ERROR,TECHNICAL,friction_prone,RETRY_NOW,0.6617,2.0,720.21,109.14
FAIL_000403,PAY_002657,CUST_0156,SUB_0156,985.5,BANK_DECLINED,ISSUER_DECLINE,friction_prone,WAIT_AND_RETRY,0.356,2.0,348.84,31.55
FAIL_002739,PAY_016855,CUST_0978,SUB_0978,445.63,INSUFFICIENT_FUNDS,CUSTOMER_FINANCIAL,friction_prone,WAIT_AND_RETRY,0.4767,2.0,210.43,46.32
FAIL_000024,PAY_000171,CUST_0015,SUB_0015,1187.03,INSUFFICIENT_FUNDS,CUSTOMER_FINANCIAL,friction_prone,WAIT_AND_RETRY,0.4174,2.0,493.5,51.37
FAIL_001338,PAY_008846,CUST_0521,SUB_0521,1196.46,INSUFFICIENT_FUNDS,CUSTOMER_FINANCIAL,friction_prone,WAIT_AND_RETRY,0.4149,2.0,494.4,48.72
FAIL_002138,PAY_013669,CUST_0798,SUB_0798,712.38,INSUFFICIENT_FUNDS,CUSTOMER_FINANCIAL,low_engagement,WAIT_AND_RETRY,0.4752,2.0,336.49,89.45
FAIL_000931,PAY_006229,CUST_0375,SUB_0375,1091.55,BANK_DECLINED,ISSUER_DECLINE,low_engagement,WAIT_AND_RETRY,0.4272,2.0,464.29,138.74
FAIL_002686,PAY_016551,CUST_0966,SUB_0966,231.48,AUTHENTICATION_FAILED,CUSTOMER_ACTION,low_engagement,UPDATE_PAYMENT_METHOD,0.501,3.0,112.97,34.72
FAIL_001803,PAY_011826,CUST_0694,SUB_0694,1377.46,INSUFFICIENT_FUNDS,CUSTOMER_FINANCIAL,friction_prone,WAIT_AND_RETRY,0.4039,2.0,554.35,40.8
FAIL_002323,PAY_014601,CUST_0857,SUB_0857,436.65,CARD_EXPIRED,PAYMENT_METHOD,low_engagement,UPDATE_PAYMENT_METHOD,0.651,3.0,281.26,174.66
FAIL_001867,PAY_012068,CUST_0707,SUB_0707,933.74,INSUFFICIENT_FUNDS,CUSTOMER_FINANCIAL,friction_prone,WAIT_AND_RETRY,0.421,2.0,391.1,43.95
FAIL_001682,PAY_011024,CUST_0647,SUB_0647,1055.34,NETWORK_ERROR,TECHNICAL,friction_prone,RETRY_NOW,0.666,2.0,700.86,105.53
FAIL_001189,PAY_007951,CUST_0469,SUB_0469,725.12,NETWORK_ERROR,TECHNICAL,low_engagement,RETRY_NOW,0.6667,2.0,481.46,72.51
FAIL_002650,PAY_016354,CUST_0955,SUB_0955,319.2,NETWORK_ERROR,TECHNICAL,low_engagement,RETRY_NOW,0.6705,2.0,212.01,31.92
FAIL_002716,PAY_016711,CUST_0971,SUB_0971,401.23,NETWORK_ERROR,TECHNICAL,friction_prone,RETRY_NOW,0.664,2.0,264.42,40.12
FAIL_002503,PAY_015385,CUST_0904,SUB_0904,3422.48,BANK_DECLINED,ISSUER_DECLINE,normal,WAIT_AND_RETRY,0.455,2.0,1555.12,326.03
FAIL_000429,PAY_002809,CUST_0164,SUB_0164,873.36,CARD_EXPIRED,PAYMENT_METHOD,normal,UPDATE_PAYMENT_METHOD,0.71,3.0,617.09,349.34
FAIL_001820,PAY_011892,CUST_0699,SUB_0699,5610.27,INSUFFICIENT_FUNDS,CUSTOMER_FINANCIAL,high_value_loyal,WAIT_AND_RETRY,0.5236,2.0,2935.54,371.28
FAIL_002714,PAY_016707,CUST_0971,SUB_0971,401.23,BANK_DECLINED,ISSUER_DECLINE,friction_prone,WAIT_AND_RETRY,0.364,2.0,144.05,16.65
FAIL_001498,PAY_009824,CUST_0581,SUB_0581,369.27,BANK_DECLINED,ISSUER_DECLINE,friction_prone,WAIT_AND_RETRY,0.356,2.0,129.46,12.45
FAIL_000100,PAY_000566,CUST_0038,SUB_0038,1015.59,AUTHENTICATION_FAILED,CUSTOMER_ACTION,normal,UPDATE_PAYMENT_METHOD,0.56,3.0,565.73,152.34
FAIL_000145,PAY_000835,CUST_0053,SUB_0053,619.66,BANK_DECLINED,ISSUER_DECLINE,low_engagement,WAIT_AND_RETRY,0.3476,2.0,213.36,29.85
FAIL_002077,PAY_013172,CUST_0770,SUB_0770,601.44,INSUFFICIENT_FUNDS,CUSTOMER_FINANCIAL,low_engagement,WAIT_AND_RETRY,0.472,2.0,281.88,73.77
FAIL_001253,PAY_008274,CUST_0484,SUB_0484,846.76,NETWORK_ERROR,TECHNICAL,low_engagement,RETRY_NOW,0.7226,2.0,609.88,84.68
FAIL_000884,PAY_005970,CUST_0363,SUB_0363,260.32,AUTHENTICATION_FAILED,CUSTOMER_ACTION,low_engagement,UPDATE_PAYMENT_METHOD,0.501,3.0,127.42,39.05
FAIL_000715,PAY_004922,CUST_0294,SUB_0294,9361.25,BANK_DECLINED,ISSUER_DECLINE,high_value_loyal,WAIT_AND_RETRY,0.4695,2.0,4392.92,580.27
FAIL_001627,PAY_010809,CUST_0636,SUB_0636,666.71,BANK_DECLINED,ISSUER_DECLINE,friction_prone,WAIT_AND_RETRY,0.3591,2.0,237.4,23.72
FAIL_001565,PAY_010471,CUST_0617,SUB_0617,469.95,LIMIT_EXCEEDED,PAYMENT_LIMIT,normal,PAYMENT_LINK,0.51,3.0,236.67,93.99
FAIL_001911,PAY_012284,CUST_0719,SUB_0719,984.04,BANK_DECLINED,ISSUER_DECLINE,friction_prone,WAIT_AND_RETRY,0.436,2.0,427.04,110.23
FAIL_002775,PAY_017103,CUST_0995,SUB_0995,1739.2,INSUFFICIENT_FUNDS,CUSTOMER_FINANCIAL,friction_prone,WAIT_AND_RETRY,0.421,2.0,730.2,81.0
FAIL_000727,PAY_004994,CUST_0299,SUB_0299,8559.42,CARD_EXPIRED,PAYMENT_METHOD,high_value_loyal,UPDATE_PAYMENT_METHOD,0.7576,3.0,6481.62,3423.77
FAIL_001923,PAY_012348,CUST_0722,SUB_0722,1554.01,BANK_DECLINED,ISSUER_DECLINE,normal,WAIT_AND_RETRY,0.4563,2.0,707.1,150.66
FAIL_002115,PAY_013458,CUST_0787,SUB_0787,1715.08,BANK_DECLINED,ISSUER_DECLINE,normal,WAIT_AND_RETRY,0.3953,2.0,675.9,61.47
FAIL_002016,PAY_012777,CUST_0747,SUB_0747,795.67,BANK_DECLINED,ISSUER_DECLINE,low_engagement,WAIT_AND_RETRY,0.3663,2.0,289.44,52.95
FAIL_001026,PAY_006938,CUST_0417,SUB_0417,850.96,AUTHENTICATION_FAILED,CUSTOMER_ACTION,friction_prone,UPDATE_PAYMENT_METHOD,0.525,3.0,443.75,127.64
FAIL_001211,PAY_008086,CUST_0475,SUB_0475,332.6,INSUFFICIENT_FUNDS,CUSTOMER_FINANCIAL,low_engagement,WAIT_AND_RETRY,0.4163,2.0,136.46,22.71
FAIL_002159,PAY_013793,CUST_0806,SUB_0806,778.26,NETWORK_ERROR,TECHNICAL,low_engagement,RETRY_NOW,0.6556,2.0,508.26,77.83
FAIL_001960,PAY_012596,CUST_0737,SUB_0737,997.2,CARD_EXPIRED,PAYMENT_METHOD,low_engagement,UPDATE_PAYMENT_METHOD,0.651,3.0,646.18,398.88
FAIL_000917,PAY_006150,CUST_0373,SUB_0373,1062.38,NETWORK_ERROR,TECHNICAL,normal,RETRY_NOW,0.7556,2.0,800.7,106.24
FAIL_002360,PAY_014825,CUST_0867,SUB_0867,2055.45,INSUFFICIENT_FUNDS,CUSTOMER_FINANCIAL,normal,WAIT_AND_RETRY,0.505,2.0,1035.94,196.2
FAIL_002422,PAY_015058,CUST_0883,SUB_0883,1083.08,INSUFFICIENT_FUNDS,CUSTOMER_FINANCIAL,friction_prone,WAIT_AND_RETRY,0.4076,2.0,439.46,36.31
FAIL_001117,PAY_007511,CUST_0444,SUB_0444,1927.55,INSUFFICIENT_FUNDS,CUSTOMER_FINANCIAL,friction_prone,WAIT_AND_RETRY,0.4134,2.0,794.86,75.03
FAIL_002137,PAY_013662,CUST_0798,SUB_0798,712.38,AUTHENTICATION_FAILED,CUSTOMER_ACTION,low_engagement,UPDATE_PAYMENT_METHOD,0.501,3.0,353.9,106.86
FAIL_001971,PAY_012630,CUST_0739,SUB_0739,325.73,INSUFFICIENT_FUNDS,CUSTOMER_FINANCIAL,friction_prone,WAIT_AND_RETRY,0.4812,2.0,154.74,35.59
FAIL_001333,PAY_008761,CUST_0515,SUB_0515,801.81,BANK_DECLINED,ISSUER_DECLINE,low_engagement,WAIT_AND_RETRY,0.432,2.0,344.38,106.04
FAIL_001607,PAY_010711,CUST_0631,SUB_0631,761.44,NETWORK_ERROR,TECHNICAL,low_engagement,RETRY_NOW,0.6685,2.0,507.0,76.14
FAIL_000062,PAY_000303,CUST_0023,SUB_0023,1192.85,NETWORK_ERROR,TECHNICAL,normal,RETRY_NOW,0.7489,2.0,891.27,119.28
FAIL_000075,PAY_000329,CUST_0025,SUB_0025,2062.52,NETWORK_ERROR,TECHNICAL,normal,RETRY_NOW,0.7475,2.0,1539.81,206.25
FAIL_000465,PAY_003042,CUST_0176,SUB_0176,1639.0,BANK_DECLINED,ISSUER_DECLINE,friction_prone,WAIT_AND_RETRY,0.356,2.0,581.48,51.81
FAIL_001740,PAY_011461,CUST_0675,SUB_0675,859.71,INSUFFICIENT_FUNDS,CUSTOMER_FINANCIAL,friction_prone,WAIT_AND_RETRY,0.4104,2.0,350.87,31.48
FAIL_002367,PAY_014889,CUST_0872,SUB_0872,471.51,INSUFFICIENT_FUNDS,CUSTOMER_FINANCIAL,low_engagement,WAIT_AND_RETRY,0.4746,2.0,221.78,59.28
FAIL_001604,PAY_010690,CUST_0629,SUB_0629,6133.24,CARD_EXPIRED,PAYMENT_METHOD,high_value_loyal,UPDATE_PAYMENT_METHOD,0.7576,3.0,4643.54,2453.3
FAIL_002066,PAY_013096,CUST_0766,SUB_0766,1882.53,INSUFFICIENT_FUNDS,CUSTOMER_FINANCIAL,friction_prone,WAIT_AND_RETRY,0.411,2.0,771.72,68.77
FAIL_002356,PAY_014806,CUST_0867,SUB_0867,2055.45,NETWORK_ERROR,TECHNICAL,normal,RETRY_NOW,0.755,2.0,1549.8,205.54
FAIL_001413,PAY_009286,CUST_0551,SUB_0551,996.1,BANK_DECLINED,ISSUER_DECLINE,normal,WAIT_AND_RETRY,0.384,2.0,380.5,24.91
FAIL_001832,PAY_011961,CUST_0702,SUB_0702,618.03,BANK_DECLINED,ISSUER_DECLINE,normal,WAIT_AND_RETRY,0.4542,2.0,278.68,59.19
FAIL_000845,PAY_005720,CUST_0349,SUB_0349,3058.5,AUTHENTICATION_FAILED,CUSTOMER_ACTION,normal,UPDATE_PAYMENT_METHOD,0.56,3.0,1709.76,458.78
FAIL_000765,PAY_005281,CUST_0316,SUB_0316,389.48,NETWORK_ERROR,TECHNICAL,low_engagement,RETRY_NOW,0.652,2.0,251.94,38.95
FAIL_002416,PAY_015048,CUST_0883,SUB_0883,1083.08,BANK_DECLINED,ISSUER_DECLINE,friction_prone,WAIT_AND_RETRY,0.3576,2.0,385.31,36.31
FAIL_002687,PAY_016552,CUST_0966,SUB_0966,231.48,CARD_EXPIRED,PAYMENT_METHOD,low_engagement,UPDATE_PAYMENT_METHOD,0.651,3.0,147.69,92.59
FAIL_000216,PAY_001456,CUST_0095,SUB_0095,1425.63,LIMIT_EXCEEDED,PAYMENT_LIMIT,friction_prone,PAYMENT_LINK,0.475,3.0,674.17,285.13
FAIL_002697,PAY_016638,CUST_0969,SUB_0969,956.83,BANK_DECLINED,ISSUER_DECLINE,low_engagement,WAIT_AND_RETRY,0.4282,2.0,407.72,122.72
FAIL_001846,PAY_012006,CUST_0704,SUB_0704,685.76,CARD_EXPIRED,PAYMENT_METHOD,friction_prone,UPDATE_PAYMENT_METHOD,0.675,3.0,459.89,274.3
FAIL_000047,PAY_000261,CUST_0021,SUB_0021,7397.62,INSUFFICIENT_FUNDS,CUSTOMER_FINANCIAL,high_value_loyal,PAYMENT_LINK,0.4576,3.0,3382.15,43.39
FAIL_000982,PAY_006546,CUST_0396,SUB_0396,5752.09,LIMIT_EXCEEDED,PAYMENT_LIMIT,high_value_loyal,PAYMENT_LINK,0.5576,3.0,3204.37,1150.42
FAIL_002581,PAY_015822,CUST_0925,SUB_0925,200.0,INSUFFICIENT_FUNDS,CUSTOMER_FINANCIAL,low_engagement,WAIT_AND_RETRY,0.4129,2.0,80.58,13.38
FAIL_000843,PAY_005712,CUST_0349,SUB_0349,3058.5,NETWORK_ERROR,TECHNICAL,normal,RETRY_NOW,0.746,2.0,2279.64,305.85
FAIL_002254,PAY_014369,CUST_0841,SUB_0841,609.78,INSUFFICIENT_FUNDS,CUSTOMER_FINANCIAL,friction_prone,WAIT_AND_RETRY,0.418,2.0,252.89,27.22
FAIL_000346,PAY_002272,CUST_0135,SUB_0135,771.04,CARD_EXPIRED,PAYMENT_METHOD,friction_prone,UPDATE_PAYMENT_METHOD,0.675,3.0,517.45,308.42
FAIL_002133,PAY_013641,CUST_0797,SUB_0797,802.81,INSUFFICIENT_FUNDS,CUSTOMER_FINANCIAL,normal,WAIT_AND_RETRY,0.5085,2.0,406.23,80.07
FAIL_000176,PAY_001104,CUST_0073,SUB_0073,1637.14,INSUFFICIENT_FUNDS,CUSTOMER_FINANCIAL,friction_prone,WAIT_AND_RETRY,0.416,2.0,679.05,68.12
FAIL_000749,PAY_005152,CUST_0307,SUB_0307,2288.88,BANK_DECLINED,ISSUER_DECLINE,friction_prone,WAIT_AND_RETRY,0.3633,2.0,829.49,88.6
FAIL_000595,PAY_004015,CUST_0236,SUB_0236,1414.91,INSUFFICIENT_FUNDS,CUSTOMER_FINANCIAL,friction_prone,WAIT_AND_RETRY,0.418,2.0,589.43,61.84
FAIL_002399,PAY_014959,CUST_0877,SUB_0877,1893.79,CARD_EXPIRED,PAYMENT_METHOD,friction_prone,UPDATE_PAYMENT_METHOD,0.675,3.0,1275.31,757.52
FAIL_002777,PAY_017107,CUST_0995,SUB_0995,1739.2,CARD_EXPIRED,PAYMENT_METHOD,friction_prone,UPDATE_PAYMENT_METHOD,0.675,3.0,1170.96,695.68
FAIL_002026,PAY_012823,CUST_0750,SUB_0750,1696.9,AUTHENTICATION_FAILED,CUSTOMER_ACTION,normal,UPDATE_PAYMENT_METHOD,0.56,3.0,947.26,254.54
FAIL_000096,PAY_000547,CUST_0037,SUB_0037,9606.42,BANK_DECLINED,ISSUER_DECLINE,high_value_loyal,WAIT_AND_RETRY,0.475,2.0,4561.36,648.78
FAIL_002774,PAY_017102,CUST_0995,SUB_0995,1739.2,INSUFFICIENT_FUNDS,CUSTOMER_FINANCIAL,friction_prone,WAIT_AND_RETRY,0.421,2.0,730.2,81.0
FAIL_001936,PAY_012417,CUST_0728,SUB_0728,1036.92,LIMIT_EXCEEDED,PAYMENT_LIMIT,friction_prone,PAYMENT_LINK,0.475,3.0,489.54,207.38
FAIL_002127,PAY_013553,CUST_0791,SUB_0791,368.47,INSUFFICIENT_FUNDS,CUSTOMER_FINANCIAL,friction_prone,WAIT_AND_RETRY,0.48,2.0,174.87,39.69
FAIL_000669,PAY_004627,CUST_0272,SUB_0272,585.74,NETWORK_ERROR,TECHNICAL,low_engagement,RETRY_NOW,0.726,2.0,423.25,58.57
FAIL_000777,PAY_005351,CUST_0322,SUB_0322,676.83,LIMIT_EXCEEDED,PAYMENT_LIMIT,friction_prone,PAYMENT_LINK,0.475,3.0,318.49,135.37
FAIL_001364,PAY_009020,CUST_0533,SUB_0533,444.14,INSUFFICIENT_FUNDS,CUSTOMER_FINANCIAL,low_engagement,WAIT_AND_RETRY,0.4142,2.0,181.95,29.06
FAIL_001659,PAY_010943,CUST_0643,SUB_0643,1063.34,LIMIT_EXCEEDED,PAYMENT_LIMIT,normal,PAYMENT_LINK,0.51,3.0,539.3,212.67
FAIL_000257,PAY_001745,CUST_0108,SUB_0108,200.0,INSUFFICIENT_FUNDS,CUSTOMER_FINANCIAL,friction_prone,WAIT_AND_RETRY,0.4228,2.0,82.56,10.56
FAIL_000804,PAY_005499,CUST_0333,SUB_0333,1523.74,LIMIT_EXCEEDED,PAYMENT_LIMIT,friction_prone,PAYMENT_LINK,0.475,3.0,720.78,304.75
FAIL_001669,PAY_010993,CUST_0646,SUB_0646,232.1,NETWORK_ERROR,TECHNICAL,low_engagement,RETRY_NOW,0.6387,2.0,146.23,23.21
FAIL_001975,PAY_012644,CUST_0739,SUB_0739,325.73,CARD_EXPIRED,PAYMENT_METHOD,friction_prone,UPDATE_PAYMENT_METHOD,0.675,3.0,216.87,130.29
FAIL_002291,PAY_014463,CUST_0848,SUB_0848,9033.52,LIMIT_EXCEEDED,PAYMENT_LIMIT,high_value_loyal,PAYMENT_LINK,0.5576,3.0,5034.09,1806.7
FAIL_000231,PAY_001530,CUST_0099,SUB_0099,2030.82,INSUFFICIENT_FUNDS,CUSTOMER_FINANCIAL,reliable,WAIT_AND_RETRY,0.5282,2.0,1070.66,157.76
FAIL_002232,PAY_014217,CUST_0832,SUB_0832,2452.06,BANK_DECLINED,ISSUER_DECLINE,normal,WAIT_AND_RETRY,0.4482,2.0,1097.07,217.33
FAIL_001365,PAY_009023,CUST_0533,SUB_0533,444.14,CARD_EXPIRED,PAYMENT_METHOD,low_engagement,UPDATE_PAYMENT_METHOD,0.651,3.0,286.14,177.66
FAIL_002244,PAY_014274,CUST_0836,SUB_0836,468.26,INSUFFICIENT_FUNDS,CUSTOMER_FINANCIAL,friction_prone,WAIT_AND_RETRY,0.4225,2.0,195.83,23.23
FAIL_001708,PAY_011203,CUST_0659,SUB_0659,1906.5,INSUFFICIENT_FUNDS,CUSTOMER_FINANCIAL,friction_prone,WAIT_AND_RETRY,0.4193,2.0,797.46,85.53
FAIL_001167,PAY_007849,CUST_0464,SUB_0464,428.01,BANK_DECLINED,ISSUER_DECLINE,normal,WAIT_AND_RETRY,0.4574,2.0,193.79,42.7
FAIL_001707,PAY_011202,CUST_0659,SUB_0659,1906.5,NETWORK_ERROR,TECHNICAL,friction_prone,RETRY_NOW,0.6693,2.0,1274.09,190.65
FAIL_001371,PAY_009043,CUST_0534,SUB_0534,5341.14,INSUFFICIENT_FUNDS,CUSTOMER_FINANCIAL,high_value_loyal,WAIT_AND_RETRY,0.524,2.0,2796.76,355.65
FAIL_000057,PAY_000283,CUST_0022,SUB_0022,929.98,INSUFFICIENT_FUNDS,CUSTOMER_FINANCIAL,normal,WAIT_AND_RETRY,0.436,2.0,403.47,25.18
FAIL_000986,PAY_006595,CUST_0398,SUB_0398,669.19,CARD_EXPIRED,PAYMENT_METHOD,low_engagement,UPDATE_PAYMENT_METHOD,0.651,3.0,432.64,267.68
FAIL_000444,PAY_002891,CUST_0169,SUB_0169,14872.16,LIMIT_EXCEEDED,PAYMENT_LIMIT,high_value_loyal,PAYMENT_LINK,0.5576,3.0,8289.72,2974.43
FAIL_001986,PAY_012691,CUST_0743,SUB_0743,1245.07,CARD_EXPIRED,PAYMENT_METHOD,low_engagement,UPDATE_PAYMENT_METHOD,0.651,3.0,807.54,498.03
FAIL_000949,PAY_006405,CUST_0385,SUB_0385,15000.0,LIMIT_EXCEEDED,PAYMENT_LIMIT,high_value_loyal,PAYMENT_LINK,0.5576,3.0,8361.0,3000.0
FAIL_000602,PAY_004087,CUST_0242,SUB_0242,408.16,CARD_EXPIRED,PAYMENT_METHOD,low_engagement,UPDATE_PAYMENT_METHOD,0.651,3.0,262.71,163.26
FAIL_002666,PAY_016426,CUST_0958,SUB_0958,1863.63,INSUFFICIENT_FUNDS,CUSTOMER_FINANCIAL,normal,WAIT_AND_RETRY,0.5042,2.0,937.55,176.46
FAIL_002526,PAY_015540,CUST_0911,SUB_0911,2077.0,INSUFFICIENT_FUNDS,CUSTOMER_FINANCIAL,normal,WAIT_AND_RETRY,0.5063,2.0,1049.59,201.02
FAIL_002701,PAY_016655,CUST_0969,SUB_0969,956.83,INSUFFICIENT_FUNDS,CUSTOMER_FINANCIAL,low_engagement,WAIT_AND_RETRY,0.4782,2.0,455.56,122.72
FAIL_000353,PAY_002316,CUST_0137,SUB_0137,1355.73,LIMIT_EXCEEDED,PAYMENT_LIMIT,normal,PAYMENT_LINK,0.51,3.0,688.42,271.15
FAIL_000530,PAY_003572,CUST_0211,SUB_0211,1170.85,INSUFFICIENT_FUNDS,CUSTOMER_FINANCIAL,friction_prone,WAIT_AND_RETRY,0.4766,2.0,556.04,119.97
FAIL_002017,PAY_012780,CUST_0747,SUB_0747,795.67,BANK_DECLINED,ISSUER_DECLINE,low_engagement,WAIT_AND_RETRY,0.3663,2.0,289.44,52.95
FAIL_001777,PAY_011706,CUST_0687,SUB_0687,345.77,INSUFFICIENT_FUNDS,CUSTOMER_FINANCIAL,normal,WAIT_AND_RETRY,0.4402,2.0,150.21,11.44
FAIL_001545,PAY_010327,CUST_0609,SUB_0609,1520.27,BANK_DECLINED,ISSUER_DECLINE,friction_prone,WAIT_AND_RETRY,0.3672,2.0,556.24,65.16
FAIL_001855,PAY_012025,CUST_0705,SUB_0705,937.29,CARD_EXPIRED,PAYMENT_METHOD,low_engagement,UPDATE_PAYMENT_METHOD,0.651,3.0,607.18,374.92
FAIL_002445,PAY_015146,CUST_0889,SUB_0889,1368.01,NETWORK_ERROR,TECHNICAL,friction_prone,RETRY_NOW,0.6617,2.0,903.23,136.8
FAIL_002576,PAY_015810,CUST_0924,SUB_0924,2313.87,BANK_DECLINED,ISSUER_DECLINE,normal,WAIT_AND_RETRY,0.4571,2.0,1055.7,225.7
FAIL_001467,PAY_009651,CUST_0573,SUB_0573,557.68,AUTHENTICATION_FAILED,CUSTOMER_ACTION,friction_prone,UPDATE_PAYMENT_METHOD,0.525,3.0,289.78,83.65
FAIL_001935,PAY_012416,CUST_0728,SUB_0728,1036.92,INSUFFICIENT_FUNDS,CUSTOMER_FINANCIAL,friction_prone,WAIT_AND_RETRY,0.4231,2.0,436.77,50.92
FAIL_002788,PAY_017140,CUST_0998,SUB_0998,1639.15,INSUFFICIENT_FUNDS,CUSTOMER_FINANCIAL,normal,WAIT_AND_RETRY,0.5022,2.0,821.19,152.14
FAIL_001425,PAY_009340,CUST_0553,SUB_0553,2560.17,BANK_DECLINED,ISSUER_DECLINE,reliable,WAIT_AND_RETRY,0.4788,2.0,1223.81,200.18
FAIL_001999,PAY_012727,CUST_0745,SUB_0745,2286.0,INSUFFICIENT_FUNDS,CUSTOMER_FINANCIAL,normal,WAIT_AND_RETRY,0.5022,2.0,1146.05,211.79
FAIL_001536,PAY_010175,CUST_0600,SUB_0600,482.28,BANK_DECLINED,ISSUER_DECLINE,friction_prone,WAIT_AND_RETRY,0.372,2.0,177.41,23.67
FAIL_000738,PAY_005099,CUST_0305,SUB_0305,200.0,INSUFFICIENT_FUNDS,CUSTOMER_FINANCIAL,low_engagement,WAIT_AND_RETRY,0.4167,2.0,81.35,14.15
FAIL_002463,PAY_015197,CUST_0891,SUB_0891,13553.62,BANK_DECLINED,ISSUER_DECLINE,high_value_loyal,WAIT_AND_RETRY,0.4713,2.0,6385.77,864.31
FAIL_001457,PAY_009629,CUST_0573,SUB_0573,557.68,BANK_DECLINED,ISSUER_DECLINE,friction_prone,WAIT_AND_RETRY,0.3704,2.0,204.56,26.32
FAIL_001380,PAY_009099,CUST_0537,SUB_0537,547.66,INSUFFICIENT_FUNDS,CUSTOMER_FINANCIAL,low_engagement,WAIT_AND_RETRY,0.4077,2.0,221.29,32.06
FAIL_001268,PAY_008329,CUST_0487,SUB_0487,15000.0,INSUFFICIENT_FUNDS,CUSTOMER_FINANCIAL,high_value_loyal,WAIT_AND_RETRY,0.5284,2.0,7924.6,1063.6
FAIL_000133,PAY_000796,CUST_0051,SUB_0051,706.77,AUTHENTICATION_FAILED,CUSTOMER_ACTION,friction_prone,UPDATE_PAYMENT_METHOD,0.525,3.0,368.05,106.02
FAIL_000565,PAY_003776,CUST_0221,SUB_0221,3408.64,AUTHENTICATION_FAILED,CUSTOMER_ACTION,reliable,UPDATE_PAYMENT_METHOD,0.601,3.0,2045.59,511.3
FAIL_002464,PAY_015202,CUST_0892,SUB_0892,429.37,INSUFFICIENT_FUNDS,CUSTOMER_FINANCIAL,friction_prone,WAIT_AND_RETRY,0.4236,2.0,179.88,21.87
FAIL_002104,PAY_013407,CUST_0785,SUB_0785,1990.77,INSUFFICIENT_FUNDS,CUSTOMER_FINANCIAL,friction_prone,WAIT_AND_RETRY,0.421,2.0,836.11,92.58
FAIL_001574,PAY_010534,CUST_0623,SUB_0623,1621.46,NETWORK_ERROR,TECHNICAL,friction_prone,RETRY_NOW,0.6633,2.0,1073.47,162.15
FAIL_002143,PAY_013702,CUST_0802,SUB_0802,200.0,LIMIT_EXCEEDED,PAYMENT_LIMIT,friction_prone,PAYMENT_LINK,0.475,3.0,92.0,40.0
FAIL_001501,PAY_009827,CUST_0581,SUB_0581,369.27,NETWORK_ERROR,TECHNICAL,friction_prone,RETRY_NOW,0.656,2.0,240.24,36.93
FAIL_000974,PAY_006488,CUST_0390,SUB_0390,1773.37,AUTHENTICATION_FAILED,CUSTOMER_ACTION,friction_prone,UPDATE_PAYMENT_METHOD,0.525,3.0,928.02,266.01
FAIL_000506,PAY_003419,CUST_0200,SUB_0200,339.89,CARD_EXPIRED,PAYMENT_METHOD,low_engagement,UPDATE_PAYMENT_METHOD,0.651,3.0,218.27,135.96
FAIL_002207,PAY_014085,CUST_0823,SUB_0823,10550.69,LIMIT_EXCEEDED,PAYMENT_LIMIT,high_value_loyal,PAYMENT_LINK,0.5576,3.0,5880.06,2110.14
FAIL_001035,PAY_007031,CUST_0422,SUB_0422,306.79,INSUFFICIENT_FUNDS,CUSTOMER_FINANCIAL,low_engagement,WAIT_AND_RETRY,0.4787,2.0,144.85,40.17
FAIL_001655,PAY_010899,CUST_0640,SUB_0640,1249.65,BANK_DECLINED,ISSUER_DECLINE,friction_prone,WAIT_AND_RETRY,0.3589,2.0,446.44,43.31
FAIL_000937,PAY_006310,CUST_0378,SUB_0378,3115.09,NETWORK_ERROR,TECHNICAL,reliable,RETRY_NOW,0.7753,2.0,2413.24,311.51
FAIL_002242,PAY_014271,CUST_0836,SUB_0836,468.26,LIMIT_EXCEEDED,PAYMENT_LIMIT,friction_prone,PAYMENT_LINK,0.475,3.0,219.42,93.65
FAIL_001619,PAY_010764,CUST_0634,SUB_0634,1890.32,INSUFFICIENT_FUNDS,CUSTOMER_FINANCIAL,normal,WAIT_AND_RETRY,0.5098,2.0,961.78,189.74
FAIL_001033,PAY_006987,CUST_0419,SUB_0419,1157.68,NETWORK_ERROR,TECHNICAL,reliable,RETRY_NOW,0.766,2.0,884.78,115.77
FAIL_000179,PAY_001107,CUST_0073,SUB_0073,1637.14,BANK_DECLINED,ISSUER_DECLINE,friction_prone,WAIT_AND_RETRY,0.366,2.0,597.19,68.12
FAIL_002764,PAY_017031,CUST_0990,SUB_0990,1096.67,INSUFFICIENT_FUNDS,CUSTOMER_FINANCIAL,normal,WAIT_AND_RETRY,0.5032,2.0,549.84,103.21
FAIL_001174,PAY_007925,CUST_0468,SUB_0468,1737.7,INSUFFICIENT_FUNDS,CUSTOMER_FINANCIAL,friction_prone,WAIT_AND_RETRY,0.411,2.0,712.19,63.56
FAIL_002605,PAY_016037,CUST_0935,SUB_0935,295.63,INSUFFICIENT_FUNDS,CUSTOMER_FINANCIAL,low_engagement,WAIT_AND_RETRY,0.4207,2.0,122.36,21.59
FAIL_002462,PAY_015191,CUST_0891,SUB_0891,13553.62,LIMIT_EXCEEDED,PAYMENT_LIMIT,high_value_loyal,PAYMENT_LINK,0.5576,3.0,7554.5,2710.72
FAIL_002187,PAY_013910,CUST_0811,SUB_0811,417.48,BANK_DECLINED,ISSUER_DECLINE,low_engagement,WAIT_AND_RETRY,0.426,2.0,175.85,53.19
FAIL_001359,PAY_008989,CUST_0531,SUB_0531,412.94,CARD_EXPIRED,PAYMENT_METHOD,friction_prone,UPDATE_PAYMENT_METHOD,0.675,3.0,275.73,165.18
FAIL_001952,PAY_012506,CUST_0732,SUB_0732,1339.11,NETWORK_ERROR,TECHNICAL,normal,RETRY_NOW,0.7527,2.0,1005.9,133.91
FAIL_002005,PAY_012753,CUST_0746,SUB_0746,450.36,INSUFFICIENT_FUNDS,CUSTOMER_FINANCIAL,friction_prone,WAIT_AND_RETRY,0.4117,2.0,183.42,17.53
FAIL_002174,PAY_013847,CUST_0809,SUB_0809,1243.67,AUTHENTICATION_FAILED,CUSTOMER_ACTION,reliable,UPDATE_PAYMENT_METHOD,0.601,3.0,744.45,186.55
FAIL_000328,PAY_002192,CUST_0130,SUB_0130,785.26,AUTHENTICATION_FAILED,CUSTOMER_ACTION,friction_prone,UPDATE_PAYMENT_METHOD,0.525,3.0,409.26,117.79
FAIL_001970,PAY_012627,CUST_0739,SUB_0739,325.73,INSUFFICIENT_FUNDS,CUSTOMER_FINANCIAL,friction_prone,WAIT_AND_RETRY,0.4812,2.0,154.74,35.59
FAIL_001252,PAY_008266,CUST_0484,SUB_0484,846.76,BANK_DECLINED,ISSUER_DECLINE,low_engagement,WAIT_AND_RETRY,0.4226,2.0,355.85,103.97
FAIL_000456,PAY_002984,CUST_0173,SUB_0173,655.36,CARD_EXPIRED,PAYMENT_METHOD,low_engagement,UPDATE_PAYMENT_METHOD,0.651,3.0,423.64,262.14
FAIL_000177,PAY_001105,CUST_0073,SUB_0073,1637.14,INSUFFICIENT_FUNDS,CUSTOMER_FINANCIAL,friction_prone,WAIT_AND_RETRY,0.416,2.0,679.05,68.12
FAIL_001524,PAY_010072,CUST_0595,SUB_0595,10967.98,BANK_DECLINED,ISSUER_DECLINE,high_value_loyal,WAIT_AND_RETRY,0.4732,2.0,5187.7,720.15
FAIL_001706,PAY_011198,CUST_0659,SUB_0659,1906.5,LIMIT_EXCEEDED,PAYMENT_LIMIT,friction_prone,PAYMENT_LINK,0.475,3.0,902.59,381.3
FAIL_000854,PAY_005806,CUST_0353,SUB_0353,1421.41,NETWORK_ERROR,TECHNICAL,normal,RETRY_NOW,0.7539,2.0,1069.57,142.14
FAIL_000126,PAY_000777,CUST_0050,SUB_0050,1733.33,INSUFFICIENT_FUNDS,CUSTOMER_FINANCIAL,normal,WAIT_AND_RETRY,0.506,2.0,875.06,167.4
FAIL_002353,PAY_014795,CUST_0866,SUB_0866,1434.91,BANK_DECLINED,ISSUER_DECLINE,friction_prone,WAIT_AND_RETRY,0.3664,2.0,523.71,60.36
FAIL_000503,PAY_003356,CUST_0195,SUB_0195,4257.08,BANK_DECLINED,ISSUER_DECLINE,reliable,WAIT_AND_RETRY,0.472,2.0,2007.34,303.25
FAIL_000711,PAY_004886,CUST_0290,SUB_0290,2040.67,NETWORK_ERROR,TECHNICAL,normal,RETRY_NOW,0.6852,2.0,1396.33,204.07
FAIL_002745,PAY_016913,CUST_0984,SUB_0984,634.7,INSUFFICIENT_FUNDS,CUSTOMER_FINANCIAL,low_engagement,WAIT_AND_RETRY,0.4202,2.0,264.69,44.91
FAIL_002265,PAY_014399,CUST_0843,SUB_0843,638.25,BANK_DECLINED,ISSUER_DECLINE,low_engagement,WAIT_AND_RETRY,0.3642,2.0,230.44,41.32
FAIL_000220,PAY_001471,CUST_0096,SUB_0096,722.92,INSUFFICIENT_FUNDS,CUSTOMER_FINANCIAL,friction_prone,WAIT_AND_RETRY,0.4131,2.0,296.61,28.51
FAIL_002297,PAY_014485,CUST_0851,SUB_0851,741.13,CARD_EXPIRED,PAYMENT_METHOD,normal,UPDATE_PAYMENT_METHOD,0.71,3.0,523.2,296.45
FAIL_002135,PAY_013651,CUST_0797,SUB_0797,802.81,INSUFFICIENT_FUNDS,CUSTOMER_FINANCIAL,normal,WAIT_AND_RETRY,0.5085,2.0,406.23,80.07
FAIL_001316,PAY_008650,CUST_0507,SUB_0507,11079.34,INSUFFICIENT_FUNDS,CUSTOMER_FINANCIAL,high_value_loyal,WAIT_AND_RETRY,0.5289,2.0,5857.82,790.91
FAIL_001387,PAY_009127,CUST_0540,SUB_0540,2023.63,CARD_EXPIRED,PAYMENT_METHOD,friction_prone,UPDATE_PAYMENT_METHOD,0.675,3.0,1362.95,809.45
FAIL_000121,PAY_000742,CUST_0047,SUB_0047,1330.55,CARD_EXPIRED,PAYMENT_METHOD,normal,UPDATE_PAYMENT_METHOD,0.71,3.0,941.69,532.22
FAIL_000576,PAY_003897,CUST_0228,SUB_0228,662.65,AUTHENTICATION_FAILED,CUSTOMER_ACTION,low_engagement,UPDATE_PAYMENT_METHOD,0.501,3.0,328.99,99.4
FAIL_000890,PAY_005987,CUST_0364,SUB_0364,376.34,BANK_DECLINED,ISSUER_DECLINE,friction_prone,WAIT_AND_RETRY,0.3629,2.0,134.57,15.26
FAIL_000531,PAY_003575,CUST_0211,SUB_0211,1170.85,INSUFFICIENT_FUNDS,CUSTOMER_FINANCIAL,friction_prone,WAIT_AND_RETRY,0.4766,2.0,556.04,119.97
FAIL_002602,PAY_016001,CUST_0934,SUB_0934,577.3,LIMIT_EXCEEDED,PAYMENT_LIMIT,low_engagement,PAYMENT_LINK,0.451,3.0,257.36,115.46
FAIL_002301,PAY_014499,CUST_0851,SUB_0851,741.13,NETWORK_ERROR,TECHNICAL,normal,RETRY_NOW,0.6925,2.0,511.21,74.11
FAIL_002765,PAY_017039,CUST_0991,SUB_0991,885.95,LIMIT_EXCEEDED,PAYMENT_LIMIT,friction_prone,PAYMENT_LINK,0.475,3.0,417.83,177.19
FAIL_001768,PAY_011606,CUST_0682,SUB_0682,15000.0,LIMIT_EXCEEDED,PAYMENT_LIMIT,high_value_loyal,PAYMENT_LINK,0.5576,3.0,8361.0,3000.0
FAIL_002219,PAY_014138,CUST_0827,SUB_0827,768.09,CARD_EXPIRED,PAYMENT_METHOD,low_engagement,UPDATE_PAYMENT_METHOD,0.651,3.0,497.03,307.24
FAIL_000286,PAY_001840,CUST_0113,SUB_0113,324.58,AUTHENTICATION_FAILED,CUSTOMER_ACTION,low_engagement,UPDATE_PAYMENT_METHOD,0.501,3.0,159.61,48.69
FAIL_000973,PAY_006487,CUST_0390,SUB_0390,1773.37,CARD_EXPIRED,PAYMENT_METHOD,friction_prone,UPDATE_PAYMENT_METHOD,0.675,3.0,1194.02,709.35
FAIL_001965,PAY_012613,CUST_0737,SUB_0737,997.2,CARD_EXPIRED,PAYMENT_METHOD,low_engagement,UPDATE_PAYMENT_METHOD,0.651,3.0,646.18,398.88
FAIL_000839,PAY_005699,CUST_0348,SUB_0348,10125.65,BANK_DECLINED,ISSUER_DECLINE,high_value_loyal,WAIT_AND_RETRY,0.4718,2.0,4774.8,650.58
FAIL_001510,PAY_009903,CUST_0585,SUB_0585,15000.0,BANK_DECLINED,ISSUER_DECLINE,high_value_loyal,WAIT_AND_RETRY,0.4779,2.0,7166.32,1055.32
FAIL_002377,PAY_014922,CUST_0874,SUB_0874,763.19,NETWORK_ERROR,TECHNICAL,low_engagement,RETRY_NOW,0.7254,2.0,551.65,76.32
FAIL_002682,PAY_016516,CUST_0964,SUB_0964,1091.43,INSUFFICIENT_FUNDS,CUSTOMER_FINANCIAL,friction_prone,WAIT_AND_RETRY,0.4117,2.0,447.35,41.07
FAIL_001841,PAY_011990,CUST_0703,SUB_0703,360.66,INSUFFICIENT_FUNDS,CUSTOMER_FINANCIAL,friction_prone,WAIT_AND_RETRY,0.4247,2.0,151.16,18.91
FAIL_000079,PAY_000351,CUST_0026,SUB_0026,15000.0,INSUFFICIENT_FUNDS,CUSTOMER_FINANCIAL,high_value_loyal,WAIT_AND_RETRY,0.5269,2.0,7902.04,1041.04
FAIL_002333,PAY_014672,CUST_0862,SUB_0862,1374.15,BANK_DECLINED,ISSUER_DECLINE,friction_prone,WAIT_AND_RETRY,0.3723,2.0,509.59,65.99
FAIL_002475,PAY_015238,CUST_0896,SUB_0896,397.37,INSUFFICIENT_FUNDS,CUSTOMER_FINANCIAL,friction_prone,WAIT_AND_RETRY,0.4174,2.0,163.87,17.86
FAIL_002756,PAY_017008,CUST_0989,SUB_0989,997.84,INSUFFICIENT_FUNDS,CUSTOMER_FINANCIAL,friction_prone,WAIT_AND_RETRY,0.406,2.0,403.12,31.93
FAIL_001368,PAY_009034,CUST_0533,SUB_0533,444.14,INSUFFICIENT_FUNDS,CUSTOMER_FINANCIAL,low_engagement,WAIT_AND_RETRY,0.4142,2.0,181.95,29.06
FAIL_001326,PAY_008685,CUST_0508,SUB_0508,676.53,INSUFFICIENT_FUNDS,CUSTOMER_FINANCIAL,normal,WAIT_AND_RETRY,0.4417,2.0,296.79,22.42
FAIL_001126,PAY_007590,CUST_0449,SUB_0449,688.54,INSUFFICIENT_FUNDS,CUSTOMER_FINANCIAL,low_engagement,WAIT_AND_RETRY,0.417,2.0,285.12,46.44
FAIL_000620,PAY_004160,CUST_0245,SUB_0245,4573.71,INSUFFICIENT_FUNDS,CUSTOMER_FINANCIAL,reliable,WAIT_AND_RETRY,0.5256,2.0,2401.94,342.2
FAIL_000034,PAY_000202,CUST_0017,SUB_0017,988.37,LIMIT_EXCEEDED,PAYMENT_LIMIT,low_engagement,PAYMENT_LINK,0.451,3.0,442.75,197.67
FAIL_002322,PAY_014600,CUST_0857,SUB_0857,436.65,BANK_DECLINED,ISSUER_DECLINE,low_engagement,WAIT_AND_RETRY,0.3707,2.0,159.85,31.42
FAIL_000393,PAY_002636,CUST_0155,SUB_0155,663.98,INSUFFICIENT_FUNDS,CUSTOMER_FINANCIAL,friction_prone,WAIT_AND_RETRY,0.421,2.0,277.54,31.54
FAIL_001048,PAY_007119,CUST_0426,SUB_0426,542.66,BANK_DECLINED,ISSUER_DECLINE,friction_prone,WAIT_AND_RETRY,0.426,2.0,229.17,55.81
FAIL_000376,PAY_002494,CUST_0147,SUB_0147,5797.44,INSUFFICIENT_FUNDS,CUSTOMER_FINANCIAL,high_value_loyal,WAIT_AND_RETRY,0.5274,2.0,3055.85,405.94
FAIL_002186,PAY_013907,CUST_0811,SUB_0811,417.48,AUTHENTICATION_FAILED,CUSTOMER_ACTION,low_engagement,UPDATE_PAYMENT_METHOD,0.501,3.0,206.16,62.62
FAIL_000984,PAY_006560,CUST_0396,SUB_0396,5752.09,BANK_DECLINED,ISSUER_DECLINE,high_value_loyal,WAIT_AND_RETRY,0.475,2.0,2730.43,388.87
FAIL_001552,PAY_010349,CUST_0610,SUB_0610,11684.35,BANK_DECLINED,ISSUER_DECLINE,high_value_loyal,WAIT_AND_RETRY,0.4676,2.0,5461.6,702.06
FAIL_001491,PAY_009802,CUST_0580,SUB_0580,1096.45,AUTHENTICATION_FAILED,CUSTOMER_ACTION,low_engagement,UPDATE_PAYMENT_METHOD,0.501,3.0,546.32,164.47
FAIL_000036,PAY_000210,CUST_0018,SUB_0018,472.83,BANK_DECLINED,ISSUER_DECLINE,friction_prone,WAIT_AND_RETRY,0.4346,2.0,203.48,52.81
FAIL_001570,PAY_010522,CUST_0623,SUB_0623,1621.46,INSUFFICIENT_FUNDS,CUSTOMER_FINANCIAL,friction_prone,WAIT_AND_RETRY,0.4133,2.0,668.1,63.06
FAIL_001869,PAY_012073,CUST_0707,SUB_0707,933.74,INSUFFICIENT_FUNDS,CUSTOMER_FINANCIAL,friction_prone,WAIT_AND_RETRY,0.421,2.0,391.1,43.95
FAIL_001906,PAY_012265,CUST_0718,SUB_0718,799.44,CARD_EXPIRED,PAYMENT_METHOD,low_engagement,UPDATE_PAYMENT_METHOD,0.651,3.0,517.44,319.78
FAIL_001921,PAY_012340,CUST_0722,SUB_0722,1554.01,CARD_EXPIRED,PAYMENT_METHOD,normal,UPDATE_PAYMENT_METHOD,0.71,3.0,1100.35,621.6
FAIL_001696,PAY_011092,CUST_0650,SUB_0650,300.09,INSUFFICIENT_FUNDS,CUSTOMER_FINANCIAL,friction_prone,WAIT_AND_RETRY,0.406,2.0,119.84,10.3
FAIL_002498,PAY_015367,CUST_0903,SUB_0903,5512.84,INSUFFICIENT_FUNDS,CUSTOMER_FINANCIAL,high_value_loyal,WAIT_AND_RETRY,0.5203,2.0,2866.13,346.46
FAIL_002238,PAY_014244,CUST_0835,SUB_0835,846.73,BANK_DECLINED,ISSUER_DECLINE,normal,WAIT_AND_RETRY,0.45,2.0,379.03,77.21
FAIL_002521,PAY_015511,CUST_0910,SUB_0910,293.13,BANK_DECLINED,ISSUER_DECLINE,normal,WAIT_AND_RETRY,0.3931,2.0,113.24,10.72
FAIL_001461,PAY_009640,CUST_0573,SUB_0573,557.68,INSUFFICIENT_FUNDS,CUSTOMER_FINANCIAL,friction_prone,WAIT_AND_RETRY,0.4204,2.0,232.45,26.32
FAIL_002671,PAY_016495,CUST_0964,SUB_0964,1091.43,INSUFFICIENT_FUNDS,CUSTOMER_FINANCIAL,friction_prone,WAIT_AND_RETRY,0.4117,2.0,447.35,41.07
FAIL_000416,PAY_002689,CUST_0158,SUB_0158,2492.3,INSUFFICIENT_FUNDS,CUSTOMER_FINANCIAL,friction_prone,WAIT_AND_RETRY,0.4165,2.0,1036.11,104.5
FAIL_002374,PAY_014913,CUST_0874,SUB_0874,763.19,CARD_EXPIRED,PAYMENT_METHOD,low_engagement,UPDATE_PAYMENT_METHOD,0.651,3.0,493.84,305.28
FAIL_002151,PAY_013762,CUST_0805,SUB_0805,884.78,BANK_DECLINED,ISSUER_DECLINE,normal,WAIT_AND_RETRY,0.456,2.0,401.46,85.94
FAIL_001481,PAY_009718,CUST_0576,SUB_0576,245.25,BANK_DECLINED,ISSUER_DECLINE,friction_prone,WAIT_AND_RETRY,0.3739,2.0,89.71,13.0
FAIL_000059,PAY_000287,CUST_0022,SUB_0022,929.98,INSUFFICIENT_FUNDS,CUSTOMER_FINANCIAL,normal,WAIT_AND_RETRY,0.436,2.0,403.47,25.18
FAIL_002465,PAY_015206,CUST_0892,SUB_0892,429.37,CARD_EXPIRED,PAYMENT_METHOD,friction_prone,UPDATE_PAYMENT_METHOD,0.675,3.0,286.82,171.75
FAIL_001060,PAY_007209,CUST_0430,SUB_0430,2619.41,BANK_DECLINED,ISSUER_DECLINE,normal,WAIT_AND_RETRY,0.3942,2.0,1030.53,90.54
FAIL_000446,PAY_002912,CUST_0170,SUB_0170,476.76,NETWORK_ERROR,TECHNICAL,low_engagement,RETRY_NOW,0.7363,2.0,349.03,47.68
FAIL_000913,PAY_006133,CUST_0372,SUB_0372,454.36,INSUFFICIENT_FUNDS,CUSTOMER_FINANCIAL,friction_prone,WAIT_AND_RETRY,0.4193,2.0,188.53,21.14
FAIL_002369,PAY_014900,CUST_0874,SUB_0874,763.19,NETWORK_ERROR,TECHNICAL,low_engagement,RETRY_NOW,0.7254,2.0,551.65,76.32
FAIL_001806,PAY_011831,CUST_0694,SUB_0694,1377.46,INSUFFICIENT_FUNDS,CUSTOMER_FINANCIAL,friction_prone,WAIT_AND_RETRY,0.4039,2.0,554.35,40.8
FAIL_001805,PAY_011830,CUST_0694,SUB_0694,1377.46,NETWORK_ERROR,TECHNICAL,friction_prone,RETRY_NOW,0.6539,2.0,898.72,137.75
FAIL_000458,PAY_002995,CUST_0173,SUB_0173,655.36,NETWORK_ERROR,TECHNICAL,low_engagement,RETRY_NOW,0.7272,2.0,474.57,65.54
FAIL_001210,PAY_008083,CUST_0475,SUB_0475,332.6,NETWORK_ERROR,TECHNICAL,low_engagement,RETRY_NOW,0.6663,2.0,219.61,33.26
FAIL_000455,PAY_002980,CUST_0173,SUB_0173,655.36,INSUFFICIENT_FUNDS,CUSTOMER_FINANCIAL,low_engagement,WAIT_AND_RETRY,0.4772,2.0,310.73,83.7
FAIL_001234,PAY_008164,CUST_0479,SUB_0479,493.48,AUTHENTICATION_FAILED,CUSTOMER_ACTION,low_engagement,UPDATE_PAYMENT_METHOD,0.501,3.0,244.23,74.02
FAIL_000171,PAY_001033,CUST_0066,SUB_0066,517.04,AUTHENTICATION_FAILED,CUSTOMER_ACTION,friction_prone,UPDATE_PAYMENT_METHOD,0.525,3.0,268.45,77.56
FAIL_002585,PAY_015829,CUST_0925,SUB_0925,200.0,LIMIT_EXCEEDED,PAYMENT_LIMIT,low_engagement,PAYMENT_LINK,0.451,3.0,87.2,40.0
FAIL_001444,PAY_009503,CUST_0564,SUB_0564,5516.54,CARD_EXPIRED,PAYMENT_METHOD,high_value_loyal,UPDATE_PAYMENT_METHOD,0.7576,3.0,4176.33,2206.62
FAIL_001220,PAY_008120,CUST_0477,SUB_0477,580.5,INSUFFICIENT_FUNDS,CUSTOMER_FINANCIAL,friction_prone,WAIT_AND_RETRY,0.4164,2.0,239.7,25.01
FAIL_002649,PAY_016348,CUST_0954,SUB_0954,1306.76,INSUFFICIENT_FUNDS,CUSTOMER_FINANCIAL,low_engagement,WAIT_AND_RETRY,0.48,2.0,625.24,169.57
FAIL_001152,PAY_007792,CUST_0461,SUB_0461,1652.19,BANK_DECLINED,ISSUER_DECLINE,friction_prone,WAIT_AND_RETRY,0.3707,2.0,610.53,76.56
FAIL_001159,PAY_007804,CUST_0461,SUB_0461,1652.19,NETWORK_ERROR,TECHNICAL,friction_prone,RETRY_NOW,0.6707,2.0,1106.18,165.22
FAIL_002196,PAY_013951,CUST_0815,SUB_0815,14666.4,LIMIT_EXCEEDED,PAYMENT_LIMIT,high_value_loyal,PAYMENT_LINK,0.5576,3.0,8174.98,2933.28
FAIL_002172,PAY_013831,CUST_0808,SUB_0808,642.76,NETWORK_ERROR,TECHNICAL,low_engagement,RETRY_NOW,0.6702,2.0,428.77,64.28
FAIL_000991,PAY_006626,CUST_0399,SUB_0399,1294.46,BANK_DECLINED,ISSUER_DECLINE,reliable,WAIT_AND_RETRY,0.4767,2.0,615.02,98.94
FAIL_002591,PAY_015859,CUST_0926,SUB_0926,706.67,NETWORK_ERROR,TECHNICAL,reliable,RETRY_NOW,0.7758,2.0,546.27,70.67
FAIL_002491,PAY_015339,CUST_0901,SUB_0901,1460.37,LIMIT_EXCEEDED,PAYMENT_LIMIT,normal,PAYMENT_LINK,0.51,3.0,741.79,292.07
FAIL_001709,PAY_011206,CUST_0659,SUB_0659,1906.5,INSUFFICIENT_FUNDS,CUSTOMER_FINANCIAL,friction_prone,WAIT_AND_RETRY,0.4193,2.0,797.46,85.53
FAIL_001535,PAY_010173,CUST_0600,SUB_0600,482.28,CARD_EXPIRED,PAYMENT_METHOD,friction_prone,UPDATE_PAYMENT_METHOD,0.675,3.0,322.54,192.91
FAIL_001809,PAY_011845,CUST_0696,SUB_0696,15000.0,NETWORK_ERROR,TECHNICAL,high_value_loyal,RETRY_NOW,0.7736,2.0,11602.0,1500.0
FAIL_000617,PAY_004139,CUST_0244,SUB_0244,1067.83,NETWORK_ERROR,TECHNICAL,normal,RETRY_NOW,0.7557,2.0,804.94,106.78
FAIL_001460,PAY_009638,CUST_0573,SUB_0573,557.68,INSUFFICIENT_FUNDS,CUSTOMER_FINANCIAL,friction_prone,WAIT_AND_RETRY,0.4204,2.0,232.45,26.32
FAIL_001907,PAY_012268,CUST_0718,SUB_0718,799.44,INSUFFICIENT_FUNDS,CUSTOMER_FINANCIAL,low_engagement,WAIT_AND_RETRY,0.476,2.0,378.53,100.93
FAIL_001435,PAY_009424,CUST_0557,SUB_0557,829.31,CARD_EXPIRED,PAYMENT_METHOD,reliable,UPDATE_PAYMENT_METHOD,0.751,3.0,619.81,331.72
FAIL_001031,PAY_006985,CUST_0419,SUB_0419,1157.68,INSUFFICIENT_FUNDS,CUSTOMER_FINANCIAL,reliable,WAIT_AND_RETRY,0.516,2.0,595.36,76.25
FAIL_001121,PAY_007549,CUST_0446,SUB_0446,330.54,AUTHENTICATION_FAILED,CUSTOMER_ACTION,low_engagement,UPDATE_PAYMENT_METHOD,0.501,3.0,162.6,49.58
FAIL_000274,PAY_001816,CUST_0112,SUB_0112,553.77,AUTHENTICATION_FAILED,CUSTOMER_ACTION,friction_prone,UPDATE_PAYMENT_METHOD,0.525,3.0,287.73,83.07
FAIL_000532,PAY_003582,CUST_0212,SUB_0212,404.59,CARD_EXPIRED,PAYMENT_METHOD,low_engagement,UPDATE_PAYMENT_METHOD,0.651,3.0,260.39,161.84
FAIL_002214,PAY_014110,CUST_0824,SUB_0824,311.11,CARD_EXPIRED,PAYMENT_METHOD,low_engagement,UPDATE_PAYMENT_METHOD,0.651,3.0,199.53,124.44
FAIL_000510,PAY_003446,CUST_0200,SUB_0200,339.89,BANK_DECLINED,ISSUER_DECLINE,low_engagement,WAIT_AND_RETRY,0.4287,2.0,143.7,44.39
FAIL_000709,PAY_004874,CUST_0290,SUB_0290,2040.67,INSUFFICIENT_FUNDS,CUSTOMER_FINANCIAL,normal,WAIT_AND_RETRY,0.4352,2.0,886.16,52.49
FAIL_002001,PAY_012741,CUST_0745,SUB_0745,2286.0,INSUFFICIENT_FUNDS,CUSTOMER_FINANCIAL,normal,WAIT_AND_RETRY,0.5022,2.0,1146.05,211.79
FAIL_001243,PAY_008218,CUST_0482,SUB_0482,1120.08,INSUFFICIENT_FUNDS,CUSTOMER_FINANCIAL,normal,WAIT_AND_RETRY,0.4454,2.0,496.83,40.6
FAIL_002293,PAY_014465,CUST_0849,SUB_0849,951.12,CARD_EXPIRED,PAYMENT_METHOD,low_engagement,UPDATE_PAYMENT_METHOD,0.651,3.0,616.18,380.45
FAIL_000983,PAY_006555,CUST_0396,SUB_0396,5752.09,INSUFFICIENT_FUNDS,CUSTOMER_FINANCIAL,high_value_loyal,WAIT_AND_RETRY,0.525,2.0,3018.03,388.87
FAIL_000451,PAY_002949,CUST_0171,SUB_0171,14917.0,LIMIT_EXCEEDED,PAYMENT_LIMIT,high_value_loyal,PAYMENT_LINK,0.5576,3.0,8314.72,2983.4
FAIL_002490,PAY_015321,CUST_0900,SUB_0900,600.87,INSUFFICIENT_FUNDS,CUSTOMER_FINANCIAL,normal,WAIT_AND_RETRY,0.5056,2.0,301.78,58.42
FAIL_002458,PAY_015183,CUST_0890,SUB_0890,251.0,INSUFFICIENT_FUNDS,CUSTOMER_FINANCIAL,normal,WAIT_AND_RETRY,0.4431,2.0,109.23,9.32
FAIL_001672,PAY_010997,CUST_0646,SUB_0646,232.1,AUTHENTICATION_FAILED,CUSTOMER_ACTION,low_engagement,UPDATE_PAYMENT_METHOD,0.501,3.0,113.28,34.82
FAIL_000377,PAY_002515,CUST_0149,SUB_0149,13186.55,NETWORK_ERROR,TECHNICAL,high_value_loyal,RETRY_NOW,0.7792,2.0,10272.33,1318.66
FAIL_000819,PAY_005544,CUST_0336,SUB_0336,1661.44,NETWORK_ERROR,TECHNICAL,friction_prone,RETRY_NOW,0.6682,2.0,1108.13,166.14
FAIL_002684,PAY_016527,CUST_0965,SUB_0965,817.6,CARD_EXPIRED,PAYMENT_METHOD,normal,UPDATE_PAYMENT_METHOD,0.71,3.0,577.5,327.04
FAIL_002035,PAY_012901,CUST_0757,SUB_0757,1032.33,AUTHENTICATION_FAILED,CUSTOMER_ACTION,low_engagement,UPDATE_PAYMENT_METHOD,0.501,3.0,514.2,154.85
FAIL_001047,PAY_007115,CUST_0426,SUB_0426,542.66,INSUFFICIENT_FUNDS,CUSTOMER_FINANCIAL,friction_prone,WAIT_AND_RETRY,0.476,2.0,256.31,55.81
FAIL_001303,PAY_008537,CUST_0500,SUB_0500,878.95,CARD_EXPIRED,PAYMENT_METHOD,friction_prone,UPDATE_PAYMENT_METHOD,0.675,3.0,590.29,351.58
FAIL_002516,PAY_015497,CUST_0909,SUB_0909,373.62,INSUFFICIENT_FUNDS,CUSTOMER_FINANCIAL,normal,WAIT_AND_RETRY,0.5116,2.0,189.13,38.94
FAIL_000800,PAY_005487,CUST_0331,SUB_0331,13126.22,LIMIT_EXCEEDED,PAYMENT_LIMIT,high_value_loyal,PAYMENT_LINK,0.5576,3.0,7316.18,2625.24
FAIL_001319,PAY_008670,CUST_0508,SUB_0508,676.53,INSUFFICIENT_FUNDS,CUSTOMER_FINANCIAL,normal,WAIT_AND_RETRY,0.4417,2.0,296.79,22.42
FAIL_002717,PAY_016714,CUST_0971,SUB_0971,401.23,BANK_DECLINED,ISSUER_DECLINE,friction_prone,WAIT_AND_RETRY,0.364,2.0,144.05,16.65
FAIL_000196,PAY_001286,CUST_0083,SUB_0083,1152.82,CARD_EXPIRED,PAYMENT_METHOD,friction_prone,UPDATE_PAYMENT_METHOD,0.675,3.0,775.15,461.13
FAIL_001835,PAY_011967,CUST_0703,SUB_0703,360.66,AUTHENTICATION_FAILED,CUSTOMER_ACTION,friction_prone,UPDATE_PAYMENT_METHOD,0.525,3.0,186.35,54.1
FAIL_001051,PAY_007169,CUST_0429,SUB_0429,946.68,NETWORK_ERROR,TECHNICAL,friction_prone,RETRY_NOW,0.6754,2.0,637.34,94.67
FAIL_002050,PAY_013035,CUST_0763,SUB_0763,580.18,LIMIT_EXCEEDED,PAYMENT_LIMIT,low_engagement,PAYMENT_LINK,0.451,3.0,258.66,116.04
FAIL_000888,PAY_005983,CUST_0364,SUB_0364,376.34,BANK_DECLINED,ISSUER_DECLINE,friction_prone,WAIT_AND_RETRY,0.3629,2.0,134.57,15.26
FAIL_000485,PAY_003119,CUST_0182,SUB_0182,3068.11,AUTHENTICATION_FAILED,CUSTOMER_ACTION,reliable,UPDATE_PAYMENT_METHOD,0.601,3.0,1840.93,460.22
FAIL_000557,PAY_003723,CUST_0217,SUB_0217,437.85,INSUFFICIENT_FUNDS,CUSTOMER_FINANCIAL,low_engagement,WAIT_AND_RETRY,0.4777,2.0,207.17,56.48
FAIL_000835,PAY_005676,CUST_0348,SUB_0348,10125.65,CARD_EXPIRED,PAYMENT_METHOD,high_value_loyal,UPDATE_PAYMENT_METHOD,0.7576,3.0,7668.19,4050.26
FAIL_002568,PAY_015718,CUST_0919,SUB_0919,1309.45,NETWORK_ERROR,TECHNICAL,normal,RETRY_NOW,0.7535,2.0,984.68,130.95
FAIL_002286,PAY_014447,CUST_0847,SUB_0847,2483.09,BANK_DECLINED,ISSUER_DECLINE,friction_prone,WAIT_AND_RETRY,0.4282,2.0,1061.32,257.31
FAIL_002098,PAY_013371,CUST_0783,SUB_0783,819.14,CARD_EXPIRED,PAYMENT_METHOD,low_engagement,UPDATE_PAYMENT_METHOD,0.651,3.0,530.26,327.66
FAIL_001610,PAY_010719,CUST_0631,SUB_0631,761.44,INSUFFICIENT_FUNDS,CUSTOMER_FINANCIAL,low_engagement,WAIT_AND_RETRY,0.4185,2.0,316.64,52.38
FAIL_002732,PAY_016832,CUST_0978,SUB_0978,445.63,INSUFFICIENT_FUNDS,CUSTOMER_FINANCIAL,friction_prone,WAIT_AND_RETRY,0.4767,2.0,210.43,46.32
FAIL_001699,PAY_011103,CUST_0652,SUB_0652,570.52,BANK_DECLINED,ISSUER_DECLINE,friction_prone,WAIT_AND_RETRY,0.3617,2.0,204.36,21.94
FAIL_000971,PAY_006447,CUST_0387,SUB_0387,524.81,INSUFFICIENT_FUNDS,CUSTOMER_FINANCIAL,low_engagement,WAIT_AND_RETRY,0.41,2.0,213.17,31.96
FAIL_002506,PAY_015397,CUST_0904,SUB_0904,3422.48,BANK_DECLINED,ISSUER_DECLINE,normal,WAIT_AND_RETRY,0.455,2.0,1555.12,326.03
FAIL_000207,PAY_001431,CUST_0093,SUB_0093,333.96,BANK_DECLINED,ISSUER_DECLINE,low_engagement,WAIT_AND_RETRY,0.4228,2.0,139.2,41.68
FAIL_002457,PAY_015182,CUST_0890,SUB_0890,251.0,LIMIT_EXCEEDED,PAYMENT_LIMIT,normal,PAYMENT_LINK,0.51,3.0,125.01,50.2
FAIL_002472,PAY_015224,CUST_0892,SUB_0892,429.37,INSUFFICIENT_FUNDS,CUSTOMER_FINANCIAL,friction_prone,WAIT_AND_RETRY,0.4236,2.0,179.88,21.87
FAIL_001258,PAY_008289,CUST_0484,SUB_0484,846.76,CARD_EXPIRED,PAYMENT_METHOD,low_engagement,UPDATE_PAYMENT_METHOD,0.651,3.0,548.24,338.7
FAIL_000941,PAY_006349,CUST_0381,SUB_0381,525.92,CARD_EXPIRED,PAYMENT_METHOD,reliable,UPDATE_PAYMENT_METHOD,0.751,3.0,391.97,210.37
FAIL_001403,PAY_009209,CUST_0547,SUB_0547,2231.07,BANK_DECLINED,ISSUER_DECLINE,friction_prone,WAIT_AND_RETRY,0.43,2.0,957.36,235.26
FAIL_001463,PAY_009647,CUST_0573,SUB_0573,557.68,CARD_EXPIRED,PAYMENT_METHOD,friction_prone,UPDATE_PAYMENT_METHOD,0.675,3.0,373.43,223.07
FAIL_000139,PAY_000828,CUST_0053,SUB_0053,619.66,CARD_EXPIRED,PAYMENT_METHOD,low_engagement,UPDATE_PAYMENT_METHOD,0.651,3.0,400.4,247.86
FAIL_000831,PAY_005640,CUST_0344,SUB_0344,482.81,AUTHENTICATION_FAILED,CUSTOMER_ACTION,low_engagement,UPDATE_PAYMENT_METHOD,0.501,3.0,238.89,72.42
FAIL_001322,PAY_008675,CUST_0508,SUB_0508,676.53,AUTHENTICATION_FAILED,CUSTOMER_ACTION,normal,UPDATE_PAYMENT_METHOD,0.56,3.0,375.86,101.48
FAIL_002446,PAY_015152,CUST_0889,SUB_0889,1368.01,NETWORK_ERROR,TECHNICAL,friction_prone,RETRY_NOW,0.6617,2.0,903.23,136.8
FAIL_001797,PAY_011815,CUST_0693,SUB_0693,1009.84,NETWORK_ERROR,TECHNICAL,low_engagement,RETRY_NOW,0.7249,2.0,729.99,100.98
FAIL_002425,PAY_015062,CUST_0884,SUB_0884,2190.71,INSUFFICIENT_FUNDS,CUSTOMER_FINANCIAL,normal,WAIT_AND_RETRY,0.426,2.0,931.24,36.05
FAIL_002467,PAY_015209,CUST_0892,SUB_0892,429.37,LIMIT_EXCEEDED,PAYMENT_LIMIT,friction_prone,PAYMENT_LINK,0.475,3.0,200.95,85.87
FAIL_000702,PAY_004796,CUST_0285,SUB_0285,472.43,AUTHENTICATION_FAILED,CUSTOMER_ACTION,normal,UPDATE_PAYMENT_METHOD,0.56,3.0,261.56,70.86
FAIL_000798,PAY_005465,CUST_0330,SUB_0330,998.82,LIMIT_EXCEEDED,PAYMENT_LIMIT,normal,PAYMENT_LINK,0.51,3.0,506.4,199.76
FAIL_002449,PAY_015161,CUST_0889,SUB_0889,1368.01,INSUFFICIENT_FUNDS,CUSTOMER_FINANCIAL,friction_prone,WAIT_AND_RETRY,0.4117,2.0,561.23,51.22
FAIL_000180,PAY_001108,CUST_0073,SUB_0073,1637.14,BANK_DECLINED,ISSUER_DECLINE,friction_prone,WAIT_AND_RETRY,0.366,2.0,597.19,68.12
FAIL_002456,PAY_015181,CUST_0890,SUB_0890,251.0,BANK_DECLINED,ISSUER_DECLINE,normal,WAIT_AND_RETRY,0.3931,2.0,96.68,9.32
FAIL_002427,PAY_015065,CUST_0884,SUB_0884,2190.71,INSUFFICIENT_FUNDS,CUSTOMER_FINANCIAL,normal,WAIT_AND_RETRY,0.426,2.0,931.24,36.05
FAIL_000347,PAY_002275,CUST_0135,SUB_0135,771.04,LIMIT_EXCEEDED,PAYMENT_LIMIT,friction_prone,PAYMENT_LINK,0.475,3.0,363.24,154.21
FAIL_001238,PAY_008177,CUST_0479,SUB_0479,493.48,BANK_DECLINED,ISSUER_DECLINE,low_engagement,WAIT_AND_RETRY,0.4239,2.0,207.2,61.67
FAIL_000361,PAY_002429,CUST_0142,SUB_0142,552.32,NETWORK_ERROR,TECHNICAL,friction_prone,RETRY_NOW,0.6617,2.0,363.48,55.23
FAIL_000046,PAY_000260,CUST_0020,SUB_0020,641.27,INSUFFICIENT_FUNDS,CUSTOMER_FINANCIAL,friction_prone,WAIT_AND_RETRY,0.4235,2.0,269.58,32.1
FAIL_000137,PAY_000804,CUST_0051,SUB_0051,706.77,INSUFFICIENT_FUNDS,CUSTOMER_FINANCIAL,friction_prone,WAIT_AND_RETRY,0.4117,2.0,288.99,26.95
FAIL_001653,PAY_010896,CUST_0640,SUB_0640,1249.65,NETWORK_ERROR,TECHNICAL,friction_prone,RETRY_NOW,0.6589,2.0,821.34,124.97
FAIL_000775,PAY_005333,CUST_0320,SUB_0320,9080.78,NETWORK_ERROR,TECHNICAL,high_value_loyal,RETRY_NOW,0.78,2.0,7080.65,908.08
FAIL_002086,PAY_013292,CUST_0778,SUB_0778,1859.33,CARD_EXPIRED,PAYMENT_METHOD,normal,UPDATE_PAYMENT_METHOD,0.71,3.0,1317.12,743.73
FAIL_000596,PAY_004018,CUST_0236,SUB_0236,1414.91,AUTHENTICATION_FAILED,CUSTOMER_ACTION,friction_prone,UPDATE_PAYMENT_METHOD,0.525,3.0,739.83,212.24
FAIL_001885,PAY_012125,CUST_0708,SUB_0708,1097.17,INSUFFICIENT_FUNDS,CUSTOMER_FINANCIAL,normal,WAIT_AND_RETRY,0.5005,2.0,547.16,100.32
FAIL_000107,PAY_000663,CUST_0044,SUB_0044,781.5,INSUFFICIENT_FUNDS,CUSTOMER_FINANCIAL,reliable,WAIT_AND_RETRY,0.5231,2.0,406.81,57.36
FAIL_000644,PAY_004346,CUST_0254,SUB_0254,1610.91,INSUFFICIENT_FUNDS,CUSTOMER_FINANCIAL,normal,WAIT_AND_RETRY,0.4982,2.0,800.59,143.12
FAIL_001075,PAY_007286,CUST_0434,SUB_0434,418.23,NETWORK_ERROR,TECHNICAL,normal,RETRY_NOW,0.7535,2.0,313.14,41.82
FAIL_000751,PAY_005155,CUST_0307,SUB_0307,2288.88,INSUFFICIENT_FUNDS,CUSTOMER_FINANCIAL,friction_prone,WAIT_AND_RETRY,0.4133,2.0,943.93,88.6
FAIL_002556,PAY_015663,CUST_0917,SUB_0917,881.56,AUTHENTICATION_FAILED,CUSTOMER_ACTION,low_engagement,UPDATE_PAYMENT_METHOD,0.501,3.0,438.66,132.23
FAIL_001108,PAY_007463,CUST_0442,SUB_0442,976.78,LIMIT_EXCEEDED,PAYMENT_LIMIT,low_engagement,PAYMENT_LINK,0.451,3.0,437.53,195.36
FAIL_002224,PAY_014160,CUST_0830,SUB_0830,636.05,BANK_DECLINED,ISSUER_DECLINE,low_engagement,WAIT_AND_RETRY,0.4356,2.0,275.06,86.61
FAIL_002329,PAY_014628,CUST_0860,SUB_0860,399.54,LIMIT_EXCEEDED,PAYMENT_LIMIT,low_engagement,PAYMENT_LINK,0.451,3.0,177.19,79.91
FAIL_000366,PAY_002451,CUST_0145,SUB_0145,1162.18,NETWORK_ERROR,TECHNICAL,low_engagement,RETRY_NOW,0.7242,2.0,839.68,116.22
FAIL_002763,PAY_017030,CUST_0990,SUB_0990,1096.67,BANK_DECLINED,ISSUER_DECLINE,normal,WAIT_AND_RETRY,0.4532,2.0,495.01,103.21
FAIL_000766,PAY_005283,CUST_0316,SUB_0316,389.48,AUTHENTICATION_FAILED,CUSTOMER_ACTION,low_engagement,UPDATE_PAYMENT_METHOD,0.501,3.0,192.13,58.42
FAIL_001561,PAY_010456,CUST_0617,SUB_0617,469.95,BANK_DECLINED,ISSUER_DECLINE,normal,WAIT_AND_RETRY,0.3781,2.0,175.69,9.51
FAIL_002673,PAY_016502,CUST_0964,SUB_0964,1091.43,NETWORK_ERROR,TECHNICAL,friction_prone,RETRY_NOW,0.6617,2.0,720.21,109.14
FAIL_002754,PAY_017006,CUST_0989,SUB_0989,997.84,AUTHENTICATION_FAILED,CUSTOMER_ACTION,friction_prone,UPDATE_PAYMENT_METHOD,0.525,3.0,520.87,149.68
FAIL_000651,PAY_004430,CUST_0260,SUB_0260,8195.0,INSUFFICIENT_FUNDS,CUSTOMER_FINANCIAL,high_value_loyal,WAIT_AND_RETRY,0.5309,2.0,4349.02,601.99
FAIL_001586,PAY_010602,CUST_0626,SUB_0626,548.8,INSUFFICIENT_FUNDS,CUSTOMER_FINANCIAL,low_engagement,WAIT_AND_RETRY,0.4162,2.0,226.41,36.78
FAIL_000482,PAY_003110,CUST_0181,SUB_0181,860.38,INSUFFICIENT_FUNDS,CUSTOMER_FINANCIAL,low_engagement,WAIT_AND_RETRY,0.4187,2.0,358.21,59.22
FAIL_000400,PAY_002651,CUST_0156,SUB_0156,985.5,BANK_DECLINED,ISSUER_DECLINE,friction_prone,WAIT_AND_RETRY,0.356,2.0,348.84,31.55
FAIL_000021,PAY_000164,CUST_0015,SUB_0015,1187.03,CARD_EXPIRED,PAYMENT_METHOD,friction_prone,UPDATE_PAYMENT_METHOD,0.675,3.0,798.25,474.81
FAIL_001575,PAY_010535,CUST_0623,SUB_0623,1621.46,INSUFFICIENT_FUNDS,CUSTOMER_FINANCIAL,friction_prone,WAIT_AND_RETRY,0.4133,2.0,668.1,63.06
FAIL_002204,PAY_014057,CUST_0821,SUB_0821,235.88,LIMIT_EXCEEDED,PAYMENT_LIMIT,low_engagement,PAYMENT_LINK,0.451,3.0,103.38,47.18
FAIL_000806,PAY_005502,CUST_0333,SUB_0333,1523.74,INSUFFICIENT_FUNDS,CUSTOMER_FINANCIAL,friction_prone,WAIT_AND_RETRY,0.4003,2.0,607.93,39.53
FAIL_000520,PAY_003508,CUST_0208,SUB_0208,355.21,NETWORK_ERROR,TECHNICAL,low_engagement,RETRY_NOW,0.6667,2.0,234.83,35.52
FAIL_001572,PAY_010530,CUST_0623,SUB_0623,1621.46,BANK_DECLINED,ISSUER_DECLINE,friction_prone,WAIT_AND_RETRY,0.3633,2.0,587.03,63.06
FAIL_000539,PAY_003600,CUST_0212,SUB_0212,404.59,CARD_EXPIRED,PAYMENT_METHOD,low_engagement,UPDATE_PAYMENT_METHOD,0.651,3.0,260.39,161.84
FAIL_000070,PAY_000321,CUST_0025,SUB_0025,2062.52,INSUFFICIENT_FUNDS,CUSTOMER_FINANCIAL,normal,WAIT_AND_RETRY,0.4975,2.0,1024.18,181.54
FAIL_002183,PAY_013900,CUST_0811,SUB_0811,417.48,INSUFFICIENT_FUNDS,CUSTOMER_FINANCIAL,low_engagement,WAIT_AND_RETRY,0.476,2.0,196.72,53.19
FAIL_001507,PAY_009858,CUST_0582,SUB_0582,1476.54,INSUFFICIENT_FUNDS,CUSTOMER_FINANCIAL,normal,WAIT_AND_RETRY,0.5057,2.0,744.66,142.28
FAIL_000088,PAY_000486,CUST_0034,SUB_0034,3230.65,NETWORK_ERROR,TECHNICAL,reliable,RETRY_NOW,0.772,2.0,2492.06,323.06
FAIL_000685,PAY_004713,CUST_0278,SUB_0278,1144.71,INSUFFICIENT_FUNDS,CUSTOMER_FINANCIAL,friction_prone,WAIT_AND_RETRY,0.386,2.0,439.86,13.59
FAIL_002420,PAY_015055,CUST_0883,SUB_0883,1083.08,BANK_DECLINED,ISSUER_DECLINE,friction_prone,WAIT_AND_RETRY,0.3576,2.0,385.31,36.31
FAIL_002767,PAY_017041,CUST_0991,SUB_0991,885.95,INSUFFICIENT_FUNDS,CUSTOMER_FINANCIAL,friction_prone,WAIT_AND_RETRY,0.481,2.0,424.14,94.91
FAIL_000427,PAY_002785,CUST_0162,SUB_0162,293.46,CARD_EXPIRED,PAYMENT_METHOD,low_engagement,UPDATE_PAYMENT_METHOD,0.651,3.0,188.04,117.38
FAIL_000585,PAY_003929,CUST_0231,SUB_0231,812.86,AUTHENTICATION_FAILED,CUSTOMER_ACTION,friction_prone,UPDATE_PAYMENT_METHOD,0.525,3.0,423.75,121.93
FAIL_000247,PAY_001687,CUST_0106,SUB_0106,1201.46,INSUFFICIENT_FUNDS,CUSTOMER_FINANCIAL,normal,WAIT_AND_RETRY,0.513,2.0,614.4,124.8
FAIL_000362,PAY_002430,CUST_0142,SUB_0142,552.32,INSUFFICIENT_FUNDS,CUSTOMER_FINANCIAL,friction_prone,WAIT_AND_RETRY,0.4117,2.0,225.4,21.28
FAIL_001917,PAY_012314,CUST_0720,SUB_0720,566.77,INSUFFICIENT_FUNDS,CUSTOMER_FINANCIAL,friction_prone,WAIT_AND_RETRY,0.4253,2.0,239.02,29.48
FAIL_002306,PAY_014529,CUST_0853,SUB_0853,256.05,INSUFFICIENT_FUNDS,CUSTOMER_FINANCIAL,low_engagement,WAIT_AND_RETRY,0.4735,2.0,119.25,32.38
FAIL_000440,PAY_002878,CUST_0168,SUB_0168,1204.32,CARD_EXPIRED,PAYMENT_METHOD,normal,UPDATE_PAYMENT_METHOD,0.71,3.0,852.07,481.73
FAIL_001641,PAY_010872,CUST_0640,SUB_0640,1249.65,INSUFFICIENT_FUNDS,CUSTOMER_FINANCIAL,friction_prone,WAIT_AND_RETRY,0.4089,2.0,508.93,43.31
FAIL_001313,PAY_008631,CUST_0506,SUB_0506,1460.98,LIMIT_EXCEEDED,PAYMENT_LIMIT,friction_prone,PAYMENT_LINK,0.475,3.0,690.97,292.2
FAIL_001591,PAY_010622,CUST_0627,SUB_0627,200.0,AUTHENTICATION_FAILED,CUSTOMER_ACTION,friction_prone,UPDATE_PAYMENT_METHOD,0.525,3.0,102.0,30.0
FAIL_000248,PAY_001706,CUST_0106,SUB_0106,1201.46,BANK_DECLINED,ISSUER_DECLINE,normal,WAIT_AND_RETRY,0.463,2.0,554.32,124.8
FAIL_002308,PAY_014539,CUST_0853,SUB_0853,256.05,BANK_DECLINED,ISSUER_DECLINE,low_engagement,WAIT_AND_RETRY,0.4235,2.0,106.45,32.38
FAIL_000528,PAY_003566,CUST_0211,SUB_0211,1170.85,INSUFFICIENT_FUNDS,CUSTOMER_FINANCIAL,friction_prone,WAIT_AND_RETRY,0.4766,2.0,556.04,119.97
FAIL_001606,PAY_010709,CUST_0631,SUB_0631,761.44,AUTHENTICATION_FAILED,CUSTOMER_ACTION,low_engagement,UPDATE_PAYMENT_METHOD,0.501,3.0,378.48,114.22
FAIL_001582,PAY_010581,CUST_0626,SUB_0626,548.8,AUTHENTICATION_FAILED,CUSTOMER_ACTION,low_engagement,UPDATE_PAYMENT_METHOD,0.501,3.0,271.95,82.32
FAIL_000549,PAY_003688,CUST_0216,SUB_0216,851.26,NETWORK_ERROR,TECHNICAL,friction_prone,RETRY_NOW,0.6717,2.0,569.75,85.13
FAIL_001746,PAY_011483,CUST_0675,SUB_0675,859.71,CARD_EXPIRED,PAYMENT_METHOD,friction_prone,UPDATE_PAYMENT_METHOD,0.675,3.0,577.3,343.88
FAIL_002746,PAY_016914,CUST_0984,SUB_0984,634.7,AUTHENTICATION_FAILED,CUSTOMER_ACTION,low_engagement,UPDATE_PAYMENT_METHOD,0.501,3.0,314.98,95.21
FAIL_000857,PAY_005816,CUST_0353,SUB_0353,1421.41,NETWORK_ERROR,TECHNICAL,normal,RETRY_NOW,0.7539,2.0,1069.57,142.14
FAIL_001197,PAY_008025,CUST_0472,SUB_0472,1179.38,NETWORK_ERROR,TECHNICAL,reliable,RETRY_NOW,0.7768,2.0,914.19,117.94
FAIL_000065,PAY_000310,CUST_0023,SUB_0023,1192.85,CARD_EXPIRED,PAYMENT_METHOD,normal,UPDATE_PAYMENT_METHOD,0.71,3.0,843.92,477.14
FAIL_001912,PAY_012285,CUST_0719,SUB_0719,984.04,BANK_DECLINED,ISSUER_DECLINE,friction_prone,WAIT_AND_RETRY,0.436,2.0,427.04,110.23
FAIL_000638,PAY_004309,CUST_0253,SUB_0253,762.66,INSUFFICIENT_FUNDS,CUSTOMER_FINANCIAL,low_engagement,WAIT_AND_RETRY,0.476,2.0,361.03,96.33
FAIL_002474,PAY_015228,CUST_0894,SUB_0894,1406.99,NETWORK_ERROR,TECHNICAL,normal,RETRY_NOW,0.7546,2.0,1059.67,140.7
FAIL_000655,PAY_004471,CUST_0262,SUB_0262,1739.87,CARD_EXPIRED,PAYMENT_METHOD,reliable,UPDATE_PAYMENT_METHOD,0.751,3.0,1303.64,695.95
FAIL_000430,PAY_002817,CUST_0165,SUB_0165,3582.84,CARD_EXPIRED,PAYMENT_METHOD,reliable,UPDATE_PAYMENT_METHOD,0.751,3.0,2687.71,1433.14
FAIL_000245,PAY_001661,CUST_0104,SUB_0104,6500.08,INSUFFICIENT_FUNDS,CUSTOMER_FINANCIAL,high_value_loyal,WAIT_AND_RETRY,0.5253,2.0,3412.67,441.24
FAIL_000049,PAY_000265,CUST_0021,SUB_0021,7397.62,NETWORK_ERROR,TECHNICAL,high_value_loyal,RETRY_NOW,0.7016,2.0,5188.17,739.76
FAIL_001854,PAY_012023,CUST_0704,SUB_0704,685.76,NETWORK_ERROR,TECHNICAL,friction_prone,RETRY_NOW,0.726,2.0,495.86,68.58
FAIL_001115,PAY_007502,CUST_0444,SUB_0444,1927.55,INSUFFICIENT_FUNDS,CUSTOMER_FINANCIAL,friction_prone,WAIT_AND_RETRY,0.4134,2.0,794.86,75.03
FAIL_000244,PAY_001659,CUST_0104,SUB_0104,6500.08,LIMIT_EXCEEDED,PAYMENT_LIMIT,high_value_loyal,PAYMENT_LINK,0.5576,3.0,3621.44,1300.02
FAIL_001694,PAY_011088,CUST_0650,SUB_0650,300.09,BANK_DECLINED,ISSUER_DECLINE,friction_prone,WAIT_AND_RETRY,0.356,2.0,104.83,10.3
FAIL_000795,PAY_005451,CUST_0330,SUB_0330,998.82,INSUFFICIENT_FUNDS,CUSTOMER_FINANCIAL,normal,WAIT_AND_RETRY,0.5053,2.0,502.74,96.22
FAIL_002350,PAY_014792,CUST_0866,SUB_0866,1434.91,INSUFFICIENT_FUNDS,CUSTOMER_FINANCIAL,friction_prone,WAIT_AND_RETRY,0.4164,2.0,595.45,60.36
FAIL_000434,PAY_002842,CUST_0166,SUB_0166,365.57,LIMIT_EXCEEDED,PAYMENT_LIMIT,low_engagement,PAYMENT_LINK,0.451,3.0,161.87,73.11
FAIL_000541,PAY_003609,CUST_0213,SUB_0213,793.46,CARD_EXPIRED,PAYMENT_METHOD,normal,UPDATE_PAYMENT_METHOD,0.71,3.0,560.36,317.38
FAIL_001695,PAY_011089,CUST_0650,SUB_0650,300.09,BANK_DECLINED,ISSUER_DECLINE,friction_prone,WAIT_AND_RETRY,0.356,2.0,104.83,10.3
FAIL_002102,PAY_013401,CUST_0785,SUB_0785,1990.77,BANK_DECLINED,ISSUER_DECLINE,friction_prone,WAIT_AND_RETRY,0.371,2.0,736.58,92.58
FAIL_002047,PAY_012955,CUST_0759,SUB_0759,681.91,BANK_DECLINED,ISSUER_DECLINE,normal,WAIT_AND_RETRY,0.391,2.0,264.63,22.14
FAIL_001829,PAY_011947,CUST_0702,SUB_0702,618.03,AUTHENTICATION_FAILED,CUSTOMER_ACTION,normal,UPDATE_PAYMENT_METHOD,0.56,3.0,343.1,92.7
FAIL_001190,PAY_007953,CUST_0469,SUB_0469,725.12,NETWORK_ERROR,TECHNICAL,low_engagement,RETRY_NOW,0.6667,2.0,481.46,72.51
FAIL_000221,PAY_001474,CUST_0096,SUB_0096,722.92,LIMIT_EXCEEDED,PAYMENT_LIMIT,friction_prone,PAYMENT_LINK,0.475,3.0,340.39,144.58
FAIL_002589,PAY_015848,CUST_0926,SUB_0926,706.67,NETWORK_ERROR,TECHNICAL,reliable,RETRY_NOW,0.7758,2.0,546.27,70.67
FAIL_001615,PAY_010752,CUST_0633,SUB_0633,228.11,BANK_DECLINED,ISSUER_DECLINE,low_engagement,WAIT_AND_RETRY,0.3653,2.0,81.34,15.68
FAIL_001896,PAY_012203,CUST_0713,SUB_0713,200.0,NETWORK_ERROR,TECHNICAL,low_engagement,RETRY_NOW,0.7297,2.0,143.94,20.0
FAIL_002791,PAY_017179,CUST_1000,SUB_1000,307.85,INSUFFICIENT_FUNDS,CUSTOMER_FINANCIAL,low_engagement,WAIT_AND_RETRY,0.4199,2.0,127.27,22.22
FAIL_001415,PAY_009290,CUST_0552,SUB_0552,507.97,INSUFFICIENT_FUNDS,CUSTOMER_FINANCIAL,low_engagement,WAIT_AND_RETRY,0.4136,2.0,208.1,32.81
FAIL_000631,PAY_004241,CUST_0250,SUB_0250,10968.64,LIMIT_EXCEEDED,PAYMENT_LIMIT,high_value_loyal,PAYMENT_LINK,0.5576,3.0,6113.11,2193.73
FAIL_001294,PAY_008462,CUST_0493,SUB_0493,489.64,CARD_EXPIRED,PAYMENT_METHOD,low_engagement,UPDATE_PAYMENT_METHOD,0.651,3.0,315.76,195.86
FAIL_001476,PAY_009691,CUST_0576,SUB_0576,245.25,CARD_EXPIRED,PAYMENT_METHOD,friction_prone,UPDATE_PAYMENT_METHOD,0.675,3.0,162.54,98.1
FAIL_000723,PAY_004971,CUST_0298,SUB_0298,706.23,CARD_EXPIRED,PAYMENT_METHOD,friction_prone,UPDATE_PAYMENT_METHOD,0.675,3.0,473.71,282.49
FAIL_002508,PAY_015405,CUST_0905,SUB_0905,2661.58,NETWORK_ERROR,TECHNICAL,reliable,RETRY_NOW,0.7776,2.0,2067.52,266.16
FAIL_001266,PAY_008311,CUST_0486,SUB_0486,434.48,NETWORK_ERROR,TECHNICAL,friction_prone,RETRY_NOW,0.7327,2.0,316.33,43.45
FAIL_002103,PAY_013404,CUST_0785,SUB_0785,1990.77,INSUFFICIENT_FUNDS,CUSTOMER_FINANCIAL,friction_prone,WAIT_AND_RETRY,0.421,2.0,836.11,92.58
FAIL_002726,PAY_016779,CUST_0974,SUB_0974,285.57,INSUFFICIENT_FUNDS,CUSTOMER_FINANCIAL,friction_prone,WAIT_AND_RETRY,0.476,2.0,133.93,29.84
FAIL_001158,PAY_007803,CUST_0461,SUB_0461,1652.19,INSUFFICIENT_FUNDS,CUSTOMER_FINANCIAL,friction_prone,WAIT_AND_RETRY,0.4207,2.0,693.14,76.56
FAIL_001464,PAY_009648,CUST_0573,SUB_0573,557.68,INSUFFICIENT_FUNDS,CUSTOMER_FINANCIAL,friction_prone,WAIT_AND_RETRY,0.4204,2.0,232.45,26.32
FAIL_000940,PAY_006340,CUST_0380,SUB_0380,2093.21,INSUFFICIENT_FUNDS,CUSTOMER_FINANCIAL,friction_prone,WAIT_AND_RETRY,0.4782,2.0,999.02,217.07
FAIL_001497,PAY_009823,CUST_0581,SUB_0581,369.27,INSUFFICIENT_FUNDS,CUSTOMER_FINANCIAL,friction_prone,WAIT_AND_RETRY,0.406,2.0,147.92,12.45
FAIL_002408,PAY_015020,CUST_0881,SUB_0881,827.1,INSUFFICIENT_FUNDS,CUSTOMER_FINANCIAL,reliable,WAIT_AND_RETRY,0.5289,2.0,435.47,65.45
FAIL_001424,PAY_009339,CUST_0553,SUB_0553,2560.17,NETWORK_ERROR,TECHNICAL,reliable,RETRY_NOW,0.7788,2.0,1991.86,256.02
FAIL_000150,PAY_000843,CUST_0053,SUB_0053,619.66,BANK_DECLINED,ISSUER_DECLINE,low_engagement,WAIT_AND_RETRY,0.3476,2.0,213.36,29.85
FAIL_001173,PAY_007923,CUST_0468,SUB_0468,1737.7,INSUFFICIENT_FUNDS,CUSTOMER_FINANCIAL,friction_prone,WAIT_AND_RETRY,0.411,2.0,712.19,63.56
FAIL_002189,PAY_013914,CUST_0812,SUB_0812,926.3,INSUFFICIENT_FUNDS,CUSTOMER_FINANCIAL,low_engagement,WAIT_AND_RETRY,0.402,2.0,370.37,48.24
FAIL_001185,PAY_007943,CUST_0468,SUB_0468,1737.7,INSUFFICIENT_FUNDS,CUSTOMER_FINANCIAL,friction_prone,WAIT_AND_RETRY,0.411,2.0,712.19,63.56
FAIL_002347,PAY_014780,CUST_0866,SUB_0866,1434.91,INSUFFICIENT_FUNDS,CUSTOMER_FINANCIAL,friction_prone,WAIT_AND_RETRY,0.4164,2.0,595.45,60.36
FAIL_001259,PAY_008290,CUST_0484,SUB_0484,846.76,BANK_DECLINED,ISSUER_DECLINE,low_engagement,WAIT_AND_RETRY,0.4226,2.0,355.85,103.97
FAIL_001363,PAY_009018,CUST_0533,SUB_0533,444.14,AUTHENTICATION_FAILED,CUSTOMER_ACTION,low_engagement,UPDATE_PAYMENT_METHOD,0.501,3.0,219.51,66.62
FAIL_002730,PAY_016827,CUST_0977,SUB_0977,1338.23,INSUFFICIENT_FUNDS,CUSTOMER_FINANCIAL,normal,WAIT_AND_RETRY,0.4975,2.0,663.82,118.14
FAIL_002731,PAY_016830,CUST_0978,SUB_0978,445.63,BANK_DECLINED,ISSUER_DECLINE,friction_prone,WAIT_AND_RETRY,0.4267,2.0,188.14,46.32
FAIL_001515,PAY_009970,CUST_0588,SUB_0588,278.46,BANK_DECLINED,ISSUER_DECLINE,low_engagement,WAIT_AND_RETRY,0.364,2.0,99.36,18.54
FAIL_002703,PAY_016663,CUST_0970,SUB_0970,827.8,CARD_EXPIRED,PAYMENT_METHOD,low_engagement,UPDATE_PAYMENT_METHOD,0.651,3.0,535.9,331.12
FAIL_002780,PAY_017119,CUST_0998,SUB_0998,1639.15,BANK_DECLINED,ISSUER_DECLINE,normal,WAIT_AND_RETRY,0.4522,2.0,739.24,152.14
FAIL_002161,PAY_013802,CUST_0807,SUB_0807,200.0,INSUFFICIENT_FUNDS,CUSTOMER_FINANCIAL,low_engagement,WAIT_AND_RETRY,0.4195,2.0,81.9,14.7
FAIL_000396,PAY_002645,CUST_0156,SUB_0156,985.5,INSUFFICIENT_FUNDS,CUSTOMER_FINANCIAL,friction_prone,WAIT_AND_RETRY,0.406,2.0,398.11,31.55
FAIL_002579,PAY_015819,CUST_0925,SUB_0925,200.0,BANK_DECLINED,ISSUER_DECLINE,low_engagement,WAIT_AND_RETRY,0.3629,2.0,70.58,13.38
FAIL_002289,PAY_014452,CUST_0847,SUB_0847,2483.09,NETWORK_ERROR,TECHNICAL,friction_prone,RETRY_NOW,0.7282,2.0,1806.25,248.31
FAIL_000515,PAY_003478,CUST_0205,SUB_0205,11719.99,AUTHENTICATION_FAILED,CUSTOMER_ACTION,high_value_loyal,UPDATE_PAYMENT_METHOD,0.6076,3.0,7118.07,1758.0
FAIL_001932,PAY_012394,CUST_0725,SUB_0725,1331.22,BANK_DECLINED,ISSUER_DECLINE,normal,WAIT_AND_RETRY,0.45,2.0,597.05,120.81
FAIL_000055,PAY_000274,CUST_0022,SUB_0022,929.98,NETWORK_ERROR,TECHNICAL,normal,RETRY_NOW,0.686,2.0,635.97,93.0
FAIL_001652,PAY_010894,CUST_0640,SUB_0640,1249.65,INSUFFICIENT_FUNDS,CUSTOMER_FINANCIAL,friction_prone,WAIT_AND_RETRY,0.4089,2.0,508.93,43.31
FAIL_000028,PAY_000182,CUST_0015,SUB_0015,1187.03,INSUFFICIENT_FUNDS,CUSTOMER_FINANCIAL,friction_prone,WAIT_AND_RETRY,0.4174,2.0,493.5,51.37
FAIL_001753,PAY_011512,CUST_0676,SUB_0676,208.63,NETWORK_ERROR,TECHNICAL,low_engagement,RETRY_NOW,0.7275,2.0,149.77,20.86
FAIL_002075,PAY_013163,CUST_0770,SUB_0770,601.44,BANK_DECLINED,ISSUER_DECLINE,low_engagement,WAIT_AND_RETRY,0.422,2.0,251.81,73.77
FAIL_001800,PAY_011821,CUST_0694,SUB_0694,1377.46,NETWORK_ERROR,TECHNICAL,friction_prone,RETRY_NOW,0.6539,2.0,898.72,137.75
FAIL_000462,PAY_003015,CUST_0174,SUB_0174,623.9,INSUFFICIENT_FUNDS,CUSTOMER_FINANCIAL,low_engagement,WAIT_AND_RETRY,0.473,2.0,293.07,77.09
FAIL_001485,PAY_009756,CUST_0578,SUB_0578,1586.51,INSUFFICIENT_FUNDS,CUSTOMER_FINANCIAL,friction_prone,WAIT_AND_RETRY,0.422,2.0,667.51,75.57
FAIL_001232,PAY_008157,CUST_0479,SUB_0479,493.48,CARD_EXPIRED,PAYMENT_METHOD,low_engagement,UPDATE_PAYMENT_METHOD,0.651,3.0,318.26,197.39
FAIL_002665,PAY_016419,CUST_0958,SUB_0958,1863.63,CARD_EXPIRED,PAYMENT_METHOD,normal,UPDATE_PAYMENT_METHOD,0.71,3.0,1320.18,745.45
FAIL_002384,PAY_014938,CUST_0875,SUB_0875,1152.64,CARD_EXPIRED,PAYMENT_METHOD,friction_prone,UPDATE_PAYMENT_METHOD,0.675,3.0,775.03,461.06
FAIL_001226,PAY_008133,CUST_0477,SUB_0477,580.5,BANK_DECLINED,ISSUER_DECLINE,friction_prone,WAIT_AND_RETRY,0.3664,2.0,210.68,25.01
FAIL_002547,PAY_015628,CUST_0915,SUB_0915,1705.4,NETWORK_ERROR,TECHNICAL,friction_prone,RETRY_NOW,0.6649,2.0,1131.9,170.54
FAIL_001543,PAY_010322,CUST_0609,SUB_0609,1520.27,INSUFFICIENT_FUNDS,CUSTOMER_FINANCIAL,friction_prone,WAIT_AND_RETRY,0.4172,2.0,632.26,65.16
FAIL_001616,PAY_010759,CUST_0633,SUB_0633,228.11,CARD_EXPIRED,PAYMENT_METHOD,low_engagement,UPDATE_PAYMENT_METHOD,0.651,3.0,145.5,91.24
FAIL_002609,PAY_016049,CUST_0935,SUB_0935,295.63,NETWORK_ERROR,TECHNICAL,low_engagement,RETRY_NOW,0.6707,2.0,196.27,29.56
FAIL_000928,PAY_006209,CUST_0375,SUB_0375,1091.55,NETWORK_ERROR,TECHNICAL,low_engagement,RETRY_NOW,0.7272,2.0,791.76,109.15
FAIL_002033,PAY_012883,CUST_0755,SUB_0755,1278.96,CARD_EXPIRED,PAYMENT_METHOD,low_engagement,UPDATE_PAYMENT_METHOD,0.651,3.0,829.6,511.58
FAIL_001946,PAY_012485,CUST_0731,SUB_0731,1784.87,BANK_DECLINED,ISSUER_DECLINE,friction_prone,WAIT_AND_RETRY,0.4294,2.0,764.51,187.43
FAIL_001773,PAY_011695,CUST_0686,SUB_0686,752.05,INSUFFICIENT_FUNDS,CUSTOMER_FINANCIAL,friction_prone,WAIT_AND_RETRY,0.4789,2.0,358.12,79.1
FAIL_002199,PAY_014027,CUST_0819,SUB_0819,1986.45,LIMIT_EXCEEDED,PAYMENT_LIMIT,reliable,PAYMENT_LINK,0.551,3.0,1091.53,397.29
FAIL_000086,PAY_000442,CUST_0031,SUB_0031,1539.65,INSUFFICIENT_FUNDS,CUSTOMER_FINANCIAL,reliable,WAIT_AND_RETRY,0.5293,2.0,812.99,121.61
FAIL_001922,PAY_012341,CUST_0722,SUB_0722,1554.01,BANK_DECLINED,ISSUER_DECLINE,normal,WAIT_AND_RETRY,0.4563,2.0,707.1,150.66
FAIL_002164,PAY_013813,CUST_0807,SUB_0807,200.0,INSUFFICIENT_FUNDS,CUSTOMER_FINANCIAL,low_engagement,WAIT_AND_RETRY,0.4195,2.0,81.9,14.7
FAIL_000872,PAY_005920,CUST_0358,SUB_0358,533.16,CARD_EXPIRED,PAYMENT_METHOD,normal,UPDATE_PAYMENT_METHOD,0.71,3.0,375.54,213.26
FAIL_000529,PAY_003571,CUST_0211,SUB_0211,1170.85,INSUFFICIENT_FUNDS,CUSTOMER_FINANCIAL,friction_prone,WAIT_AND_RETRY,0.4766,2.0,556.04,119.97
FAIL_001306,PAY_008542,CUST_0501,SUB_0501,1796.45,NETWORK_ERROR,TECHNICAL,reliable,RETRY_NOW,0.7053,2.0,1265.1,179.64
FAIL_000729,PAY_005009,CUST_0300,SUB_0300,1306.39,INSUFFICIENT_FUNDS,CUSTOMER_FINANCIAL,normal,WAIT_AND_RETRY,0.511,2.0,665.57,132.95
FAIL_001305,PAY_008540,CUST_0500,SUB_0500,878.95,NETWORK_ERROR,TECHNICAL,friction_prone,RETRY_NOW,0.6727,2.0,589.24,87.89
FAIL_000957,PAY_006427,CUST_0386,SUB_0386,978.94,INSUFFICIENT_FUNDS,CUSTOMER_FINANCIAL,normal,WAIT_AND_RETRY,0.4449,2.0,433.57,35.21
FAIL_002721,PAY_016742,CUST_0972,SUB_0972,10043.11,INSUFFICIENT_FUNDS,CUSTOMER_FINANCIAL,high_value_loyal,WAIT_AND_RETRY,0.5283,2.0,5303.41,710.69
FAIL_000381,PAY_002571,CUST_0152,SUB_0152,979.43,NETWORK_ERROR,TECHNICAL,normal,RETRY_NOW,0.7478,2.0,730.43,97.94
FAIL_002779,PAY_017117,CUST_0997,SUB_0997,885.93,BANK_DECLINED,ISSUER_DECLINE,friction_prone,WAIT_AND_RETRY,0.356,2.0,313.39,28.46
FAIL_000493,PAY_003229,CUST_0188,SUB_0188,221.49,BANK_DECLINED,ISSUER_DECLINE,low_engagement,WAIT_AND_RETRY,0.4238,2.0,91.87,28.2
FAIL_000657,PAY_004503,CUST_0264,SUB_0264,457.82,INSUFFICIENT_FUNDS,CUSTOMER_FINANCIAL,friction_prone,WAIT_AND_RETRY,0.4782,2.0,216.94,48.26
FAIL_001280,PAY_008407,CUST_0491,SUB_0491,540.07,BANK_DECLINED,ISSUER_DECLINE,friction_prone,WAIT_AND_RETRY,0.371,2.0,198.37,25.84
FAIL_001688,PAY_011070,CUST_0650,SUB_0650,300.09,BANK_DECLINED,ISSUER_DECLINE,friction_prone,WAIT_AND_RETRY,0.356,2.0,104.83,10.3
FAIL_002612,PAY_016079,CUST_0939,SUB_0939,368.13,AUTHENTICATION_FAILED,CUSTOMER_ACTION,low_engagement,UPDATE_PAYMENT_METHOD,0.501,3.0,181.43,55.22
FAIL_000409,PAY_002665,CUST_0156,SUB_0156,985.5,BANK_DECLINED,ISSUER_DECLINE,friction_prone,WAIT_AND_RETRY,0.356,2.0,348.84,31.55
FAIL_000332,PAY_002199,CUST_0130,SUB_0130,785.26,INSUFFICIENT_FUNDS,CUSTOMER_FINANCIAL,friction_prone,WAIT_AND_RETRY,0.4039,2.0,315.16,23.69
FAIL_000858,PAY_005820,CUST_0353,SUB_0353,1421.41,BANK_DECLINED,ISSUER_DECLINE,normal,WAIT_AND_RETRY,0.4539,2.0,643.15,134.44
FAIL_002093,PAY_013325,CUST_0780,SUB_0780,2075.84,NETWORK_ERROR,TECHNICAL,normal,RETRY_NOW,0.7546,2.0,1564.36,207.58
FAIL_000578,PAY_003899,CUST_0228,SUB_0228,662.65,BANK_DECLINED,ISSUER_DECLINE,low_engagement,WAIT_AND_RETRY,0.362,2.0,237.88,41.42
FAIL_001791,PAY_011781,CUST_0690,SUB_0690,1914.49,BANK_DECLINED,ISSUER_DECLINE,normal,WAIT_AND_RETRY,0.4482,2.0,856.12,169.9
FAIL_002107,PAY_013412,CUST_0786,SUB_0786,313.47,CARD_EXPIRED,PAYMENT_METHOD,low_engagement,UPDATE_PAYMENT_METHOD,0.651,3.0,201.07,125.39
FAIL_000754,PAY_005160,CUST_0307,SUB_0307,2288.88,BANK_DECLINED,ISSUER_DECLINE,friction_prone,WAIT_AND_RETRY,0.3633,2.0,829.49,88.6
FAIL_001162,PAY_007818,CUST_0462,SUB_0462,1399.49,INSUFFICIENT_FUNDS,CUSTOMER_FINANCIAL,friction_prone,WAIT_AND_RETRY,0.4236,2.0,590.82,69.02
FAIL_001815,PAY_011882,CUST_0698,SUB_0698,636.44,INSUFFICIENT_FUNDS,CUSTOMER_FINANCIAL,friction_prone,WAIT_AND_RETRY,0.4231,2.0,267.31,31.64
FAIL_002385,PAY_014941,CUST_0875,SUB_0875,1152.64,INSUFFICIENT_FUNDS,CUSTOMER_FINANCIAL,friction_prone,WAIT_AND_RETRY,0.4101,2.0,470.74,41.5
FAIL_001726,PAY_011326,CUST_0666,SUB_0666,1090.5,NETWORK_ERROR,TECHNICAL,friction_prone,RETRY_NOW,0.6672,2.0,725.58,109.05
FAIL_000480,PAY_003102,CUST_0181,SUB_0181,860.38,CARD_EXPIRED,PAYMENT_METHOD,low_engagement,UPDATE_PAYMENT_METHOD,0.651,3.0,557.11,344.15
FAIL_001147,PAY_007758,CUST_0458,SUB_0458,3086.94,CARD_EXPIRED,PAYMENT_METHOD,normal,UPDATE_PAYMENT_METHOD,0.71,3.0,2188.73,1234.78
FAIL_000584,PAY_003919,CUST_0230,SUB_0230,937.32,INSUFFICIENT_FUNDS,CUSTOMER_FINANCIAL,friction_prone,WAIT_AND_RETRY,0.4193,2.0,391.05,42.56
FAIL_000910,PAY_006109,CUST_0371,SUB_0371,1607.44,BANK_DECLINED,ISSUER_DECLINE,friction_prone,WAIT_AND_RETRY,0.4289,2.0,687.36,167.94
FAIL_000487,PAY_003140,CUST_0183,SUB_0183,640.85,BANK_DECLINED,ISSUER_DECLINE,friction_prone,WAIT_AND_RETRY,0.4371,2.0,278.12,72.85
FAIL_000747,PAY_005149,CUST_0307,SUB_0307,2288.88,CARD_EXPIRED,PAYMENT_METHOD,friction_prone,UPDATE_PAYMENT_METHOD,0.675,3.0,1541.99,915.55
FAIL_001504,PAY_009840,CUST_0582,SUB_0582,1476.54,NETWORK_ERROR,TECHNICAL,normal,RETRY_NOW,0.7557,2.0,1113.79,147.65
FAIL_001720,PAY_011278,CUST_0663,SUB_0663,774.01,NETWORK_ERROR,TECHNICAL,normal,RETRY_NOW,0.756,2.0,583.15,77.4
FAIL_001539,PAY_010295,CUST_0608,SUB_0608,1135.3,INSUFFICIENT_FUNDS,CUSTOMER_FINANCIAL,normal,WAIT_AND_RETRY,0.5101,2.0,577.08,114.61
FAIL_001919,PAY_012329,CUST_0722,SUB_0722,1554.01,INSUFFICIENT_FUNDS,CUSTOMER_FINANCIAL,normal,WAIT_AND_RETRY,0.5063,2.0,784.8,150.66
FAIL_000371,PAY_002465,CUST_0145,SUB_0145,1162.18,NETWORK_ERROR,TECHNICAL,low_engagement,RETRY_NOW,0.7242,2.0,839.68,116.22
FAIL_000333,PAY_002201,CUST_0130,SUB_0130,785.26,NETWORK_ERROR,TECHNICAL,friction_prone,RETRY_NOW,0.6539,2.0,511.48,78.53
FAIL_001826,PAY_011941,CUST_0702,SUB_0702,618.03,INSUFFICIENT_FUNDS,CUSTOMER_FINANCIAL,normal,WAIT_AND_RETRY,0.5042,2.0,309.58,59.19
FAIL_001076,PAY_007288,CUST_0434,SUB_0434,418.23,AUTHENTICATION_FAILED,CUSTOMER_ACTION,normal,UPDATE_PAYMENT_METHOD,0.56,3.0,231.21,62.73
FAIL_001808,PAY_011835,CUST_0695,SUB_0695,11278.62,INSUFFICIENT_FUNDS,CUSTOMER_FINANCIAL,high_value_loyal,WAIT_AND_RETRY,0.5136,2.0,5790.7,632.6
FAIL_000690,PAY_004742,CUST_0280,SUB_0280,454.9,CARD_EXPIRED,PAYMENT_METHOD,low_engagement,UPDATE_PAYMENT_METHOD,0.651,3.0,293.14,181.96
FAIL_001343,PAY_008881,CUST_0523,SUB_0523,1492.87,CARD_EXPIRED,PAYMENT_METHOD,normal,UPDATE_PAYMENT_METHOD,0.71,3.0,1056.94,597.15
FAIL_001135,PAY_007715,CUST_0457,SUB_0457,1961.94,CARD_EXPIRED,PAYMENT_METHOD,friction_prone,UPDATE_PAYMENT_METHOD,0.675,3.0,1321.31,784.78
FAIL_002531,PAY_015561,CUST_0912,SUB_0912,1241.22,BANK_DECLINED,ISSUER_DECLINE,low_engagement,WAIT_AND_RETRY,0.3612,2.0,446.37,75.76
FAIL_001722,PAY_011314,CUST_0665,SUB_0665,374.12,INSUFFICIENT_FUNDS,CUSTOMER_FINANCIAL,low_engagement,WAIT_AND_RETRY,0.402,2.0,148.4,20.08
FAIL_002371,PAY_014908,CUST_0874,SUB_0874,763.19,INSUFFICIENT_FUNDS,CUSTOMER_FINANCIAL,low_engagement,WAIT_AND_RETRY,0.4754,2.0,360.86,95.98
FAIL_002239,PAY_014250,CUST_0835,SUB_0835,846.73,INSUFFICIENT_FUNDS,CUSTOMER_FINANCIAL,normal,WAIT_AND_RETRY,0.5,2.0,421.37,77.21
FAIL_001218,PAY_008117,CUST_0476,SUB_0476,457.08,INSUFFICIENT_FUNDS,CUSTOMER_FINANCIAL,low_engagement,WAIT_AND_RETRY,0.473,2.0,214.18,56.74
FAIL_002533,PAY_015565,CUST_0912,SUB_0912,1241.22,NETWORK_ERROR,TECHNICAL,low_engagement,RETRY_NOW,0.6612,2.0,818.73,124.12
FAIL_000394,PAY_002637,CUST_0155,SUB_0155,663.98,BANK_DECLINED,ISSUER_DECLINE,friction_prone,WAIT_AND_RETRY,0.371,2.0,244.34,31.54
FAIL_002563,PAY_015688,CUST_0918,SUB_0918,595.63,NETWORK_ERROR,TECHNICAL,friction_prone,RETRY_NOW,0.6717,2.0,398.06,59.56
FAIL_000700,PAY_004782,CUST_0283,SUB_0283,7559.48,NETWORK_ERROR,TECHNICAL,high_value_loyal,RETRY_NOW,0.7786,2.0,5883.81,755.95
FAIL_002434,PAY_015080,CUST_0886,SUB_0886,938.96,BANK_DECLINED,ISSUER_DECLINE,low_engagement,WAIT_AND_RETRY,0.3677,2.0,343.21,63.59
FAIL_001818,PAY_011889,CUST_0699,SUB_0699,5610.27,NETWORK_ERROR,TECHNICAL,high_value_loyal,RETRY_NOW,0.7736,2.0,4338.1,561.03
FAIL_001283,PAY_008413,CUST_0491,SUB_0491,540.07,NETWORK_ERROR,TECHNICAL,friction_prone,RETRY_NOW,0.671,2.0,360.39,54.01
FAIL_001450,PAY_009533,CUST_0565,SUB_0565,200.0,INSUFFICIENT_FUNDS,CUSTOMER_FINANCIAL,friction_prone,WAIT_AND_RETRY,0.4193,2.0,81.87,9.87
FAIL_000038,PAY_000216,CUST_0019,SUB_0019,2269.23,NETWORK_ERROR,TECHNICAL,reliable,RETRY_NOW,0.777,2.0,1761.19,226.92
FAIL_002012,PAY_012766,CUST_0747,SUB_0747,795.67,LIMIT_EXCEEDED,PAYMENT_LIMIT,low_engagement,PAYMENT_LINK,0.451,3.0,355.85,159.13
FAIL_001042,PAY_007101,CUST_0426,SUB_0426,542.66,BANK_DECLINED,ISSUER_DECLINE,friction_prone,WAIT_AND_RETRY,0.426,2.0,229.17,55.81
FAIL_002715,PAY_016708,CUST_0971,SUB_0971,401.23,AUTHENTICATION_FAILED,CUSTOMER_ACTION,friction_prone,UPDATE_PAYMENT_METHOD,0.525,3.0,207.65,60.18
FAIL_000192,PAY_001266,CUST_0083,SUB_0083,1152.82,INSUFFICIENT_FUNDS,CUSTOMER_FINANCIAL,friction_prone,WAIT_AND_RETRY,0.4183,2.0,480.23,50.92
FAIL_000262,PAY_001775,CUST_0110,SUB_0110,697.76,AUTHENTICATION_FAILED,CUSTOMER_ACTION,normal,UPDATE_PAYMENT_METHOD,0.56,3.0,387.75,104.66
FAIL_001418,PAY_009303,CUST_0552,SUB_0552,507.97,INSUFFICIENT_FUNDS,CUSTOMER_FINANCIAL,low_engagement,WAIT_AND_RETRY,0.4136,2.0,208.1,32.81
FAIL_000772,PAY_005312,CUST_0318,SUB_0318,9947.05,INSUFFICIENT_FUNDS,CUSTOMER_FINANCIAL,high_value_loyal,WAIT_AND_RETRY,0.5256,2.0,5226.17,677.4
FAIL_002509,PAY_015425,CUST_0906,SUB_0906,368.38,AUTHENTICATION_FAILED,CUSTOMER_ACTION,low_engagement,UPDATE_PAYMENT_METHOD,0.501,3.0,181.56,55.26
FAIL_002394,PAY_014954,CUST_0875,SUB_0875,1152.64,BANK_DECLINED,ISSUER_DECLINE,friction_prone,WAIT_AND_RETRY,0.3601,2.0,413.11,41.5
FAIL_001703,PAY_011188,CUST_0659,SUB_0659,1906.5,INSUFFICIENT_FUNDS,CUSTOMER_FINANCIAL,friction_prone,WAIT_AND_RETRY,0.4193,2.0,797.46,85.53
FAIL_000803,PAY_005498,CUST_0333,SUB_0333,1523.74,BANK_DECLINED,ISSUER_DECLINE,friction_prone,WAIT_AND_RETRY,0.3503,2.0,531.75,39.53
FAIL_002058,PAY_013062,CUST_0764,SUB_0764,880.92,NETWORK_ERROR,TECHNICAL,low_engagement,RETRY_NOW,0.7292,2.0,640.37,88.09
FAIL_000717,PAY_004936,CUST_0295,SUB_0295,454.8,INSUFFICIENT_FUNDS,CUSTOMER_FINANCIAL,friction_prone,WAIT_AND_RETRY,0.3927,2.0,176.58,9.03
FAIL_000290,PAY_001899,CUST_0117,SUB_0117,1714.93,INSUFFICIENT_FUNDS,CUSTOMER_FINANCIAL,friction_prone,WAIT_AND_RETRY,0.4146,2.0,708.96,68.86
FAIL_001966,PAY_012614,CUST_0737,SUB_0737,997.2,NETWORK_ERROR,TECHNICAL,low_engagement,RETRY_NOW,0.7245,2.0,720.47,99.72
FAIL_002513,PAY_015472,CUST_0908,SUB_0908,210.14,AUTHENTICATION_FAILED,CUSTOMER_ACTION,friction_prone,UPDATE_PAYMENT_METHOD,0.525,3.0,107.32,31.52
FAIL_000308,PAY_002013,CUST_0121,SUB_0121,746.25,AUTHENTICATION_FAILED,CUSTOMER_ACTION,low_engagement,UPDATE_PAYMENT_METHOD,0.501,3.0,370.87,111.94
FAIL_002085,PAY_013286,CUST_0778,SUB_0778,1859.33,BANK_DECLINED,ISSUER_DECLINE,normal,WAIT_AND_RETRY,0.4494,2.0,833.67,167.31
FAIL_000582,PAY_003916,CUST_0229,SUB_0229,902.45,CARD_EXPIRED,PAYMENT_METHOD,friction_prone,UPDATE_PAYMENT_METHOD,0.675,3.0,606.15,360.98
FAIL_002565,PAY_015697,CUST_0919,SUB_0919,1309.45,BANK_DECLINED,ISSUER_DECLINE,normal,WAIT_AND_RETRY,0.4535,2.0,591.84,123.44
FAIL_000194,PAY_001283,CUST_0083,SUB_0083,1152.82,AUTHENTICATION_FAILED,CUSTOMER_ACTION,friction_prone,UPDATE_PAYMENT_METHOD,0.525,3.0,602.23,172.92
FAIL_001588,PAY_010611,CUST_0627,SUB_0627,200.0,NETWORK_ERROR,TECHNICAL,friction_prone,RETRY_NOW,0.6624,2.0,130.49,20.0
FAIL_002378,PAY_014923,CUST_0874,SUB_0874,763.19,INSUFFICIENT_FUNDS,CUSTOMER_FINANCIAL,low_engagement,WAIT_AND_RETRY,0.4754,2.0,360.86,95.98
FAIL_000686,PAY_004727,CUST_0279,SUB_0279,1302.62,BANK_DECLINED,ISSUER_DECLINE,friction_prone,WAIT_AND_RETRY,0.4268,2.0,553.96,133.61
FAIL_001630,PAY_010814,CUST_0636,SUB_0636,666.71,BANK_DECLINED,ISSUER_DECLINE,friction_prone,WAIT_AND_RETRY,0.3591,2.0,237.4,23.72
FAIL_000693,PAY_004761,CUST_0281,SUB_0281,913.36,NETWORK_ERROR,TECHNICAL,normal,RETRY_NOW,0.75,2.0,683.02,91.34
FAIL_000838,PAY_005698,CUST_0348,SUB_0348,10125.65,INSUFFICIENT_FUNDS,CUSTOMER_FINANCIAL,high_value_loyal,WAIT_AND_RETRY,0.5218,2.0,5281.08,650.58
FAIL_000794,PAY_005447,CUST_0330,SUB_0330,998.82,AUTHENTICATION_FAILED,CUSTOMER_ACTION,normal,UPDATE_PAYMENT_METHOD,0.56,3.0,556.34,149.82
FAIL_002253,PAY_014364,CUST_0841,SUB_0841,609.78,INSUFFICIENT_FUNDS,CUSTOMER_FINANCIAL,friction_prone,WAIT_AND_RETRY,0.418,2.0,252.89,27.22
FAIL_001317,PAY_008665,CUST_0508,SUB_0508,676.53,INSUFFICIENT_FUNDS,CUSTOMER_FINANCIAL,normal,WAIT_AND_RETRY,0.4417,2.0,296.79,22.42
FAIL_000746,PAY_005148,CUST_0307,SUB_0307,2288.88,LIMIT_EXCEEDED,PAYMENT_LIMIT,friction_prone,PAYMENT_LINK,0.475,3.0,1084.22,457.78
FAIL_000326,PAY_002190,CUST_0130,SUB_0130,785.26,NETWORK_ERROR,TECHNICAL,friction_prone,RETRY_NOW,0.6539,2.0,511.48,78.53
FAIL_002201,PAY_014032,CUST_0819,SUB_0819,1986.45,CARD_EXPIRED,PAYMENT_METHOD,reliable,UPDATE_PAYMENT_METHOD,0.751,3.0,1488.82,794.58
FAIL_001192,PAY_007958,CUST_0469,SUB_0469,725.12,BANK_DECLINED,ISSUER_DECLINE,low_engagement,WAIT_AND_RETRY,0.3667,2.0,263.93,48.67
FAIL_001910,PAY_012271,CUST_0718,SUB_0718,799.44,NETWORK_ERROR,TECHNICAL,low_engagement,RETRY_NOW,0.726,2.0,578.39,79.94
FAIL_001899,PAY_012226,CUST_0715,SUB_0715,805.01,NETWORK_ERROR,TECHNICAL,reliable,RETRY_NOW,0.7713,2.0,618.93,80.5
FAIL_000508,PAY_003438,CUST_0200,SUB_0200,339.89,BANK_DECLINED,ISSUER_DECLINE,low_engagement,WAIT_AND_RETRY,0.4287,2.0,143.7,44.39
FAIL_002734,PAY_016835,CUST_0978,SUB_0978,445.63,INSUFFICIENT_FUNDS,CUSTOMER_FINANCIAL,friction_prone,WAIT_AND_RETRY,0.4767,2.0,210.43,46.32
FAIL_000354,PAY_002325,CUST_0137,SUB_0137,1355.73,INSUFFICIENT_FUNDS,CUSTOMER_FINANCIAL,normal,WAIT_AND_RETRY,0.506,2.0,684.0,131.15
FAIL_002628,PAY_016145,CUST_0942,SUB_0942,568.27,LIMIT_EXCEEDED,PAYMENT_LIMIT,friction_prone,PAYMENT_LINK,0.475,3.0,266.93,113.65
FAIL_000173,PAY_001091,CUST_0072,SUB_0072,614.63,BANK_DECLINED,ISSUER_DECLINE,friction_prone,WAIT_AND_RETRY,0.4327,2.0,263.93,67.17
FAIL_000704,PAY_004812,CUST_0286,SUB_0286,1293.21,INSUFFICIENT_FUNDS,CUSTOMER_FINANCIAL,normal,WAIT_AND_RETRY,0.5084,2.0,655.45,128.23
FAIL_000212,PAY_001445,CUST_0094,SUB_0094,251.16,CARD_EXPIRED,PAYMENT_METHOD,low_engagement,UPDATE_PAYMENT_METHOD,0.651,3.0,160.51,100.46
FAIL_001957,PAY_012578,CUST_0736,SUB_0736,573.26,INSUFFICIENT_FUNDS,CUSTOMER_FINANCIAL,low_engagement,WAIT_AND_RETRY,0.4844,2.0,275.68,77.46
FAIL_000127,PAY_000778,CUST_0050,SUB_0050,1733.33,INSUFFICIENT_FUNDS,CUSTOMER_FINANCIAL,normal,WAIT_AND_RETRY,0.506,2.0,875.06,167.4
FAIL_002406,PAY_014998,CUST_0880,SUB_0880,963.61,INSUFFICIENT_FUNDS,CUSTOMER_FINANCIAL,low_engagement,WAIT_AND_RETRY,0.412,2.0,395.01,59.78
FAIL_001027,PAY_006942,CUST_0417,SUB_0417,850.96,INSUFFICIENT_FUNDS,CUSTOMER_FINANCIAL,friction_prone,WAIT_AND_RETRY,0.481,2.0,407.31,91.2
FAIL_002572,PAY_015747,CUST_0921,SUB_0921,415.4,LIMIT_EXCEEDED,PAYMENT_LIMIT,friction_prone,PAYMENT_LINK,0.475,3.0,194.31,83.08
FAIL_000659,PAY_004552,CUST_0267,SUB_0267,768.06,INSUFFICIENT_FUNDS,CUSTOMER_FINANCIAL,friction_prone,WAIT_AND_RETRY,0.476,2.0,363.6,78.57
FAIL_000386,PAY_002620,CUST_0155,SUB_0155,663.98,INSUFFICIENT_FUNDS,CUSTOMER_FINANCIAL,friction_prone,WAIT_AND_RETRY,0.421,2.0,277.54,31.54
FAIL_000922,PAY_006189,CUST_0374,SUB_0374,1655.04,CARD_EXPIRED,PAYMENT_METHOD,friction_prone,UPDATE_PAYMENT_METHOD,0.675,3.0,1114.15,662.02
FAIL_000085,PAY_000404,CUST_0030,SUB_0030,1347.23,BANK_DECLINED,ISSUER_DECLINE,friction_prone,WAIT_AND_RETRY,0.436,2.0,585.39,150.54
FAIL_002229,PAY_014200,CUST_0831,SUB_0831,5317.8,NETWORK_ERROR,TECHNICAL,high_value_loyal,RETRY_NOW,0.7763,2.0,4126.36,531.78
FAIL_001597,PAY_010635,CUST_0627,SUB_0627,200.0,INSUFFICIENT_FUNDS,CUSTOMER_FINANCIAL,friction_prone,WAIT_AND_RETRY,0.4124,2.0,80.49,8.49
FAIL_001039,PAY_007053,CUST_0422,SUB_0422,306.79,INSUFFICIENT_FUNDS,CUSTOMER_FINANCIAL,low_engagement,WAIT_AND_RETRY,0.4787,2.0,144.85,40.17
FAIL_002722,PAY_016758,CUST_0973,SUB_0973,12790.64,INSUFFICIENT_FUNDS,CUSTOMER_FINANCIAL,high_value_loyal,WAIT_AND_RETRY,0.5277,2.0,6747.26,897.27
FAIL_000158,PAY_000903,CUST_0058,SUB_0058,1656.39,NETWORK_ERROR,TECHNICAL,reliable,RETRY_NOW,0.7731,2.0,1278.57,165.64
FAIL_000588,PAY_003983,CUST_0235,SUB_0235,1093.64,BANK_DECLINED,ISSUER_DECLINE,friction_prone,WAIT_AND_RETRY,0.372,2.0,404.83,52.4
FAIL_000756,PAY_005164,CUST_0307,SUB_0307,2288.88,BANK_DECLINED,ISSUER_DECLINE,friction_prone,WAIT_AND_RETRY,0.3633,2.0,829.49,88.6
FAIL_000117,PAY_000725,CUST_0046,SUB_0046,405.71,INSUFFICIENT_FUNDS,CUSTOMER_FINANCIAL,friction_prone,WAIT_AND_RETRY,0.4236,2.0,169.86,20.72
FAIL_000078,PAY_000347,CUST_0026,SUB_0026,15000.0,BANK_DECLINED,ISSUER_DECLINE,high_value_loyal,WAIT_AND_RETRY,0.4769,2.0,7152.04,1041.04
FAIL_001384,PAY_009112,CUST_0540,SUB_0540,2023.63,NETWORK_ERROR,TECHNICAL,friction_prone,RETRY_NOW,0.7282,2.0,1471.66,202.36
FAIL_002116,PAY_013462,CUST_0787,SUB_0787,1715.08,NETWORK_ERROR,TECHNICAL,normal,RETRY_NOW,0.6953,2.0,1190.42,171.51
FAIL_001592,PAY_010625,CUST_0627,SUB_0627,200.0,CARD_EXPIRED,PAYMENT_METHOD,friction_prone,UPDATE_PAYMENT_METHOD,0.675,3.0,132.0,80.0
FAIL_001609,PAY_010715,CUST_0631,SUB_0631,761.44,INSUFFICIENT_FUNDS,CUSTOMER_FINANCIAL,low_engagement,WAIT_AND_RETRY,0.4185,2.0,316.64,52.38
FAIL_002635,PAY_016215,CUST_0947,SUB_0947,773.95,CARD_EXPIRED,PAYMENT_METHOD,low_engagement,UPDATE_PAYMENT_METHOD,0.651,3.0,500.84,309.58
FAIL_002179,PAY_013881,CUST_0810,SUB_0810,1736.57,NETWORK_ERROR,TECHNICAL,friction_prone,RETRY_NOW,0.6753,2.0,1170.63,173.66
FAIL_000116,PAY_000723,CUST_0046,SUB_0046,405.71,CARD_EXPIRED,PAYMENT_METHOD,friction_prone,UPDATE_PAYMENT_METHOD,0.675,3.0,270.85,162.28
FAIL_001758,PAY_011550,CUST_0679,SUB_0679,1699.94,BANK_DECLINED,ISSUER_DECLINE,normal,WAIT_AND_RETRY,0.451,2.0,764.67,155.69
FAIL_000621,PAY_004165,CUST_0245,SUB_0245,4573.71,INSUFFICIENT_FUNDS,CUSTOMER_FINANCIAL,reliable,WAIT_AND_RETRY,0.5256,2.0,2401.94,342.2
FAIL_002251,PAY_014362,CUST_0841,SUB_0841,609.78,BANK_DECLINED,ISSUER_DECLINE,friction_prone,WAIT_AND_RETRY,0.368,2.0,222.4,27.22
FAIL_002237,PAY_014241,CUST_0835,SUB_0835,846.73,INSUFFICIENT_FUNDS,CUSTOMER_FINANCIAL,normal,WAIT_AND_RETRY,0.5,2.0,421.37,77.21
FAIL_000140,PAY_000829,CUST_0053,SUB_0053,619.66,INSUFFICIENT_FUNDS,CUSTOMER_FINANCIAL,low_engagement,WAIT_AND_RETRY,0.3976,2.0,244.35,29.85
FAIL_000901,PAY_006034,CUST_0366,SUB_0366,1420.91,LIMIT_EXCEEDED,PAYMENT_LIMIT,normal,PAYMENT_LINK,0.51,3.0,721.66,284.18
FAIL_000310,PAY_002026,CUST_0122,SUB_0122,2857.25,AUTHENTICATION_FAILED,CUSTOMER_ACTION,normal,UPDATE_PAYMENT_METHOD,0.56,3.0,1597.06,428.59
FAIL_002646,PAY_016282,CUST_0949,SUB_0949,974.33,NETWORK_ERROR,TECHNICAL,low_engagement,RETRY_NOW,0.7272,2.0,706.52,97.43
FAIL_002413,PAY_015043,CUST_0883,SUB_0883,1083.08,INSUFFICIENT_FUNDS,CUSTOMER_FINANCIAL,friction_prone,WAIT_AND_RETRY,0.4076,2.0,439.46,36.31
FAIL_000920,PAY_006156,CUST_0373,SUB_0373,1062.38,NETWORK_ERROR,TECHNICAL,normal,RETRY_NOW,0.7556,2.0,800.7,106.24
FAIL_001489,PAY_009780,CUST_0580,SUB_0580,1096.45,BANK_DECLINED,ISSUER_DECLINE,low_engagement,WAIT_AND_RETRY,0.4239,2.0,462.82,135.79
FAIL_001900,PAY_012230,CUST_0716,SUB_0716,1897.02,INSUFFICIENT_FUNDS,CUSTOMER_FINANCIAL,reliable,WAIT_AND_RETRY,0.5284,2.0,1000.31,147.75
FAIL_000363,PAY_002433,CUST_0142,SUB_0142,552.32,BANK_DECLINED,ISSUER_DECLINE,friction_prone,WAIT_AND_RETRY,0.3617,2.0,197.78,21.28
FAIL_001579,PAY_010563,CUST_0625,SUB_0625,2210.87,INSUFFICIENT_FUNDS,CUSTOMER_FINANCIAL,friction_prone,WAIT_AND_RETRY,0.4217,2.0,930.23,104.15
FAIL_000314,PAY_002053,CUST_0123,SUB_0123,11232.86,INSUFFICIENT_FUNDS,CUSTOMER_FINANCIAL,high_value_loyal,WAIT_AND_RETRY,0.5288,2.0,5937.4,800.24
FAIL_001963,PAY_012609,CUST_0737,SUB_0737,997.2,INSUFFICIENT_FUNDS,CUSTOMER_FINANCIAL,low_engagement,WAIT_AND_RETRY,0.4745,2.0,471.17,124.15
FAIL_000405,PAY_002660,CUST_0156,SUB_0156,985.5,CARD_EXPIRED,PAYMENT_METHOD,friction_prone,UPDATE_PAYMENT_METHOD,0.675,3.0,662.21,394.2
FAIL_000525,PAY_003560,CUST_0211,SUB_0211,1170.85,BANK_DECLINED,ISSUER_DECLINE,friction_prone,WAIT_AND_RETRY,0.4266,2.0,497.49,119.97
FAIL_000300,PAY_001949,CUST_0119,SUB_0119,15000.0,LIMIT_EXCEEDED,PAYMENT_LIMIT,high_value_loyal,PAYMENT_LINK,0.5576,3.0,8361.0,3000.0
FAIL_002034,PAY_012884,CUST_0755,SUB_0755,1278.96,AUTHENTICATION_FAILED,CUSTOMER_ACTION,low_engagement,UPDATE_PAYMENT_METHOD,0.501,3.0,637.76,191.84
FAIL_001451,PAY_009534,CUST_0565,SUB_0565,200.0,INSUFFICIENT_FUNDS,CUSTOMER_FINANCIAL,friction_prone,WAIT_AND_RETRY,0.4193,2.0,81.87,9.87
FAIL_001417,PAY_009299,CUST_0552,SUB_0552,507.97,CARD_EXPIRED,PAYMENT_METHOD,low_engagement,UPDATE_PAYMENT_METHOD,0.651,3.0,327.69,203.19
FAIL_000720,PAY_004963,CUST_0298,SUB_0298,706.23,INSUFFICIENT_FUNDS,CUSTOMER_FINANCIAL,friction_prone,WAIT_AND_RETRY,0.4164,2.0,292.05,30.22
FAIL_000716,PAY_004935,CUST_0295,SUB_0295,454.8,INSUFFICIENT_FUNDS,CUSTOMER_FINANCIAL,friction_prone,WAIT_AND_RETRY,0.3927,2.0,176.58,9.03
FAIL_002558,PAY_015667,CUST_0918,SUB_0918,595.63,BANK_DECLINED,ISSUER_DECLINE,friction_prone,WAIT_AND_RETRY,0.3717,2.0,219.37,28.79
FAIL_001045,PAY_007109,CUST_0426,SUB_0426,542.66,NETWORK_ERROR,TECHNICAL,friction_prone,RETRY_NOW,0.726,2.0,391.97,54.27
FAIL_001262,PAY_008300,CUST_0485,SUB_0485,929.62,INSUFFICIENT_FUNDS,CUSTOMER_FINANCIAL,friction_prone,WAIT_AND_RETRY,0.4096,2.0,378.81,33.2
FAIL_001235,PAY_008168,CUST_0479,SUB_0479,493.48,CARD_EXPIRED,PAYMENT_METHOD,low_engagement,UPDATE_PAYMENT_METHOD,0.651,3.0,318.26,197.39
FAIL_001046,PAY_007111,CUST_0426,SUB_0426,542.66,BANK_DECLINED,ISSUER_DECLINE,friction_prone,WAIT_AND_RETRY,0.426,2.0,229.17,55.81
FAIL_002345,PAY_014765,CUST_0865,SUB_0865,1983.69,BANK_DECLINED,ISSUER_DECLINE,normal,WAIT_AND_RETRY,0.4482,2.0,887.14,176.01
FAIL_000345,PAY_002269,CUST_0135,SUB_0135,771.04,INSUFFICIENT_FUNDS,CUSTOMER_FINANCIAL,friction_prone,WAIT_AND_RETRY,0.4805,2.0,368.5,82.36
FAIL_001856,PAY_012027,CUST_0705,SUB_0705,937.29,NETWORK_ERROR,TECHNICAL,low_engagement,RETRY_NOW,0.7227,2.0,675.37,93.73
FAIL_001521,PAY_010021,CUST_0591,SUB_0591,9218.33,INSUFFICIENT_FUNDS,CUSTOMER_FINANCIAL,high_value_loyal,WAIT_AND_RETRY,0.5298,2.0,4881.8,666.49
FAIL_001273,PAY_008387,CUST_0491,SUB_0491,540.07,INSUFFICIENT_FUNDS,CUSTOMER_FINANCIAL,friction_prone,WAIT_AND_RETRY,0.421,2.0,225.37,25.84
FAIL_000636,PAY_004301,CUST_0252,SUB_0252,609.3,INSUFFICIENT_FUNDS,CUSTOMER_FINANCIAL,low_engagement,WAIT_AND_RETRY,0.4153,2.0,251.06,40.2
FAIL_001584,PAY_010598,CUST_0626,SUB_0626,548.8,INSUFFICIENT_FUNDS,CUSTOMER_FINANCIAL,low_engagement,WAIT_AND_RETRY,0.4162,2.0,226.41,36.78
FAIL_002040,PAY_012912,CUST_0757,SUB_0757,1032.33,CARD_EXPIRED,PAYMENT_METHOD,low_engagement,UPDATE_PAYMENT_METHOD,0.651,3.0,669.05,412.93
FAIL_001074,PAY_007280,CUST_0434,SUB_0434,418.23,INSUFFICIENT_FUNDS,CUSTOMER_FINANCIAL,normal,WAIT_AND_RETRY,0.5035,2.0,208.58,40.11
FAIL_001993,PAY_012704,CUST_0744,SUB_0744,200.0,INSUFFICIENT_FUNDS,CUSTOMER_FINANCIAL,low_engagement,WAIT_AND_RETRY,0.4183,2.0,81.66,14.46
FAIL_002514,PAY_015477,CUST_0908,SUB_0908,210.14,INSUFFICIENT_FUNDS,CUSTOMER_FINANCIAL,friction_prone,WAIT_AND_RETRY,0.476,2.0,98.03,22.22
FAIL_001428,PAY_009379,CUST_0555,SUB_0555,7113.82,LIMIT_EXCEEDED,PAYMENT_LIMIT,high_value_loyal,PAYMENT_LINK,0.5576,3.0,3963.67,1422.76
FAIL_000217,PAY_001467,CUST_0096,SUB_0096,722.92,BANK_DECLINED,ISSUER_DECLINE,friction_prone,WAIT_AND_RETRY,0.3631,2.0,260.46,28.51
FAIL_000895,PAY_006006,CUST_0364,SUB_0364,376.34,INSUFFICIENT_FUNDS,CUSTOMER_FINANCIAL,friction_prone,WAIT_AND_RETRY,0.4129,2.0,153.39,15.26
FAIL_002542,PAY_015619,CUST_0915,SUB_0915,1705.4,CARD_EXPIRED,PAYMENT_METHOD,friction_prone,UPDATE_PAYMENT_METHOD,0.675,3.0,1148.14,682.16
FAIL_001612,PAY_010747,CUST_0633,SUB_0633,228.11,NETWORK_ERROR,TECHNICAL,low_engagement,RETRY_NOW,0.6653,2.0,149.77,22.81
FAIL_002584,PAY_015826,CUST_0925,SUB_0925,200.0,INSUFFICIENT_FUNDS,CUSTOMER_FINANCIAL,low_engagement,WAIT_AND_RETRY,0.4129,2.0,80.58,13.38
FAIL_000352,PAY_002311,CUST_0136,SUB_0136,671.28,NETWORK_ERROR,TECHNICAL,low_engagement,RETRY_NOW,0.7287,2.0,487.14,67.13
FAIL_001407,PAY_009219,CUST_0547,SUB_0547,2231.07,AUTHENTICATION_FAILED,CUSTOMER_ACTION,friction_prone,UPDATE_PAYMENT_METHOD,0.525,3.0,1168.31,334.66
FAIL_001881,PAY_012116,CUST_0708,SUB_0708,1097.17,BANK_DECLINED,ISSUER_DECLINE,normal,WAIT_AND_RETRY,0.4505,2.0,492.3,100.32
FAIL_000830,PAY_005621,CUST_0343,SUB_0343,308.67,AUTHENTICATION_FAILED,CUSTOMER_ACTION,low_engagement,UPDATE_PAYMENT_METHOD,0.501,3.0,151.64,46.3
FAIL_002694,PAY_016593,CUST_0967,SUB_0967,10771.74,INSUFFICIENT_FUNDS,CUSTOMER_FINANCIAL,high_value_loyal,WAIT_AND_RETRY,0.5261,2.0,5664.97,738.82
FAIL_001523,PAY_010051,CUST_0593,SUB_0593,11278.37,CARD_EXPIRED,PAYMENT_METHOD,high_value_loyal,UPDATE_PAYMENT_METHOD,0.7576,3.0,8541.49,4511.35
FAIL_000856,PAY_005811,CUST_0353,SUB_0353,1421.41,LIMIT_EXCEEDED,PAYMENT_LIMIT,normal,PAYMENT_LINK,0.51,3.0,721.92,284.28
FAIL_000829,PAY_005616,CUST_0343,SUB_0343,308.67,NETWORK_ERROR,TECHNICAL,low_engagement,RETRY_NOW,0.7353,2.0,224.98,30.87
FAIL_001175,PAY_007929,CUST_0468,SUB_0468,1737.7,INSUFFICIENT_FUNDS,CUSTOMER_FINANCIAL,friction_prone,WAIT_AND_RETRY,0.411,2.0,712.19,63.56
FAIL_000880,PAY_005946,CUST_0359,SUB_0359,762.6,BANK_DECLINED,ISSUER_DECLINE,low_engagement,WAIT_AND_RETRY,0.427,2.0,323.63,97.09
FAIL_001180,PAY_007936,CUST_0468,SUB_0468,1737.7,BANK_DECLINED,ISSUER_DECLINE,friction_prone,WAIT_AND_RETRY,0.361,2.0,625.31,63.56
FAIL_000642,PAY_004330,CUST_0254,SUB_0254,1610.91,BANK_DECLINED,ISSUER_DECLINE,normal,WAIT_AND_RETRY,0.4482,2.0,720.05,143.12
FAIL_000160,PAY_000936,CUST_0059,SUB_0059,1862.26,INSUFFICIENT_FUNDS,CUSTOMER_FINANCIAL,reliable,WAIT_AND_RETRY,0.5273,2.0,979.96,143.08
FAIL_001852,PAY_012020,CUST_0704,SUB_0704,685.76,INSUFFICIENT_FUNDS,CUSTOMER_FINANCIAL,friction_prone,WAIT_AND_RETRY,0.476,2.0,324.42,70.26
FAIL_002461,PAY_015190,CUST_0891,SUB_0891,13553.62,BANK_DECLINED,ISSUER_DECLINE,high_value_loyal,WAIT_AND_RETRY,0.4713,2.0,6385.77,864.31
FAIL_000894,PAY_006002,CUST_0364,SUB_0364,376.34,CARD_EXPIRED,PAYMENT_METHOD,friction_prone,UPDATE_PAYMENT_METHOD,0.675,3.0,251.03,150.54
FAIL_002587,PAY_015841,CUST_0926,SUB_0926,706.67,NETWORK_ERROR,TECHNICAL,reliable,RETRY_NOW,0.7758,2.0,546.27,70.67
FAIL_001520,PAY_010006,CUST_0591,SUB_0591,9218.33,NETWORK_ERROR,TECHNICAL,high_value_loyal,RETRY_NOW,0.7798,2.0,7186.38,921.83
FAIL_002403,PAY_014988,CUST_0879,SUB_0879,289.72,BANK_DECLINED,ISSUER_DECLINE,low_engagement,WAIT_AND_RETRY,0.4358,2.0,124.27,40.07
FAIL_002382,PAY_014935,CUST_0875,SUB_0875,1152.64,INSUFFICIENT_FUNDS,CUSTOMER_FINANCIAL,friction_prone,WAIT_AND_RETRY,0.4101,2.0,470.74,41.5
FAIL_001145,PAY_007752,CUST_0458,SUB_0458,3086.94,BANK_DECLINED,ISSUER_DECLINE,normal,WAIT_AND_RETRY,0.3865,2.0,1191.19,82.89
FAIL_001902,PAY_012253,CUST_0718,SUB_0718,799.44,CARD_EXPIRED,PAYMENT_METHOD,low_engagement,UPDATE_PAYMENT_METHOD,0.651,3.0,517.44,319.78
FAIL_002275,PAY_014419,CUST_0845,SUB_0845,1868.13,LIMIT_EXCEEDED,PAYMENT_LIMIT,normal,PAYMENT_LINK,0.51,3.0,949.75,373.63
FAIL_001091,PAY_007345,CUST_0436,SUB_0436,829.5,AUTHENTICATION_FAILED,CUSTOMER_ACTION,friction_prone,UPDATE_PAYMENT_METHOD,0.525,3.0,432.49,124.43
FAIL_001677,PAY_011008,CUST_0647,SUB_0647,1055.34,BANK_DECLINED,ISSUER_DECLINE,friction_prone,WAIT_AND_RETRY,0.366,2.0,384.25,44.27
FAIL_000265,PAY_001782,CUST_0110,SUB_0110,697.76,CARD_EXPIRED,PAYMENT_METHOD,normal,UPDATE_PAYMENT_METHOD,0.71,3.0,492.41,279.1
FAIL_002036,PAY_012904,CUST_0757,SUB_0757,1032.33,INSUFFICIENT_FUNDS,CUSTOMER_FINANCIAL,low_engagement,WAIT_AND_RETRY,0.4163,2.0,427.75,68.4
FAIL_001346,PAY_008892,CUST_0525,SUB_0525,7349.37,BANK_DECLINED,ISSUER_DECLINE,high_value_loyal,WAIT_AND_RETRY,0.4806,2.0,3530.4,537.8
FAIL_002546,PAY_015623,CUST_0915,SUB_0915,1705.4,INSUFFICIENT_FUNDS,CUSTOMER_FINANCIAL,friction_prone,WAIT_AND_RETRY,0.4149,2.0,705.55,69.02
FAIL_002738,PAY_016852,CUST_0978,SUB_0978,445.63,BANK_DECLINED,ISSUER_DECLINE,friction_prone,WAIT_AND_RETRY,0.4267,2.0,188.14,46.32
FAIL_000246,PAY_001684,CUST_0106,SUB_0106,1201.46,NETWORK_ERROR,TECHNICAL,normal,RETRY_NOW,0.763,2.0,914.76,120.15
FAIL_002724,PAY_016773,CUST_0974,SUB_0974,285.57,BANK_DECLINED,ISSUER_DECLINE,friction_prone,WAIT_AND_RETRY,0.426,2.0,119.65,29.84
FAIL_000593,PAY_004007,CUST_0236,SUB_0236,1414.91,INSUFFICIENT_FUNDS,CUSTOMER_FINANCIAL,friction_prone,WAIT_AND_RETRY,0.418,2.0,589.43,61.84
FAIL_000524,PAY_003556,CUST_0211,SUB_0211,1170.85,NETWORK_ERROR,TECHNICAL,friction_prone,RETRY_NOW,0.7266,2.0,848.75,117.08
FAIL_002166,PAY_013819,CUST_0807,SUB_0807,200.0,AUTHENTICATION_FAILED,CUSTOMER_ACTION,low_engagement,UPDATE_PAYMENT_METHOD,0.501,3.0,97.2,30.0
FAIL_001969,PAY_012624,CUST_0738,SUB_0738,15000.0,INSUFFICIENT_FUNDS,CUSTOMER_FINANCIAL,high_value_loyal,WAIT_AND_RETRY,0.5247,2.0,7868.68,1007.68
FAIL_001508,PAY_009891,CUST_0585,SUB_0585,15000.0,AUTHENTICATION_FAILED,CUSTOMER_ACTION,high_value_loyal,UPDATE_PAYMENT_METHOD,0.6076,3.0,9111.0,2250.0
FAIL_002757,PAY_017010,CUST_0989,SUB_0989,997.84,BANK_DECLINED,ISSUER_DECLINE,friction_prone,WAIT_AND_RETRY,0.356,2.0,353.23,31.93
FAIL_000016,PAY_000128,CUST_0013,SUB_0013,709.07,BANK_DECLINED,ISSUER_DECLINE,friction_prone,WAIT_AND_RETRY,0.4346,2.0,306.14,78.69
FAIL_000113,PAY_000707,CUST_0046,SUB_0046,405.71,BANK_DECLINED,ISSUER_DECLINE,friction_prone,WAIT_AND_RETRY,0.3736,2.0,149.57,20.72
FAIL_000810,PAY_005508,CUST_0334,SUB_0334,382.28,NETWORK_ERROR,TECHNICAL,low_engagement,RETRY_NOW,0.66,2.0,250.3,38.23
FAIL_000452,PAY_002971,CUST_0173,SUB_0173,655.36,CARD_EXPIRED,PAYMENT_METHOD,low_engagement,UPDATE_PAYMENT_METHOD,0.651,3.0,423.64,262.14
FAIL_002046,PAY_012950,CUST_0759,SUB_0759,681.91,BANK_DECLINED,ISSUER_DECLINE,normal,WAIT_AND_RETRY,0.391,2.0,264.63,22.14
FAIL_000632,PAY_004280,CUST_0252,SUB_0252,609.3,NETWORK_ERROR,TECHNICAL,low_engagement,RETRY_NOW,0.6653,2.0,403.39,60.93
FAIL_001080,PAY_007309,CUST_0435,SUB_0435,779.11,INSUFFICIENT_FUNDS,CUSTOMER_FINANCIAL,low_engagement,WAIT_AND_RETRY,0.4211,2.0,326.11,55.64
FAIL_002079,PAY_013253,CUST_0774,SUB_0774,281.45,INSUFFICIENT_FUNDS,CUSTOMER_FINANCIAL,low_engagement,WAIT_AND_RETRY,0.472,2.0,130.84,35.06
FAIL_001215,PAY_008105,CUST_0476,SUB_0476,457.08,CARD_EXPIRED,PAYMENT_METHOD,low_engagement,UPDATE_PAYMENT_METHOD,0.651,3.0,294.56,182.83
FAIL_000581,PAY_003914,CUST_0229,SUB_0229,902.45,INSUFFICIENT_FUNDS,CUSTOMER_FINANCIAL,friction_prone,WAIT_AND_RETRY,0.4131,2.0,370.76,35.34
FAIL_000228,PAY_001496,CUST_0097,SUB_0097,4903.48,AUTHENTICATION_FAILED,CUSTOMER_ACTION,reliable,UPDATE_PAYMENT_METHOD,0.601,3.0,2943.99,735.52
FAIL_002178,PAY_013878,CUST_0810,SUB_0810,1736.57,NETWORK_ERROR,TECHNICAL,friction_prone,RETRY_NOW,0.6753,2.0,1170.63,173.66
FAIL_001736,PAY_011417,CUST_0671,SUB_0671,550.66,INSUFFICIENT_FUNDS,CUSTOMER_FINANCIAL,normal,WAIT_AND_RETRY,0.5032,2.0,275.09,52.32
FAIL_002018,PAY_012782,CUST_0747,SUB_0747,795.67,INSUFFICIENT_FUNDS,CUSTOMER_FINANCIAL,low_engagement,WAIT_AND_RETRY,0.4163,2.0,329.23,52.95
FAIL_002153,PAY_013784,CUST_0806,SUB_0806,778.26,INSUFFICIENT_FUNDS,CUSTOMER_FINANCIAL,low_engagement,WAIT_AND_RETRY,0.4056,2.0,313.69,43.52
FAIL_000442,PAY_002887,CUST_0169,SUB_0169,14872.16,LIMIT_EXCEEDED,PAYMENT_LIMIT,high_value_loyal,PAYMENT_LINK,0.5576,3.0,8289.72,2974.43
FAIL_002148,PAY_013745,CUST_0804,SUB_0804,1094.39,AUTHENTICATION_FAILED,CUSTOMER_ACTION,normal,UPDATE_PAYMENT_METHOD,0.56,3.0,609.86,164.16
FAIL_000849,PAY_005777,CUST_0352,SUB_0352,953.66,NETWORK_ERROR,TECHNICAL,normal,RETRY_NOW,0.7577,2.0,720.61,95.37
FAIL_001814,PAY_011875,CUST_0698,SUB_0698,636.44,BANK_DECLINED,ISSUER_DECLINE,friction_prone,WAIT_AND_RETRY,0.3731,2.0,235.48,31.64
FAIL_002140,PAY_013682,CUST_0799,SUB_0799,1078.38,INSUFFICIENT_FUNDS,CUSTOMER_FINANCIAL,friction_prone,WAIT_AND_RETRY,0.476,2.0,511.31,109.92
FAIL_001603,PAY_010677,CUST_0629,SUB_0629,6133.24,NETWORK_ERROR,TECHNICAL,high_value_loyal,RETRY_NOW,0.7733,2.0,4740.71,613.32
FAIL_002492,PAY_015341,CUST_0901,SUB_0901,1460.37,CARD_EXPIRED,PAYMENT_METHOD,normal,UPDATE_PAYMENT_METHOD,0.71,3.0,1033.86,584.15
FAIL_002400,PAY_014960,CUST_0877,SUB_0877,1893.79,BANK_DECLINED,ISSUER_DECLINE,friction_prone,WAIT_AND_RETRY,0.356,2.0,672.19,59.71
FAIL_000168,PAY_001023,CUST_0064,SUB_0064,656.63,NETWORK_ERROR,TECHNICAL,normal,RETRY_NOW,0.7537,2.0,492.9,65.66
FAIL_002380,PAY_014929,CUST_0875,SUB_0875,1152.64,INSUFFICIENT_FUNDS,CUSTOMER_FINANCIAL,friction_prone,WAIT_AND_RETRY,0.4101,2.0,470.74,41.5
FAIL_002069,PAY_013099,CUST_0766,SUB_0766,1882.53,INSUFFICIENT_FUNDS,CUSTOMER_FINANCIAL,friction_prone,WAIT_AND_RETRY,0.411,2.0,771.72,68.77
FAIL_000319,PAY_002143,CUST_0127,SUB_0127,861.92,INSUFFICIENT_FUNDS,CUSTOMER_FINANCIAL,friction_prone,WAIT_AND_RETRY,0.4821,2.0,413.52,93.3
FAIL_001396,PAY_009181,CUST_0545,SUB_0545,321.75,NETWORK_ERROR,TECHNICAL,low_engagement,RETRY_NOW,0.726,2.0,231.59,32.17
FAIL_000174,PAY_001096,CUST_0073,SUB_0073,1637.14,NETWORK_ERROR,TECHNICAL,friction_prone,RETRY_NOW,0.666,2.0,1088.34,163.71
FAIL_001222,PAY_008123,CUST_0477,SUB_0477,580.5,NETWORK_ERROR,TECHNICAL,friction_prone,RETRY_NOW,0.6664,2.0,384.83,58.05
FAIL_002292,PAY_014464,CUST_0849,SUB_0849,951.12,BANK_DECLINED,ISSUER_DECLINE,low_engagement,WAIT_AND_RETRY,0.36,2.0,340.4,57.12
FAIL_001648,PAY_010887,CUST_0640,SUB_0640,1249.65,CARD_EXPIRED,PAYMENT_METHOD,friction_prone,UPDATE_PAYMENT_METHOD,0.675,3.0,840.51,499.86
FAIL_000639,PAY_004318,CUST_0253,SUB_0253,762.66,NETWORK_ERROR,TECHNICAL,low_engagement,RETRY_NOW,0.726,2.0,551.69,76.27
FAIL_000758,PAY_005186,CUST_0309,SUB_0309,1591.11,BANK_DECLINED,ISSUER_DECLINE,friction_prone,WAIT_AND_RETRY,0.3714,2.0,588.91,74.8
FAIL_002615,PAY_016085,CUST_0939,SUB_0939,368.13,NETWORK_ERROR,TECHNICAL,low_engagement,RETRY_NOW,0.7287,2.0,266.24,36.81
FAIL_000699,PAY_004776,CUST_0283,SUB_0283,7559.48,BANK_DECLINED,ISSUER_DECLINE,high_value_loyal,WAIT_AND_RETRY,0.4786,2.0,3615.97,537.72
FAIL_001585,PAY_010599,CUST_0626,SUB_0626,548.8,INSUFFICIENT_FUNDS,CUSTOMER_FINANCIAL,low_engagement,WAIT_AND_RETRY,0.4162,2.0,226.41,36.78
FAIL_000860,PAY_005830,CUST_0353,SUB_0353,1421.41,NETWORK_ERROR,TECHNICAL,normal,RETRY_NOW,0.7539,2.0,1069.57,142.14
FAIL_000771,PAY_005311,CUST_0318,SUB_0318,9947.05,NETWORK_ERROR,TECHNICAL,high_value_loyal,RETRY_NOW,0.7756,2.0,7712.93,994.7
FAIL_001340,PAY_008853,CUST_0521,SUB_0521,1196.46,BANK_DECLINED,ISSUER_DECLINE,friction_prone,WAIT_AND_RETRY,0.3649,2.0,434.57,48.72
FAIL_001562,PAY_010458,CUST_0617,SUB_0617,469.95,NETWORK_ERROR,TECHNICAL,normal,RETRY_NOW,0.6781,2.0,316.67,47.0
FAIL_001437,PAY_009445,CUST_0559,SUB_0559,595.41,INSUFFICIENT_FUNDS,CUSTOMER_FINANCIAL,reliable,WAIT_AND_RETRY,0.5276,2.0,312.11,46.58
FAIL_000063,PAY_000308,CUST_0023,SUB_0023,1192.85,BANK_DECLINED,ISSUER_DECLINE,normal,WAIT_AND_RETRY,0.4489,2.0,533.42,106.99
FAIL_002574,PAY_015782,CUST_0923,SUB_0923,786.88,INSUFFICIENT_FUNDS,CUSTOMER_FINANCIAL,low_engagement,WAIT_AND_RETRY,0.4781,2.0,374.2,101.0
FAIL_001760,PAY_011569,CUST_0680,SUB_0680,1595.24,NETWORK_ERROR,TECHNICAL,friction_prone,RETRY_NOW,0.6672,2.0,1062.34,159.52
FAIL_002248,PAY_014298,CUST_0838,SUB_0838,367.08,BANK_DECLINED,ISSUER_DECLINE,normal,WAIT_AND_RETRY,0.4584,2.0,166.26,37.11
FAIL_001581,PAY_010578,CUST_0625,SUB_0625,2210.87,BANK_DECLINED,ISSUER_DECLINE,friction_prone,WAIT_AND_RETRY,0.3717,2.0,819.68,104.15
FAIL_001711,PAY_011213,CUST_0660,SUB_0660,2082.3,BANK_DECLINED,ISSUER_DECLINE,normal,WAIT_AND_RETRY,0.4546,2.0,944.55,197.92
FAIL_002278,PAY_014432,CUST_0846,SUB_0846,518.72,CARD_EXPIRED,PAYMENT_METHOD,low_engagement,UPDATE_PAYMENT_METHOD,0.651,3.0,334.69,207.49
FAIL_000013,PAY_000111,CUST_0011,SUB_0011,1603.39,INSUFFICIENT_FUNDS,CUSTOMER_FINANCIAL,friction_prone,WAIT_AND_RETRY,0.4104,2.0,656.11,57.84
FAIL_000719,PAY_004959,CUST_0298,SUB_0298,706.23,INSUFFICIENT_FUNDS,CUSTOMER_FINANCIAL,friction_prone,WAIT_AND_RETRY,0.4164,2.0,292.05,30.22
FAIL_002387,PAY_014943,CUST_0875,SUB_0875,1152.64,CARD_EXPIRED,PAYMENT_METHOD,friction_prone,UPDATE_PAYMENT_METHOD,0.675,3.0,775.03,461.06
FAIL_001554,PAY_010356,CUST_0610,SUB_0610,11684.35,INSUFFICIENT_FUNDS,CUSTOMER_FINANCIAL,high_value_loyal,WAIT_AND_RETRY,0.5176,2.0,6045.82,702.06
FAIL_001775,PAY_011703,CUST_0687,SUB_0687,345.77,LIMIT_EXCEEDED,PAYMENT_LIMIT,normal,PAYMENT_LINK,0.51,3.0,173.34,69.15
FAIL_000370,PAY_002462,CUST_0145,SUB_0145,1162.18,AUTHENTICATION_FAILED,CUSTOMER_ACTION,low_engagement,UPDATE_PAYMENT_METHOD,0.501,3.0,579.25,174.33
FAIL_002549,PAY_015630,CUST_0915,SUB_0915,1705.4,BANK_DECLINED,ISSUER_DECLINE,friction_prone,WAIT_AND_RETRY,0.3649,2.0,620.28,69.02
FAIL_001751,PAY_011498,CUST_0676,SUB_0676,208.63,BANK_DECLINED,ISSUER_DECLINE,low_engagement,WAIT_AND_RETRY,0.4275,2.0,87.18,27.38
FAIL_001248,PAY_008231,CUST_0482,SUB_0482,1120.08,AUTHENTICATION_FAILED,CUSTOMER_ACTION,normal,UPDATE_PAYMENT_METHOD,0.56,3.0,624.24,168.01
FAIL_000054,PAY_000273,CUST_0022,SUB_0022,929.98,LIMIT_EXCEEDED,PAYMENT_LIMIT,normal,PAYMENT_LINK,0.51,3.0,471.29,186.0
FAIL_002538,PAY_015605,CUST_0914,SUB_0914,1851.67,INSUFFICIENT_FUNDS,CUSTOMER_FINANCIAL,normal,WAIT_AND_RETRY,0.5,2.0,923.84,167.65
FAIL_001257,PAY_008286,CUST_0484,SUB_0484,846.76,AUTHENTICATION_FAILED,CUSTOMER_ACTION,low_engagement,UPDATE_PAYMENT_METHOD,0.501,3.0,421.23,127.01
FAIL_001274,PAY_008389,CUST_0491,SUB_0491,540.07,INSUFFICIENT_FUNDS,CUSTOMER_FINANCIAL,friction_prone,WAIT_AND_RETRY,0.421,2.0,225.37,25.84
FAIL_001149,PAY_007763,CUST_0459,SUB_0459,2362.25,INSUFFICIENT_FUNDS,CUSTOMER_FINANCIAL,normal,WAIT_AND_RETRY,0.5,2.0,1179.12,213.6
FAIL_001982,PAY_012673,CUST_0742,SUB_0742,13545.86,INSUFFICIENT_FUNDS,CUSTOMER_FINANCIAL,high_value_loyal,WAIT_AND_RETRY,0.5203,2.0,7045.42,849.84
FAIL_000464,PAY_003041,CUST_0176,SUB_0176,1639.0,INSUFFICIENT_FUNDS,CUSTOMER_FINANCIAL,friction_prone,WAIT_AND_RETRY,0.406,2.0,663.43,51.81
FAIL_002031,PAY_012859,CUST_0753,SUB_0753,2223.6,INSUFFICIENT_FUNDS,CUSTOMER_FINANCIAL,reliable,WAIT_AND_RETRY,0.5253,2.0,1166.14,166.29
FAIL_000571,PAY_003821,CUST_0224,SUB_0224,1274.95,CARD_EXPIRED,PAYMENT_METHOD,low_engagement,UPDATE_PAYMENT_METHOD,0.651,3.0,826.99,509.98
FAIL_001528,PAY_010097,CUST_0596,SUB_0596,644.07,INSUFFICIENT_FUNDS,CUSTOMER_FINANCIAL,low_engagement,WAIT_AND_RETRY,0.4787,2.0,306.29,83.22
FAIL_001447,PAY_009520,CUST_0565,SUB_0565,200.0,INSUFFICIENT_FUNDS,CUSTOMER_FINANCIAL,friction_prone,WAIT_AND_RETRY,0.4193,2.0,81.87,9.87
FAIL_002117,PAY_013468,CUST_0787,SUB_0787,1715.08,NETWORK_ERROR,TECHNICAL,normal,RETRY_NOW,0.6953,2.0,1190.42,171.51
FAIL_000718,PAY_004937,CUST_0295,SUB_0295,454.8,BANK_DECLINED,ISSUER_DECLINE,friction_prone,WAIT_AND_RETRY,0.3427,2.0,153.84,9.03
FAIL_001369,PAY_009036,CUST_0533,SUB_0533,444.14,BANK_DECLINED,ISSUER_DECLINE,low_engagement,WAIT_AND_RETRY,0.3642,2.0,159.75,29.06
FAIL_000460,PAY_003006,CUST_0174,SUB_0174,623.9,INSUFFICIENT_FUNDS,CUSTOMER_FINANCIAL,low_engagement,WAIT_AND_RETRY,0.473,2.0,293.07,77.09
FAIL_000988,PAY_006605,CUST_0398,SUB_0398,669.19,BANK_DECLINED,ISSUER_DECLINE,low_engagement,WAIT_AND_RETRY,0.4302,2.0,285.85,87.43
FAIL_001465,PAY_009649,CUST_0573,SUB_0573,557.68,INSUFFICIENT_FUNDS,CUSTOMER_FINANCIAL,friction_prone,WAIT_AND_RETRY,0.4204,2.0,232.45,26.32
FAIL_002639,PAY_016229,CUST_0947,SUB_0947,773.95,INSUFFICIENT_FUNDS,CUSTOMER_FINANCIAL,low_engagement,WAIT_AND_RETRY,0.4742,2.0,365.03,96.37
FAIL_002586,PAY_015833,CUST_0925,SUB_0925,200.0,INSUFFICIENT_FUNDS,CUSTOMER_FINANCIAL,low_engagement,WAIT_AND_RETRY,0.4129,2.0,80.58,13.38
FAIL_001184,PAY_007942,CUST_0468,SUB_0468,1737.7,CARD_EXPIRED,PAYMENT_METHOD,friction_prone,UPDATE_PAYMENT_METHOD,0.675,3.0,1169.95,695.08
FAIL_000213,PAY_001446,CUST_0094,SUB_0094,251.16,BANK_DECLINED,ISSUER_DECLINE,low_engagement,WAIT_AND_RETRY,0.36,2.0,88.42,15.82
FAIL_002266,PAY_014401,CUST_0843,SUB_0843,638.25,BANK_DECLINED,ISSUER_DECLINE,low_engagement,WAIT_AND_RETRY,0.3642,2.0,230.44,41.32
FAIL_000640,PAY_004324,CUST_0253,SUB_0253,762.66,INSUFFICIENT_FUNDS,CUSTOMER_FINANCIAL,low_engagement,WAIT_AND_RETRY,0.476,2.0,361.03,96.33
FAIL_001230,PAY_008139,CUST_0477,SUB_0477,580.5,AUTHENTICATION_FAILED,CUSTOMER_ACTION,friction_prone,UPDATE_PAYMENT_METHOD,0.525,3.0,301.76,87.07
FAIL_001613,PAY_010748,CUST_0633,SUB_0633,228.11,CARD_EXPIRED,PAYMENT_METHOD,low_engagement,UPDATE_PAYMENT_METHOD,0.651,3.0,145.5,91.24
FAIL_002409,PAY_015037,CUST_0883,SUB_0883,1083.08,INSUFFICIENT_FUNDS,CUSTOMER_FINANCIAL,friction_prone,WAIT_AND_RETRY,0.4076,2.0,439.46,36.31
FAIL_002180,PAY_013883,CUST_0810,SUB_0810,1736.57,BANK_DECLINED,ISSUER_DECLINE,friction_prone,WAIT_AND_RETRY,0.3753,2.0,649.66,88.27
FAIL_000725,PAY_004990,CUST_0299,SUB_0299,8559.42,LIMIT_EXCEEDED,PAYMENT_LIMIT,high_value_loyal,PAYMENT_LINK,0.5576,3.0,4769.73,1711.88
FAIL_002128,PAY_013557,CUST_0791,SUB_0791,368.47,CARD_EXPIRED,PAYMENT_METHOD,friction_prone,UPDATE_PAYMENT_METHOD,0.675,3.0,245.72,147.39
FAIL_002355,PAY_014799,CUST_0866,SUB_0866,1434.91,BANK_DECLINED,ISSUER_DECLINE,friction_prone,WAIT_AND_RETRY,0.3664,2.0,523.71,60.36
FAIL_002593,PAY_015870,CUST_0929,SUB_0929,329.53,INSUFFICIENT_FUNDS,CUSTOMER_FINANCIAL,friction_prone,WAIT_AND_RETRY,0.4842,2.0,157.54,36.97
FAIL_001312,PAY_008626,CUST_0506,SUB_0506,1460.98,INSUFFICIENT_FUNDS,CUSTOMER_FINANCIAL,friction_prone,WAIT_AND_RETRY,0.4773,2.0,695.38,150.51
FAIL_001151,PAY_007775,CUST_0460,SUB_0460,447.47,INSUFFICIENT_FUNDS,CUSTOMER_FINANCIAL,low_engagement,WAIT_AND_RETRY,0.4806,2.0,213.04,58.98
FAIL_001202,PAY_008058,CUST_0474,SUB_0474,468.79,INSUFFICIENT_FUNDS,CUSTOMER_FINANCIAL,reliable,WAIT_AND_RETRY,0.5258,2.0,244.51,36.09
FAIL_001920,PAY_012338,CUST_0722,SUB_0722,1554.01,BANK_DECLINED,ISSUER_DECLINE,normal,WAIT_AND_RETRY,0.4563,2.0,707.1,150.66
FAIL_002175,PAY_013848,CUST_0809,SUB_0809,1243.67,INSUFFICIENT_FUNDS,CUSTOMER_FINANCIAL,reliable,WAIT_AND_RETRY,0.5295,2.0,656.53,98.63
FAIL_001956,PAY_012563,CUST_0735,SUB_0735,8242.49,BANK_DECLINED,ISSUER_DECLINE,high_value_loyal,WAIT_AND_RETRY,0.4636,2.0,3819.22,462.58
FAIL_000764,PAY_005247,CUST_0314,SUB_0314,2055.11,INSUFFICIENT_FUNDS,CUSTOMER_FINANCIAL,reliable,WAIT_AND_RETRY,0.525,2.0,1077.01,153.16
FAIL_000198,PAY_001288,CUST_0083,SUB_0083,1152.82,INSUFFICIENT_FUNDS,CUSTOMER_FINANCIAL,friction_prone,WAIT_AND_RETRY,0.4183,2.0,480.23,50.92
FAIL_002710,PAY_016697,CUST_0971,SUB_0971,401.23,INSUFFICIENT_FUNDS,CUSTOMER_FINANCIAL,friction_prone,WAIT_AND_RETRY,0.414,2.0,164.11,16.65
FAIL_001789,PAY_011762,CUST_0689,SUB_0689,1779.03,BANK_DECLINED,ISSUER_DECLINE,reliable,WAIT_AND_RETRY,0.477,2.0,846.6,136.21
FAIL_002089,PAY_013310,CUST_0778,SUB_0778,1859.33,NETWORK_ERROR,TECHNICAL,normal,RETRY_NOW,0.7494,2.0,1391.47,185.93
FAIL_001860,PAY_012041,CUST_0705,SUB_0705,937.29,AUTHENTICATION_FAILED,CUSTOMER_ACTION,low_engagement,UPDATE_PAYMENT_METHOD,0.501,3.0,466.58,140.59
FAIL_000138,PAY_000825,CUST_0052,SUB_0052,789.75,CARD_EXPIRED,PAYMENT_METHOD,normal,UPDATE_PAYMENT_METHOD,0.71,3.0,557.72,315.9
FAIL_000972,PAY_006450,CUST_0387,SUB_0387,524.81,INSUFFICIENT_FUNDS,CUSTOMER_FINANCIAL,low_engagement,WAIT_AND_RETRY,0.41,2.0,213.17,31.96
FAIL_000313,PAY_002050,CUST_0123,SUB_0123,11232.86,INSUFFICIENT_FUNDS,CUSTOMER_FINANCIAL,high_value_loyal,WAIT_AND_RETRY,0.5288,2.0,5937.4,800.24
FAIL_000767,PAY_005286,CUST_0316,SUB_0316,389.48,BANK_DECLINED,ISSUER_DECLINE,low_engagement,WAIT_AND_RETRY,0.352,2.0,135.1,20.86
FAIL_001617,PAY_010760,CUST_0633,SUB_0633,228.11,BANK_DECLINED,ISSUER_DECLINE,low_engagement,WAIT_AND_RETRY,0.3653,2.0,81.34,15.68
FAIL_001486,PAY_009757,CUST_0578,SUB_0578,1586.51,BANK_DECLINED,ISSUER_DECLINE,friction_prone,WAIT_AND_RETRY,0.372,2.0,588.18,75.57
FAIL_000875,PAY_005929,CUST_0358,SUB_0358,533.16,AUTHENTICATION_FAILED,CUSTOMER_ACTION,normal,UPDATE_PAYMENT_METHOD,0.56,3.0,295.57,79.97
FAIL_000641,PAY_004327,CUST_0253,SUB_0253,762.66,LIMIT_EXCEEDED,PAYMENT_LIMIT,low_engagement,PAYMENT_LINK,0.451,3.0,340.96,152.53
FAIL_000195,PAY_001285,CUST_0083,SUB_0083,1152.82,BANK_DECLINED,ISSUER_DECLINE,friction_prone,WAIT_AND_RETRY,0.3683,2.0,422.59,50.92
FAIL_000852,PAY_005802,CUST_0352,SUB_0352,953.66,INSUFFICIENT_FUNDS,CUSTOMER_FINANCIAL,normal,WAIT_AND_RETRY,0.5077,2.0,482.2,94.2
FAIL_002725,PAY_016777,CUST_0974,SUB_0974,285.57,AUTHENTICATION_FAILED,CUSTOMER_ACTION,friction_prone,UPDATE_PAYMENT_METHOD,0.525,3.0,146.92,42.84
FAIL_000929,PAY_006222,CUST_0375,SUB_0375,1091.55,CARD_EXPIRED,PAYMENT_METHOD,low_engagement,UPDATE_PAYMENT_METHOD,0.651,3.0,707.6,436.62
FAIL_000695,PAY_004765,CUST_0281,SUB_0281,913.36,CARD_EXPIRED,PAYMENT_METHOD,normal,UPDATE_PAYMENT_METHOD,0.71,3.0,645.49,365.34
FAIL_002218,PAY_014137,CUST_0827,SUB_0827,768.09,CARD_EXPIRED,PAYMENT_METHOD,low_engagement,UPDATE_PAYMENT_METHOD,0.651,3.0,497.03,307.24
FAIL_000468,PAY_003073,CUST_0180,SUB_0180,1171.97,NETWORK_ERROR,TECHNICAL,normal,RETRY_NOW,0.7486,2.0,875.35,117.2
FAIL_000925,PAY_006197,CUST_0374,SUB_0374,1655.04,BANK_DECLINED,ISSUER_DECLINE,friction_prone,WAIT_AND_RETRY,0.3718,2.0,613.28,78.39
FAIL_000881,PAY_005952,CUST_0361,SUB_0361,1451.55,INSUFFICIENT_FUNDS,CUSTOMER_FINANCIAL,normal,WAIT_AND_RETRY,0.434,2.0,627.97,35.84
FAIL_000441,PAY_002884,CUST_0168,SUB_0168,1204.32,NETWORK_ERROR,TECHNICAL,normal,RETRY_NOW,0.7486,2.0,899.56,120.43
FAIL_001130,PAY_007651,CUST_0453,SUB_0453,993.42,INSUFFICIENT_FUNDS,CUSTOMER_FINANCIAL,normal,WAIT_AND_RETRY,0.509,2.0,503.69,99.39
FAIL_001334,PAY_008778,CUST_0516,SUB_0516,635.27,BANK_DECLINED,ISSUER_DECLINE,low_engagement,WAIT_AND_RETRY,0.422,2.0,266.08,77.87
FAIL_001692,PAY_011081,CUST_0650,SUB_0650,300.09,NETWORK_ERROR,TECHNICAL,friction_prone,RETRY_NOW,0.656,2.0,194.86,30.01
FAIL_002500,PAY_015373,CUST_0904,SUB_0904,3422.48,AUTHENTICATION_FAILED,CUSTOMER_ACTION,normal,UPDATE_PAYMENT_METHOD,0.56,3.0,1913.59,513.37
FAIL_002388,PAY_014946,CUST_0875,SUB_0875,1152.64,INSUFFICIENT_FUNDS,CUSTOMER_FINANCIAL,friction_prone,WAIT_AND_RETRY,0.4101,2.0,470.74,41.5
FAIL_002759,PAY_017012,CUST_0989,SUB_0989,997.84,NETWORK_ERROR,TECHNICAL,friction_prone,RETRY_NOW,0.656,2.0,652.58,99.78
FAIL_002664,PAY_016413,CUST_0958,SUB_0958,1863.63,NETWORK_ERROR,TECHNICAL,normal,RETRY_NOW,0.7542,2.0,1403.46,186.36
FAIL_001036,PAY_007036,CUST_0422,SUB_0422,306.79,CARD_EXPIRED,PAYMENT_METHOD,low_engagement,UPDATE_PAYMENT_METHOD,0.651,3.0,196.72,122.72
FAIL_001674,PAY_011004,CUST_0647,SUB_0647,1055.34,NETWORK_ERROR,TECHNICAL,friction_prone,RETRY_NOW,0.666,2.0,700.86,105.53
FAIL_002284,PAY_014441,CUST_0846,SUB_0846,518.72,BANK_DECLINED,ISSUER_DECLINE,low_engagement,WAIT_AND_RETRY,0.344,2.0,176.44,23.3
FAIL_002453,PAY_015169,CUST_0890,SUB_0890,251.0,CARD_EXPIRED,PAYMENT_METHOD,normal,UPDATE_PAYMENT_METHOD,0.71,3.0,175.21,100.4
FAIL_002629,PAY_016149,CUST_0942,SUB_0942,568.27,AUTHENTICATION_FAILED,CUSTOMER_ACTION,friction_prone,UPDATE_PAYMENT_METHOD,0.525,3.0,295.34,85.24
FAIL_001973,PAY_012638,CUST_0739,SUB_0739,325.73,NETWORK_ERROR,TECHNICAL,friction_prone,RETRY_NOW,0.7312,2.0,236.17,32.57
FAIL_002383,PAY_014937,CUST_0875,SUB_0875,1152.64,NETWORK_ERROR,TECHNICAL,friction_prone,RETRY_NOW,0.6601,2.0,758.9,115.26
FAIL_001124,PAY_007582,CUST_0449,SUB_0449,688.54,NETWORK_ERROR,TECHNICAL,low_engagement,RETRY_NOW,0.667,2.0,457.26,68.85
FAIL_001865,PAY_012063,CUST_0706,SUB_0706,12766.65,INSUFFICIENT_FUNDS,CUSTOMER_FINANCIAL,high_value_loyal,WAIT_AND_RETRY,0.5279,2.0,6737.36,898.34
FAIL_001297,PAY_008497,CUST_0496,SUB_0496,1134.96,AUTHENTICATION_FAILED,CUSTOMER_ACTION,friction_prone,UPDATE_PAYMENT_METHOD,0.525,3.0,592.85,170.24
FAIL_001279,PAY_008406,CUST_0491,SUB_0491,540.07,NETWORK_ERROR,TECHNICAL,friction_prone,RETRY_NOW,0.671,2.0,360.39,54.01
FAIL_000564,PAY_003759,CUST_0219,SUB_0219,454.09,INSUFFICIENT_FUNDS,CUSTOMER_FINANCIAL,normal,WAIT_AND_RETRY,0.4994,2.0,224.79,41.62
FAIL_001782,PAY_011725,CUST_0687,SUB_0687,345.77,CARD_EXPIRED,PAYMENT_METHOD,normal,UPDATE_PAYMENT_METHOD,0.71,3.0,242.5,138.31
FAIL_000135,PAY_000800,CUST_0051,SUB_0051,706.77,INSUFFICIENT_FUNDS,CUSTOMER_FINANCIAL,friction_prone,WAIT_AND_RETRY,0.4117,2.0,288.99,26.95
FAIL_000304,PAY_002006,CUST_0121,SUB_0121,746.25,NETWORK_ERROR,TECHNICAL,low_engagement,RETRY_NOW,0.7265,2.0,540.17,74.62
FAIL_001246,PAY_008228,CUST_0482,SUB_0482,1120.08,CARD_EXPIRED,PAYMENT_METHOD,normal,UPDATE_PAYMENT_METHOD,0.71,3.0,792.26,448.03
FAIL_002540,PAY_015617,CUST_0915,SUB_0915,1705.4,BANK_DECLINED,ISSUER_DECLINE,friction_prone,WAIT_AND_RETRY,0.3649,2.0,620.28,69.02
FAIL_000166,PAY_000999,CUST_0063,SUB_0063,961.34,INSUFFICIENT_FUNDS,CUSTOMER_FINANCIAL,normal,WAIT_AND_RETRY,0.5077,2.0,486.1,94.95
FAIL_000151,PAY_000844,CUST_0053,SUB_0053,619.66,LIMIT_EXCEEDED,PAYMENT_LIMIT,low_engagement,PAYMENT_LINK,0.451,3.0,276.47,123.93
FAIL_001453,PAY_009562,CUST_0567,SUB_0567,950.44,INSUFFICIENT_FUNDS,CUSTOMER_FINANCIAL,low_engagement,WAIT_AND_RETRY,0.4824,2.0,456.49,125.89
FAIL_001005,PAY_006756,CUST_0406,SUB_0406,449.13,BANK_DECLINED,ISSUER_DECLINE,low_engagement,WAIT_AND_RETRY,0.4347,2.0,193.25,61.06
FAIL_001502,PAY_009828,CUST_0581,SUB_0581,369.27,LIMIT_EXCEEDED,PAYMENT_LIMIT,friction_prone,PAYMENT_LINK,0.475,3.0,172.4,73.85
FAIL_002455,PAY_015178,CUST_0890,SUB_0890,251.0,NETWORK_ERROR,TECHNICAL,normal,RETRY_NOW,0.6931,2.0,171.98,25.1
FAIL_000823,PAY_005551,CUST_0336,SUB_0336,1661.44,BANK_DECLINED,ISSUER_DECLINE,friction_prone,WAIT_AND_RETRY,0.3682,2.0,609.7,72.73
FAIL_002028,PAY_012833,CUST_0752,SUB_0752,200.0,LIMIT_EXCEEDED,PAYMENT_LIMIT,low_engagement,PAYMENT_LINK,0.451,3.0,87.2,40.0
FAIL_001443,PAY_009490,CUST_0563,SUB_0563,404.63,BANK_DECLINED,ISSUER_DECLINE,low_engagement,WAIT_AND_RETRY,0.432,2.0,172.8,54.01
FAIL_000064,PAY_000309,CUST_0023,SUB_0023,1192.85,NETWORK_ERROR,TECHNICAL,normal,RETRY_NOW,0.7489,2.0,891.27,119.28
FAIL_001318,PAY_008667,CUST_0508,SUB_0508,676.53,CARD_EXPIRED,PAYMENT_METHOD,normal,UPDATE_PAYMENT_METHOD,0.71,3.0,477.34,270.61
FAIL_002702,PAY_016656,CUST_0969,SUB_0969,956.83,NETWORK_ERROR,TECHNICAL,low_engagement,RETRY_NOW,0.7282,2.0,694.77,95.68
FAIL_002230,PAY_014213,CUST_0832,SUB_0832,2452.06,BANK_DECLINED,ISSUER_DECLINE,normal,WAIT_AND_RETRY,0.4482,2.0,1097.07,217.33
FAIL_001068,PAY_007237,CUST_0431,SUB_0431,745.87,NETWORK_ERROR,TECHNICAL,low_engagement,RETRY_NOW,0.6691,2.0,497.09,74.59
FAIL_001350,PAY_008942,CUST_0527,SUB_0527,633.24,INSUFFICIENT_FUNDS,CUSTOMER_FINANCIAL,friction_prone,WAIT_AND_RETRY,0.4174,2.0,262.33,27.87
FAIL_000089,PAY_000521,CUST_0036,SUB_0036,1214.61,INSUFFICIENT_FUNDS,CUSTOMER_FINANCIAL,friction_prone,WAIT_AND_RETRY,0.406,2.0,491.13,38.65
FAIL_002795,PAY_017204,CUST_1000,SUB_1000,307.85,INSUFFICIENT_FUNDS,CUSTOMER_FINANCIAL,low_engagement,WAIT_AND_RETRY,0.4199,2.0,127.27,22.22
FAIL_001493,PAY_009811,CUST_0581,SUB_0581,369.27,LIMIT_EXCEEDED,PAYMENT_LIMIT,friction_prone,PAYMENT_LINK,0.475,3.0,172.4,73.85
FAIL_001032,PAY_006986,CUST_0419,SUB_0419,1157.68,INSUFFICIENT_FUNDS,CUSTOMER_FINANCIAL,reliable,WAIT_AND_RETRY,0.516,2.0,595.36,76.25
FAIL_000926,PAY_006199,CUST_0374,SUB_0374,1655.04,INSUFFICIENT_FUNDS,CUSTOMER_FINANCIAL,friction_prone,WAIT_AND_RETRY,0.4218,2.0,696.03,78.39
FAIL_000224,PAY_001479,CUST_0096,SUB_0096,722.92,NETWORK_ERROR,TECHNICAL,friction_prone,RETRY_NOW,0.6631,2.0,477.34,72.29
FAIL_002507,PAY_015404,CUST_0905,SUB_0905,2661.58,BANK_DECLINED,ISSUER_DECLINE,reliable,WAIT_AND_RETRY,0.4776,2.0,1269.04,204.75
FAIL_001052,PAY_007170,CUST_0429,SUB_0429,946.68,CARD_EXPIRED,PAYMENT_METHOD,friction_prone,UPDATE_PAYMENT_METHOD,0.675,3.0,636.01,378.67
FAIL_000742,PAY_005115,CUST_0305,SUB_0305,200.0,AUTHENTICATION_FAILED,CUSTOMER_ACTION,low_engagement,UPDATE_PAYMENT_METHOD,0.501,3.0,97.2,30.0
FAIL_002442,PAY_015141,CUST_0889,SUB_0889,1368.01,BANK_DECLINED,ISSUER_DECLINE,friction_prone,WAIT_AND_RETRY,0.3617,2.0,492.83,51.22
FAIL_000976,PAY_006504,CUST_0393,SUB_0393,814.36,BANK_DECLINED,ISSUER_DECLINE,low_engagement,WAIT_AND_RETRY,0.4246,2.0,343.78,101.66
FAIL_002782,PAY_017128,CUST_0998,SUB_0998,1639.15,INSUFFICIENT_FUNDS,CUSTOMER_FINANCIAL,normal,WAIT_AND_RETRY,0.5022,2.0,821.19,152.14
FAIL_002202,PAY_014046,CUST_0820,SUB_0820,259.64,INSUFFICIENT_FUNDS,CUSTOMER_FINANCIAL,normal,WAIT_AND_RETRY,0.5076,2.0,129.79,26.33
FAIL_002511,PAY_015437,CUST_0906,SUB_0906,368.38,NETWORK_ERROR,TECHNICAL,low_engagement,RETRY_NOW,0.6653,2.0,243.1,36.84
FAIL_002429,PAY_015067,CUST_0884,SUB_0884,2190.71,CARD_EXPIRED,PAYMENT_METHOD,normal,UPDATE_PAYMENT_METHOD,0.71,3.0,1552.4,876.28
FAIL_000260,PAY_001756,CUST_0109,SUB_0109,1524.5,LIMIT_EXCEEDED,PAYMENT_LIMIT,normal,PAYMENT_LINK,0.51,3.0,774.5,304.9
FAIL_000108,PAY_000673,CUST_0044,SUB_0044,781.5,BANK_DECLINED,ISSUER_DECLINE,reliable,WAIT_AND_RETRY,0.4731,2.0,367.74,57.36
FAIL_000544,PAY_003653,CUST_0214,SUB_0214,12636.68,INSUFFICIENT_FUNDS,CUSTOMER_FINANCIAL,high_value_loyal,WAIT_AND_RETRY,0.5247,2.0,6628.62,849.07
FAIL_002785,PAY_017135,CUST_0998,SUB_0998,1639.15,CARD_EXPIRED,PAYMENT_METHOD,normal,UPDATE_PAYMENT_METHOD,0.71,3.0,1160.8,655.66
FAIL_002660,PAY_016396,CUST_0956,SUB_0956,663.09,CARD_EXPIRED,PAYMENT_METHOD,friction_prone,UPDATE_PAYMENT_METHOD,0.675,3.0,444.59,265.24
FAIL_000664,PAY_004590,CUST_0268,SUB_0268,648.75,INSUFFICIENT_FUNDS,CUSTOMER_FINANCIAL,normal,WAIT_AND_RETRY,0.5042,2.0,325.07,62.08
FAIL_001983,PAY_012678,CUST_0742,SUB_0742,13545.86,NETWORK_ERROR,TECHNICAL,high_value_loyal,RETRY_NOW,0.7703,2.0,10431.89,1354.59
FAIL_000488,PAY_003141,CUST_0183,SUB_0183,640.85,NETWORK_ERROR,TECHNICAL,friction_prone,RETRY_NOW,0.7371,2.0,470.38,64.09
FAIL_000734,PAY_005083,CUST_0303,SUB_0303,1311.68,INSUFFICIENT_FUNDS,CUSTOMER_FINANCIAL,normal,WAIT_AND_RETRY,0.5006,2.0,654.65,119.86
FAIL_000031,PAY_000199,CUST_0017,SUB_0017,988.37,AUTHENTICATION_FAILED,CUSTOMER_ACTION,low_engagement,UPDATE_PAYMENT_METHOD,0.501,3.0,492.17,148.26
FAIL_002661,PAY_016402,CUST_0956,SUB_0956,663.09,NETWORK_ERROR,TECHNICAL,friction_prone,RETRY_NOW,0.7337,2.0,484.51,66.31
FAIL_001889,PAY_012159,CUST_0712,SUB_0712,1746.84,NETWORK_ERROR,TECHNICAL,normal,RETRY_NOW,0.7517,2.0,1311.12,174.68
FAIL_002741,PAY_016873,CUST_0981,SUB_0981,622.68,BANK_DECLINED,ISSUER_DECLINE,friction_prone,WAIT_AND_RETRY,0.372,2.0,229.64,30.27
FAIL_000226,PAY_001493,CUST_0097,SUB_0097,4903.48,NETWORK_ERROR,TECHNICAL,reliable,RETRY_NOW,0.7763,2.0,3804.51,490.35
FAIL_000358,PAY_002365,CUST_0139,SUB_0139,5276.03,INSUFFICIENT_FUNDS,CUSTOMER_FINANCIAL,high_value_loyal,WAIT_AND_RETRY,0.5292,2.0,2789.82,378.51
FAIL_002101,PAY_013400,CUST_0785,SUB_0785,1990.77,BANK_DECLINED,ISSUER_DECLINE,friction_prone,WAIT_AND_RETRY,0.371,2.0,736.58,92.58
FAIL_002037,PAY_012906,CUST_0757,SUB_0757,1032.33,CARD_EXPIRED,PAYMENT_METHOD,low_engagement,UPDATE_PAYMENT_METHOD,0.651,3.0,669.05,412.93
FAIL_000267,PAY_001784,CUST_0110,SUB_0110,697.76,NETWORK_ERROR,TECHNICAL,normal,RETRY_NOW,0.7475,2.0,519.6,69.78
FAIL_002327,PAY_014611,CUST_0857,SUB_0857,436.65,BANK_DECLINED,ISSUER_DECLINE,low_engagement,WAIT_AND_RETRY,0.3707,2.0,159.85,31.42
FAIL_000568,PAY_003798,CUST_0222,SUB_0222,1605.38,LIMIT_EXCEEDED,PAYMENT_LIMIT,friction_prone,PAYMENT_LINK,0.475,3.0,759.56,321.08
FAIL_001749,PAY_011492,CUST_0676,SUB_0676,208.63,INSUFFICIENT_FUNDS,CUSTOMER_FINANCIAL,low_engagement,WAIT_AND_RETRY,0.4775,2.0,97.61,27.38
FAIL_001995,PAY_012709,CUST_0744,SUB_0744,200.0,CARD_EXPIRED,PAYMENT_METHOD,low_engagement,UPDATE_PAYMENT_METHOD,0.651,3.0,127.2,80.0
FAIL_000303,PAY_001994,CUST_0121,SUB_0121,746.25,AUTHENTICATION_FAILED,CUSTOMER_ACTION,low_engagement,UPDATE_PAYMENT_METHOD,0.501,3.0,370.87,111.94
FAIL_001680,PAY_011020,CUST_0647,SUB_0647,1055.34,INSUFFICIENT_FUNDS,CUSTOMER_FINANCIAL,friction_prone,WAIT_AND_RETRY,0.416,2.0,437.02,44.27
FAIL_000478,PAY_003098,CUST_0181,SUB_0181,860.38,CARD_EXPIRED,PAYMENT_METHOD,low_engagement,UPDATE_PAYMENT_METHOD,0.651,3.0,557.11,344.15
FAIL_002147,PAY_013744,CUST_0804,SUB_0804,1094.39,NETWORK_ERROR,TECHNICAL,normal,RETRY_NOW,0.7557,2.0,825.01,109.44
FAIL_002742,PAY_016875,CUST_0981,SUB_0981,622.68,BANK_DECLINED,ISSUER_DECLINE,friction_prone,WAIT_AND_RETRY,0.372,2.0,229.64,30.27
FAIL_002488,PAY_015312,CUST_0900,SUB_0900,600.87,LIMIT_EXCEEDED,PAYMENT_LIMIT,normal,PAYMENT_LINK,0.51,3.0,303.44,120.17
FAIL_002607,PAY_016042,CUST_0935,SUB_0935,295.63,NETWORK_ERROR,TECHNICAL,low_engagement,RETRY_NOW,0.6707,2.0,196.27,29.56
FAIL_001862,PAY_012043,CUST_0705,SUB_0705,937.29,NETWORK_ERROR,TECHNICAL,low_engagement,RETRY_NOW,0.7227,2.0,675.37,93.73
FAIL_000421,PAY_002765,CUST_0162,SUB_0162,293.46,BANK_DECLINED,ISSUER_DECLINE,low_engagement,WAIT_AND_RETRY,0.3714,2.0,106.98,21.65
FAIL_001157,PAY_007801,CUST_0461,SUB_0461,1652.19,BANK_DECLINED,ISSUER_DECLINE,friction_prone,WAIT_AND_RETRY,0.3707,2.0,610.53,76.56
FAIL_000258,PAY_001746,CUST_0108,SUB_0108,200.0,INSUFFICIENT_FUNDS,CUSTOMER_FINANCIAL,friction_prone,WAIT_AND_RETRY,0.4228,2.0,82.56,10.56
FAIL_000499,PAY_003305,CUST_0193,SUB_0193,1194.76,BANK_DECLINED,ISSUER_DECLINE,low_engagement,WAIT_AND_RETRY,0.4282,2.0,509.61,152.98
FAIL_000684,PAY_004710,CUST_0278,SUB_0278,1144.71,INSUFFICIENT_FUNDS,CUSTOMER_FINANCIAL,friction_prone,WAIT_AND_RETRY,0.386,2.0,439.86,13.59
FAIL_000104,PAY_000631,CUST_0042,SUB_0042,7945.8,NETWORK_ERROR,TECHNICAL,high_value_loyal,RETRY_NOW,0.7788,2.0,6185.81,794.58
FAIL_000044,PAY_000255,CUST_0020,SUB_0020,641.27,INSUFFICIENT_FUNDS,CUSTOMER_FINANCIAL,friction_prone,WAIT_AND_RETRY,0.4235,2.0,269.58,32.1
FAIL_002637,PAY_016221,CUST_0947,SUB_0947,773.95,CARD_EXPIRED,PAYMENT_METHOD,low_engagement,UPDATE_PAYMENT_METHOD,0.651,3.0,500.84,309.58
FAIL_002786,PAY_017137,CUST_0998,SUB_0998,1639.15,NETWORK_ERROR,TECHNICAL,normal,RETRY_NOW,0.7522,2.0,1230.98,163.91
FAIL_001315,PAY_008640,CUST_0506,SUB_0506,1460.98,INSUFFICIENT_FUNDS,CUSTOMER_FINANCIAL,friction_prone,WAIT_AND_RETRY,0.4773,2.0,695.38,150.51
FAIL_000435,PAY_002843,CUST_0166,SUB_0166,365.57,NETWORK_ERROR,TECHNICAL,low_engagement,RETRY_NOW,0.7281,2.0,264.17,36.56
FAIL_001358,PAY_008983,CUST_0531,SUB_0531,412.94,BANK_DECLINED,ISSUER_DECLINE,friction_prone,WAIT_AND_RETRY,0.3747,2.0,152.71,21.51
FAIL_001888,PAY_012153,CUST_0712,SUB_0712,1746.84,INSUFFICIENT_FUNDS,CUSTOMER_FINANCIAL,normal,WAIT_AND_RETRY,0.5017,2.0,874.41,161.21
FAIL_002152,PAY_013764,CUST_0805,SUB_0805,884.78,BANK_DECLINED,ISSUER_DECLINE,normal,WAIT_AND_RETRY,0.456,2.0,401.46,85.94
FAIL_000251,PAY_001725,CUST_0108,SUB_0108,200.0,INSUFFICIENT_FUNDS,CUSTOMER_FINANCIAL,friction_prone,WAIT_AND_RETRY,0.4228,2.0,82.56,10.56
FAIL_000389,PAY_002628,CUST_0155,SUB_0155,663.98,AUTHENTICATION_FAILED,CUSTOMER_ACTION,friction_prone,UPDATE_PAYMENT_METHOD,0.525,3.0,345.59,99.6
FAIL_001759,PAY_011564,CUST_0680,SUB_0680,1595.24,NETWORK_ERROR,TECHNICAL,friction_prone,RETRY_NOW,0.6672,2.0,1062.34,159.52
FAIL_002285,PAY_014445,CUST_0847,SUB_0847,2483.09,INSUFFICIENT_FUNDS,CUSTOMER_FINANCIAL,friction_prone,WAIT_AND_RETRY,0.4782,2.0,1185.47,257.31
FAIL_000125,PAY_000755,CUST_0048,SUB_0048,14057.81,INSUFFICIENT_FUNDS,CUSTOMER_FINANCIAL,high_value_loyal,WAIT_AND_RETRY,0.5263,2.0,7397.02,967.17
FAIL_002699,PAY_016644,CUST_0969,SUB_0969,956.83,BANK_DECLINED,ISSUER_DECLINE,low_engagement,WAIT_AND_RETRY,0.4282,2.0,407.72,122.72
FAIL_002114,PAY_013457,CUST_0787,SUB_0787,1715.08,BANK_DECLINED,ISSUER_DECLINE,normal,WAIT_AND_RETRY,0.3953,2.0,675.9,61.47
FAIL_001929,PAY_012371,CUST_0723,SUB_0723,720.89,BANK_DECLINED,ISSUER_DECLINE,low_engagement,WAIT_AND_RETRY,0.43,2.0,307.98,93.99
FAIL_000753,PAY_005159,CUST_0307,SUB_0307,2288.88,BANK_DECLINED,ISSUER_DECLINE,friction_prone,WAIT_AND_RETRY,0.3633,2.0,829.49,88.6
FAIL_001580,PAY_010564,CUST_0625,SUB_0625,2210.87,LIMIT_EXCEEDED,PAYMENT_LIMIT,friction_prone,PAYMENT_LINK,0.475,3.0,1047.16,442.17
FAIL_001974,PAY_012642,CUST_0739,SUB_0739,325.73,INSUFFICIENT_FUNDS,CUSTOMER_FINANCIAL,friction_prone,WAIT_AND_RETRY,0.4812,2.0,154.74,35.59
FAIL_000743,PAY_005145,CUST_0307,SUB_0307,2288.88,INSUFFICIENT_FUNDS,CUSTOMER_FINANCIAL,friction_prone,WAIT_AND_RETRY,0.4133,2.0,943.93,88.6
FAIL_000484,PAY_003118,CUST_0181,SUB_0181,860.38,CARD_EXPIRED,PAYMENT_METHOD,low_engagement,UPDATE_PAYMENT_METHOD,0.651,3.0,557.11,344.15
FAIL_000911,PAY_006116,CUST_0371,SUB_0371,1607.44,BANK_DECLINED,ISSUER_DECLINE,friction_prone,WAIT_AND_RETRY,0.4289,2.0,687.36,167.94
FAIL_002603,PAY_016014,CUST_0934,SUB_0934,577.3,BANK_DECLINED,ISSUER_DECLINE,low_engagement,WAIT_AND_RETRY,0.4389,2.0,251.39,80.62
FAIL_002344,PAY_014763,CUST_0865,SUB_0865,1983.69,INSUFFICIENT_FUNDS,CUSTOMER_FINANCIAL,normal,WAIT_AND_RETRY,0.4982,2.0,986.32,176.01
FAIL_002062,PAY_013086,CUST_0766,SUB_0766,1882.53,NETWORK_ERROR,TECHNICAL,friction_prone,RETRY_NOW,0.661,2.0,1242.35,188.25
FAIL_001602,PAY_010667,CUST_0628,SUB_0628,1735.47,INSUFFICIENT_FUNDS,CUSTOMER_FINANCIAL,normal,WAIT_AND_RETRY,0.5006,2.0,866.8,158.26
FAIL_000068,PAY_000318,CUST_0024,SUB_0024,1472.48,INSUFFICIENT_FUNDS,CUSTOMER_FINANCIAL,friction_prone,WAIT_AND_RETRY,0.406,2.0,595.83,46.65
FAIL_000573,PAY_003861,CUST_0226,SUB_0226,974.55,NETWORK_ERROR,TECHNICAL,normal,RETRY_NOW,0.7546,2.0,733.36,97.45
FAIL_001790,PAY_011765,CUST_0689,SUB_0689,1779.03,INSUFFICIENT_FUNDS,CUSTOMER_FINANCIAL,reliable,WAIT_AND_RETRY,0.527,2.0,935.55,136.21
FAIL_001261,PAY_008295,CUST_0485,SUB_0485,929.62,INSUFFICIENT_FUNDS,CUSTOMER_FINANCIAL,friction_prone,WAIT_AND_RETRY,0.4096,2.0,378.81,33.2
FAIL_001741,PAY_011464,CUST_0675,SUB_0675,859.71,INSUFFICIENT_FUNDS,CUSTOMER_FINANCIAL,friction_prone,WAIT_AND_RETRY,0.4104,2.0,350.87,31.48
FAIL_000203,PAY_001407,CUST_0091,SUB_0091,4944.64,AUTHENTICATION_FAILED,CUSTOMER_ACTION,high_value_loyal,UPDATE_PAYMENT_METHOD,0.6076,3.0,3001.36,741.7
FAIL_001342,PAY_008879,CUST_0522,SUB_0522,11070.11,BANK_DECLINED,ISSUER_DECLINE,high_value_loyal,WAIT_AND_RETRY,0.4722,2.0,5224.95,715.77
FAIL_002134,PAY_013650,CUST_0797,SUB_0797,802.81,INSUFFICIENT_FUNDS,CUSTOMER_FINANCIAL,normal,WAIT_AND_RETRY,0.5085,2.0,406.23,80.07
FAIL_001691,PAY_011080,CUST_0650,SUB_0650,300.09,AUTHENTICATION_FAILED,CUSTOMER_ACTION,friction_prone,UPDATE_PAYMENT_METHOD,0.525,3.0,154.55,45.01
FAIL_001744,PAY_011475,CUST_0675,SUB_0675,859.71,NETWORK_ERROR,TECHNICAL,friction_prone,RETRY_NOW,0.6604,2.0,565.79,85.97
FAIL_002720,PAY_016734,CUST_0972,SUB_0972,10043.11,CARD_EXPIRED,PAYMENT_METHOD,high_value_loyal,UPDATE_PAYMENT_METHOD,0.7576,3.0,7605.66,4017.24
FAIL_002119,PAY_013471,CUST_0787,SUB_0787,1715.08,BANK_DECLINED,ISSUER_DECLINE,normal,WAIT_AND_RETRY,0.3953,2.0,675.9,61.47
FAIL_001427,PAY_009361,CUST_0554,SUB_0554,1092.97,NETWORK_ERROR,TECHNICAL,normal,RETRY_NOW,0.7605,2.0,829.18,109.3
FAIL_001374,PAY_009088,CUST_0537,SUB_0537,547.66,INSUFFICIENT_FUNDS,CUSTOMER_FINANCIAL,low_engagement,WAIT_AND_RETRY,0.4077,2.0,221.29,32.06
FAIL_000760,PAY_005190,CUST_0309,SUB_0309,1591.11,INSUFFICIENT_FUNDS,CUSTOMER_FINANCIAL,friction_prone,WAIT_AND_RETRY,0.4214,2.0,668.47,74.8
FAIL_002249,PAY_014309,CUST_0839,SUB_0839,1630.84,INSUFFICIENT_FUNDS,CUSTOMER_FINANCIAL,reliable,WAIT_AND_RETRY,0.528,2.0,859.08,126.57
FAIL_002055,PAY_013043,CUST_0763,SUB_0763,580.18,LIMIT_EXCEEDED,PAYMENT_LIMIT,low_engagement,PAYMENT_LINK,0.451,3.0,258.66,116.04
FAIL_000278,PAY_001825,CUST_0112,SUB_0112,553.77,BANK_DECLINED,ISSUER_DECLINE,friction_prone,WAIT_AND_RETRY,0.3717,2.0,203.81,26.84
FAIL_001101,PAY_007430,CUST_0440,SUB_0440,591.55,BANK_DECLINED,ISSUER_DECLINE,low_engagement,WAIT_AND_RETRY,0.3667,2.0,214.94,39.89
FAIL_001843,PAY_011995,CUST_0704,SUB_0704,685.76,BANK_DECLINED,ISSUER_DECLINE,friction_prone,WAIT_AND_RETRY,0.426,2.0,290.13,70.26
FAIL_000200,PAY_001347,CUST_0088,SUB_0088,391.81,CARD_EXPIRED,PAYMENT_METHOD,friction_prone,UPDATE_PAYMENT_METHOD,0.675,3.0,261.47,156.72
FAIL_001834,PAY_011964,CUST_0703,SUB_0703,360.66,LIMIT_EXCEEDED,PAYMENT_LIMIT,friction_prone,PAYMENT_LINK,0.475,3.0,168.31,72.13
FAIL_002482,PAY_015254,CUST_0896,SUB_0896,397.37,BANK_DECLINED,ISSUER_DECLINE,friction_prone,WAIT_AND_RETRY,0.3674,2.0,144.01,17.86
FAIL_000624,PAY_004203,CUST_0248,SUB_0248,200.0,INSUFFICIENT_FUNDS,CUSTOMER_FINANCIAL,low_engagement,WAIT_AND_RETRY,0.4142,2.0,80.84,13.64
FAIL_000077,PAY_000331,CUST_0025,SUB_0025,2062.52,AUTHENTICATION_FAILED,CUSTOMER_ACTION,normal,UPDATE_PAYMENT_METHOD,0.56,3.0,1152.01,309.38
FAIL_000093,PAY_000526,CUST_0036,SUB_0036,1214.61,CARD_EXPIRED,PAYMENT_METHOD,friction_prone,UPDATE_PAYMENT_METHOD,0.675,3.0,816.86,485.84
FAIL_002326,PAY_014610,CUST_0857,SUB_0857,436.65,CARD_EXPIRED,PAYMENT_METHOD,low_engagement,UPDATE_PAYMENT_METHOD,0.651,3.0,281.26,174.66
FAIL_000239,PAY_001592,CUST_0101,SUB_0101,247.97,NETWORK_ERROR,TECHNICAL,low_engagement,RETRY_NOW,0.727,2.0,178.27,24.8
FAIL_001857,PAY_012032,CUST_0705,SUB_0705,937.29,CARD_EXPIRED,PAYMENT_METHOD,low_engagement,UPDATE_PAYMENT_METHOD,0.651,3.0,607.18,374.92
FAIL_001330,PAY_008721,CUST_0512,SUB_0512,2720.0,CARD_EXPIRED,PAYMENT_METHOD,reliable,UPDATE_PAYMENT_METHOD,0.751,3.0,2039.72,1088.0
FAIL_001599,PAY_010640,CUST_0627,SUB_0627,200.0,BANK_DECLINED,ISSUER_DECLINE,friction_prone,WAIT_AND_RETRY,0.3624,2.0,70.49,8.49
FAIL_001436,PAY_009435,CUST_0559,SUB_0559,595.41,NETWORK_ERROR,TECHNICAL,reliable,RETRY_NOW,0.7776,2.0,460.96,59.54
FAIL_000951,PAY_006415,CUST_0386,SUB_0386,978.94,NETWORK_ERROR,TECHNICAL,normal,RETRY_NOW,0.6949,2.0,678.31,97.89
FAIL_001302,PAY_008536,CUST_0500,SUB_0500,878.95,NETWORK_ERROR,TECHNICAL,friction_prone,RETRY_NOW,0.6727,2.0,589.24,87.89
FAIL_000130,PAY_000791,CUST_0051,SUB_0051,706.77,CARD_EXPIRED,PAYMENT_METHOD,friction_prone,UPDATE_PAYMENT_METHOD,0.675,3.0,474.07,282.71
FAIL_001783,PAY_011727,CUST_0687,SUB_0687,345.77,LIMIT_EXCEEDED,PAYMENT_LIMIT,normal,PAYMENT_LINK,0.51,3.0,173.34,69.15
FAIL_000454,PAY_002978,CUST_0173,SUB_0173,655.36,INSUFFICIENT_FUNDS,CUSTOMER_FINANCIAL,low_engagement,WAIT_AND_RETRY,0.4772,2.0,310.73,83.7
FAIL_001250,PAY_008237,CUST_0482,SUB_0482,1120.08,NETWORK_ERROR,TECHNICAL,normal,RETRY_NOW,0.6954,2.0,776.85,112.01
FAIL_000672,PAY_004681,CUST_0276,SUB_0276,382.33,AUTHENTICATION_FAILED,CUSTOMER_ACTION,low_engagement,UPDATE_PAYMENT_METHOD,0.501,3.0,188.55,57.35
FAIL_001150,PAY_007765,CUST_0459,SUB_0459,2362.25,INSUFFICIENT_FUNDS,CUSTOMER_FINANCIAL,normal,WAIT_AND_RETRY,0.5,2.0,1179.12,213.6
FAIL_001269,PAY_008347,CUST_0487,SUB_0487,15000.0,INSUFFICIENT_FUNDS,CUSTOMER_FINANCIAL,high_value_loyal,WAIT_AND_RETRY,0.5284,2.0,7924.6,1063.6
FAIL_002129,PAY_013604,CUST_0794,SUB_0794,13890.45,CARD_EXPIRED,PAYMENT_METHOD,high_value_loyal,UPDATE_PAYMENT_METHOD,0.7576,3.0,10520.4,5556.18
FAIL_000966,PAY_006442,CUST_0387,SUB_0387,524.81,INSUFFICIENT_FUNDS,CUSTOMER_FINANCIAL,low_engagement,WAIT_AND_RETRY,0.41,2.0,213.17,31.96
FAIL_002312,PAY_014553,CUST_0854,SUB_0854,272.78,CARD_EXPIRED,PAYMENT_METHOD,low_engagement,UPDATE_PAYMENT_METHOD,0.651,3.0,174.58,109.11
FAIL_002177,PAY_013874,CUST_0810,SUB_0810,1736.57,BANK_DECLINED,ISSUER_DECLINE,friction_prone,WAIT_AND_RETRY,0.3753,2.0,649.66,88.27
FAIL_002552,PAY_015645,CUST_0916,SUB_0916,9014.74,INSUFFICIENT_FUNDS,CUSTOMER_FINANCIAL,high_value_loyal,WAIT_AND_RETRY,0.525,2.0,4731.03,608.88
FAIL_000761,PAY_005196,CUST_0310,SUB_0310,1814.35,NETWORK_ERROR,TECHNICAL,reliable,RETRY_NOW,0.7706,2.0,1396.08,181.43
FAIL_001308,PAY_008554,CUST_0502,SUB_0502,4047.84,BANK_DECLINED,ISSUER_DECLINE,high_value_loyal,WAIT_AND_RETRY,0.4779,2.0,1932.41,285.51
FAIL_001714,PAY_011230,CUST_0661,SUB_0661,629.8,CARD_EXPIRED,PAYMENT_METHOD,normal,UPDATE_PAYMENT_METHOD,0.71,3.0,444.16,251.92
FAIL_001198,PAY_008033,CUST_0473,SUB_0473,1039.13,CARD_EXPIRED,PAYMENT_METHOD,friction_prone,UPDATE_PAYMENT_METHOD,0.675,3.0,698.41,415.65
FAIL_002776,PAY_017105,CUST_0995,SUB_0995,1739.2,INSUFFICIENT_FUNDS,CUSTOMER_FINANCIAL,friction_prone,WAIT_AND_RETRY,0.421,2.0,730.2,81.0
FAIL_001879,PAY_012108,CUST_0708,SUB_0708,1097.17,INSUFFICIENT_FUNDS,CUSTOMER_FINANCIAL,normal,WAIT_AND_RETRY,0.5005,2.0,547.16,100.32
FAIL_002573,PAY_015757,CUST_0921,SUB_0921,415.4,BANK_DECLINED,ISSUER_DECLINE,friction_prone,WAIT_AND_RETRY,0.3717,2.0,152.39,20.38
FAIL_000755,PAY_005163,CUST_0307,SUB_0307,2288.88,LIMIT_EXCEEDED,PAYMENT_LIMIT,friction_prone,PAYMENT_LINK,0.475,3.0,1084.22,457.78
FAIL_001839,PAY_011984,CUST_0703,SUB_0703,360.66,INSUFFICIENT_FUNDS,CUSTOMER_FINANCIAL,friction_prone,WAIT_AND_RETRY,0.4247,2.0,151.16,18.91
FAIL_000254,PAY_001733,CUST_0108,SUB_0108,200.0,BANK_DECLINED,ISSUER_DECLINE,friction_prone,WAIT_AND_RETRY,0.3728,2.0,72.56,10.56
FAIL_001099,PAY_007425,CUST_0440,SUB_0440,591.55,NETWORK_ERROR,TECHNICAL,low_engagement,RETRY_NOW,0.6667,2.0,392.41,59.16
FAIL_002157,PAY_013789,CUST_0806,SUB_0806,778.26,BANK_DECLINED,ISSUER_DECLINE,low_engagement,WAIT_AND_RETRY,0.3556,2.0,274.78,43.52
FAIL_001792,PAY_011785,CUST_0690,SUB_0690,1914.49,INSUFFICIENT_FUNDS,CUSTOMER_FINANCIAL,normal,WAIT_AND_RETRY,0.4982,2.0,951.84,169.9
FAIL_000809,PAY_005506,CUST_0334,SUB_0334,382.28,NETWORK_ERROR,TECHNICAL,low_engagement,RETRY_NOW,0.66,2.0,250.3,38.23
FAIL_001547,PAY_010337,CUST_0609,SUB_0609,1520.27,CARD_EXPIRED,PAYMENT_METHOD,friction_prone,UPDATE_PAYMENT_METHOD,0.675,3.0,1023.18,608.11
FAIL_002144,PAY_013703,CUST_0802,SUB_0802,200.0,INSUFFICIENT_FUNDS,CUSTOMER_FINANCIAL,friction_prone,WAIT_AND_RETRY,0.4871,2.0,95.42,23.42
FAIL_002358,PAY_014811,CUST_0867,SUB_0867,2055.45,INSUFFICIENT_FUNDS,CUSTOMER_FINANCIAL,normal,WAIT_AND_RETRY,0.505,2.0,1035.94,196.2
FAIL_000814,PAY_005517,CUST_0335,SUB_0335,997.42,NETWORK_ERROR,TECHNICAL,friction_prone,RETRY_NOW,0.7272,2.0,723.3,99.74
FAIL_001679,PAY_011018,CUST_0647,SUB_0647,1055.34,BANK_DECLINED,ISSUER_DECLINE,friction_prone,WAIT_AND_RETRY,0.366,2.0,384.25,44.27
FAIL_002124,PAY_013505,CUST_0789,SUB_0789,694.22,BANK_DECLINED,ISSUER_DECLINE,normal,WAIT_AND_RETRY,0.4546,2.0,313.57,66.65
FAIL_001386,PAY_009118,CUST_0540,SUB_0540,2023.63,INSUFFICIENT_FUNDS,CUSTOMER_FINANCIAL,friction_prone,WAIT_AND_RETRY,0.4782,2.0,965.75,209.89
FAIL_001992,PAY_012703,CUST_0744,SUB_0744,200.0,NETWORK_ERROR,TECHNICAL,low_engagement,RETRY_NOW,0.6683,2.0,131.66,20.0
FAIL_000289,PAY_001846,CUST_0113,SUB_0113,324.58,BANK_DECLINED,ISSUER_DECLINE,low_engagement,WAIT_AND_RETRY,0.426,2.0,136.27,41.57
FAIL_000155,PAY_000885,CUST_0056,SUB_0056,5536.93,INSUFFICIENT_FUNDS,CUSTOMER_FINANCIAL,high_value_loyal,WAIT_AND_RETRY,0.5236,2.0,2897.14,366.44
FAIL_001908,PAY_012269,CUST_0718,SUB_0718,799.44,NETWORK_ERROR,TECHNICAL,low_engagement,RETRY_NOW,0.726,2.0,578.39,79.94
FAIL_001930,PAY_012378,CUST_0723,SUB_0723,720.89,AUTHENTICATION_FAILED,CUSTOMER_ACTION,low_engagement,UPDATE_PAYMENT_METHOD,0.501,3.0,358.17,108.13
FAIL_001686,PAY_011052,CUST_0649,SUB_0649,2141.95,INSUFFICIENT_FUNDS,CUSTOMER_FINANCIAL,reliable,WAIT_AND_RETRY,0.5278,2.0,1128.5,165.48
FAIL_002059,PAY_013067,CUST_0764,SUB_0764,880.92,INSUFFICIENT_FUNDS,CUSTOMER_FINANCIAL,low_engagement,WAIT_AND_RETRY,0.4792,2.0,420.14,113.93
FAIL_001546,PAY_010332,CUST_0609,SUB_0609,1520.27,AUTHENTICATION_FAILED,CUSTOMER_ACTION,friction_prone,UPDATE_PAYMENT_METHOD,0.525,3.0,795.14,228.04
FAIL_002617,PAY_016089,CUST_0939,SUB_0939,368.13,CARD_EXPIRED,PAYMENT_METHOD,low_engagement,UPDATE_PAYMENT_METHOD,0.651,3.0,236.65,147.25
FAIL_000527,PAY_003563,CUST_0211,SUB_0211,1170.85,LIMIT_EXCEEDED,PAYMENT_LIMIT,friction_prone,PAYMENT_LINK,0.475,3.0,553.15,234.17
FAIL_000337,PAY_002213,CUST_0131,SUB_0131,569.52,INSUFFICIENT_FUNDS,CUSTOMER_FINANCIAL,low_engagement,WAIT_AND_RETRY,0.4165,2.0,235.23,38.33
FAIL_000559,PAY_003736,CUST_0218,SUB_0218,7125.56,AUTHENTICATION_FAILED,CUSTOMER_ACTION,high_value_loyal,UPDATE_PAYMENT_METHOD,0.6076,3.0,4326.49,1068.83
FAIL_001028,PAY_006950,CUST_0417,SUB_0417,850.96,CARD_EXPIRED,PAYMENT_METHOD,friction_prone,UPDATE_PAYMENT_METHOD,0.675,3.0,571.4,340.38
FAIL_001639,PAY_010861,CUST_0638,SUB_0638,1633.25,INSUFFICIENT_FUNDS,CUSTOMER_FINANCIAL,friction_prone,WAIT_AND_RETRY,0.4808,2.0,783.2,173.73
FAIL_000750,PAY_005153,CUST_0307,SUB_0307,2288.88,INSUFFICIENT_FUNDS,CUSTOMER_FINANCIAL,friction_prone,WAIT_AND_RETRY,0.4133,2.0,943.93,88.6
FAIL_001105,PAY_007449,CUST_0441,SUB_0441,791.33,NETWORK_ERROR,TECHNICAL,friction_prone,RETRY_NOW,0.6714,2.0,529.29,79.13
FAIL_000271,PAY_001810,CUST_0112,SUB_0112,553.77,CARD_EXPIRED,PAYMENT_METHOD,friction_prone,UPDATE_PAYMENT_METHOD,0.675,3.0,370.79,221.51
FAIL_002056,PAY_013044,CUST_0763,SUB_0763,580.18,BANK_DECLINED,ISSUER_DECLINE,low_engagement,WAIT_AND_RETRY,0.3714,2.0,213.45,41.82
FAIL_000360,PAY_002419,CUST_0141,SUB_0141,702.86,BANK_DECLINED,ISSUER_DECLINE,friction_prone,WAIT_AND_RETRY,0.4327,2.0,302.1,76.67
FAIL_001774,PAY_011701,CUST_0687,SUB_0687,345.77,INSUFFICIENT_FUNDS,CUSTOMER_FINANCIAL,normal,WAIT_AND_RETRY,0.4402,2.0,150.21,11.44
FAIL_001531,PAY_010149,CUST_0599,SUB_0599,1262.66,INSUFFICIENT_FUNDS,CUSTOMER_FINANCIAL,normal,WAIT_AND_RETRY,0.508,2.0,639.43,124.74
FAIL_002711,PAY_016698,CUST_0971,SUB_0971,401.23,INSUFFICIENT_FUNDS,CUSTOMER_FINANCIAL,friction_prone,WAIT_AND_RETRY,0.414,2.0,164.11,16.65
FAIL_001587,PAY_010608,CUST_0626,SUB_0626,548.8,BANK_DECLINED,ISSUER_DECLINE,low_engagement,WAIT_AND_RETRY,0.3662,2.0,198.97,36.78
FAIL_000185,PAY_001122,CUST_0076,SUB_0076,677.01,BANK_DECLINED,ISSUER_DECLINE,low_engagement,WAIT_AND_RETRY,0.4287,2.0,288.21,87.43
FAIL_000270,PAY_001807,CUST_0112,SUB_0112,553.77,INSUFFICIENT_FUNDS,CUSTOMER_FINANCIAL,friction_prone,WAIT_AND_RETRY,0.4217,2.0,231.5,26.84
FAIL_001500,PAY_009826,CUST_0581,SUB_0581,369.27,CARD_EXPIRED,PAYMENT_METHOD,friction_prone,UPDATE_PAYMENT_METHOD,0.675,3.0,246.26,147.71
FAIL_000748,PAY_005151,CUST_0307,SUB_0307,2288.88,BANK_DECLINED,ISSUER_DECLINE,friction_prone,WAIT_AND_RETRY,0.3633,2.0,829.49,88.6
FAIL_001187,PAY_007947,CUST_0468,SUB_0468,1737.7,AUTHENTICATION_FAILED,CUSTOMER_ACTION,friction_prone,UPDATE_PAYMENT_METHOD,0.525,3.0,909.29,260.65
FAIL_000069,PAY_000320,CUST_0025,SUB_0025,2062.52,INSUFFICIENT_FUNDS,CUSTOMER_FINANCIAL,normal,WAIT_AND_RETRY,0.4975,2.0,1024.18,181.54
FAIL_002027,PAY_012825,CUST_0750,SUB_0750,1696.9,BANK_DECLINED,ISSUER_DECLINE,normal,WAIT_AND_RETRY,0.4506,2.0,762.65,154.77
FAIL_000633,PAY_004284,CUST_0252,SUB_0252,609.3,INSUFFICIENT_FUNDS,CUSTOMER_FINANCIAL,low_engagement,WAIT_AND_RETRY,0.4153,2.0,251.06,40.2
FAIL_002530,PAY_015559,CUST_0912,SUB_0912,1241.22,AUTHENTICATION_FAILED,CUSTOMER_ACTION,low_engagement,UPDATE_PAYMENT_METHOD,0.501,3.0,618.85,186.18
FAIL_001324,PAY_008682,CUST_0508,SUB_0508,676.53,INSUFFICIENT_FUNDS,CUSTOMER_FINANCIAL,normal,WAIT_AND_RETRY,0.4417,2.0,296.79,22.42
FAIL_002616,PAY_016088,CUST_0939,SUB_0939,368.13,NETWORK_ERROR,TECHNICAL,low_engagement,RETRY_NOW,0.7287,2.0,266.24,36.81
FAIL_000199,PAY_001313,CUST_0085,SUB_0085,13160.39,LIMIT_EXCEEDED,PAYMENT_LIMIT,high_value_loyal,PAYMENT_LINK,0.5576,3.0,7335.23,2632.08
FAIL_002470,PAY_015217,CUST_0892,SUB_0892,429.37,CARD_EXPIRED,PAYMENT_METHOD,friction_prone,UPDATE_PAYMENT_METHOD,0.675,3.0,286.82,171.75
FAIL_002489,PAY_015315,CUST_0900,SUB_0900,600.87,NETWORK_ERROR,TECHNICAL,normal,RETRY_NOW,0.7556,2.0,452.0,60.09
FAIL_002097,PAY_013352,CUST_0781,SUB_0781,1082.52,INSUFFICIENT_FUNDS,CUSTOMER_FINANCIAL,reliable,WAIT_AND_RETRY,0.5276,2.0,569.09,83.87
FAIL_001351,PAY_008944,CUST_0527,SUB_0527,633.24,INSUFFICIENT_FUNDS,CUSTOMER_FINANCIAL,friction_prone,WAIT_AND_RETRY,0.4174,2.0,262.33,27.87
FAIL_001477,PAY_009693,CUST_0576,SUB_0576,245.25,NETWORK_ERROR,TECHNICAL,friction_prone,RETRY_NOW,0.6739,2.0,163.28,24.53
FAIL_001548,PAY_010338,CUST_0609,SUB_0609,1520.27,NETWORK_ERROR,TECHNICAL,friction_prone,RETRY_NOW,0.6672,2.0,1012.32,152.03
FAIL_001389,PAY_009153,CUST_0543,SUB_0543,601.97,INSUFFICIENT_FUNDS,CUSTOMER_FINANCIAL,low_engagement,WAIT_AND_RETRY,0.4792,2.0,286.46,78.17
FAIL_000514,PAY_003467,CUST_0204,SUB_0204,213.4,BANK_DECLINED,ISSUER_DECLINE,low_engagement,WAIT_AND_RETRY,0.4249,2.0,88.66,27.43
FAIL_001979,PAY_012659,CUST_0740,SUB_0740,544.61,INSUFFICIENT_FUNDS,CUSTOMER_FINANCIAL,friction_prone,WAIT_AND_RETRY,0.4096,2.0,221.09,19.87
FAIL_000390,PAY_002629,CUST_0155,SUB_0155,663.98,NETWORK_ERROR,TECHNICAL,friction_prone,RETRY_NOW,0.671,2.0,443.53,66.4
FAIL_001304,PAY_008539,CUST_0500,SUB_0500,878.95,NETWORK_ERROR,TECHNICAL,friction_prone,RETRY_NOW,0.6727,2.0,589.24,87.89
FAIL_000449,PAY_002941,CUST_0171,SUB_0171,14917.0,LIMIT_EXCEEDED,PAYMENT_LIMIT,high_value_loyal,PAYMENT_LINK,0.5576,3.0,8314.72,2983.4
FAIL_002594,PAY_015880,CUST_0929,SUB_0929,329.53,BANK_DECLINED,ISSUER_DECLINE,friction_prone,WAIT_AND_RETRY,0.4342,2.0,141.07,36.97
FAIL_001244,PAY_008224,CUST_0482,SUB_0482,1120.08,BANK_DECLINED,ISSUER_DECLINE,normal,WAIT_AND_RETRY,0.3954,2.0,440.83,40.6
FAIL_000472,PAY_003084,CUST_0180,SUB_0180,1171.97,BANK_DECLINED,ISSUER_DECLINE,normal,WAIT_AND_RETRY,0.4486,2.0,523.76,104.85
FAIL_000587,PAY_003973,CUST_0234,SUB_0234,992.15,BANK_DECLINED,ISSUER_DECLINE,normal,WAIT_AND_RETRY,0.4557,2.0,450.1,95.93
FAIL_001018,PAY_006868,CUST_0412,SUB_0412,449.29,NETWORK_ERROR,TECHNICAL,low_engagement,RETRY_NOW,0.6688,2.0,298.47,44.93
FAIL_001527,PAY_010090,CUST_0595,SUB_0595,10967.98,INSUFFICIENT_FUNDS,CUSTOMER_FINANCIAL,high_value_loyal,WAIT_AND_RETRY,0.5232,2.0,5736.1,720.15
FAIL_002691,PAY_016562,CUST_0966,SUB_0966,231.48,INSUFFICIENT_FUNDS,CUSTOMER_FINANCIAL,low_engagement,WAIT_AND_RETRY,0.4164,2.0,94.39,16.14
FAIL_002283,PAY_014439,CUST_0846,SUB_0846,518.72,AUTHENTICATION_FAILED,CUSTOMER_ACTION,low_engagement,UPDATE_PAYMENT_METHOD,0.501,3.0,256.88,77.81
FAIL_002477,PAY_015244,CUST_0896,SUB_0896,397.37,INSUFFICIENT_FUNDS,CUSTOMER_FINANCIAL,friction_prone,WAIT_AND_RETRY,0.4174,2.0,163.87,17.86
FAIL_002428,PAY_015066,CUST_0884,SUB_0884,2190.71,INSUFFICIENT_FUNDS,CUSTOMER_FINANCIAL,normal,WAIT_AND_RETRY,0.426,2.0,931.24,36.05
FAIL_001798,PAY_011818,CUST_0694,SUB_0694,1377.46,BANK_DECLINED,ISSUER_DECLINE,friction_prone,WAIT_AND_RETRY,0.3539,2.0,485.48,40.8
FAIL_000017,PAY_000129,CUST_0013,SUB_0013,709.07,INSUFFICIENT_FUNDS,CUSTOMER_FINANCIAL,friction_prone,WAIT_AND_RETRY,0.4846,2.0,341.59,78.69
FAIL_000563,PAY_003752,CUST_0219,SUB_0219,454.09,BANK_DECLINED,ISSUER_DECLINE,normal,WAIT_AND_RETRY,0.4494,2.0,202.09,41.62
FAIL_000811,PAY_005510,CUST_0334,SUB_0334,382.28,BANK_DECLINED,ISSUER_DECLINE,low_engagement,WAIT_AND_RETRY,0.36,2.0,135.62,23.55
FAIL_001349,PAY_008939,CUST_0527,SUB_0527,633.24,BANK_DECLINED,ISSUER_DECLINE,friction_prone,WAIT_AND_RETRY,0.3674,2.0,230.67,27.87
FAIL_000045,PAY_000256,CUST_0020,SUB_0020,641.27,INSUFFICIENT_FUNDS,CUSTOMER_FINANCIAL,friction_prone,WAIT_AND_RETRY,0.4235,2.0,269.58,32.1
FAIL_002315,PAY_014562,CUST_0854,SUB_0854,272.78,BANK_DECLINED,ISSUER_DECLINE,low_engagement,WAIT_AND_RETRY,0.4239,2.0,113.64,34.53
FAIL_002366,PAY_014887,CUST_0872,SUB_0872,471.51,INSUFFICIENT_FUNDS,CUSTOMER_FINANCIAL,low_engagement,WAIT_AND_RETRY,0.4746,2.0,221.78,59.28
FAIL_000606,PAY_004105,CUST_0243,SUB_0243,928.54,BANK_DECLINED,ISSUER_DECLINE,friction_prone,WAIT_AND_RETRY,0.3587,2.0,331.03,32.26
FAIL_001178,PAY_007934,CUST_0468,SUB_0468,1737.7,INSUFFICIENT_FUNDS,CUSTOMER_FINANCIAL,friction_prone,WAIT_AND_RETRY,0.411,2.0,712.19,63.56
FAIL_000736,PAY_005094,CUST_0304,SUB_0304,5470.67,NETWORK_ERROR,TECHNICAL,high_value_loyal,RETRY_NOW,0.7703,2.0,4211.86,547.07
FAIL_001725,PAY_011320,CUST_0665,SUB_0665,374.12,CARD_EXPIRED,PAYMENT_METHOD,low_engagement,UPDATE_PAYMENT_METHOD,0.651,3.0,240.55,149.65
FAIL_000782,PAY_005374,CUST_0323,SUB_0323,262.8,BANK_DECLINED,ISSUER_DECLINE,low_engagement,WAIT_AND_RETRY,0.4238,2.0,109.38,33.28
FAIL_000486,PAY_003136,CUST_0183,SUB_0183,640.85,LIMIT_EXCEEDED,PAYMENT_LIMIT,friction_prone,PAYMENT_LINK,0.475,3.0,301.4,128.17
FAIL_000219,PAY_001469,CUST_0096,SUB_0096,722.92,INSUFFICIENT_FUNDS,CUSTOMER_FINANCIAL,friction_prone,WAIT_AND_RETRY,0.4131,2.0,296.61,28.51
FAIL_000990,PAY_006613,CUST_0398,SUB_0398,669.19,INSUFFICIENT_FUNDS,CUSTOMER_FINANCIAL,low_engagement,WAIT_AND_RETRY,0.4802,2.0,319.31,87.43
FAIL_002737,PAY_016843,CUST_0978,SUB_0978,445.63,INSUFFICIENT_FUNDS,CUSTOMER_FINANCIAL,friction_prone,WAIT_AND_RETRY,0.4767,2.0,210.43,46.32
FAIL_000408,PAY_002664,CUST_0156,SUB_0156,985.5,BANK_DECLINED,ISSUER_DECLINE,friction_prone,WAIT_AND_RETRY,0.356,2.0,348.84,31.55
FAIL_000619,PAY_004151,CUST_0245,SUB_0245,4573.71,NETWORK_ERROR,TECHNICAL,reliable,RETRY_NOW,0.7756,2.0,3545.37,457.37
FAIL_001697,PAY_011095,CUST_0651,SUB_0651,1314.12,INSUFFICIENT_FUNDS,CUSTOMER_FINANCIAL,normal,WAIT_AND_RETRY,0.5,2.0,655.06,119.27
FAIL_001890,PAY_012165,CUST_0712,SUB_0712,1746.84,INSUFFICIENT_FUNDS,CUSTOMER_FINANCIAL,normal,WAIT_AND_RETRY,0.5017,2.0,874.41,161.21
FAIL_001414,PAY_009289,CUST_0552,SUB_0552,507.97,NETWORK_ERROR,TECHNICAL,low_engagement,RETRY_NOW,0.6636,2.0,335.1,50.8
FAIL_002100,PAY_013390,CUST_0784,SUB_0784,2351.87,AUTHENTICATION_FAILED,CUSTOMER_ACTION,normal,UPDATE_PAYMENT_METHOD,0.56,3.0,1314.05,352.78
FAIL_001309,PAY_008566,CUST_0502,SUB_0502,4047.84,BANK_DECLINED,ISSUER_DECLINE,high_value_loyal,WAIT_AND_RETRY,0.4779,2.0,1932.41,285.51
FAIL_000613,PAY_004128,CUST_0244,SUB_0244,1067.83,BANK_DECLINED,ISSUER_DECLINE,normal,WAIT_AND_RETRY,0.4557,2.0,484.59,103.17
FAIL_001204,PAY_008072,CUST_0475,SUB_0475,332.6,NETWORK_ERROR,TECHNICAL,low_engagement,RETRY_NOW,0.6663,2.0,219.61,33.26
FAIL_000708,PAY_004868,CUST_0289,SUB_0289,1199.82,BANK_DECLINED,ISSUER_DECLINE,friction_prone,WAIT_AND_RETRY,0.4334,2.0,517.96,131.02
FAIL_000905,PAY_006084,CUST_0369,SUB_0369,803.69,INSUFFICIENT_FUNDS,CUSTOMER_FINANCIAL,low_engagement,WAIT_AND_RETRY,0.4792,2.0,383.13,104.03
FAIL_002013,PAY_012769,CUST_0747,SUB_0747,795.67,AUTHENTICATION_FAILED,CUSTOMER_ACTION,low_engagement,UPDATE_PAYMENT_METHOD,0.501,3.0,395.63,119.35
FAIL_000324,PAY_002176,CUST_0128,SUB_0128,14456.27,LIMIT_EXCEEDED,PAYMENT_LIMIT,high_value_loyal,PAYMENT_LINK,0.5576,3.0,8057.82,2891.25
FAIL_001120,PAY_007541,CUST_0446,SUB_0446,330.54,AUTHENTICATION_FAILED,CUSTOMER_ACTION,low_engagement,UPDATE_PAYMENT_METHOD,0.501,3.0,162.6,49.58
FAIL_001388,PAY_009131,CUST_0540,SUB_0540,2023.63,NETWORK_ERROR,TECHNICAL,friction_prone,RETRY_NOW,0.7282,2.0,1471.66,202.36
FAIL_001807,PAY_011833,CUST_0694,SUB_0694,1377.46,NETWORK_ERROR,TECHNICAL,friction_prone,RETRY_NOW,0.6539,2.0,898.72,137.75
FAIL_002778,PAY_017114,CUST_0997,SUB_0997,885.93,INSUFFICIENT_FUNDS,CUSTOMER_FINANCIAL,friction_prone,WAIT_AND_RETRY,0.406,2.0,357.69,28.46
FAIL_000020,PAY_000151,CUST_0014,SUB_0014,2172.96,INSUFFICIENT_FUNDS,CUSTOMER_FINANCIAL,reliable,WAIT_AND_RETRY,0.5276,2.0,1144.35,167.34
FAIL_001366,PAY_009025,CUST_0533,SUB_0533,444.14,INSUFFICIENT_FUNDS,CUSTOMER_FINANCIAL,low_engagement,WAIT_AND_RETRY,0.4142,2.0,181.95,29.06
FAIL_002194,PAY_013924,CUST_0814,SUB_0814,1173.58,INSUFFICIENT_FUNDS,CUSTOMER_FINANCIAL,low_engagement,WAIT_AND_RETRY,0.4816,2.0,563.16,154.23
FAIL_000942,PAY_006379,CUST_0384,SUB_0384,686.09,BANK_DECLINED,ISSUER_DECLINE,friction_prone,WAIT_AND_RETRY,0.3731,2.0,254.01,34.03
FAIL_000521,PAY_003510,CUST_0208,SUB_0208,355.21,LIMIT_EXCEEDED,PAYMENT_LIMIT,low_engagement,PAYMENT_LINK,0.451,3.0,157.2,71.04
FAIL_002038,PAY_012909,CUST_0757,SUB_0757,1032.33,INSUFFICIENT_FUNDS,CUSTOMER_FINANCIAL,low_engagement,WAIT_AND_RETRY,0.4163,2.0,427.75,68.4
FAIL_002067,PAY_013097,CUST_0766,SUB_0766,1882.53,BANK_DECLINED,ISSUER_DECLINE,friction_prone,WAIT_AND_RETRY,0.361,2.0,677.59,68.77
FAIL_000476,PAY_003093,CUST_0180,SUB_0180,1171.97,AUTHENTICATION_FAILED,CUSTOMER_ACTION,normal,UPDATE_PAYMENT_METHOD,0.56,3.0,653.3,175.8
FAIL_000294,PAY_001921,CUST_0117,SUB_0117,1714.93,INSUFFICIENT_FUNDS,CUSTOMER_FINANCIAL,friction_prone,WAIT_AND_RETRY,0.4146,2.0,708.96,68.86
FAIL_001195,PAY_007981,CUST_0471,SUB_0471,1458.52,INSUFFICIENT_FUNDS,CUSTOMER_FINANCIAL,reliable,WAIT_AND_RETRY,0.5287,2.0,769.07,114.27
FAIL_001020,PAY_006873,CUST_0412,SUB_0412,449.29,CARD_EXPIRED,PAYMENT_METHOD,low_engagement,UPDATE_PAYMENT_METHOD,0.651,3.0,289.49,179.72
FAIL_000494,PAY_003236,CUST_0188,SUB_0188,221.49,INSUFFICIENT_FUNDS,CUSTOMER_FINANCIAL,low_engagement,WAIT_AND_RETRY,0.4738,2.0,102.95,28.2
FAIL_001400,PAY_009196,CUST_0546,SUB_0546,424.05,INSUFFICIENT_FUNDS,CUSTOMER_FINANCIAL,friction_prone,WAIT_AND_RETRY,0.4104,2.0,172.05,16.03
FAIL_001270,PAY_008356,CUST_0488,SUB_0488,2159.58,BANK_DECLINED,ISSUER_DECLINE,normal,WAIT_AND_RETRY,0.4564,2.0,983.63,209.18
FAIL_000784,PAY_005397,CUST_0325,SUB_0325,726.01,NETWORK_ERROR,TECHNICAL,low_engagement,RETRY_NOW,0.722,2.0,522.18,72.6
FAIL_001977,PAY_012657,CUST_0740,SUB_0740,544.61,NETWORK_ERROR,TECHNICAL,friction_prone,RETRY_NOW,0.6596,2.0,357.25,54.46
FAIL_000162,PAY_000978,CUST_0062,SUB_0062,438.99,CARD_EXPIRED,PAYMENT_METHOD,low_engagement,UPDATE_PAYMENT_METHOD,0.651,3.0,282.78,175.6
FAIL_001872,PAY_012083,CUST_0707,SUB_0707,933.74,LIMIT_EXCEEDED,PAYMENT_LIMIT,friction_prone,PAYMENT_LINK,0.475,3.0,440.53,186.75
FAIL_000349,PAY_002283,CUST_0135,SUB_0135,771.04,BANK_DECLINED,ISSUER_DECLINE,friction_prone,WAIT_AND_RETRY,0.4305,2.0,329.95,82.36
FAIL_000369,PAY_002459,CUST_0145,SUB_0145,1162.18,INSUFFICIENT_FUNDS,CUSTOMER_FINANCIAL,low_engagement,WAIT_AND_RETRY,0.4742,2.0,549.13,144.21
FAIL_002659,PAY_016394,CUST_0956,SUB_0956,663.09,BANK_DECLINED,ISSUER_DECLINE,friction_prone,WAIT_AND_RETRY,0.4337,2.0,285.58,73.08
FAIL_001397,PAY_009184,CUST_0545,SUB_0545,321.75,CARD_EXPIRED,PAYMENT_METHOD,low_engagement,UPDATE_PAYMENT_METHOD,0.651,3.0,206.46,128.7
FAIL_002057,PAY_013049,CUST_0763,SUB_0763,580.18,INSUFFICIENT_FUNDS,CUSTOMER_FINANCIAL,low_engagement,WAIT_AND_RETRY,0.4214,2.0,242.46,41.82
FAIL_001849,PAY_012011,CUST_0704,SUB_0704,685.76,INSUFFICIENT_FUNDS,CUSTOMER_FINANCIAL,friction_prone,WAIT_AND_RETRY,0.476,2.0,324.42,70.26
FAIL_002346,PAY_014769,CUST_0865,SUB_0865,1983.69,LIMIT_EXCEEDED,PAYMENT_LIMIT,normal,PAYMENT_LINK,0.51,3.0,1008.68,396.74
FAIL_000501,PAY_003350,CUST_0194,SUB_0194,3368.12,NETWORK_ERROR,TECHNICAL,reliable,RETRY_NOW,0.7787,2.0,2620.63,336.81
FAIL_002279,PAY_014434,CUST_0846,SUB_0846,518.72,BANK_DECLINED,ISSUER_DECLINE,low_engagement,WAIT_AND_RETRY,0.344,2.0,176.44,23.3
FAIL_000883,PAY_005956,CUST_0361,SUB_0361,1451.55,INSUFFICIENT_FUNDS,CUSTOMER_FINANCIAL,normal,WAIT_AND_RETRY,0.434,2.0,627.97,35.84
FAIL_000768,PAY_005287,CUST_0316,SUB_0316,389.48,CARD_EXPIRED,PAYMENT_METHOD,low_engagement,UPDATE_PAYMENT_METHOD,0.651,3.0,250.55,155.79
FAIL_002642,PAY_016268,CUST_0949,SUB_0949,974.33,INSUFFICIENT_FUNDS,CUSTOMER_FINANCIAL,low_engagement,WAIT_AND_RETRY,0.4772,2.0,462.93,123.94
FAIL_000601,PAY_004082,CUST_0241,SUB_0241,15000.0,INSUFFICIENT_FUNDS,CUSTOMER_FINANCIAL,high_value_loyal,WAIT_AND_RETRY,0.5222,2.0,7830.52,969.52
FAIL_000115,PAY_000722,CUST_0046,SUB_0046,405.71,AUTHENTICATION_FAILED,CUSTOMER_ACTION,friction_prone,UPDATE_PAYMENT_METHOD,0.525,3.0,210.0,60.86
FAIL_001631,PAY_010815,CUST_0636,SUB_0636,666.71,INSUFFICIENT_FUNDS,CUSTOMER_FINANCIAL,friction_prone,WAIT_AND_RETRY,0.4091,2.0,270.74,23.72
FAIL_000665,PAY_004594,CUST_0269,SUB_0269,1477.76,NETWORK_ERROR,TECHNICAL,friction_prone,RETRY_NOW,0.7327,2.0,1080.7,147.78
FAIL_000095,PAY_000542,CUST_0037,SUB_0037,9606.42,INSUFFICIENT_FUNDS,CUSTOMER_FINANCIAL,high_value_loyal,WAIT_AND_RETRY,0.525,2.0,5041.68,648.78
FAIL_001801,PAY_011822,CUST_0694,SUB_0694,1377.46,BANK_DECLINED,ISSUER_DECLINE,friction_prone,WAIT_AND_RETRY,0.3539,2.0,485.48,40.8
FAIL_000614,PAY_004130,CUST_0244,SUB_0244,1067.83,BANK_DECLINED,ISSUER_DECLINE,normal,WAIT_AND_RETRY,0.4557,2.0,484.59,103.17
FAIL_001422,PAY_009308,CUST_0552,SUB_0552,507.97,NETWORK_ERROR,TECHNICAL,low_engagement,RETRY_NOW,0.6636,2.0,335.1,50.8
FAIL_000341,PAY_002242,CUST_0133,SUB_0133,3624.04,CARD_EXPIRED,PAYMENT_METHOD,reliable,UPDATE_PAYMENT_METHOD,0.751,3.0,2718.65,1449.62
FAIL_000909,PAY_006101,CUST_0371,SUB_0371,1607.44,INSUFFICIENT_FUNDS,CUSTOMER_FINANCIAL,friction_prone,WAIT_AND_RETRY,0.4789,2.0,767.73,167.94
FAIL_001701,PAY_011116,CUST_0654,SUB_0654,8671.76,NETWORK_ERROR,TECHNICAL,high_value_loyal,RETRY_NOW,0.7069,2.0,6128.38,867.18
FAIL_002072,PAY_013156,CUST_0769,SUB_0769,1716.97,CARD_EXPIRED,PAYMENT_METHOD,friction_prone,UPDATE_PAYMENT_METHOD,0.675,3.0,1155.95,686.79
FAIL_001298,PAY_008517,CUST_0500,SUB_0500,878.95,INSUFFICIENT_FUNDS,CUSTOMER_FINANCIAL,friction_prone,WAIT_AND_RETRY,0.4227,2.0,369.5,42.89
FAIL_001842,PAY_011994,CUST_0704,SUB_0704,685.76,LIMIT_EXCEEDED,PAYMENT_LIMIT,friction_prone,PAYMENT_LINK,0.475,3.0,322.74,137.15
FAIL_000202,PAY_001353,CUST_0089,SUB_0089,5310.59,LIMIT_EXCEEDED,PAYMENT_LIMIT,high_value_loyal,PAYMENT_LINK,0.5576,3.0,2958.18,1062.12
FAIL_000889,PAY_005986,CUST_0364,SUB_0364,376.34,INSUFFICIENT_FUNDS,CUSTOMER_FINANCIAL,friction_prone,WAIT_AND_RETRY,0.4129,2.0,153.39,15.26
FAIL_000186,PAY_001127,CUST_0076,SUB_0076,677.01,BANK_DECLINED,ISSUER_DECLINE,low_engagement,WAIT_AND_RETRY,0.4287,2.0,288.21,87.43
FAIL_002596,PAY_015886,CUST_0929,SUB_0929,329.53,CARD_EXPIRED,PAYMENT_METHOD,friction_prone,UPDATE_PAYMENT_METHOD,0.675,3.0,219.43,131.81
FAIL_000466,PAY_003056,CUST_0177,SUB_0177,625.68,INSUFFICIENT_FUNDS,CUSTOMER_FINANCIAL,normal,WAIT_AND_RETRY,0.5037,2.0,313.15,59.62
FAIL_000589,PAY_003991,CUST_0235,SUB_0235,1093.64,INSUFFICIENT_FUNDS,CUSTOMER_FINANCIAL,friction_prone,WAIT_AND_RETRY,0.422,2.0,459.52,52.4
FAIL_001402,PAY_009204,CUST_0547,SUB_0547,2231.07,INSUFFICIENT_FUNDS,CUSTOMER_FINANCIAL,friction_prone,WAIT_AND_RETRY,0.48,2.0,1068.91,235.26
FAIL_002064,PAY_013093,CUST_0766,SUB_0766,1882.53,BANK_DECLINED,ISSUER_DECLINE,friction_prone,WAIT_AND_RETRY,0.361,2.0,677.59,68.77
FAIL_000481,PAY_003103,CUST_0181,SUB_0181,860.38,BANK_DECLINED,ISSUER_DECLINE,low_engagement,WAIT_AND_RETRY,0.3687,2.0,315.19,59.22
FAIL_000141,PAY_000830,CUST_0053,SUB_0053,619.66,BANK_DECLINED,ISSUER_DECLINE,low_engagement,WAIT_AND_RETRY,0.3476,2.0,213.36,29.85
FAIL_001265,PAY_008308,CUST_0486,SUB_0486,434.48,INSUFFICIENT_FUNDS,CUSTOMER_FINANCIAL,friction_prone,WAIT_AND_RETRY,0.4827,2.0,207.71,47.78
FAIL_000074,PAY_000328,CUST_0025,SUB_0025,2062.52,INSUFFICIENT_FUNDS,CUSTOMER_FINANCIAL,normal,WAIT_AND_RETRY,0.4975,2.0,1024.18,181.54
FAIL_001109,PAY_007474,CUST_0443,SUB_0443,976.9,BANK_DECLINED,ISSUER_DECLINE,friction_prone,WAIT_AND_RETRY,0.4327,2.0,420.67,106.18
FAIL_002440,PAY_015136,CUST_0888,SUB_0888,14993.1,BANK_DECLINED,ISSUER_DECLINE,high_value_loyal,WAIT_AND_RETRY,0.4729,2.0,7088.78,980.59
FAIL_001556,PAY_010364,CUST_0610,SUB_0610,11684.35,AUTHENTICATION_FAILED,CUSTOMER_ACTION,high_value_loyal,UPDATE_PAYMENT_METHOD,0.6076,3.0,7096.41,1752.65
FAIL_001472,PAY_009675,CUST_0574,SUB_0574,918.08,BANK_DECLINED,ISSUER_DECLINE,reliable,WAIT_AND_RETRY,0.477,2.0,435.92,70.77
FAIL_001284,PAY_008414,CUST_0491,SUB_0491,540.07,INSUFFICIENT_FUNDS,CUSTOMER_FINANCIAL,friction_prone,WAIT_AND_RETRY,0.421,2.0,225.37,25.84
FAIL_000649,PAY_004406,CUST_0259,SUB_0259,432.07,BANK_DECLINED,ISSUER_DECLINE,low_engagement,WAIT_AND_RETRY,0.4306,2.0,184.04,56.98
FAIL_002336,PAY_014687,CUST_0862,SUB_0862,1374.15,BANK_DECLINED,ISSUER_DECLINE,friction_prone,WAIT_AND_RETRY,0.3723,2.0,509.59,65.99
FAIL_002375,PAY_014917,CUST_0874,SUB_0874,763.19,BANK_DECLINED,ISSUER_DECLINE,low_engagement,WAIT_AND_RETRY,0.4254,2.0,322.7,95.98
FAIL_001382,PAY_009101,CUST_0538,SUB_0538,1824.63,CARD_EXPIRED,PAYMENT_METHOD,friction_prone,UPDATE_PAYMENT_METHOD,0.675,3.0,1228.63,729.85
FAIL_000673,PAY_004690,CUST_0277,SUB_0277,470.05,LIMIT_EXCEEDED,PAYMENT_LIMIT,low_engagement,PAYMENT_LINK,0.451,3.0,208.99,94.01
FAIL_001898,PAY_012219,CUST_0715,SUB_0715,805.01,NETWORK_ERROR,TECHNICAL,reliable,RETRY_NOW,0.7713,2.0,618.93,80.5
FAIL_001331,PAY_008743,CUST_0515,SUB_0515,801.81,AUTHENTICATION_FAILED,CUSTOMER_ACTION,low_engagement,UPDATE_PAYMENT_METHOD,0.501,3.0,398.71,120.27
FAIL_002633,PAY_016198,CUST_0945,SUB_0945,12700.91,BANK_DECLINED,ISSUER_DECLINE,high_value_loyal,WAIT_AND_RETRY,0.4756,2.0,6038.55,864.66
FAIL_001419,PAY_009304,CUST_0552,SUB_0552,507.97,LIMIT_EXCEEDED,PAYMENT_LIMIT,low_engagement,PAYMENT_LINK,0.451,3.0,226.09,101.59
FAIL_002598,PAY_015908,CUST_0930,SUB_0930,556.37,INSUFFICIENT_FUNDS,CUSTOMER_FINANCIAL,low_engagement,WAIT_AND_RETRY,0.4831,2.0,266.79,74.5
FAIL_000694,PAY_004763,CUST_0281,SUB_0281,913.36,AUTHENTICATION_FAILED,CUSTOMER_ACTION,normal,UPDATE_PAYMENT_METHOD,0.56,3.0,508.48,137.0
FAIL_002452,PAY_015167,CUST_0889,SUB_0889,1368.01,INSUFFICIENT_FUNDS,CUSTOMER_FINANCIAL,friction_prone,WAIT_AND_RETRY,0.4117,2.0,561.23,51.22
FAIL_001601,PAY_010666,CUST_0628,SUB_0628,1735.47,LIMIT_EXCEEDED,PAYMENT_LIMIT,normal,PAYMENT_LINK,0.51,3.0,882.09,347.09
FAIL_002029,PAY_012834,CUST_0752,SUB_0752,200.0,NETWORK_ERROR,TECHNICAL,low_engagement,RETRY_NOW,0.726,2.0,143.2,20.0
FAIL_001961,PAY_012597,CUST_0737,SUB_0737,997.2,INSUFFICIENT_FUNDS,CUSTOMER_FINANCIAL,low_engagement,WAIT_AND_RETRY,0.4745,2.0,471.17,124.15
FAIL_000317,PAY_002092,CUST_0124,SUB_0124,3507.97,BANK_DECLINED,ISSUER_DECLINE,high_value_loyal,WAIT_AND_RETRY,0.4805,2.0,1683.65,256.8
FAIL_002181,PAY_013886,CUST_0810,SUB_0810,1736.57,INSUFFICIENT_FUNDS,CUSTOMER_FINANCIAL,friction_prone,WAIT_AND_RETRY,0.4253,2.0,736.49,88.27
FAIL_000840,PAY_005701,CUST_0349,SUB_0349,3058.5,LIMIT_EXCEEDED,PAYMENT_LIMIT,normal,PAYMENT_LINK,0.51,3.0,1556.84,611.7
FAIL_000296,PAY_001937,CUST_0119,SUB_0119,15000.0,NETWORK_ERROR,TECHNICAL,high_value_loyal,RETRY_NOW,0.7711,2.0,11564.56,1500.0
FAIL_001480,PAY_009716,CUST_0576,SUB_0576,245.25,CARD_EXPIRED,PAYMENT_METHOD,friction_prone,UPDATE_PAYMENT_METHOD,0.675,3.0,162.54,98.1
FAIL_000032,PAY_000200,CUST_0017,SUB_0017,988.37,CARD_EXPIRED,PAYMENT_METHOD,low_engagement,UPDATE_PAYMENT_METHOD,0.651,3.0,640.43,395.35
FAIL_001769,PAY_011614,CUST_0682,SUB_0682,15000.0,BANK_DECLINED,ISSUER_DECLINE,high_value_loyal,WAIT_AND_RETRY,0.4805,2.0,7205.8,1094.8
FAIL_001078,PAY_007292,CUST_0434,SUB_0434,418.23,CARD_EXPIRED,PAYMENT_METHOD,normal,UPDATE_PAYMENT_METHOD,0.71,3.0,293.94,167.29
FAIL_000205,PAY_001423,CUST_0093,SUB_0093,333.96,BANK_DECLINED,ISSUER_DECLINE,low_engagement,WAIT_AND_RETRY,0.4228,2.0,139.2,41.68
FAIL_000902,PAY_006043,CUST_0367,SUB_0367,543.21,BANK_DECLINED,ISSUER_DECLINE,low_engagement,WAIT_AND_RETRY,0.4306,2.0,231.89,71.38
FAIL_002184,PAY_013901,CUST_0811,SUB_0811,417.48,AUTHENTICATION_FAILED,CUSTOMER_ACTION,low_engagement,UPDATE_PAYMENT_METHOD,0.501,3.0,206.16,62.62
FAIL_000680,PAY_004704,CUST_0277,SUB_0277,470.05,INSUFFICIENT_FUNDS,CUSTOMER_FINANCIAL,low_engagement,WAIT_AND_RETRY,0.402,2.0,186.96,24.97
FAIL_001209,PAY_008077,CUST_0475,SUB_0475,332.6,INSUFFICIENT_FUNDS,CUSTOMER_FINANCIAL,low_engagement,WAIT_AND_RETRY,0.4163,2.0,136.46,22.71
FAIL_002423,PAY_015059,CUST_0883,SUB_0883,1083.08,INSUFFICIENT_FUNDS,CUSTOMER_FINANCIAL,friction_prone,WAIT_AND_RETRY,0.4076,2.0,439.46,36.31
FAIL_002039,PAY_012910,CUST_0757,SUB_0757,1032.33,INSUFFICIENT_FUNDS,CUSTOMER_FINANCIAL,low_engagement,WAIT_AND_RETRY,0.4163,2.0,427.75,68.4
FAIL_002768,PAY_017044,CUST_0991,SUB_0991,885.95,AUTHENTICATION_FAILED,CUSTOMER_ACTION,friction_prone,UPDATE_PAYMENT_METHOD,0.525,3.0,462.12,132.89
FAIL_002110,PAY_013430,CUST_0786,SUB_0786,313.47,AUTHENTICATION_FAILED,CUSTOMER_ACTION,low_engagement,UPDATE_PAYMENT_METHOD,0.501,3.0,154.05,47.02
FAIL_002141,PAY_013683,CUST_0799,SUB_0799,1078.38,BANK_DECLINED,ISSUER_DECLINE,friction_prone,WAIT_AND_RETRY,0.426,2.0,457.39,109.92
FAIL_001336,PAY_008842,CUST_0521,SUB_0521,1196.46,INSUFFICIENT_FUNDS,CUSTOMER_FINANCIAL,friction_prone,WAIT_AND_RETRY,0.4149,2.0,494.4,48.72
FAIL_002193,PAY_013920,CUST_0812,SUB_0812,926.3,LIMIT_EXCEEDED,PAYMENT_LIMIT,low_engagement,PAYMENT_LINK,0.451,3.0,414.76,185.26
FAIL_001623,PAY_010800,CUST_0636,SUB_0636,666.71,NETWORK_ERROR,TECHNICAL,friction_prone,RETRY_NOW,0.6591,2.0,437.42,66.67
FAIL_001360,PAY_008991,CUST_0531,SUB_0531,412.94,BANK_DECLINED,ISSUER_DECLINE,friction_prone,WAIT_AND_RETRY,0.3747,2.0,152.71,21.51
FAIL_000791,PAY_005437,CUST_0330,SUB_0330,998.82,AUTHENTICATION_FAILED,CUSTOMER_ACTION,normal,UPDATE_PAYMENT_METHOD,0.56,3.0,556.34,149.82
FAIL_000781,PAY_005371,CUST_0323,SUB_0323,262.8,AUTHENTICATION_FAILED,CUSTOMER_ACTION,low_engagement,UPDATE_PAYMENT_METHOD,0.501,3.0,128.66,39.42
FAIL_002006,PAY_012755,CUST_0746,SUB_0746,450.36,LIMIT_EXCEEDED,PAYMENT_LIMIT,friction_prone,PAYMENT_LINK,0.475,3.0,210.92,90.07
FAIL_002125,PAY_013512,CUST_0789,SUB_0789,694.22,INSUFFICIENT_FUNDS,CUSTOMER_FINANCIAL,normal,WAIT_AND_RETRY,0.5046,2.0,348.28,66.65
FAIL_002527,PAY_015544,CUST_0911,SUB_0911,2077.0,BANK_DECLINED,ISSUER_DECLINE,normal,WAIT_AND_RETRY,0.4563,2.0,945.74,201.02
FAIL_001526,PAY_010084,CUST_0595,SUB_0595,10967.98,NETWORK_ERROR,TECHNICAL,high_value_loyal,RETRY_NOW,0.7732,2.0,8478.09,1096.8
FAIL_002250,PAY_014315,CUST_0839,SUB_0839,1630.84,BANK_DECLINED,ISSUER_DECLINE,reliable,WAIT_AND_RETRY,0.478,2.0,777.54,126.57
FAIL_000090,PAY_000523,CUST_0036,SUB_0036,1214.61,INSUFFICIENT_FUNDS,CUSTOMER_FINANCIAL,friction_prone,WAIT_AND_RETRY,0.406,2.0,491.13,38.65
FAIL_000842,PAY_005705,CUST_0349,SUB_0349,3058.5,NETWORK_ERROR,TECHNICAL,normal,RETRY_NOW,0.746,2.0,2279.64,305.85
FAIL_002613,PAY_016080,CUST_0939,SUB_0939,368.13,CARD_EXPIRED,PAYMENT_METHOD,low_engagement,UPDATE_PAYMENT_METHOD,0.651,3.0,236.65,147.25
FAIL_001942,PAY_012451,CUST_0729,SUB_0729,11458.05,AUTHENTICATION_FAILED,CUSTOMER_ACTION,high_value_loyal,UPDATE_PAYMENT_METHOD,0.6076,3.0,6958.91,1718.71
FAIL_002061,PAY_013082,CUST_0764,SUB_0764,880.92,NETWORK_ERROR,TECHNICAL,low_engagement,RETRY_NOW,0.7292,2.0,640.37,88.09
FAIL_001172,PAY_007920,CUST_0468,SUB_0468,1737.7,INSUFFICIENT_FUNDS,CUSTOMER_FINANCIAL,friction_prone,WAIT_AND_RETRY,0.411,2.0,712.19,63.56
FAIL_002063,PAY_013092,CUST_0766,SUB_0766,1882.53,INSUFFICIENT_FUNDS,CUSTOMER_FINANCIAL,friction_prone,WAIT_AND_RETRY,0.411,2.0,771.72,68.77
FAIL_002041,PAY_012914,CUST_0757,SUB_0757,1032.33,NETWORK_ERROR,TECHNICAL,low_engagement,RETRY_NOW,0.6663,2.0,685.83,103.23
FAIL_002559,PAY_015668,CUST_0918,SUB_0918,595.63,INSUFFICIENT_FUNDS,CUSTOMER_FINANCIAL,friction_prone,WAIT_AND_RETRY,0.4217,2.0,249.15,28.79
FAIL_000660,PAY_004568,CUST_0268,SUB_0268,648.75,INSUFFICIENT_FUNDS,CUSTOMER_FINANCIAL,normal,WAIT_AND_RETRY,0.5042,2.0,325.07,62.08
FAIL_002364,PAY_014874,CUST_0872,SUB_0872,471.51,INSUFFICIENT_FUNDS,CUSTOMER_FINANCIAL,low_engagement,WAIT_AND_RETRY,0.4746,2.0,221.78,59.28
FAIL_000773,PAY_005316,CUST_0319,SUB_0319,354.6,INSUFFICIENT_FUNDS,CUSTOMER_FINANCIAL,friction_prone,WAIT_AND_RETRY,0.4193,2.0,146.7,16.72
FAIL_002236,PAY_014230,CUST_0832,SUB_0832,2452.06,BANK_DECLINED,ISSUER_DECLINE,normal,WAIT_AND_RETRY,0.4482,2.0,1097.07,217.33
FAIL_001874,PAY_012086,CUST_0707,SUB_0707,933.74,NETWORK_ERROR,TECHNICAL,friction_prone,RETRY_NOW,0.671,2.0,624.54,93.37
FAIL_001962,PAY_012608,CUST_0737,SUB_0737,997.2,INSUFFICIENT_FUNDS,CUSTOMER_FINANCIAL,low_engagement,WAIT_AND_RETRY,0.4745,2.0,471.17,124.15
FAIL_000681,PAY_004705,CUST_0277,SUB_0277,470.05,CARD_EXPIRED,PAYMENT_METHOD,low_engagement,UPDATE_PAYMENT_METHOD,0.651,3.0,303.0,188.02
FAIL_000707,PAY_004862,CUST_0289,SUB_0289,1199.82,NETWORK_ERROR,TECHNICAL,friction_prone,RETRY_NOW,0.7334,2.0,877.91,119.98
FAIL_000992,PAY_006633,CUST_0400,SUB_0400,7063.31,INSUFFICIENT_FUNDS,CUSTOMER_FINANCIAL,high_value_loyal,WAIT_AND_RETRY,0.5283,2.0,3729.29,500.12
FAIL_001104,PAY_007444,CUST_0441,SUB_0441,791.33,BANK_DECLINED,ISSUER_DECLINE,friction_prone,WAIT_AND_RETRY,0.3714,2.0,291.89,37.71
FAIL_002790,PAY_017177,CUST_1000,SUB_1000,307.85,INSUFFICIENT_FUNDS,CUSTOMER_FINANCIAL,low_engagement,WAIT_AND_RETRY,0.4199,2.0,127.27,22.22
FAIL_000305,PAY_002007,CUST_0121,SUB_0121,746.25,INSUFFICIENT_FUNDS,CUSTOMER_FINANCIAL,low_engagement,WAIT_AND_RETRY,0.4765,2.0,353.6,94.67
FAIL_002281,PAY_014437,CUST_0846,SUB_0846,518.72,INSUFFICIENT_FUNDS,CUSTOMER_FINANCIAL,low_engagement,WAIT_AND_RETRY,0.394,2.0,202.38,23.3
FAIL_001352,PAY_008950,CUST_0527,SUB_0527,633.24,BANK_DECLINED,ISSUER_DECLINE,friction_prone,WAIT_AND_RETRY,0.3674,2.0,230.67,27.87
FAIL_001188,PAY_007950,CUST_0469,SUB_0469,725.12,AUTHENTICATION_FAILED,CUSTOMER_ACTION,low_engagement,UPDATE_PAYMENT_METHOD,0.501,3.0,360.29,108.77
FAIL_002748,PAY_016959,CUST_0987,SUB_0987,1375.78,INSUFFICIENT_FUNDS,CUSTOMER_FINANCIAL,reliable,WAIT_AND_RETRY,0.529,2.0,725.84,108.37
FAIL_001716,PAY_011239,CUST_0661,SUB_0661,629.8,NETWORK_ERROR,TECHNICAL,normal,RETRY_NOW,0.758,2.0,475.39,62.98
FAIL_000612,PAY_004121,CUST_0244,SUB_0244,1067.83,INSUFFICIENT_FUNDS,CUSTOMER_FINANCIAL,normal,WAIT_AND_RETRY,0.5057,2.0,537.98,103.17
FAIL_002621,PAY_016131,CUST_0942,SUB_0942,568.27,LIMIT_EXCEEDED,PAYMENT_LIMIT,friction_prone,PAYMENT_LINK,0.475,3.0,266.93,113.65
FAIL_001948,PAY_012493,CUST_0731,SUB_0731,1784.87,INSUFFICIENT_FUNDS,CUSTOMER_FINANCIAL,friction_prone,WAIT_AND_RETRY,0.4794,2.0,853.75,187.43
FAIL_001959,PAY_012594,CUST_0737,SUB_0737,997.2,NETWORK_ERROR,TECHNICAL,low_engagement,RETRY_NOW,0.7245,2.0,720.47,99.72
FAIL_001681,PAY_011023,CUST_0647,SUB_0647,1055.34,BANK_DECLINED,ISSUER_DECLINE,friction_prone,WAIT_AND_RETRY,0.366,2.0,384.25,44.27
FAIL_000548,PAY_003683,CUST_0216,SUB_0216,851.26,BANK_DECLINED,ISSUER_DECLINE,friction_prone,WAIT_AND_RETRY,0.3717,2.0,314.38,40.72
FAIL_001040,PAY_007054,CUST_0422,SUB_0422,306.79,INSUFFICIENT_FUNDS,CUSTOMER_FINANCIAL,low_engagement,WAIT_AND_RETRY,0.4787,2.0,144.85,40.17
FAIL_002076,PAY_013167,CUST_0770,SUB_0770,601.44,NETWORK_ERROR,TECHNICAL,low_engagement,RETRY_NOW,0.722,2.0,432.24,60.14
FAIL_000697,PAY_004767,CUST_0281,SUB_0281,913.36,NETWORK_ERROR,TECHNICAL,normal,RETRY_NOW,0.75,2.0,683.02,91.34
FAIL_000850,PAY_005781,CUST_0352,SUB_0352,953.66,CARD_EXPIRED,PAYMENT_METHOD,normal,UPDATE_PAYMENT_METHOD,0.71,3.0,674.1,381.46
FAIL_001750,PAY_011493,CUST_0676,SUB_0676,208.63,INSUFFICIENT_FUNDS,CUSTOMER_FINANCIAL,low_engagement,WAIT_AND_RETRY,0.4775,2.0,97.61,27.38
FAIL_001618,PAY_010763,CUST_0634,SUB_0634,1890.32,NETWORK_ERROR,TECHNICAL,normal,RETRY_NOW,0.7598,2.0,1434.36,189.03
FAIL_001833,PAY_011963,CUST_0703,SUB_0703,360.66,AUTHENTICATION_FAILED,CUSTOMER_ACTION,friction_prone,UPDATE_PAYMENT_METHOD,0.525,3.0,186.35,54.1
FAIL_000566,PAY_003791,CUST_0222,SUB_0222,1605.38,CARD_EXPIRED,PAYMENT_METHOD,friction_prone,UPDATE_PAYMENT_METHOD,0.675,3.0,1080.63,642.15
FAIL_000143,PAY_000833,CUST_0053,SUB_0053,619.66,INSUFFICIENT_FUNDS,CUSTOMER_FINANCIAL,low_engagement,WAIT_AND_RETRY,0.3976,2.0,244.35,29.85
FAIL_000280,PAY_001829,CUST_0113,SUB_0113,324.58,NETWORK_ERROR,TECHNICAL,low_engagement,RETRY_NOW,0.726,2.0,233.65,32.46
FAIL_001529,PAY_010111,CUST_0596,SUB_0596,644.07,BANK_DECLINED,ISSUER_DECLINE,low_engagement,WAIT_AND_RETRY,0.4287,2.0,274.09,83.22
FAIL_001041,PAY_007082,CUST_0424,SUB_0424,6888.32,CARD_EXPIRED,PAYMENT_METHOD,high_value_loyal,UPDATE_PAYMENT_METHOD,0.7576,3.0,5215.59,2755.33
FAIL_001228,PAY_008135,CUST_0477,SUB_0477,580.5,NETWORK_ERROR,TECHNICAL,friction_prone,RETRY_NOW,0.6664,2.0,384.83,58.05
FAIL_000391,PAY_002631,CUST_0155,SUB_0155,663.98,AUTHENTICATION_FAILED,CUSTOMER_ACTION,friction_prone,UPDATE_PAYMENT_METHOD,0.525,3.0,345.59,99.6
FAIL_002313,PAY_014558,CUST_0854,SUB_0854,272.78,NETWORK_ERROR,TECHNICAL,low_engagement,RETRY_NOW,0.7239,2.0,195.48,27.28
FAIL_000297,PAY_001939,CUST_0119,SUB_0119,15000.0,BANK_DECLINED,ISSUER_DECLINE,high_value_loyal,WAIT_AND_RETRY,0.4711,2.0,7064.56,953.56
FAIL_001793,PAY_011796,CUST_0692,SUB_0692,8785.82,NETWORK_ERROR,TECHNICAL,high_value_loyal,RETRY_NOW,0.7703,2.0,6765.4,878.58
FAIL_000936,PAY_006286,CUST_0377,SUB_0377,929.32,LIMIT_EXCEEDED,PAYMENT_LIMIT,normal,PAYMENT_LINK,0.51,3.0,470.95,185.86
FAIL_000500,PAY_003325,CUST_0193,SUB_0193,1194.76,INSUFFICIENT_FUNDS,CUSTOMER_FINANCIAL,low_engagement,WAIT_AND_RETRY,0.4782,2.0,569.34,152.98
FAIL_000968,PAY_006444,CUST_0387,SUB_0387,524.81,AUTHENTICATION_FAILED,CUSTOMER_ACTION,low_engagement,UPDATE_PAYMENT_METHOD,0.501,3.0,259.93,78.72
FAIL_002091,PAY_013317,CUST_0779,SUB_0779,223.4,AUTHENTICATION_FAILED,CUSTOMER_ACTION,low_engagement,UPDATE_PAYMENT_METHOD,0.501,3.0,108.92,33.51
FAIL_001710,PAY_011212,CUST_0660,SUB_0660,2082.3,CARD_EXPIRED,PAYMENT_METHOD,normal,UPDATE_PAYMENT_METHOD,0.71,3.0,1475.43,832.92
FAIL_000851,PAY_005783,CUST_0352,SUB_0352,953.66,AUTHENTICATION_FAILED,CUSTOMER_ACTION,normal,UPDATE_PAYMENT_METHOD,0.56,3.0,531.05,143.05
FAIL_000560,PAY_003738,CUST_0219,SUB_0219,454.09,INSUFFICIENT_FUNDS,CUSTOMER_FINANCIAL,normal,WAIT_AND_RETRY,0.4994,2.0,224.79,41.62
FAIL_001445,PAY_009510,CUST_0564,SUB_0564,5516.54,NETWORK_ERROR,TECHNICAL,high_value_loyal,RETRY_NOW,0.7796,2.0,4298.69,551.65
FAIL_001043,PAY_007103,CUST_0426,SUB_0426,542.66,NETWORK_ERROR,TECHNICAL,friction_prone,RETRY_NOW,0.726,2.0,391.97,54.27
FAIL_000598,PAY_004020,CUST_0236,SUB_0236,1414.91,INSUFFICIENT_FUNDS,CUSTOMER_FINANCIAL,friction_prone,WAIT_AND_RETRY,0.418,2.0,589.43,61.84
FAIL_001468,PAY_009657,CUST_0574,SUB_0574,918.08,NETWORK_ERROR,TECHNICAL,reliable,RETRY_NOW,0.777,2.0,711.35,91.81
FAIL_002740,PAY_016872,CUST_0981,SUB_0981,622.68,BANK_DECLINED,ISSUER_DECLINE,friction_prone,WAIT_AND_RETRY,0.372,2.0,229.64,30.27
FAIL_000316,PAY_002070,CUST_0123,SUB_0123,11232.86,LIMIT_EXCEEDED,PAYMENT_LIMIT,high_value_loyal,PAYMENT_LINK,0.5576,3.0,6260.44,2246.57
FAIL_001705,PAY_011195,CUST_0659,SUB_0659,1906.5,INSUFFICIENT_FUNDS,CUSTOMER_FINANCIAL,friction_prone,WAIT_AND_RETRY,0.4193,2.0,797.46,85.53
FAIL_002171,PAY_013830,CUST_0808,SUB_0808,642.76,AUTHENTICATION_FAILED,CUSTOMER_ACTION,low_engagement,UPDATE_PAYMENT_METHOD,0.501,3.0,319.02,96.41
FAIL_002520,PAY_015507,CUST_0910,SUB_0910,293.13,NETWORK_ERROR,TECHNICAL,normal,RETRY_NOW,0.6931,2.0,201.18,29.31
FAIL_000946,PAY_006398,CUST_0385,SUB_0385,15000.0,INSUFFICIENT_FUNDS,CUSTOMER_FINANCIAL,high_value_loyal,WAIT_AND_RETRY,0.521,2.0,7812.52,951.52
FAIL_002493,PAY_015350,CUST_0901,SUB_0901,1460.37,AUTHENTICATION_FAILED,CUSTOMER_ACTION,normal,UPDATE_PAYMENT_METHOD,0.56,3.0,814.81,219.06
FAIL_001724,PAY_011318,CUST_0665,SUB_0665,374.12,LIMIT_EXCEEDED,PAYMENT_LIMIT,low_engagement,PAYMENT_LINK,0.451,3.0,165.73,74.82
FAIL_002021,PAY_012791,CUST_0748,SUB_0748,200.0,BANK_DECLINED,ISSUER_DECLINE,low_engagement,WAIT_AND_RETRY,0.422,2.0,82.4,25.2
FAIL_000191,PAY_001264,CUST_0082,SUB_0082,622.31,BANK_DECLINED,ISSUER_DECLINE,low_engagement,WAIT_AND_RETRY,0.4336,2.0,267.82,83.5
FAIL_000836,PAY_005682,CUST_0348,SUB_0348,10125.65,BANK_DECLINED,ISSUER_DECLINE,high_value_loyal,WAIT_AND_RETRY,0.4718,2.0,4774.8,650.58
FAIL_002566,PAY_015701,CUST_0919,SUB_0919,1309.45,INSUFFICIENT_FUNDS,CUSTOMER_FINANCIAL,normal,WAIT_AND_RETRY,0.5035,2.0,657.31,123.44
FAIL_000029,PAY_000194,CUST_0017,SUB_0017,988.37,AUTHENTICATION_FAILED,CUSTOMER_ACTION,low_engagement,UPDATE_PAYMENT_METHOD,0.501,3.0,492.17,148.26
FAIL_001129,PAY_007643,CUST_0453,SUB_0453,993.42,INSUFFICIENT_FUNDS,CUSTOMER_FINANCIAL,normal,WAIT_AND_RETRY,0.509,2.0,503.69,99.39
FAIL_002432,PAY_015077,CUST_0886,SUB_0886,938.96,BANK_DECLINED,ISSUER_DECLINE,low_engagement,WAIT_AND_RETRY,0.3677,2.0,343.21,63.59
FAIL_000325,PAY_002188,CUST_0130,SUB_0130,785.26,INSUFFICIENT_FUNDS,CUSTOMER_FINANCIAL,friction_prone,WAIT_AND_RETRY,0.4039,2.0,315.16,23.69
FAIL_002099,PAY_013373,CUST_0783,SUB_0783,819.14,BANK_DECLINED,ISSUER_DECLINE,low_engagement,WAIT_AND_RETRY,0.422,2.0,343.68,100.12
FAIL_000491,PAY_003216,CUST_0187,SUB_0187,621.6,INSUFFICIENT_FUNDS,CUSTOMER_FINANCIAL,normal,WAIT_AND_RETRY,0.508,2.0,313.77,61.92
FAIL_002273,PAY_014417,CUST_0844,SUB_0844,471.41,INSUFFICIENT_FUNDS,CUSTOMER_FINANCIAL,friction_prone,WAIT_AND_RETRY,0.386,2.0,179.96,6.19
FAIL_001247,PAY_008229,CUST_0482,SUB_0482,1120.08,INSUFFICIENT_FUNDS,CUSTOMER_FINANCIAL,normal,WAIT_AND_RETRY,0.4454,2.0,496.83,40.6
FAIL_001291,PAY_008454,CUST_0493,SUB_0493,489.64,INSUFFICIENT_FUNDS,CUSTOMER_FINANCIAL,low_engagement,WAIT_AND_RETRY,0.4782,2.0,232.15,63.29
FAIL_000060,PAY_000300,CUST_0023,SUB_0023,1192.85,BANK_DECLINED,ISSUER_DECLINE,normal,WAIT_AND_RETRY,0.4489,2.0,533.42,106.99
FAIL_002550,PAY_015631,CUST_0915,SUB_0915,1705.4,INSUFFICIENT_FUNDS,CUSTOMER_FINANCIAL,friction_prone,WAIT_AND_RETRY,0.4149,2.0,705.55,69.02
FAIL_000993,PAY_006636,CUST_0400,SUB_0400,7063.31,BANK_DECLINED,ISSUER_DECLINE,high_value_loyal,WAIT_AND_RETRY,0.4783,2.0,3376.13,500.12
FAIL_001431,PAY_009404,CUST_0556,SUB_0556,1271.26,NETWORK_ERROR,TECHNICAL,friction_prone,RETRY_NOW,0.6682,2.0,847.43,127.13
FAIL_001804,PAY_011827,CUST_0694,SUB_0694,1377.46,BANK_DECLINED,ISSUER_DECLINE,friction_prone,WAIT_AND_RETRY,0.3539,2.0,485.48,40.8
FAIL_000898,PAY_006021,CUST_0366,SUB_0366,1420.91,INSUFFICIENT_FUNDS,CUSTOMER_FINANCIAL,normal,WAIT_AND_RETRY,0.4986,2.0,706.48,126.9
FAIL_000590,PAY_003999,CUST_0235,SUB_0235,1093.64,INSUFFICIENT_FUNDS,CUSTOMER_FINANCIAL,friction_prone,WAIT_AND_RETRY,0.422,2.0,459.52,52.4
FAIL_000269,PAY_001805,CUST_0112,SUB_0112,553.77,BANK_DECLINED,ISSUER_DECLINE,friction_prone,WAIT_AND_RETRY,0.3717,2.0,203.81,26.84
FAIL_002241,PAY_014269,CUST_0836,SUB_0836,468.26,AUTHENTICATION_FAILED,CUSTOMER_ACTION,friction_prone,UPDATE_PAYMENT_METHOD,0.525,3.0,242.84,70.24
FAIL_002259,PAY_014390,CUST_0842,SUB_0842,5745.9,INSUFFICIENT_FUNDS,CUSTOMER_FINANCIAL,high_value_loyal,WAIT_AND_RETRY,0.5222,2.0,2998.33,372.0
FAIL_000417,PAY_002692,CUST_0158,SUB_0158,2492.3,INSUFFICIENT_FUNDS,CUSTOMER_FINANCIAL,friction_prone,WAIT_AND_RETRY,0.4165,2.0,1036.11,104.5
FAIL_002023,PAY_012796,CUST_0749,SUB_0749,505.43,INSUFFICIENT_FUNDS,CUSTOMER_FINANCIAL,friction_prone,WAIT_AND_RETRY,0.406,2.0,203.2,16.67
FAIL_002728,PAY_016819,CUST_0977,SUB_0977,1338.23,LIMIT_EXCEEDED,PAYMENT_LIMIT,normal,PAYMENT_LINK,0.51,3.0,679.5,267.65
FAIL_001868,PAY_012070,CUST_0707,SUB_0707,933.74,INSUFFICIENT_FUNDS,CUSTOMER_FINANCIAL,friction_prone,WAIT_AND_RETRY,0.421,2.0,391.1,43.95
FAIL_002564,PAY_015694,CUST_0919,SUB_0919,1309.45,INSUFFICIENT_FUNDS,CUSTOMER_FINANCIAL,normal,WAIT_AND_RETRY,0.5035,2.0,657.31,123.44
FAIL_002743,PAY_016876,CUST_0981,SUB_0981,622.68,BANK_DECLINED,ISSUER_DECLINE,friction_prone,WAIT_AND_RETRY,0.372,2.0,229.64,30.27
FAIL_001550,PAY_010341,CUST_0609,SUB_0609,1520.27,BANK_DECLINED,ISSUER_DECLINE,friction_prone,WAIT_AND_RETRY,0.3672,2.0,556.24,65.16
FAIL_001276,PAY_008393,CUST_0491,SUB_0491,540.07,BANK_DECLINED,ISSUER_DECLINE,friction_prone,WAIT_AND_RETRY,0.371,2.0,198.37,25.84
FAIL_000741,PAY_005105,CUST_0305,SUB_0305,200.0,CARD_EXPIRED,PAYMENT_METHOD,low_engagement,UPDATE_PAYMENT_METHOD,0.651,3.0,127.2,80.0
FAIL_002247,PAY_014290,CUST_0838,SUB_0838,367.08,INSUFFICIENT_FUNDS,CUSTOMER_FINANCIAL,normal,WAIT_AND_RETRY,0.5084,2.0,184.62,37.11
FAIL_000385,PAY_002617,CUST_0155,SUB_0155,663.98,BANK_DECLINED,ISSUER_DECLINE,friction_prone,WAIT_AND_RETRY,0.371,2.0,244.34,31.54
FAIL_002044,PAY_012925,CUST_0758,SUB_0758,372.35,NETWORK_ERROR,TECHNICAL,friction_prone,RETRY_NOW,0.7384,2.0,272.94,37.24
FAIL_000847,PAY_005725,CUST_0349,SUB_0349,3058.5,BANK_DECLINED,ISSUER_DECLINE,normal,WAIT_AND_RETRY,0.446,2.0,1362.09,264.03
FAIL_000947,PAY_006399,CUST_0385,SUB_0385,15000.0,LIMIT_EXCEEDED,PAYMENT_LIMIT,high_value_loyal,PAYMENT_LINK,0.5576,3.0,8361.0,3000.0
FAIL_001112,PAY_007486,CUST_0443,SUB_0443,976.9,INSUFFICIENT_FUNDS,CUSTOMER_FINANCIAL,friction_prone,WAIT_AND_RETRY,0.4827,2.0,469.51,106.18
FAIL_002647,PAY_016285,CUST_0949,SUB_0949,974.33,BANK_DECLINED,ISSUER_DECLINE,low_engagement,WAIT_AND_RETRY,0.4272,2.0,414.22,123.94
FAIL_001347,PAY_008902,CUST_0525,SUB_0525,7349.37,LIMIT_EXCEEDED,PAYMENT_LIMIT,high_value_loyal,PAYMENT_LINK,0.5576,3.0,4095.01,1469.87
FAIL_002627,PAY_016141,CUST_0942,SUB_0942,568.27,LIMIT_EXCEEDED,PAYMENT_LIMIT,friction_prone,PAYMENT_LINK,0.475,3.0,266.93,113.65
FAIL_001690,PAY_011075,CUST_0650,SUB_0650,300.09,INSUFFICIENT_FUNDS,CUSTOMER_FINANCIAL,friction_prone,WAIT_AND_RETRY,0.406,2.0,119.84,10.3
FAIL_001054,PAY_007177,CUST_0429,SUB_0429,946.68,BANK_DECLINED,ISSUER_DECLINE,friction_prone,WAIT_AND_RETRY,0.3754,2.0,353.34,48.67
FAIL_001772,PAY_011694,CUST_0686,SUB_0686,752.05,NETWORK_ERROR,TECHNICAL,friction_prone,RETRY_NOW,0.7289,2.0,546.14,75.2
FAIL_000828,PAY_005610,CUST_0342,SUB_0342,240.82,NETWORK_ERROR,TECHNICAL,low_engagement,RETRY_NOW,0.722,2.0,171.87,24.08
FAIL_001583,PAY_010591,CUST_0626,SUB_0626,548.8,INSUFFICIENT_FUNDS,CUSTOMER_FINANCIAL,low_engagement,WAIT_AND_RETRY,0.4162,2.0,226.41,36.78
FAIL_002636,PAY_016216,CUST_0947,SUB_0947,773.95,LIMIT_EXCEEDED,PAYMENT_LIMIT,low_engagement,PAYMENT_LINK,0.451,3.0,346.05,154.79
FAIL_000663,PAY_004588,CUST_0268,SUB_0268,648.75,LIMIT_EXCEEDED,PAYMENT_LIMIT,normal,PAYMENT_LINK,0.51,3.0,327.86,129.75
FAIL_000517,PAY_003496,CUST_0207,SUB_0207,1213.6,INSUFFICIENT_FUNDS,CUSTOMER_FINANCIAL,friction_prone,WAIT_AND_RETRY,0.4214,2.0,509.39,57.29
FAIL_002494,PAY_015352,CUST_0902,SUB_0902,1011.26,LIMIT_EXCEEDED,PAYMENT_LIMIT,friction_prone,PAYMENT_LINK,0.475,3.0,477.35,202.25
FAIL_002418,PAY_015051,CUST_0883,SUB_0883,1083.08,BANK_DECLINED,ISSUER_DECLINE,friction_prone,WAIT_AND_RETRY,0.3576,2.0,385.31,36.31
FAIL_002053,PAY_013040,CUST_0763,SUB_0763,580.18,LIMIT_EXCEEDED,PAYMENT_LIMIT,low_engagement,PAYMENT_LINK,0.451,3.0,258.66,116.04
FAIL_000076,PAY_000330,CUST_0025,SUB_0025,2062.52,BANK_DECLINED,ISSUER_DECLINE,normal,WAIT_AND_RETRY,0.4475,2.0,921.05,181.54
FAIL_002792,PAY_017184,CUST_1000,SUB_1000,307.85,CARD_EXPIRED,PAYMENT_METHOD,low_engagement,UPDATE_PAYMENT_METHOD,0.651,3.0,197.41,123.14
FAIL_001558,PAY_010407,CUST_0613,SUB_0613,1400.65,NETWORK_ERROR,TECHNICAL,reliable,RETRY_NOW,0.7765,2.0,1085.58,140.06
FAIL_001667,PAY_010965,CUST_0644,SUB_0644,289.39,CARD_EXPIRED,PAYMENT_METHOD,low_engagement,UPDATE_PAYMENT_METHOD,0.651,3.0,185.39,115.76
FAIL_002015,PAY_012775,CUST_0747,SUB_0747,795.67,CARD_EXPIRED,PAYMENT_METHOD,low_engagement,UPDATE_PAYMENT_METHOD,0.651,3.0,514.98,318.27
FAIL_002351,PAY_014793,CUST_0866,SUB_0866,1434.91,BANK_DECLINED,ISSUER_DECLINE,friction_prone,WAIT_AND_RETRY,0.3664,2.0,523.71,60.36
FAIL_001950,PAY_012497,CUST_0731,SUB_0731,1784.87,AUTHENTICATION_FAILED,CUSTOMER_ACTION,friction_prone,UPDATE_PAYMENT_METHOD,0.525,3.0,934.06,267.73
FAIL_001015,PAY_006838,CUST_0410,SUB_0410,1152.66,CARD_EXPIRED,PAYMENT_METHOD,reliable,UPDATE_PAYMENT_METHOD,0.751,3.0,862.65,461.06
FAIL_001421,PAY_009306,CUST_0552,SUB_0552,507.97,NETWORK_ERROR,TECHNICAL,low_engagement,RETRY_NOW,0.6636,2.0,335.1,50.8
FAIL_000844,PAY_005717,CUST_0349,SUB_0349,3058.5,AUTHENTICATION_FAILED,CUSTOMER_ACTION,normal,UPDATE_PAYMENT_METHOD,0.56,3.0,1709.76,458.78
FAIL_000676,PAY_004696,CUST_0277,SUB_0277,470.05,NETWORK_ERROR,TECHNICAL,low_engagement,RETRY_NOW,0.652,2.0,304.47,47.0
FAIL_000330,PAY_002196,CUST_0130,SUB_0130,785.26,CARD_EXPIRED,PAYMENT_METHOD,friction_prone,UPDATE_PAYMENT_METHOD,0.675,3.0,527.05,314.1
FAIL_001757,PAY_011541,CUST_0679,SUB_0679,1699.94,INSUFFICIENT_FUNDS,CUSTOMER_FINANCIAL,normal,WAIT_AND_RETRY,0.501,2.0,849.67,155.69
FAIL_000215,PAY_001454,CUST_0095,SUB_0095,1425.63,LIMIT_EXCEEDED,PAYMENT_LIMIT,friction_prone,PAYMENT_LINK,0.475,3.0,674.17,285.13
FAIL_002290,PAY_014458,CUST_0847,SUB_0847,2483.09,BANK_DECLINED,ISSUER_DECLINE,friction_prone,WAIT_AND_RETRY,0.4282,2.0,1061.32,257.31
FAIL_000658,PAY_004551,CUST_0267,SUB_0267,768.06,BANK_DECLINED,ISSUER_DECLINE,friction_prone,WAIT_AND_RETRY,0.426,2.0,325.19,78.57
FAIL_000683,PAY_004708,CUST_0277,SUB_0277,470.05,INSUFFICIENT_FUNDS,CUSTOMER_FINANCIAL,low_engagement,WAIT_AND_RETRY,0.402,2.0,186.96,24.97
FAIL_001958,PAY_012586,CUST_0737,SUB_0737,997.2,NETWORK_ERROR,TECHNICAL,low_engagement,RETRY_NOW,0.7245,2.0,720.47,99.72
FAIL_002310,PAY_014541,CUST_0854,SUB_0854,272.78,NETWORK_ERROR,TECHNICAL,low_engagement,RETRY_NOW,0.7239,2.0,195.48,27.28
FAIL_002771,PAY_017074,CUST_0993,SUB_0993,6771.64,CARD_EXPIRED,PAYMENT_METHOD,high_value_loyal,UPDATE_PAYMENT_METHOD,0.7576,3.0,5127.19,2708.66
FAIL_000187,PAY_001135,CUST_0076,SUB_0076,677.01,AUTHENTICATION_FAILED,CUSTOMER_ACTION,low_engagement,UPDATE_PAYMENT_METHOD,0.501,3.0,336.18,101.55
FAIL_002014,PAY_012771,CUST_0747,SUB_0747,795.67,CARD_EXPIRED,PAYMENT_METHOD,low_engagement,UPDATE_PAYMENT_METHOD,0.651,3.0,514.98,318.27
FAIL_002561,PAY_015681,CUST_0918,SUB_0918,595.63,INSUFFICIENT_FUNDS,CUSTOMER_FINANCIAL,friction_prone,WAIT_AND_RETRY,0.4217,2.0,249.15,28.79
FAIL_001301,PAY_008528,CUST_0500,SUB_0500,878.95,CARD_EXPIRED,PAYMENT_METHOD,friction_prone,UPDATE_PAYMENT_METHOD,0.675,3.0,590.29,351.58
FAIL_002155,PAY_013786,CUST_0806,SUB_0806,778.26,INSUFFICIENT_FUNDS,CUSTOMER_FINANCIAL,low_engagement,WAIT_AND_RETRY,0.4056,2.0,313.69,43.52
FAIL_001199,PAY_008035,CUST_0473,SUB_0473,1039.13,AUTHENTICATION_FAILED,CUSTOMER_ACTION,friction_prone,UPDATE_PAYMENT_METHOD,0.525,3.0,542.54,155.87
FAIL_000372,PAY_002467,CUST_0145,SUB_0145,1162.18,CARD_EXPIRED,PAYMENT_METHOD,low_engagement,UPDATE_PAYMENT_METHOD,0.651,3.0,753.58,464.87
FAIL_000570,PAY_003808,CUST_0223,SUB_0223,819.65,AUTHENTICATION_FAILED,CUSTOMER_ACTION,low_engagement,UPDATE_PAYMENT_METHOD,0.501,3.0,407.64,122.95
FAIL_000906,PAY_006085,CUST_0369,SUB_0369,803.69,NETWORK_ERROR,TECHNICAL,low_engagement,RETRY_NOW,0.7292,2.0,584.05,80.37
FAIL_001335,PAY_008779,CUST_0516,SUB_0516,635.27,CARD_EXPIRED,PAYMENT_METHOD,low_engagement,UPDATE_PAYMENT_METHOD,0.651,3.0,410.56,254.11
FAIL_001063,PAY_007223,CUST_0430,SUB_0430,2619.41,INSUFFICIENT_FUNDS,CUSTOMER_FINANCIAL,normal,WAIT_AND_RETRY,0.4442,2.0,1161.5,90.54
FAIL_002486,PAY_015280,CUST_0897,SUB_0897,994.96,INSUFFICIENT_FUNDS,CUSTOMER_FINANCIAL,normal,WAIT_AND_RETRY,0.5027,2.0,498.13,93.2
FAIL_000359,PAY_002370,CUST_0139,SUB_0139,5276.03,INSUFFICIENT_FUNDS,CUSTOMER_FINANCIAL,high_value_loyal,WAIT_AND_RETRY,0.5292,2.0,2789.82,378.51
FAIL_001549,PAY_010339,CUST_0609,SUB_0609,1520.27,AUTHENTICATION_FAILED,CUSTOMER_ACTION,friction_prone,UPDATE_PAYMENT_METHOD,0.525,3.0,795.14,228.04
FAIL_002523,PAY_015514,CUST_0910,SUB_0910,293.13,BANK_DECLINED,ISSUER_DECLINE,normal,WAIT_AND_RETRY,0.3931,2.0,113.24,10.72
FAIL_000083,PAY_000389,CUST_0029,SUB_0029,1707.17,NETWORK_ERROR,TECHNICAL,reliable,RETRY_NOW,0.7731,2.0,1317.83,170.72
FAIL_001181,PAY_007937,CUST_0468,SUB_0468,1737.7,CARD_EXPIRED,PAYMENT_METHOD,friction_prone,UPDATE_PAYMENT_METHOD,0.675,3.0,1169.95,695.08
FAIL_000552,PAY_003711,CUST_0217,SUB_0217,437.85,CARD_EXPIRED,PAYMENT_METHOD,low_engagement,UPDATE_PAYMENT_METHOD,0.651,3.0,282.04,175.14
FAIL_001683,PAY_011027,CUST_0647,SUB_0647,1055.34,INSUFFICIENT_FUNDS,CUSTOMER_FINANCIAL,friction_prone,WAIT_AND_RETRY,0.416,2.0,437.02,44.27
FAIL_002198,PAY_013974,CUST_0816,SUB_0816,9124.45,AUTHENTICATION_FAILED,CUSTOMER_ACTION,high_value_loyal,UPDATE_PAYMENT_METHOD,0.6076,3.0,5541.02,1368.67
FAIL_002481,PAY_015250,CUST_0896,SUB_0896,397.37,INSUFFICIENT_FUNDS,CUSTOMER_FINANCIAL,friction_prone,WAIT_AND_RETRY,0.4174,2.0,163.87,17.86
FAIL_000043,PAY_000252,CUST_0020,SUB_0020,641.27,INSUFFICIENT_FUNDS,CUSTOMER_FINANCIAL,friction_prone,WAIT_AND_RETRY,0.4235,2.0,269.58,32.1
FAIL_002648,PAY_016332,CUST_0954,SUB_0954,1306.76,CARD_EXPIRED,PAYMENT_METHOD,low_engagement,UPDATE_PAYMENT_METHOD,0.651,3.0,847.7,522.7
FAIL_001179,PAY_007935,CUST_0468,SUB_0468,1737.7,NETWORK_ERROR,TECHNICAL,friction_prone,RETRY_NOW,0.661,2.0,1146.62,173.77
FAIL_001763,PAY_011574,CUST_0680,SUB_0680,1595.24,BANK_DECLINED,ISSUER_DECLINE,friction_prone,WAIT_AND_RETRY,0.3672,2.0,583.77,68.32
FAIL_001713,PAY_011223,CUST_0660,SUB_0660,2082.3,INSUFFICIENT_FUNDS,CUSTOMER_FINANCIAL,normal,WAIT_AND_RETRY,0.5046,2.0,1048.66,197.92
FAIL_001381,PAY_009100,CUST_0538,SUB_0538,1824.63,AUTHENTICATION_FAILED,CUSTOMER_ACTION,friction_prone,UPDATE_PAYMENT_METHOD,0.525,3.0,954.93,273.69
FAIL_002156,PAY_013788,CUST_0806,SUB_0806,778.26,BANK_DECLINED,ISSUER_DECLINE,low_engagement,WAIT_AND_RETRY,0.3556,2.0,274.78,43.52
FAIL_002735,PAY_016839,CUST_0978,SUB_0978,445.63,BANK_DECLINED,ISSUER_DECLINE,friction_prone,WAIT_AND_RETRY,0.4267,2.0,188.14,46.32
FAIL_000053,PAY_000271,CUST_0022,SUB_0022,929.98,INSUFFICIENT_FUNDS,CUSTOMER_FINANCIAL,normal,WAIT_AND_RETRY,0.436,2.0,403.47,25.18
FAIL_000513,PAY_003465,CUST_0204,SUB_0204,213.4,CARD_EXPIRED,PAYMENT_METHOD,low_engagement,UPDATE_PAYMENT_METHOD,0.651,3.0,135.92,85.36
FAIL_001237,PAY_008173,CUST_0479,SUB_0479,493.48,INSUFFICIENT_FUNDS,CUSTOMER_FINANCIAL,low_engagement,WAIT_AND_RETRY,0.4739,2.0,231.88,61.67
FAIL_000661,PAY_004574,CUST_0268,SUB_0268,648.75,BANK_DECLINED,ISSUER_DECLINE,normal,WAIT_AND_RETRY,0.4542,2.0,292.63,62.08
FAIL_001505,PAY_009854,CUST_0582,SUB_0582,1476.54,CARD_EXPIRED,PAYMENT_METHOD,normal,UPDATE_PAYMENT_METHOD,0.71,3.0,1045.34,590.62
FAIL_000885,PAY_005971,CUST_0363,SUB_0363,260.32,AUTHENTICATION_FAILED,CUSTOMER_ACTION,low_engagement,UPDATE_PAYMENT_METHOD,0.501,3.0,127.42,39.05
FAIL_001822,PAY_011894,CUST_0699,SUB_0699,5610.27,NETWORK_ERROR,TECHNICAL,high_value_loyal,RETRY_NOW,0.7736,2.0,4338.1,561.03
FAIL_000082,PAY_000370,CUST_0029,SUB_0029,1707.17,INSUFFICIENT_FUNDS,CUSTOMER_FINANCIAL,reliable,WAIT_AND_RETRY,0.5231,2.0,891.04,124.11
FAIL_001225,PAY_008128,CUST_0477,SUB_0477,580.5,NETWORK_ERROR,TECHNICAL,friction_prone,RETRY_NOW,0.6664,2.0,384.83,58.05
FAIL_002165,PAY_013818,CUST_0807,SUB_0807,200.0,AUTHENTICATION_FAILED,CUSTOMER_ACTION,low_engagement,UPDATE_PAYMENT_METHOD,0.501,3.0,97.2,30.0
FAIL_002433,PAY_015078,CUST_0886,SUB_0886,938.96,CARD_EXPIRED,PAYMENT_METHOD,low_engagement,UPDATE_PAYMENT_METHOD,0.651,3.0,608.26,375.58
FAIL_001012,PAY_006814,CUST_0409,SUB_0409,432.26,CARD_EXPIRED,PAYMENT_METHOD,low_engagement,UPDATE_PAYMENT_METHOD,0.651,3.0,278.4,172.9
FAIL_002708,PAY_016681,CUST_0970,SUB_0970,827.8,INSUFFICIENT_FUNDS,CUSTOMER_FINANCIAL,low_engagement,WAIT_AND_RETRY,0.4739,2.0,390.32,102.77
FAIL_001025,PAY_006889,CUST_0413,SUB_0413,527.99,INSUFFICIENT_FUNDS,CUSTOMER_FINANCIAL,low_engagement,WAIT_AND_RETRY,0.476,2.0,249.32,67.0
FAIL_000558,PAY_003727,CUST_0218,SUB_0218,7125.56,LIMIT_EXCEEDED,PAYMENT_LIMIT,high_value_loyal,PAYMENT_LINK,0.5576,3.0,3970.21,1425.11
FAIL_000825,PAY_005581,CUST_0339,SUB_0339,387.33,LIMIT_EXCEEDED,PAYMENT_LIMIT,low_engagement,PAYMENT_LINK,0.451,3.0,171.69,77.47
FAIL_002658,PAY_016382,CUST_0956,SUB_0956,663.09,INSUFFICIENT_FUNDS,CUSTOMER_FINANCIAL,friction_prone,WAIT_AND_RETRY,0.4837,2.0,318.73,73.08
FAIL_002003,PAY_012750,CUST_0746,SUB_0746,450.36,INSUFFICIENT_FUNDS,CUSTOMER_FINANCIAL,friction_prone,WAIT_AND_RETRY,0.4117,2.0,183.42,17.53
FAIL_001411,PAY_009268,CUST_0550,SUB_0550,7064.05,INSUFFICIENT_FUNDS,CUSTOMER_FINANCIAL,high_value_loyal,WAIT_AND_RETRY,0.5269,2.0,3720.3,490.79
FAIL_000960,PAY_006432,CUST_0387,SUB_0387,524.81,CARD_EXPIRED,PAYMENT_METHOD,low_engagement,UPDATE_PAYMENT_METHOD,0.651,3.0,338.65,209.92
FAIL_000255,PAY_001737,CUST_0108,SUB_0108,200.0,LIMIT_EXCEEDED,PAYMENT_LIMIT,friction_prone,PAYMENT_LINK,0.475,3.0,92.0,40.0
FAIL_002705,PAY_016673,CUST_0970,SUB_0970,827.8,NETWORK_ERROR,TECHNICAL,low_engagement,RETRY_NOW,0.7239,2.0,597.27,82.78
FAIL_000592,PAY_004006,CUST_0236,SUB_0236,1414.91,INSUFFICIENT_FUNDS,CUSTOMER_FINANCIAL,friction_prone,WAIT_AND_RETRY,0.418,2.0,589.43,61.84
FAIL_001887,PAY_012135,CUST_0710,SUB_0710,387.53,AUTHENTICATION_FAILED,CUSTOMER_ACTION,low_engagement,UPDATE_PAYMENT_METHOD,0.501,3.0,191.15,58.13
FAIL_001166,PAY_007841,CUST_0464,SUB_0464,428.01,INSUFFICIENT_FUNDS,CUSTOMER_FINANCIAL,normal,WAIT_AND_RETRY,0.5074,2.0,215.19,42.7
FAIL_002381,PAY_014933,CUST_0875,SUB_0875,1152.64,NETWORK_ERROR,TECHNICAL,friction_prone,RETRY_NOW,0.6601,2.0,758.9,115.26
FAIL_001534,PAY_010163,CUST_0600,SUB_0600,482.28,INSUFFICIENT_FUNDS,CUSTOMER_FINANCIAL,friction_prone,WAIT_AND_RETRY,0.422,2.0,201.52,23.67
FAIL_001219,PAY_008118,CUST_0477,SUB_0477,580.5,INSUFFICIENT_FUNDS,CUSTOMER_FINANCIAL,friction_prone,WAIT_AND_RETRY,0.4164,2.0,239.7,25.01
FAIL_000630,PAY_004236,CUST_0250,SUB_0250,10968.64,CARD_EXPIRED,PAYMENT_METHOD,high_value_loyal,UPDATE_PAYMENT_METHOD,0.7576,3.0,8306.84,4387.46
FAIL_001624,PAY_010801,CUST_0636,SUB_0636,666.71,INSUFFICIENT_FUNDS,CUSTOMER_FINANCIAL,friction_prone,WAIT_AND_RETRY,0.4091,2.0,270.74,23.72
FAIL_000340,PAY_002219,CUST_0131,SUB_0131,569.52,BANK_DECLINED,ISSUER_DECLINE,low_engagement,WAIT_AND_RETRY,0.3665,2.0,206.75,38.33
FAIL_002781,PAY_017123,CUST_0998,SUB_0998,1639.15,LIMIT_EXCEEDED,PAYMENT_LIMIT,normal,PAYMENT_LINK,0.51,3.0,832.97,327.83
FAIL_000147,PAY_000839,CUST_0053,SUB_0053,619.66,NETWORK_ERROR,TECHNICAL,low_engagement,RETRY_NOW,0.6476,2.0,399.26,61.97
FAIL_000292,PAY_001903,CUST_0117,SUB_0117,1714.93,NETWORK_ERROR,TECHNICAL,friction_prone,RETRY_NOW,0.6646,2.0,1137.69,171.49
FAIL_001693,PAY_011084,CUST_0650,SUB_0650,300.09,INSUFFICIENT_FUNDS,CUSTOMER_FINANCIAL,friction_prone,WAIT_AND_RETRY,0.406,2.0,119.84,10.3
FAIL_000545,PAY_003660,CUST_0215,SUB_0215,7312.97,BANK_DECLINED,ISSUER_DECLINE,high_value_loyal,WAIT_AND_RETRY,0.4729,2.0,3456.57,478.8
FAIL_001987,PAY_012692,CUST_0743,SUB_0743,1245.07,BANK_DECLINED,ISSUER_DECLINE,low_engagement,WAIT_AND_RETRY,0.3577,2.0,443.38,71.61
FAIL_002007,PAY_012759,CUST_0746,SUB_0746,450.36,AUTHENTICATION_FAILED,CUSTOMER_ACTION,friction_prone,UPDATE_PAYMENT_METHOD,0.525,3.0,233.44,67.55
FAIL_001327,PAY_008696,CUST_0510,SUB_0510,398.64,INSUFFICIENT_FUNDS,CUSTOMER_FINANCIAL,friction_prone,WAIT_AND_RETRY,0.476,2.0,187.75,41.26
FAIL_000461,PAY_003009,CUST_0174,SUB_0174,623.9,INSUFFICIENT_FUNDS,CUSTOMER_FINANCIAL,low_engagement,WAIT_AND_RETRY,0.473,2.0,293.07,77.09
FAIL_002431,PAY_015071,CUST_0886,SUB_0886,938.96,NETWORK_ERROR,TECHNICAL,low_engagement,RETRY_NOW,0.6677,2.0,624.9,93.9
FAIL_000236,PAY_001582,CUST_0101,SUB_0101,247.97,INSUFFICIENT_FUNDS,CUSTOMER_FINANCIAL,low_engagement,WAIT_AND_RETRY,0.477,2.0,116.28,32.24
FAIL_002693,PAY_016588,CUST_0967,SUB_0967,10771.74,NETWORK_ERROR,TECHNICAL,high_value_loyal,RETRY_NOW,0.7761,2.0,8357.9,1077.17
FAIL_000406,PAY_002661,CUST_0156,SUB_0156,985.5,INSUFFICIENT_FUNDS,CUSTOMER_FINANCIAL,friction_prone,WAIT_AND_RETRY,0.406,2.0,398.11,31.55
FAIL_002553,PAY_015657,CUST_0916,SUB_0916,9014.74,NETWORK_ERROR,TECHNICAL,high_value_loyal,RETRY_NOW,0.775,2.0,6984.71,901.47
FAIL_001647,PAY_010885,CUST_0640,SUB_0640,1249.65,INSUFFICIENT_FUNDS,CUSTOMER_FINANCIAL,friction_prone,WAIT_AND_RETRY,0.4089,2.0,508.93,43.31
FAIL_002131,PAY_013631,CUST_0797,SUB_0797,802.81,AUTHENTICATION_FAILED,CUSTOMER_ACTION,normal,UPDATE_PAYMENT_METHOD,0.56,3.0,446.57,120.42
FAIL_001208,PAY_008076,CUST_0475,SUB_0475,332.6,BANK_DECLINED,ISSUER_DECLINE,low_engagement,WAIT_AND_RETRY,0.3663,2.0,119.83,22.71
FAIL_001281,PAY_008408,CUST_0491,SUB_0491,540.07,INSUFFICIENT_FUNDS,CUSTOMER_FINANCIAL,friction_prone,WAIT_AND_RETRY,0.421,2.0,225.37,25.84
FAIL_002690,PAY_016560,CUST_0966,SUB_0966,231.48,INSUFFICIENT_FUNDS,CUSTOMER_FINANCIAL,low_engagement,WAIT_AND_RETRY,0.4164,2.0,94.39,16.14
FAIL_002191,PAY_013918,CUST_0812,SUB_0812,926.3,CARD_EXPIRED,PAYMENT_METHOD,low_engagement,UPDATE_PAYMENT_METHOD,0.651,3.0,600.02,370.52
FAIL_001968,PAY_012617,CUST_0738,SUB_0738,15000.0,LIMIT_EXCEEDED,PAYMENT_LIMIT,high_value_loyal,PAYMENT_LINK,0.5576,3.0,8361.0,3000.0
FAIL_001893,PAY_012178,CUST_0712,SUB_0712,1746.84,NETWORK_ERROR,TECHNICAL,normal,RETRY_NOW,0.7517,2.0,1311.12,174.68
FAIL_000479,PAY_003100,CUST_0181,SUB_0181,860.38,AUTHENTICATION_FAILED,CUSTOMER_ACTION,low_engagement,UPDATE_PAYMENT_METHOD,0.501,3.0,428.05,129.06
FAIL_001408,PAY_009257,CUST_0549,SUB_0549,2176.93,NETWORK_ERROR,TECHNICAL,reliable,RETRY_NOW,0.7753,2.0,1685.85,217.69
FAIL_000146,PAY_000837,CUST_0053,SUB_0053,619.66,INSUFFICIENT_FUNDS,CUSTOMER_FINANCIAL,low_engagement,WAIT_AND_RETRY,0.3976,2.0,244.35,29.85
FAIL_000930,PAY_006226,CUST_0375,SUB_0375,1091.55,INSUFFICIENT_FUNDS,CUSTOMER_FINANCIAL,low_engagement,WAIT_AND_RETRY,0.4772,2.0,518.87,138.74
FAIL_002302,PAY_014500,CUST_0851,SUB_0851,741.13,INSUFFICIENT_FUNDS,CUSTOMER_FINANCIAL,normal,WAIT_AND_RETRY,0.4425,2.0,325.93,25.07
FAIL_001440,PAY_009483,CUST_0563,SUB_0563,404.63,AUTHENTICATION_FAILED,CUSTOMER_ACTION,low_engagement,UPDATE_PAYMENT_METHOD,0.501,3.0,199.72,60.69
FAIL_000580,PAY_003909,CUST_0229,SUB_0229,902.45,NETWORK_ERROR,TECHNICAL,friction_prone,RETRY_NOW,0.6631,2.0,596.37,90.24
FAIL_001448,PAY_009523,CUST_0565,SUB_0565,200.0,NETWORK_ERROR,TECHNICAL,friction_prone,RETRY_NOW,0.6693,2.0,131.87,20.0
FAIL_000591,PAY_004005,CUST_0236,SUB_0236,1414.91,CARD_EXPIRED,PAYMENT_METHOD,friction_prone,UPDATE_PAYMENT_METHOD,0.675,3.0,952.06,565.96
FAIL_000475,PAY_003092,CUST_0180,SUB_0180,1171.97,BANK_DECLINED,ISSUER_DECLINE,normal,WAIT_AND_RETRY,0.4486,2.0,523.76,104.85
FAIL_000067,PAY_000316,CUST_0023,SUB_0023,1192.85,INSUFFICIENT_FUNDS,CUSTOMER_FINANCIAL,normal,WAIT_AND_RETRY,0.4989,2.0,593.06,106.99
FAIL_000597,PAY_004019,CUST_0236,SUB_0236,1414.91,NETWORK_ERROR,TECHNICAL,friction_prone,RETRY_NOW,0.668,2.0,943.16,141.49
FAIL_002288,PAY_014450,CUST_0847,SUB_0847,2483.09,BANK_DECLINED,ISSUER_DECLINE,friction_prone,WAIT_AND_RETRY,0.4282,2.0,1061.32,257.31
FAIL_001217,PAY_008116,CUST_0476,SUB_0476,457.08,AUTHENTICATION_FAILED,CUSTOMER_ACTION,low_engagement,UPDATE_PAYMENT_METHOD,0.501,3.0,226.0,68.56
FAIL_001412,PAY_009282,CUST_0551,SUB_0551,996.1,INSUFFICIENT_FUNDS,CUSTOMER_FINANCIAL,normal,WAIT_AND_RETRY,0.434,2.0,430.31,24.91
FAIL_001988,PAY_012693,CUST_0744,SUB_0744,200.0,INSUFFICIENT_FUNDS,CUSTOMER_FINANCIAL,low_engagement,WAIT_AND_RETRY,0.4183,2.0,81.66,14.46
FAIL_002471,PAY_015219,CUST_0892,SUB_0892,429.37,BANK_DECLINED,ISSUER_DECLINE,friction_prone,WAIT_AND_RETRY,0.3736,2.0,158.41,21.87
FAIL_000006,PAY_000072,CUST_0008,SUB_0008,11574.78,CARD_EXPIRED,PAYMENT_METHOD,high_value_loyal,UPDATE_PAYMENT_METHOD,0.7576,3.0,8766.05,4629.91
FAIL_000321,PAY_002148,CUST_0127,SUB_0127,861.92,CARD_EXPIRED,PAYMENT_METHOD,friction_prone,UPDATE_PAYMENT_METHOD,0.675,3.0,578.8,344.77
FAIL_000154,PAY_000878,CUST_0056,SUB_0056,5536.93,NETWORK_ERROR,TECHNICAL,high_value_loyal,RETRY_NOW,0.7736,2.0,4281.37,553.69
FAIL_001131,PAY_007680,CUST_0454,SUB_0454,9617.0,CARD_EXPIRED,PAYMENT_METHOD,high_value_loyal,UPDATE_PAYMENT_METHOD,0.7576,3.0,7282.84,3846.8
FAIL_000356,PAY_002346,CUST_0137,SUB_0137,1355.73,INSUFFICIENT_FUNDS,CUSTOMER_FINANCIAL,normal,WAIT_AND_RETRY,0.506,2.0,684.0,131.15
FAIL_002484,PAY_015264,CUST_0896,SUB_0896,397.37,NETWORK_ERROR,TECHNICAL,friction_prone,RETRY_NOW,0.6674,2.0,263.22,39.74
FAIL_000322,PAY_002170,CUST_0128,SUB_0128,14456.27,LIMIT_EXCEEDED,PAYMENT_LIMIT,high_value_loyal,PAYMENT_LINK,0.5576,3.0,8057.82,2891.25
FAIL_000167,PAY_001004,CUST_0063,SUB_0063,961.34,INSUFFICIENT_FUNDS,CUSTOMER_FINANCIAL,normal,WAIT_AND_RETRY,0.5077,2.0,486.1,94.95
FAIL_002325,PAY_014607,CUST_0857,SUB_0857,436.65,LIMIT_EXCEEDED,PAYMENT_LIMIT,low_engagement,PAYMENT_LINK,0.451,3.0,193.93,87.33
FAIL_002567,PAY_015702,CUST_0919,SUB_0919,1309.45,INSUFFICIENT_FUNDS,CUSTOMER_FINANCIAL,normal,WAIT_AND_RETRY,0.5035,2.0,657.31,123.44
FAIL_002126,PAY_013526,CUST_0789,SUB_0789,694.22,LIMIT_EXCEEDED,PAYMENT_LIMIT,normal,PAYMENT_LINK,0.51,3.0,351.05,138.84
FAIL_001282,PAY_008411,CUST_0491,SUB_0491,540.07,INSUFFICIENT_FUNDS,CUSTOMER_FINANCIAL,friction_prone,WAIT_AND_RETRY,0.421,2.0,225.37,25.84
FAIL_000426,PAY_002781,CUST_0162,SUB_0162,293.46,INSUFFICIENT_FUNDS,CUSTOMER_FINANCIAL,low_engagement,WAIT_AND_RETRY,0.4214,2.0,121.65,21.65
FAIL_001563,PAY_010464,CUST_0617,SUB_0617,469.95,INSUFFICIENT_FUNDS,CUSTOMER_FINANCIAL,normal,WAIT_AND_RETRY,0.4281,2.0,199.19,9.51
FAIL_001941,PAY_012433,CUST_0728,SUB_0728,1036.92,BANK_DECLINED,ISSUER_DECLINE,friction_prone,WAIT_AND_RETRY,0.3731,2.0,384.92,50.92
FAIL_000204,PAY_001419,CUST_0093,SUB_0093,333.96,INSUFFICIENT_FUNDS,CUSTOMER_FINANCIAL,low_engagement,WAIT_AND_RETRY,0.4728,2.0,155.9,41.68
FAIL_001516,PAY_009975,CUST_0589,SUB_0589,998.51,CARD_EXPIRED,PAYMENT_METHOD,normal,UPDATE_PAYMENT_METHOD,0.71,3.0,705.94,399.4
FAIL_001967,PAY_012616,CUST_0737,SUB_0737,997.2,NETWORK_ERROR,TECHNICAL,low_engagement,RETRY_NOW,0.7245,2.0,720.47,99.72
FAIL_001249,PAY_008234,CUST_0482,SUB_0482,1120.08,AUTHENTICATION_FAILED,CUSTOMER_ACTION,normal,UPDATE_PAYMENT_METHOD,0.56,3.0,624.24,168.01
FAIL_000124,PAY_000752,CUST_0048,SUB_0048,14057.81,NETWORK_ERROR,TECHNICAL,high_value_loyal,RETRY_NOW,0.7763,2.0,10911.47,1405.78
FAIL_002287,PAY_014449,CUST_0847,SUB_0847,2483.09,BANK_DECLINED,ISSUER_DECLINE,friction_prone,WAIT_AND_RETRY,0.4282,2.0,1061.32,257.31
FAIL_001165,PAY_007824,CUST_0462,SUB_0462,1399.49,NETWORK_ERROR,TECHNICAL,friction_prone,RETRY_NOW,0.6736,2.0,940.7,139.95
FAIL_002227,PAY_014178,CUST_0830,SUB_0830,636.05,INSUFFICIENT_FUNDS,CUSTOMER_FINANCIAL,low_engagement,WAIT_AND_RETRY,0.4856,2.0,306.87,86.61
FAIL_000879,PAY_005945,CUST_0359,SUB_0359,762.6,INSUFFICIENT_FUNDS,CUSTOMER_FINANCIAL,low_engagement,WAIT_AND_RETRY,0.477,2.0,361.76,97.09
FAIL_002082,PAY_013275,CUST_0777,SUB_0777,772.21,BANK_DECLINED,ISSUER_DECLINE,reliable,WAIT_AND_RETRY,0.4675,2.0,358.97,52.32
FAIL_001762,PAY_011572,CUST_0680,SUB_0680,1595.24,NETWORK_ERROR,TECHNICAL,friction_prone,RETRY_NOW,0.6672,2.0,1062.34,159.52
FAIL_000609,PAY_004114,CUST_0243,SUB_0243,928.54,INSUFFICIENT_FUNDS,CUSTOMER_FINANCIAL,friction_prone,WAIT_AND_RETRY,0.4087,2.0,377.46,32.26
FAIL_000907,PAY_006086,CUST_0369,SUB_0369,803.69,CARD_EXPIRED,PAYMENT_METHOD,low_engagement,UPDATE_PAYMENT_METHOD,0.651,3.0,520.2,321.48
FAIL_001861,PAY_012042,CUST_0705,SUB_0705,937.29,AUTHENTICATION_FAILED,CUSTOMER_ACTION,low_engagement,UPDATE_PAYMENT_METHOD,0.501,3.0,466.58,140.59
FAIL_000923,PAY_006190,CUST_0374,SUB_0374,1655.04,BANK_DECLINED,ISSUER_DECLINE,friction_prone,WAIT_AND_RETRY,0.3718,2.0,613.28,78.39
FAIL_002544,PAY_015621,CUST_0915,SUB_0915,1705.4,INSUFFICIENT_FUNDS,CUSTOMER_FINANCIAL,friction_prone,WAIT_AND_RETRY,0.4149,2.0,705.55,69.02
FAIL_001071,PAY_007251,CUST_0431,SUB_0431,745.87,NETWORK_ERROR,TECHNICAL,low_engagement,RETRY_NOW,0.6691,2.0,497.09,74.59
FAIL_001589,PAY_010620,CUST_0627,SUB_0627,200.0,INSUFFICIENT_FUNDS,CUSTOMER_FINANCIAL,friction_prone,WAIT_AND_RETRY,0.4124,2.0,80.49,8.49
FAIL_000463,PAY_003021,CUST_0175,SUB_0175,401.17,INSUFFICIENT_FUNDS,CUSTOMER_FINANCIAL,low_engagement,WAIT_AND_RETRY,0.4847,2.0,192.46,54.65
FAIL_002320,PAY_014580,CUST_0855,SUB_0855,904.36,NETWORK_ERROR,TECHNICAL,friction_prone,RETRY_NOW,0.664,2.0,598.5,90.44
FAIL_001620,PAY_010785,CUST_0635,SUB_0635,13569.88,LIMIT_EXCEEDED,PAYMENT_LIMIT,high_value_loyal,PAYMENT_LINK,0.5576,3.0,7563.57,2713.98
FAIL_001221,PAY_008122,CUST_0477,SUB_0477,580.5,BANK_DECLINED,ISSUER_DECLINE,friction_prone,WAIT_AND_RETRY,0.3664,2.0,210.68,25.01
FAIL_001242,PAY_008196,CUST_0481,SUB_0481,3208.7,BANK_DECLINED,ISSUER_DECLINE,high_value_loyal,WAIT_AND_RETRY,0.4756,2.0,1524.06,219.19
FAIL_000853,PAY_005804,CUST_0352,SUB_0352,953.66,INSUFFICIENT_FUNDS,CUSTOMER_FINANCIAL,normal,WAIT_AND_RETRY,0.5077,2.0,482.2,94.2
FAIL_001566,PAY_010516,CUST_0623,SUB_0623,1621.46,NETWORK_ERROR,TECHNICAL,friction_prone,RETRY_NOW,0.6633,2.0,1073.47,162.15
FAIL_002111,PAY_013435,CUST_0786,SUB_0786,313.47,INSUFFICIENT_FUNDS,CUSTOMER_FINANCIAL,low_engagement,WAIT_AND_RETRY,0.475,2.0,146.91,39.88
FAIL_000243,PAY_001635,CUST_0103,SUB_0103,10145.96,NETWORK_ERROR,TECHNICAL,high_value_loyal,RETRY_NOW,0.7688,2.0,7798.05,1014.6
FAIL_000509,PAY_003443,CUST_0200,SUB_0200,339.89,INSUFFICIENT_FUNDS,CUSTOMER_FINANCIAL,low_engagement,WAIT_AND_RETRY,0.4787,2.0,160.69,44.39
FAIL_000175,PAY_001097,CUST_0073,SUB_0073,1637.14,CARD_EXPIRED,PAYMENT_METHOD,friction_prone,UPDATE_PAYMENT_METHOD,0.675,3.0,1102.07,654.86
FAIL_000623,PAY_004198,CUST_0248,SUB_0248,200.0,INSUFFICIENT_FUNDS,CUSTOMER_FINANCIAL,low_engagement,WAIT_AND_RETRY,0.4142,2.0,80.84,13.64
FAIL_001944,PAY_012474,CUST_0731,SUB_0731,1784.87,LIMIT_EXCEEDED,PAYMENT_LIMIT,friction_prone,PAYMENT_LINK,0.475,3.0,844.81,356.97
FAIL_001153,PAY_007795,CUST_0461,SUB_0461,1652.19,NETWORK_ERROR,TECHNICAL,friction_prone,RETRY_NOW,0.6707,2.0,1106.18,165.22
FAIL_001662,PAY_010949,CUST_0644,SUB_0644,289.39,INSUFFICIENT_FUNDS,CUSTOMER_FINANCIAL,low_engagement,WAIT_AND_RETRY,0.4787,2.0,136.52,37.94
FAIL_000306,PAY_002008,CUST_0121,SUB_0121,746.25,INSUFFICIENT_FUNDS,CUSTOMER_FINANCIAL,low_engagement,WAIT_AND_RETRY,0.4765,2.0,353.6,94.67
FAIL_000311,PAY_002028,CUST_0122,SUB_0122,2857.25,AUTHENTICATION_FAILED,CUSTOMER_ACTION,normal,UPDATE_PAYMENT_METHOD,0.56,3.0,1597.06,428.59
FAIL_000110,PAY_000694,CUST_0045,SUB_0045,382.43,LIMIT_EXCEEDED,PAYMENT_LIMIT,normal,PAYMENT_LINK,0.51,3.0,192.04,76.49
FAIL_001406,PAY_009212,CUST_0547,SUB_0547,2231.07,INSUFFICIENT_FUNDS,CUSTOMER_FINANCIAL,friction_prone,WAIT_AND_RETRY,0.48,2.0,1068.91,235.26
FAIL_001290,PAY_008447,CUST_0493,SUB_0493,489.64,NETWORK_ERROR,TECHNICAL,low_engagement,RETRY_NOW,0.7282,2.0,354.56,48.96
FAIL_001182,PAY_007940,CUST_0468,SUB_0468,1737.7,CARD_EXPIRED,PAYMENT_METHOD,friction_prone,UPDATE_PAYMENT_METHOD,0.675,3.0,1169.95,695.08
FAIL_000152,PAY_000856,CUST_0055,SUB_0055,14168.18,NETWORK_ERROR,TECHNICAL,high_value_loyal,RETRY_NOW,0.7774,2.0,11013.02,1416.82
FAIL_001008,PAY_006794,CUST_0408,SUB_0408,1572.78,INSUFFICIENT_FUNDS,CUSTOMER_FINANCIAL,friction_prone,WAIT_AND_RETRY,0.4193,2.0,657.52,70.73
FAIL_000821,PAY_005548,CUST_0336,SUB_0336,1661.44,CARD_EXPIRED,PAYMENT_METHOD,friction_prone,UPDATE_PAYMENT_METHOD,0.675,3.0,1118.47,664.58
FAIL_000134,PAY_000798,CUST_0051,SUB_0051,706.77,LIMIT_EXCEEDED,PAYMENT_LIMIT,friction_prone,PAYMENT_LINK,0.475,3.0,332.72,141.35
FAIL_002554,PAY_015661,CUST_0917,SUB_0917,881.56,INSUFFICIENT_FUNDS,CUSTOMER_FINANCIAL,low_engagement,WAIT_AND_RETRY,0.41,2.0,359.44,53.01
FAIL_000234,PAY_001576,CUST_0101,SUB_0101,247.97,CARD_EXPIRED,PAYMENT_METHOD,low_engagement,UPDATE_PAYMENT_METHOD,0.651,3.0,158.43,99.19
FAIL_000979,PAY_006543,CUST_0396,SUB_0396,5752.09,BANK_DECLINED,ISSUER_DECLINE,high_value_loyal,WAIT_AND_RETRY,0.475,2.0,2730.43,388.87
FAIL_001765,PAY_011577,CUST_0680,SUB_0680,1595.24,INSUFFICIENT_FUNDS,CUSTOMER_FINANCIAL,friction_prone,WAIT_AND_RETRY,0.4172,2.0,663.53,68.32
FAIL_002370,PAY_014905,CUST_0874,SUB_0874,763.19,LIMIT_EXCEEDED,PAYMENT_LIMIT,low_engagement,PAYMENT_LINK,0.451,3.0,341.2,152.64
FAIL_002158,PAY_013791,CUST_0806,SUB_0806,778.26,CARD_EXPIRED,PAYMENT_METHOD,low_engagement,UPDATE_PAYMENT_METHOD,0.651,3.0,503.65,311.3
FAIL_002146,PAY_013740,CUST_0804,SUB_0804,1094.39,CARD_EXPIRED,PAYMENT_METHOD,normal,UPDATE_PAYMENT_METHOD,0.71,3.0,774.02,437.76
FAIL_001978,PAY_012658,CUST_0740,SUB_0740,544.61,AUTHENTICATION_FAILED,CUSTOMER_ACTION,friction_prone,UPDATE_PAYMENT_METHOD,0.525,3.0,282.92,81.69
FAIL_000378,PAY_002545,CUST_0150,SUB_0150,1013.25,INSUFFICIENT_FUNDS,CUSTOMER_FINANCIAL,reliable,WAIT_AND_RETRY,0.528,2.0,533.0,79.02
FAIL_000698,PAY_004772,CUST_0282,SUB_0282,200.0,AUTHENTICATION_FAILED,CUSTOMER_ACTION,low_engagement,UPDATE_PAYMENT_METHOD,0.501,3.0,97.2,30.0
FAIL_002582,PAY_015823,CUST_0925,SUB_0925,200.0,CARD_EXPIRED,PAYMENT_METHOD,low_engagement,UPDATE_PAYMENT_METHOD,0.651,3.0,127.2,80.0
FAIL_002619,PAY_016127,CUST_0942,SUB_0942,568.27,INSUFFICIENT_FUNDS,CUSTOMER_FINANCIAL,friction_prone,WAIT_AND_RETRY,0.4176,2.0,235.32,25.22
FAIL_000962,PAY_006434,CUST_0387,SUB_0387,524.81,NETWORK_ERROR,TECHNICAL,low_engagement,RETRY_NOW,0.66,2.0,344.37,52.48
FAIL_000583,PAY_003918,CUST_0230,SUB_0230,937.32,CARD_EXPIRED,PAYMENT_METHOD,friction_prone,UPDATE_PAYMENT_METHOD,0.675,3.0,629.69,374.93
FAIL_002304,PAY_014523,CUST_0853,SUB_0853,256.05,CARD_EXPIRED,PAYMENT_METHOD,low_engagement,UPDATE_PAYMENT_METHOD,0.651,3.0,163.69,102.42
FAIL_000026,PAY_000175,CUST_0015,SUB_0015,1187.03,INSUFFICIENT_FUNDS,CUSTOMER_FINANCIAL,friction_prone,WAIT_AND_RETRY,0.4174,2.0,493.5,51.37
FAIL_002340,PAY_014735,CUST_0864,SUB_0864,9370.08,NETWORK_ERROR,TECHNICAL,high_value_loyal,RETRY_NOW,0.7786,2.0,7293.54,937.01
FAIL_000211,PAY_001444,CUST_0094,SUB_0094,251.16,INSUFFICIENT_FUNDS,CUSTOMER_FINANCIAL,low_engagement,WAIT_AND_RETRY,0.41,2.0,100.98,15.82
FAIL_002113,PAY_013441,CUST_0786,SUB_0786,313.47,INSUFFICIENT_FUNDS,CUSTOMER_FINANCIAL,low_engagement,WAIT_AND_RETRY,0.475,2.0,146.91,39.88
FAIL_001542,PAY_010321,CUST_0609,SUB_0609,1520.27,INSUFFICIENT_FUNDS,CUSTOMER_FINANCIAL,friction_prone,WAIT_AND_RETRY,0.4172,2.0,632.26,65.16
FAIL_001779,PAY_011710,CUST_0687,SUB_0687,345.77,NETWORK_ERROR,TECHNICAL,normal,RETRY_NOW,0.6902,2.0,236.65,34.58
FAIL_001307,PAY_008543,CUST_0501,SUB_0501,1796.45,NETWORK_ERROR,TECHNICAL,reliable,RETRY_NOW,0.7053,2.0,1265.1,179.64
FAIL_000259,PAY_001747,CUST_0108,SUB_0108,200.0,INSUFFICIENT_FUNDS,CUSTOMER_FINANCIAL,friction_prone,WAIT_AND_RETRY,0.4228,2.0,82.56,10.56
FAIL_001934,PAY_012414,CUST_0728,SUB_0728,1036.92,INSUFFICIENT_FUNDS,CUSTOMER_FINANCIAL,friction_prone,WAIT_AND_RETRY,0.4231,2.0,436.77,50.92
FAIL_001429,PAY_009397,CUST_0556,SUB_0556,1271.26,INSUFFICIENT_FUNDS,CUSTOMER_FINANCIAL,friction_prone,WAIT_AND_RETRY,0.4182,2.0,529.61,55.89
FAIL_000599,PAY_004027,CUST_0238,SUB_0238,746.31,INSUFFICIENT_FUNDS,CUSTOMER_FINANCIAL,friction_prone,WAIT_AND_RETRY,0.481,2.0,356.98,80.11
FAIL_002784,PAY_017132,CUST_0998,SUB_0998,1639.15,INSUFFICIENT_FUNDS,CUSTOMER_FINANCIAL,normal,WAIT_AND_RETRY,0.5022,2.0,821.19,152.14
FAIL_002190,PAY_013917,CUST_0812,SUB_0812,926.3,LIMIT_EXCEEDED,PAYMENT_LIMIT,low_engagement,PAYMENT_LINK,0.451,3.0,414.76,185.26
FAIL_001996,PAY_012712,CUST_0744,SUB_0744,200.0,BANK_DECLINED,ISSUER_DECLINE,low_engagement,WAIT_AND_RETRY,0.3683,2.0,71.66,14.46
FAIL_000094,PAY_000527,CUST_0036,SUB_0036,1214.61,BANK_DECLINED,ISSUER_DECLINE,friction_prone,WAIT_AND_RETRY,0.356,2.0,430.4,38.65
FAIL_000562,PAY_003749,CUST_0219,SUB_0219,454.09,BANK_DECLINED,ISSUER_DECLINE,normal,WAIT_AND_RETRY,0.4494,2.0,202.09,41.62
FAIL_000519,PAY_003501,CUST_0207,SUB_0207,1213.6,INSUFFICIENT_FUNDS,CUSTOMER_FINANCIAL,friction_prone,WAIT_AND_RETRY,0.4214,2.0,509.39,57.29
FAIL_000058,PAY_000286,CUST_0022,SUB_0022,929.98,NETWORK_ERROR,TECHNICAL,normal,RETRY_NOW,0.686,2.0,635.97,93.0
FAIL_001239,PAY_008179,CUST_0479,SUB_0479,493.48,BANK_DECLINED,ISSUER_DECLINE,low_engagement,WAIT_AND_RETRY,0.4239,2.0,207.2,61.67
FAIL_002379,PAY_014928,CUST_0875,SUB_0875,1152.64,BANK_DECLINED,ISSUER_DECLINE,friction_prone,WAIT_AND_RETRY,0.3601,2.0,413.11,41.5
FAIL_001479,PAY_009703,CUST_0576,SUB_0576,245.25,BANK_DECLINED,ISSUER_DECLINE,friction_prone,WAIT_AND_RETRY,0.3739,2.0,89.71,13.0
FAIL_000932,PAY_006260,CUST_0376,SUB_0376,1048.92,NETWORK_ERROR,TECHNICAL,reliable,RETRY_NOW,0.7765,2.0,812.47,104.89
FAIL_001214,PAY_008104,CUST_0476,SUB_0476,457.08,BANK_DECLINED,ISSUER_DECLINE,low_engagement,WAIT_AND_RETRY,0.423,2.0,191.32,56.74
FAIL_000796,PAY_005453,CUST_0330,SUB_0330,998.82,CARD_EXPIRED,PAYMENT_METHOD,normal,UPDATE_PAYMENT_METHOD,0.71,3.0,706.16,399.53
FAIL_000412,PAY_002681,CUST_0158,SUB_0158,2492.3,NETWORK_ERROR,TECHNICAL,friction_prone,RETRY_NOW,0.6665,2.0,1659.19,249.23
FAIL_001160,PAY_007807,CUST_0462,SUB_0462,1399.49,INSUFFICIENT_FUNDS,CUSTOMER_FINANCIAL,friction_prone,WAIT_AND_RETRY,0.4236,2.0,590.82,69.02
FAIL_001133,PAY_007690,CUST_0455,SUB_0455,1599.52,INSUFFICIENT_FUNDS,CUSTOMER_FINANCIAL,normal,WAIT_AND_RETRY,0.506,2.0,807.36,154.55
FAIL_001984,PAY_012679,CUST_0742,SUB_0742,13545.86,CARD_EXPIRED,PAYMENT_METHOD,high_value_loyal,UPDATE_PAYMENT_METHOD,0.7576,3.0,10259.34,5418.34
FAIL_000887,PAY_005981,CUST_0363,SUB_0363,260.32,INSUFFICIENT_FUNDS,CUSTOMER_FINANCIAL,low_engagement,WAIT_AND_RETRY,0.472,2.0,120.87,32.5
FAIL_002545,PAY_015622,CUST_0915,SUB_0915,1705.4,LIMIT_EXCEEDED,PAYMENT_LIMIT,friction_prone,PAYMENT_LINK,0.475,3.0,807.07,341.08
FAIL_000759,PAY_005187,CUST_0309,SUB_0309,1591.11,INSUFFICIENT_FUNDS,CUSTOMER_FINANCIAL,friction_prone,WAIT_AND_RETRY,0.4214,2.0,668.47,74.8
FAIL_000490,PAY_003199,CUST_0186,SUB_0186,2567.59,NETWORK_ERROR,TECHNICAL,reliable,RETRY_NOW,0.7789,2.0,1997.95,256.76
FAIL_002700,PAY_016650,CUST_0969,SUB_0969,956.83,INSUFFICIENT_FUNDS,CUSTOMER_FINANCIAL,low_engagement,WAIT_AND_RETRY,0.4782,2.0,455.56,122.72
FAIL_000789,PAY_005408,CUST_0325,SUB_0325,726.01,NETWORK_ERROR,TECHNICAL,low_engagement,RETRY_NOW,0.722,2.0,522.18,72.6
FAIL_000495,PAY_003238,CUST_0188,SUB_0188,221.49,BANK_DECLINED,ISSUER_DECLINE,low_engagement,WAIT_AND_RETRY,0.4238,2.0,91.87,28.2
FAIL_000945,PAY_006394,CUST_0385,SUB_0385,15000.0,BANK_DECLINED,ISSUER_DECLINE,high_value_loyal,WAIT_AND_RETRY,0.471,2.0,7062.52,951.52
FAIL_002657,PAY_016379,CUST_0956,SUB_0956,663.09,BANK_DECLINED,ISSUER_DECLINE,friction_prone,WAIT_AND_RETRY,0.4337,2.0,285.58,73.08
FAIL_001256,PAY_008281,CUST_0484,SUB_0484,846.76,BANK_DECLINED,ISSUER_DECLINE,low_engagement,WAIT_AND_RETRY,0.4226,2.0,355.85,103.97
FAIL_001110,PAY_007484,CUST_0443,SUB_0443,976.9,INSUFFICIENT_FUNDS,CUSTOMER_FINANCIAL,friction_prone,WAIT_AND_RETRY,0.4827,2.0,469.51,106.18
FAIL_002645,PAY_016278,CUST_0949,SUB_0949,974.33,CARD_EXPIRED,PAYMENT_METHOD,low_engagement,UPDATE_PAYMENT_METHOD,0.651,3.0,631.29,389.73
FAIL_001442,PAY_009485,CUST_0563,SUB_0563,404.63,CARD_EXPIRED,PAYMENT_METHOD,low_engagement,UPDATE_PAYMENT_METHOD,0.651,3.0,260.41,161.85
FAIL_001355,PAY_008971,CUST_0530,SUB_0530,2315.15,CARD_EXPIRED,PAYMENT_METHOD,normal,UPDATE_PAYMENT_METHOD,0.71,3.0,1640.76,926.06
FAIL_001743,PAY_011472,CUST_0675,SUB_0675,859.71,BANK_DECLINED,ISSUER_DECLINE,friction_prone,WAIT_AND_RETRY,0.3604,2.0,307.88,31.48
FAIL_002752,PAY_016996,CUST_0988,SUB_0988,747.97,BANK_DECLINED,ISSUER_DECLINE,low_engagement,WAIT_AND_RETRY,0.4294,2.0,319.15,97.02
FAIL_002295,PAY_014468,CUST_0849,SUB_0849,951.12,INSUFFICIENT_FUNDS,CUSTOMER_FINANCIAL,low_engagement,WAIT_AND_RETRY,0.41,2.0,387.96,57.12
FAIL_001512,PAY_009924,CUST_0586,SUB_0586,825.5,NETWORK_ERROR,TECHNICAL,low_engagement,RETRY_NOW,0.7331,2.0,603.18,82.55
FAIL_001255,PAY_008277,CUST_0484,SUB_0484,846.76,AUTHENTICATION_FAILED,CUSTOMER_ACTION,low_engagement,UPDATE_PAYMENT_METHOD,0.501,3.0,421.23,127.01
FAIL_000997,PAY_006654,CUST_0400,SUB_0400,7063.31,BANK_DECLINED,ISSUER_DECLINE,high_value_loyal,WAIT_AND_RETRY,0.4783,2.0,3376.13,500.12
FAIL_002352,PAY_014794,CUST_0866,SUB_0866,1434.91,INSUFFICIENT_FUNDS,CUSTOMER_FINANCIAL,friction_prone,WAIT_AND_RETRY,0.4164,2.0,595.45,60.36
FAIL_000908,PAY_006099,CUST_0371,SUB_0371,1607.44,NETWORK_ERROR,TECHNICAL,friction_prone,RETRY_NOW,0.7289,2.0,1169.59,160.74
FAIL_001206,PAY_008074,CUST_0475,SUB_0475,332.6,BANK_DECLINED,ISSUER_DECLINE,low_engagement,WAIT_AND_RETRY,0.3663,2.0,119.83,22.71
FAIL_000382,PAY_002572,CUST_0152,SUB_0152,979.43,INSUFFICIENT_FUNDS,CUSTOMER_FINANCIAL,normal,WAIT_AND_RETRY,0.4978,2.0,485.58,87.01
FAIL_000071,PAY_000322,CUST_0025,SUB_0025,2062.52,INSUFFICIENT_FUNDS,CUSTOMER_FINANCIAL,normal,WAIT_AND_RETRY,0.4975,2.0,1024.18,181.54
FAIL_001836,PAY_011974,CUST_0703,SUB_0703,360.66,AUTHENTICATION_FAILED,CUSTOMER_ACTION,friction_prone,UPDATE_PAYMENT_METHOD,0.525,3.0,186.35,54.1
FAIL_002011,PAY_012764,CUST_0747,SUB_0747,795.67,BANK_DECLINED,ISSUER_DECLINE,low_engagement,WAIT_AND_RETRY,0.3663,2.0,289.44,52.95
FAIL_001951,PAY_012504,CUST_0732,SUB_0732,1339.11,BANK_DECLINED,ISSUER_DECLINE,normal,WAIT_AND_RETRY,0.4527,2.0,604.17,125.09
FAIL_000985,PAY_006594,CUST_0398,SUB_0398,669.19,CARD_EXPIRED,PAYMENT_METHOD,low_engagement,UPDATE_PAYMENT_METHOD,0.651,3.0,432.64,267.68
FAIL_002424,PAY_015060,CUST_0883,SUB_0883,1083.08,BANK_DECLINED,ISSUER_DECLINE,friction_prone,WAIT_AND_RETRY,0.3576,2.0,385.31,36.31
FAIL_002401,PAY_014961,CUST_0877,SUB_0877,1893.79,CARD_EXPIRED,PAYMENT_METHOD,friction_prone,UPDATE_PAYMENT_METHOD,0.675,3.0,1275.31,757.52
FAIL_000989,PAY_006610,CUST_0398,SUB_0398,669.19,CARD_EXPIRED,PAYMENT_METHOD,low_engagement,UPDATE_PAYMENT_METHOD,0.651,3.0,432.64,267.68
FAIL_002614,PAY_016084,CUST_0939,SUB_0939,368.13,BANK_DECLINED,ISSUER_DECLINE,low_engagement,WAIT_AND_RETRY,0.4287,2.0,155.8,48.0
FAIL_000783,PAY_005395,CUST_0325,SUB_0325,726.01,CARD_EXPIRED,PAYMENT_METHOD,low_engagement,UPDATE_PAYMENT_METHOD,0.651,3.0,469.63,290.4
FAIL_000042,PAY_000244,CUST_0020,SUB_0020,641.27,INSUFFICIENT_FUNDS,CUSTOMER_FINANCIAL,friction_prone,WAIT_AND_RETRY,0.4235,2.0,269.58,32.1
FAIL_001132,PAY_007684,CUST_0454,SUB_0454,9617.0,BANK_DECLINED,ISSUER_DECLINE,high_value_loyal,WAIT_AND_RETRY,0.476,2.0,4575.54,658.65
FAIL_001146,PAY_007753,CUST_0458,SUB_0458,3086.94,CARD_EXPIRED,PAYMENT_METHOD,normal,UPDATE_PAYMENT_METHOD,0.71,3.0,2188.73,1234.78
FAIL_001395,PAY_009180,CUST_0545,SUB_0545,321.75,AUTHENTICATION_FAILED,CUSTOMER_ACTION,low_engagement,UPDATE_PAYMENT_METHOD,0.501,3.0,158.2,48.26
FAIL_001059,PAY_007206,CUST_0430,SUB_0430,2619.41,NETWORK_ERROR,TECHNICAL,normal,RETRY_NOW,0.6942,2.0,1816.35,261.94
FAIL_001454,PAY_009582,CUST_0568,SUB_0568,554.06,LIMIT_EXCEEDED,PAYMENT_LIMIT,normal,PAYMENT_LINK,0.51,3.0,279.57,110.81
FAIL_000869,PAY_005896,CUST_0356,SUB_0356,8418.6,INSUFFICIENT_FUNDS,CUSTOMER_FINANCIAL,high_value_loyal,WAIT_AND_RETRY,0.5256,2.0,4422.82,573.46
FAIL_001998,PAY_012722,CUST_0745,SUB_0745,2286.0,NETWORK_ERROR,TECHNICAL,normal,RETRY_NOW,0.7522,2.0,1717.55,228.6
FAIL_002185,PAY_013903,CUST_0811,SUB_0811,417.48,BANK_DECLINED,ISSUER_DECLINE,low_engagement,WAIT_AND_RETRY,0.426,2.0,175.85,53.19
FAIL_001332,PAY_008760,CUST_0515,SUB_0515,801.81,INSUFFICIENT_FUNDS,CUSTOMER_FINANCIAL,low_engagement,WAIT_AND_RETRY,0.482,2.0,384.47,106.04
FAIL_002274,PAY_014418,CUST_0844,SUB_0844,471.41,INSUFFICIENT_FUNDS,CUSTOMER_FINANCIAL,friction_prone,WAIT_AND_RETRY,0.386,2.0,179.96,6.19
FAIL_000118,PAY_000726,CUST_0046,SUB_0046,405.71,BANK_DECLINED,ISSUER_DECLINE,friction_prone,WAIT_AND_RETRY,0.3736,2.0,149.57,20.72
FAIL_001378,PAY_009094,CUST_0537,SUB_0537,547.66,LIMIT_EXCEEDED,PAYMENT_LIMIT,low_engagement,PAYMENT_LINK,0.451,3.0,243.99,109.53
FAIL_002257,PAY_014385,CUST_0842,SUB_0842,5745.9,NETWORK_ERROR,TECHNICAL,high_value_loyal,RETRY_NOW,0.7722,2.0,4434.8,574.59
FAIL_002258,PAY_014387,CUST_0842,SUB_0842,5745.9,INSUFFICIENT_FUNDS,CUSTOMER_FINANCIAL,high_value_loyal,WAIT_AND_RETRY,0.5222,2.0,2998.33,372.0
FAIL_000999,PAY_006674,CUST_0402,SUB_0402,568.13,LIMIT_EXCEEDED,PAYMENT_LIMIT,friction_prone,PAYMENT_LINK,0.475,3.0,266.86,113.63
FAIL_001847,PAY_012007,CUST_0704,SUB_0704,685.76,BANK_DECLINED,ISSUER_DECLINE,friction_prone,WAIT_AND_RETRY,0.426,2.0,290.13,70.26
FAIL_001143,PAY_007746,CUST_0458,SUB_0458,3086.94,BANK_DECLINED,ISSUER_DECLINE,normal,WAIT_AND_RETRY,0.3865,2.0,1191.19,82.89
FAIL_000355,PAY_002329,CUST_0137,SUB_0137,1355.73,LIMIT_EXCEEDED,PAYMENT_LIMIT,normal,PAYMENT_LINK,0.51,3.0,688.42,271.15
FAIL_001006,PAY_006783,CUST_0407,SUB_0407,12772.18,BANK_DECLINED,ISSUER_DECLINE,high_value_loyal,WAIT_AND_RETRY,0.4808,2.0,6139.38,936.43
FAIL_001321,PAY_008673,CUST_0508,SUB_0508,676.53,CARD_EXPIRED,PAYMENT_METHOD,normal,UPDATE_PAYMENT_METHOD,0.71,3.0,477.34,270.61
FAIL_001100,PAY_007427,CUST_0440,SUB_0440,591.55,NETWORK_ERROR,TECHNICAL,low_engagement,RETRY_NOW,0.6667,2.0,392.41,59.16
FAIL_001785,PAY_011734,CUST_0688,SUB_0688,703.54,INSUFFICIENT_FUNDS,CUSTOMER_FINANCIAL,friction_prone,WAIT_AND_RETRY,0.476,2.0,332.89,72.06
FAIL_002154,PAY_013785,CUST_0806,SUB_0806,778.26,INSUFFICIENT_FUNDS,CUSTOMER_FINANCIAL,low_engagement,WAIT_AND_RETRY,0.4056,2.0,313.69,43.52
FAIL_001981,PAY_012669,CUST_0742,SUB_0742,13545.86,INSUFFICIENT_FUNDS,CUSTOMER_FINANCIAL,high_value_loyal,WAIT_AND_RETRY,0.5203,2.0,7045.42,849.84
FAIL_001107,PAY_007462,CUST_0442,SUB_0442,976.78,CARD_EXPIRED,PAYMENT_METHOD,low_engagement,UPDATE_PAYMENT_METHOD,0.651,3.0,632.88,390.71
FAIL_000722,PAY_004967,CUST_0298,SUB_0298,706.23,LIMIT_EXCEEDED,PAYMENT_LIMIT,friction_prone,PAYMENT_LINK,0.475,3.0,332.46,141.25
FAIL_001784,PAY_011728,CUST_0687,SUB_0687,345.77,CARD_EXPIRED,PAYMENT_METHOD,normal,UPDATE_PAYMENT_METHOD,0.71,3.0,242.5,138.31
FAIL_002632,PAY_016179,CUST_0943,SUB_0943,1027.39,NETWORK_ERROR,TECHNICAL,reliable,RETRY_NOW,0.7785,2.0,797.84,102.74
FAIL_001884,PAY_012124,CUST_0708,SUB_0708,1097.17,NETWORK_ERROR,TECHNICAL,normal,RETRY_NOW,0.7505,2.0,821.45,109.72
FAIL_001484,PAY_009751,CUST_0578,SUB_0578,1586.51,BANK_DECLINED,ISSUER_DECLINE,friction_prone,WAIT_AND_RETRY,0.372,2.0,588.18,75.57
FAIL_001776,PAY_011705,CUST_0687,SUB_0687,345.77,CARD_EXPIRED,PAYMENT_METHOD,normal,UPDATE_PAYMENT_METHOD,0.71,3.0,242.5,138.31
FAIL_000433,PAY_002839,CUST_0166,SUB_0166,365.57,INSUFFICIENT_FUNDS,CUSTOMER_FINANCIAL,low_engagement,WAIT_AND_RETRY,0.4781,2.0,172.77,47.46
FAIL_002008,PAY_012760,CUST_0746,SUB_0746,450.36,AUTHENTICATION_FAILED,CUSTOMER_ACTION,friction_prone,UPDATE_PAYMENT_METHOD,0.525,3.0,233.44,67.55
FAIL_002217,PAY_014133,CUST_0825,SUB_0825,8971.98,CARD_EXPIRED,PAYMENT_METHOD,high_value_loyal,UPDATE_PAYMENT_METHOD,0.7576,3.0,6794.17,3588.79
FAIL_000052,PAY_000269,CUST_0022,SUB_0022,929.98,INSUFFICIENT_FUNDS,CUSTOMER_FINANCIAL,normal,WAIT_AND_RETRY,0.436,2.0,403.47,25.18
FAIL_001398,PAY_009186,CUST_0545,SUB_0545,321.75,NETWORK_ERROR,TECHNICAL,low_engagement,RETRY_NOW,0.726,2.0,231.59,32.17
FAIL_002651,PAY_016355,CUST_0955,SUB_0955,319.2,NETWORK_ERROR,TECHNICAL,low_engagement,RETRY_NOW,0.6705,2.0,212.01,31.92
FAIL_000283,PAY_001834,CUST_0113,SUB_0113,324.58,CARD_EXPIRED,PAYMENT_METHOD,low_engagement,UPDATE_PAYMENT_METHOD,0.651,3.0,208.3,129.83
FAIL_001518,PAY_009986,CUST_0589,SUB_0589,998.51,BANK_DECLINED,ISSUER_DECLINE,normal,WAIT_AND_RETRY,0.458,2.0,455.32,98.85
FAIL_002679,PAY_016513,CUST_0964,SUB_0964,1091.43,BANK_DECLINED,ISSUER_DECLINE,friction_prone,WAIT_AND_RETRY,0.3617,2.0,392.78,41.07
FAIL_001423,PAY_009317,CUST_0552,SUB_0552,507.97,LIMIT_EXCEEDED,PAYMENT_LIMIT,low_engagement,PAYMENT_LINK,0.451,3.0,226.09,101.59
FAIL_000169,PAY_001026,CUST_0064,SUB_0064,656.63,INSUFFICIENT_FUNDS,CUSTOMER_FINANCIAL,normal,WAIT_AND_RETRY,0.5037,2.0,328.74,62.52
FAIL_002592,PAY_015867,CUST_0928,SUB_0928,1406.33,BANK_DECLINED,ISSUER_DECLINE,friction_prone,WAIT_AND_RETRY,0.426,2.0,597.1,143.04
FAIL_001236,PAY_008170,CUST_0479,SUB_0479,493.48,INSUFFICIENT_FUNDS,CUSTOMER_FINANCIAL,low_engagement,WAIT_AND_RETRY,0.4739,2.0,231.88,61.67
FAIL_000418,PAY_002725,CUST_0160,SUB_0160,730.63,BANK_DECLINED,ISSUER_DECLINE,friction_prone,WAIT_AND_RETRY,0.3693,2.0,267.85,33.39
FAIL_000995,PAY_006642,CUST_0400,SUB_0400,7063.31,LIMIT_EXCEEDED,PAYMENT_LIMIT,high_value_loyal,PAYMENT_LINK,0.5576,3.0,3935.5,1412.66
FAIL_000312,PAY_002034,CUST_0122,SUB_0122,2857.25,INSUFFICIENT_FUNDS,CUSTOMER_FINANCIAL,normal,WAIT_AND_RETRY,0.5066,2.0,1445.46,276.99
FAIL_000813,PAY_005514,CUST_0334,SUB_0334,382.28,INSUFFICIENT_FUNDS,CUSTOMER_FINANCIAL,low_engagement,WAIT_AND_RETRY,0.41,2.0,154.73,23.55
FAIL_001625,PAY_010804,CUST_0636,SUB_0636,666.71,INSUFFICIENT_FUNDS,CUSTOMER_FINANCIAL,friction_prone,WAIT_AND_RETRY,0.4091,2.0,270.74,23.72
FAIL_001538,PAY_010218,CUST_0602,SUB_0602,10274.65,BANK_DECLINED,ISSUER_DECLINE,high_value_loyal,WAIT_AND_RETRY,0.4736,2.0,4864.07,679.13
FAIL_001278,PAY_008404,CUST_0491,SUB_0491,540.07,BANK_DECLINED,ISSUER_DECLINE,friction_prone,WAIT_AND_RETRY,0.371,2.0,198.37,25.84
FAIL_000106,PAY_000653,CUST_0042,SUB_0042,7945.8,NETWORK_ERROR,TECHNICAL,high_value_loyal,RETRY_NOW,0.7788,2.0,6185.81,794.58
FAIL_002504,PAY_015387,CUST_0904,SUB_0904,3422.48,NETWORK_ERROR,TECHNICAL,normal,RETRY_NOW,0.755,2.0,2581.86,342.25
FAIL_001275,PAY_008392,CUST_0491,SUB_0491,540.07,INSUFFICIENT_FUNDS,CUSTOMER_FINANCIAL,friction_prone,WAIT_AND_RETRY,0.421,2.0,225.37,25.84
FAIL_000671,PAY_004679,CUST_0276,SUB_0276,382.33,BANK_DECLINED,ISSUER_DECLINE,low_engagement,WAIT_AND_RETRY,0.3691,2.0,139.13,27.05
FAIL_002654,PAY_016361,CUST_0955,SUB_0955,319.2,NETWORK_ERROR,TECHNICAL,low_engagement,RETRY_NOW,0.6705,2.0,212.01,31.92
FAIL_000688,PAY_004736,CUST_0279,SUB_0279,1302.62,INSUFFICIENT_FUNDS,CUSTOMER_FINANCIAL,friction_prone,WAIT_AND_RETRY,0.4768,2.0,619.09,133.61
FAIL_001511,PAY_009920,CUST_0586,SUB_0586,825.5,NETWORK_ERROR,TECHNICAL,low_engagement,RETRY_NOW,0.7331,2.0,603.18,82.55
FAIL_001050,PAY_007167,CUST_0429,SUB_0429,946.68,INSUFFICIENT_FUNDS,CUSTOMER_FINANCIAL,friction_prone,WAIT_AND_RETRY,0.4254,2.0,400.67,48.67
FAIL_002683,PAY_016522,CUST_0965,SUB_0965,817.6,INSUFFICIENT_FUNDS,CUSTOMER_FINANCIAL,normal,WAIT_AND_RETRY,0.5074,2.0,412.88,80.66
FAIL_000893,PAY_005997,CUST_0364,SUB_0364,376.34,INSUFFICIENT_FUNDS,CUSTOMER_FINANCIAL,friction_prone,WAIT_AND_RETRY,0.4129,2.0,153.39,15.26
FAIL_000469,PAY_003076,CUST_0180,SUB_0180,1171.97,NETWORK_ERROR,TECHNICAL,normal,RETRY_NOW,0.7486,2.0,875.35,117.2
FAIL_001940,PAY_012432,CUST_0728,SUB_0728,1036.92,INSUFFICIENT_FUNDS,CUSTOMER_FINANCIAL,friction_prone,WAIT_AND_RETRY,0.4231,2.0,436.77,50.92
FAIL_000518,PAY_003497,CUST_0207,SUB_0207,1213.6,INSUFFICIENT_FUNDS,CUSTOMER_FINANCIAL,friction_prone,WAIT_AND_RETRY,0.4214,2.0,509.39,57.29
FAIL_002469,PAY_015216,CUST_0892,SUB_0892,429.37,INSUFFICIENT_FUNDS,CUSTOMER_FINANCIAL,friction_prone,WAIT_AND_RETRY,0.4236,2.0,179.88,21.87
FAIL_000625,PAY_004205,CUST_0248,SUB_0248,200.0,NETWORK_ERROR,TECHNICAL,low_engagement,RETRY_NOW,0.6642,2.0,130.84,20.0
FAIL_000084,PAY_000391,CUST_0029,SUB_0029,1707.17,AUTHENTICATION_FAILED,CUSTOMER_ACTION,reliable,UPDATE_PAYMENT_METHOD,0.601,3.0,1023.01,256.08
FAIL_000817,PAY_005539,CUST_0336,SUB_0336,1661.44,NETWORK_ERROR,TECHNICAL,friction_prone,RETRY_NOW,0.6682,2.0,1108.13,166.14
FAIL_002246,PAY_014279,CUST_0836,SUB_0836,468.26,INSUFFICIENT_FUNDS,CUSTOMER_FINANCIAL,friction_prone,WAIT_AND_RETRY,0.4225,2.0,195.83,23.23
FAIL_000128,PAY_000786,CUST_0051,SUB_0051,706.77,AUTHENTICATION_FAILED,CUSTOMER_ACTION,friction_prone,UPDATE_PAYMENT_METHOD,0.525,3.0,368.05,106.02
FAIL_000165,PAY_000995,CUST_0063,SUB_0063,961.34,AUTHENTICATION_FAILED,CUSTOMER_ACTION,normal,UPDATE_PAYMENT_METHOD,0.56,3.0,535.35,144.2
FAIL_002450,PAY_015164,CUST_0889,SUB_0889,1368.01,NETWORK_ERROR,TECHNICAL,friction_prone,RETRY_NOW,0.6617,2.0,903.23,136.8
FAIL_000919,PAY_006153,CUST_0373,SUB_0373,1062.38,NETWORK_ERROR,TECHNICAL,normal,RETRY_NOW,0.7556,2.0,800.7,106.24
FAIL_001434,PAY_009416,CUST_0557,SUB_0557,829.31,NETWORK_ERROR,TECHNICAL,reliable,RETRY_NOW,0.7675,2.0,634.46,82.93
FAIL_000214,PAY_001448,CUST_0094,SUB_0094,251.16,BANK_DECLINED,ISSUER_DECLINE,low_engagement,WAIT_AND_RETRY,0.36,2.0,88.42,15.82
FAIL_002623,PAY_016133,CUST_0942,SUB_0942,568.27,INSUFFICIENT_FUNDS,CUSTOMER_FINANCIAL,friction_prone,WAIT_AND_RETRY,0.4176,2.0,235.32,25.22
FAIL_001927,PAY_012365,CUST_0723,SUB_0723,720.89,AUTHENTICATION_FAILED,CUSTOMER_ACTION,low_engagement,UPDATE_PAYMENT_METHOD,0.501,3.0,358.17,108.13
FAIL_002478,PAY_015245,CUST_0896,SUB_0896,397.37,INSUFFICIENT_FUNDS,CUSTOMER_FINANCIAL,friction_prone,WAIT_AND_RETRY,0.4174,2.0,163.87,17.86
FAIL_001034,PAY_006989,CUST_0419,SUB_0419,1157.68,INSUFFICIENT_FUNDS,CUSTOMER_FINANCIAL,reliable,WAIT_AND_RETRY,0.516,2.0,595.36,76.25
FAIL_001727,PAY_011327,CUST_0666,SUB_0666,1090.5,BANK_DECLINED,ISSUER_DECLINE,friction_prone,WAIT_AND_RETRY,0.3672,2.0,398.43,47.02
FAIL_002766,PAY_017040,CUST_0991,SUB_0991,885.95,NETWORK_ERROR,TECHNICAL,friction_prone,RETRY_NOW,0.731,2.0,645.63,88.6
FAIL_002611,PAY_016073,CUST_0937,SUB_0937,3187.45,NETWORK_ERROR,TECHNICAL,reliable,RETRY_NOW,0.652,2.0,2076.22,318.74
FAIL_001383,PAY_009102,CUST_0538,SUB_0538,1824.63,BANK_DECLINED,ISSUER_DECLINE,friction_prone,WAIT_AND_RETRY,0.3427,2.0,623.24,33.23
FAIL_001339,PAY_008850,CUST_0521,SUB_0521,1196.46,NETWORK_ERROR,TECHNICAL,friction_prone,RETRY_NOW,0.6649,2.0,793.51,119.65
FAIL_001863,PAY_012047,CUST_0705,SUB_0705,937.29,INSUFFICIENT_FUNDS,CUSTOMER_FINANCIAL,low_engagement,WAIT_AND_RETRY,0.4727,2.0,441.05,115.06
FAIL_000867,PAY_005888,CUST_0356,SUB_0356,8418.6,BANK_DECLINED,ISSUER_DECLINE,high_value_loyal,WAIT_AND_RETRY,0.4756,2.0,4001.89,573.46
FAIL_001341,PAY_008858,CUST_0521,SUB_0521,1196.46,BANK_DECLINED,ISSUER_DECLINE,friction_prone,WAIT_AND_RETRY,0.3649,2.0,434.57,48.72
FAIL_002311,PAY_014548,CUST_0854,SUB_0854,272.78,AUTHENTICATION_FAILED,CUSTOMER_ACTION,low_engagement,UPDATE_PAYMENT_METHOD,0.501,3.0,133.66,40.92
FAIL_001066,PAY_007233,CUST_0431,SUB_0431,745.87,INSUFFICIENT_FUNDS,CUSTOMER_FINANCIAL,low_engagement,WAIT_AND_RETRY,0.4191,2.0,310.63,51.83
FAIL_002263,PAY_014395,CUST_0843,SUB_0843,638.25,NETWORK_ERROR,TECHNICAL,low_engagement,RETRY_NOW,0.6642,2.0,421.91,63.82
FAIL_000745,PAY_005147,CUST_0307,SUB_0307,2288.88,INSUFFICIENT_FUNDS,CUSTOMER_FINANCIAL,friction_prone,WAIT_AND_RETRY,0.4133,2.0,943.93,88.6
FAIL_001892,PAY_012171,CUST_0712,SUB_0712,1746.84,INSUFFICIENT_FUNDS,CUSTOMER_FINANCIAL,normal,WAIT_AND_RETRY,0.5017,2.0,874.41,161.21
FAIL_000556,PAY_003722,CUST_0217,SUB_0217,437.85,NETWORK_ERROR,TECHNICAL,low_engagement,RETRY_NOW,0.7277,2.0,316.63,43.78
FAIL_001756,PAY_011537,CUST_0679,SUB_0679,1699.94,AUTHENTICATION_FAILED,CUSTOMER_ACTION,normal,UPDATE_PAYMENT_METHOD,0.56,3.0,948.97,254.99
FAIL_000344,PAY_002268,CUST_0135,SUB_0135,771.04,INSUFFICIENT_FUNDS,CUSTOMER_FINANCIAL,friction_prone,WAIT_AND_RETRY,0.4805,2.0,368.5,82.36
FAIL_000112,PAY_000702,CUST_0045,SUB_0045,382.43,INSUFFICIENT_FUNDS,CUSTOMER_FINANCIAL,normal,WAIT_AND_RETRY,0.5071,2.0,191.93,38.14
FAIL_001614,PAY_010751,CUST_0633,SUB_0633,228.11,CARD_EXPIRED,PAYMENT_METHOD,low_engagement,UPDATE_PAYMENT_METHOD,0.651,3.0,145.5,91.24
FAIL_000111,PAY_000698,CUST_0045,SUB_0045,382.43,AUTHENTICATION_FAILED,CUSTOMER_ACTION,normal,UPDATE_PAYMENT_METHOD,0.56,3.0,211.16,57.36
FAIL_002713,PAY_016706,CUST_0971,SUB_0971,401.23,CARD_EXPIRED,PAYMENT_METHOD,friction_prone,UPDATE_PAYMENT_METHOD,0.675,3.0,267.83,160.49
FAIL_002397,PAY_014957,CUST_0876,SUB_0876,1111.89,BANK_DECLINED,ISSUER_DECLINE,friction_prone,PAYMENT_LINK,0.325,3.0,358.36,9.01
FAIL_001915,PAY_012312,CUST_0720,SUB_0720,566.77,BANK_DECLINED,ISSUER_DECLINE,friction_prone,WAIT_AND_RETRY,0.3753,2.0,210.68,29.48
FAIL_002606,PAY_016041,CUST_0935,SUB_0935,295.63,INSUFFICIENT_FUNDS,CUSTOMER_FINANCIAL,low_engagement,WAIT_AND_RETRY,0.4207,2.0,122.36,21.59
FAIL_001657,PAY_010936,CUST_0642,SUB_0642,1471.22,INSUFFICIENT_FUNDS,CUSTOMER_FINANCIAL,reliable,WAIT_AND_RETRY,0.5256,2.0,771.27,110.75
FAIL_001377,PAY_009093,CUST_0537,SUB_0537,547.66,INSUFFICIENT_FUNDS,CUSTOMER_FINANCIAL,low_engagement,WAIT_AND_RETRY,0.4077,2.0,221.29,32.06
FAIL_001593,PAY_010627,CUST_0627,SUB_0627,200.0,INSUFFICIENT_FUNDS,CUSTOMER_FINANCIAL,friction_prone,WAIT_AND_RETRY,0.4124,2.0,80.49,8.49
FAIL_000119,PAY_000730,CUST_0046,SUB_0046,405.71,BANK_DECLINED,ISSUER_DECLINE,friction_prone,WAIT_AND_RETRY,0.3736,2.0,149.57,20.72
FAIL_002524,PAY_015519,CUST_0910,SUB_0910,293.13,INSUFFICIENT_FUNDS,CUSTOMER_FINANCIAL,normal,WAIT_AND_RETRY,0.4431,2.0,127.9,10.72
FAIL_001786,PAY_011735,CUST_0688,SUB_0688,703.54,INSUFFICIENT_FUNDS,CUSTOMER_FINANCIAL,friction_prone,WAIT_AND_RETRY,0.476,2.0,332.89,72.06
FAIL_001118,PAY_007514,CUST_0444,SUB_0444,1927.55,NETWORK_ERROR,TECHNICAL,friction_prone,RETRY_NOW,0.6634,2.0,1276.75,192.76
FAIL_002675,PAY_016505,CUST_0964,SUB_0964,1091.43,NETWORK_ERROR,TECHNICAL,friction_prone,RETRY_NOW,0.6617,2.0,720.21,109.14
FAIL_002000,PAY_012735,CUST_0745,SUB_0745,2286.0,INSUFFICIENT_FUNDS,CUSTOMER_FINANCIAL,normal,WAIT_AND_RETRY,0.5022,2.0,1146.05,211.79
FAIL_000904,PAY_006080,CUST_0369,SUB_0369,803.69,CARD_EXPIRED,PAYMENT_METHOD,low_engagement,UPDATE_PAYMENT_METHOD,0.651,3.0,520.2,321.48
FAIL_002205,PAY_014062,CUST_0821,SUB_0821,235.88,BANK_DECLINED,ISSUER_DECLINE,low_engagement,WAIT_AND_RETRY,0.422,2.0,97.54,29.54
FAIL_001717,PAY_011242,CUST_0661,SUB_0661,629.8,LIMIT_EXCEEDED,PAYMENT_LIMIT,normal,PAYMENT_LINK,0.51,3.0,318.2,125.96
FAIL_001598,PAY_010637,CUST_0627,SUB_0627,200.0,BANK_DECLINED,ISSUER_DECLINE,friction_prone,WAIT_AND_RETRY,0.3624,2.0,70.49,8.49
FAIL_001224,PAY_008127,CUST_0477,SUB_0477,580.5,INSUFFICIENT_FUNDS,CUSTOMER_FINANCIAL,friction_prone,WAIT_AND_RETRY,0.4164,2.0,239.7,25.01
FAIL_001441,PAY_009484,CUST_0563,SUB_0563,404.63,INSUFFICIENT_FUNDS,CUSTOMER_FINANCIAL,low_engagement,WAIT_AND_RETRY,0.482,2.0,193.03,54.01
FAIL_000025,PAY_000174,CUST_0015,SUB_0015,1187.03,LIMIT_EXCEEDED,PAYMENT_LIMIT,friction_prone,PAYMENT_LINK,0.475,3.0,560.84,237.41
FAIL_001954,PAY_012523,CUST_0732,SUB_0732,1339.11,BANK_DECLINED,ISSUER_DECLINE,normal,WAIT_AND_RETRY,0.4527,2.0,604.17,125.09
FAIL_001559,PAY_010424,CUST_0613,SUB_0613,1400.65,BANK_DECLINED,ISSUER_DECLINE,reliable,WAIT_AND_RETRY,0.4765,2.0,665.38,106.72
FAIL_000081,PAY_000355,CUST_0026,SUB_0026,15000.0,NETWORK_ERROR,TECHNICAL,high_value_loyal,RETRY_NOW,0.7769,2.0,11652.04,1500.0
FAIL_001596,PAY_010633,CUST_0627,SUB_0627,200.0,INSUFFICIENT_FUNDS,CUSTOMER_FINANCIAL,friction_prone,WAIT_AND_RETRY,0.4124,2.0,80.49,8.49
FAIL_001721,PAY_011283,CUST_0663,SUB_0663,774.01,NETWORK_ERROR,TECHNICAL,normal,RETRY_NOW,0.756,2.0,583.15,77.4
FAIL_000848,PAY_005731,CUST_0349,SUB_0349,3058.5,INSUFFICIENT_FUNDS,CUSTOMER_FINANCIAL,normal,WAIT_AND_RETRY,0.496,2.0,1515.02,264.03
FAIL_000256,PAY_001744,CUST_0108,SUB_0108,200.0,LIMIT_EXCEEDED,PAYMENT_LIMIT,friction_prone,PAYMENT_LINK,0.475,3.0,92.0,40.0
FAIL_001704,PAY_011192,CUST_0659,SUB_0659,1906.5,BANK_DECLINED,ISSUER_DECLINE,friction_prone,WAIT_AND_RETRY,0.3693,2.0,702.14,85.53
FAIL_001909,PAY_012270,CUST_0718,SUB_0718,799.44,INSUFFICIENT_FUNDS,CUSTOMER_FINANCIAL,low_engagement,WAIT_AND_RETRY,0.476,2.0,378.53,100.93
FAIL_001356,PAY_008977,CUST_0531,SUB_0531,412.94,INSUFFICIENT_FUNDS,CUSTOMER_FINANCIAL,friction_prone,WAIT_AND_RETRY,0.4247,2.0,173.36,21.51
FAIL_001670,PAY_010994,CUST_0646,SUB_0646,232.1,AUTHENTICATION_FAILED,CUSTOMER_ACTION,low_engagement,UPDATE_PAYMENT_METHOD,0.501,3.0,113.28,34.82
FAIL_001700,PAY_011104,CUST_0652,SUB_0652,570.52,BANK_DECLINED,ISSUER_DECLINE,friction_prone,WAIT_AND_RETRY,0.3617,2.0,204.36,21.94
FAIL_000264,PAY_001781,CUST_0110,SUB_0110,697.76,INSUFFICIENT_FUNDS,CUSTOMER_FINANCIAL,normal,WAIT_AND_RETRY,0.4975,2.0,345.16,62.08
FAIL_000877,PAY_005937,CUST_0359,SUB_0359,762.6,INSUFFICIENT_FUNDS,CUSTOMER_FINANCIAL,low_engagement,WAIT_AND_RETRY,0.477,2.0,361.76,97.09
FAIL_000626,PAY_004206,CUST_0248,SUB_0248,200.0,CARD_EXPIRED,PAYMENT_METHOD,low_engagement,UPDATE_PAYMENT_METHOD,0.651,3.0,127.2,80.0
FAIL_001569,PAY_010520,CUST_0623,SUB_0623,1621.46,CARD_EXPIRED,PAYMENT_METHOD,friction_prone,UPDATE_PAYMENT_METHOD,0.675,3.0,1091.49,648.58
FAIL_000948,PAY_006400,CUST_0385,SUB_0385,15000.0,INSUFFICIENT_FUNDS,CUSTOMER_FINANCIAL,high_value_loyal,WAIT_AND_RETRY,0.521,2.0,7812.52,951.52
FAIL_000618,PAY_004147,CUST_0245,SUB_0245,4573.71,BANK_DECLINED,ISSUER_DECLINE,reliable,WAIT_AND_RETRY,0.4756,2.0,2173.26,342.2
FAIL_002674,PAY_016503,CUST_0964,SUB_0964,1091.43,INSUFFICIENT_FUNDS,CUSTOMER_FINANCIAL,friction_prone,WAIT_AND_RETRY,0.4117,2.0,447.35,41.07
FAIL_000331,PAY_002198,CUST_0130,SUB_0130,785.26,CARD_EXPIRED,PAYMENT_METHOD,friction_prone,UPDATE_PAYMENT_METHOD,0.675,3.0,527.05,314.1
FAIL_002213,PAY_014105,CUST_0824,SUB_0824,311.11,AUTHENTICATION_FAILED,CUSTOMER_ACTION,low_engagement,UPDATE_PAYMENT_METHOD,0.501,3.0,152.87,46.67
FAIL_001310,PAY_008616,CUST_0506,SUB_0506,1460.98,INSUFFICIENT_FUNDS,CUSTOMER_FINANCIAL,friction_prone,WAIT_AND_RETRY,0.4773,2.0,695.38,150.51
FAIL_001376,PAY_009092,CUST_0537,SUB_0537,547.66,NETWORK_ERROR,TECHNICAL,low_engagement,RETRY_NOW,0.6577,2.0,358.2,54.77
FAIL_001113,PAY_007487,CUST_0443,SUB_0443,976.9,BANK_DECLINED,ISSUER_DECLINE,friction_prone,WAIT_AND_RETRY,0.4327,2.0,420.67,106.18
