failure_id,payment_id,customer_id,subscription_id,amount,payment_date,failure_reason,failure_category,account_age_days,successful_payments,failed_payments,total_payments,payment_success_rate,historical_recovery_rate,engagement_score,behavior_profile,failure_ratio,payment_reliability,plan,monthly_subscription_value,billing_interval
FAIL_000001,PAY_000025,CUST_0004,SUB_0004,406.32,2025-06-12,NETWORK_ERROR,TECHNICAL,744,20,4,24,0.8333,0.6,0.6,normal,0.1667,0.8333,starter,406.32,monthly
FAIL_000002,PAY_000029,CUST_0004,SUB_0004,406.32,2025-10-10,INSUFFICIENT_FUNDS,CUSTOMER_FINANCIAL,744,20,4,24,0.8333,0.6,0.6,normal,0.1667,0.8333,starter,406.32,monthly
FAIL_000003,PAY_000034,CUST_0004,SUB_0004,406.32,2026-03-09,INSUFFICIENT_FUNDS,CUSTOMER_FINANCIAL,744,20,4,24,0.8333,0.6,0.6,normal,0.1667,0.8333,starter,406.32,monthly
FAIL_000004,PAY_000054,CUST_0006,SUB_0006,1013.11,2025-09-11,INSUFFICIENT_FUNDS,CUSTOMER_FINANCIAL,503,13,3,16,0.8125,0.6,0.6,normal,0.1875,0.8125,growth,1013.11,monthly
FAIL_000005,PAY_000061,CUST_0006,SUB_0006,1013.11,2026-04-09,NETWORK_ERROR,TECHNICAL,503,13,3,16,0.8125,0.6,0.6,normal,0.1875,0.8125,growth,1013.11,monthly
FAIL_000006,PAY_000072,CUST_0008,SUB_0008,11574.78,2025-09-24,CARD_EXPIRED,PAYMENT_METHOD,400,11,2,13,0.8462,0.82,0.9,high_value_loyal,0.1538,0.8462,pro,11574.78,monthly
FAIL_000007,PAY_000073,CUST_0008,SUB_0008,11574.78,2025-10-24,LIMIT_EXCEEDED,PAYMENT_LIMIT,400,11,2,13,0.8462,0.82,0.9,high_value_loyal,0.1538,0.8462,pro,11574.78,monthly
FAIL_000008,PAY_000077,CUST_0008,SUB_0008,11574.78,2026-02-21,INSUFFICIENT_FUNDS,CUSTOMER_FINANCIAL,400,11,2,13,0.8462,0.82,0.9,high_value_loyal,0.1538,0.8462,pro,11574.78,monthly
FAIL_000009,PAY_000087,CUST_0009,SUB_0009,2904.8,2025-01-01,BANK_DECLINED,ISSUER_DECLINE,726,23,1,24,0.9583,0.8,0.85,reliable,0.0417,0.9583,pro,2904.8,monthly
FAIL_000010,PAY_000097,CUST_0009,SUB_0009,2904.8,2025-10-28,INSUFFICIENT_FUNDS,CUSTOMER_FINANCIAL,726,23,1,24,0.9583,0.8,0.85,reliable,0.0417,0.9583,pro,2904.8,monthly
FAIL_000011,PAY_000099,CUST_0009,SUB_0009,2904.8,2025-12-27,INSUFFICIENT_FUNDS,CUSTOMER_FINANCIAL,726,23,1,24,0.9583,0.8,0.85,reliable,0.0417,0.9583,pro,2904.8,monthly
FAIL_000012,PAY_000110,CUST_0011,SUB_0011,1603.39,2026-01-27,BANK_DECLINED,ISSUER_DECLINE,275,5,4,9,0.5556,0.35,0.45,friction_prone,0.4444,0.5556,pro,1603.39,monthly
FAIL_000013,PAY_000111,CUST_0011,SUB_0011,1603.39,2026-02-26,INSUFFICIENT_FUNDS,CUSTOMER_FINANCIAL,275,5,4,9,0.5556,0.35,0.45,friction_prone,0.4444,0.5556,pro,1603.39,monthly
FAIL_000014,PAY_000115,CUST_0011,SUB_0011,1603.39,2026-06-26,INSUFFICIENT_FUNDS,CUSTOMER_FINANCIAL,275,5,4,9,0.5556,0.35,0.45,friction_prone,0.4444,0.5556,pro,1603.39,monthly
FAIL_000015,PAY_000116,CUST_0011,SUB_0011,1603.39,2026-07-26,BANK_DECLINED,ISSUER_DECLINE,275,5,4,9,0.5556,0.35,0.45,friction_prone,0.4444,0.5556,pro,1603.39,monthly
FAIL_000016,PAY_000128,CUST_0013,SUB_0013,709.07,2025-11-15,BANK_DECLINED,ISSUER_DECLINE,438,12,2,14,0.8571,0.35,0.45,friction_prone,0.1429,0.8571,starter,709.07,monthly
FAIL_000017,PAY_000129,CUST_0013,SUB_0013,709.07,2025-12-15,INSUFFICIENT_FUNDS,CUSTOMER_FINANCIAL,438,12,2,14,0.8571,0.35,0.45,friction_prone,0.1429,0.8571,starter,709.07,monthly
FAIL_000018,PAY_000133,CUST_0013,SUB_0013,709.07,2026-04-14,BANK_DECLINED,ISSUER_DECLINE,438,12,2,14,0.8571,0.35,0.45,friction_prone,0.1429,0.8571,starter,709.07,monthly
FAIL_000019,PAY_000134,CUST_0013,SUB_0013,709.07,2026-05-14,CARD_EXPIRED,PAYMENT_METHOD,438,12,2,14,0.8571,0.35,0.45,friction_prone,0.1429,0.8571,starter,709.07,monthly
FAIL_000020,PAY_000151,CUST_0014,SUB_0014,2172.96,2026-04-16,INSUFFICIENT_FUNDS,CUSTOMER_FINANCIAL,556,17,1,18,0.9444,0.8,0.85,reliable,0.0556,0.9444,growth,2172.96,monthly
FAIL_000021,PAY_000164,CUST_0015,SUB_0015,1187.03,2025-01-28,CARD_EXPIRED,PAYMENT_METHOD,849,18,10,28,0.6429,0.35,0.45,friction_prone,0.3571,0.6429,starter,1187.03,monthly
FAIL_000022,PAY_000165,CUST_0015,SUB_0015,1187.03,2025-02-27,NETWORK_ERROR,TECHNICAL,849,18,10,28,0.6429,0.35,0.45,friction_prone,0.3571,0.6429,starter,1187.03,monthly
FAIL_000023,PAY_000168,CUST_0015,SUB_0015,1187.03,2025-05-28,INSUFFICIENT_FUNDS,CUSTOMER_FINANCIAL,849,18,10,28,0.6429,0.35,0.45,friction_prone,0.3571,0.6429,starter,1187.03,monthly
FAIL_000024,PAY_000171,CUST_0015,SUB_0015,1187.03,2025-08-26,INSUFFICIENT_FUNDS,CUSTOMER_FINANCIAL,849,18,10,28,0.6429,0.35,0.45,friction_prone,0.3571,0.6429,starter,1187.03,monthly
FAIL_000025,PAY_000174,CUST_0015,SUB_0015,1187.03,2025-11-24,LIMIT_EXCEEDED,PAYMENT_LIMIT,849,18,10,28,0.6429,0.35,0.45,friction_prone,0.3571,0.6429,starter,1187.03,monthly
FAIL_000026,PAY_000175,CUST_0015,SUB_0015,1187.03,2025-12-24,INSUFFICIENT_FUNDS,CUSTOMER_FINANCIAL,849,18,10,28,0.6429,0.35,0.45,friction_prone,0.3571,0.6429,starter,1187.03,monthly
FAIL_000027,PAY_000181,CUST_0015,SUB_0015,1187.03,2026-06-22,INSUFFICIENT_FUNDS,CUSTOMER_FINANCIAL,849,18,10,28,0.6429,0.35,0.45,friction_prone,0.3571,0.6429,starter,1187.03,monthly
FAIL_000028,PAY_000182,CUST_0015,SUB_0015,1187.03,2026-07-22,INSUFFICIENT_FUNDS,CUSTOMER_FINANCIAL,849,18,10,28,0.6429,0.35,0.45,friction_prone,0.3571,0.6429,starter,1187.03,monthly
FAIL_000029,PAY_000194,CUST_0017,SUB_0017,988.37,2025-08-27,AUTHENTICATION_FAILED,CUSTOMER_ACTION,518,14,3,17,0.8235,0.3,0.25,low_engagement,0.1765,0.8235,starter,988.37,monthly
FAIL_000030,PAY_000196,CUST_0017,SUB_0017,988.37,2025-10-26,NETWORK_ERROR,TECHNICAL,518,14,3,17,0.8235,0.3,0.25,low_engagement,0.1765,0.8235,starter,988.37,monthly
FAIL_000031,PAY_000199,CUST_0017,SUB_0017,988.37,2026-01-24,AUTHENTICATION_FAILED,CUSTOMER_ACTION,518,14,3,17,0.8235,0.3,0.25,low_engagement,0.1765,0.8235,starter,988.37,monthly
FAIL_000032,PAY_000200,CUST_0017,SUB_0017,988.37,2026-02-23,CARD_EXPIRED,PAYMENT_METHOD,518,14,3,17,0.8235,0.3,0.25,low_engagement,0.1765,0.8235,starter,988.37,monthly
FAIL_000033,PAY_000201,CUST_0017,SUB_0017,988.37,2026-03-25,NETWORK_ERROR,TECHNICAL,518,14,3,17,0.8235,0.3,0.25,low_engagement,0.1765,0.8235,starter,988.37,monthly
FAIL_000034,PAY_000202,CUST_0017,SUB_0017,988.37,2026-04-24,LIMIT_EXCEEDED,PAYMENT_LIMIT,518,14,3,17,0.8235,0.3,0.25,low_engagement,0.1765,0.8235,starter,988.37,monthly
FAIL_000035,PAY_000203,CUST_0017,SUB_0017,988.37,2026-05-24,BANK_DECLINED,ISSUER_DECLINE,518,14,3,17,0.8235,0.3,0.25,low_engagement,0.1765,0.8235,starter,988.37,monthly
FAIL_000036,PAY_000210,CUST_0018,SUB_0018,472.83,2026-05-03,BANK_DECLINED,ISSUER_DECLINE,239,6,1,7,0.8571,0.35,0.45,friction_prone,0.1429,0.8571,pro,472.83,monthly
FAIL_000037,PAY_000215,CUST_0019,SUB_0019,2269.23,2025-06-17,CARD_EXPIRED,PAYMENT_METHOD,499,15,1,16,0.9375,0.8,0.85,reliable,0.0625,0.9375,starter,2269.23,monthly
FAIL_000038,PAY_000216,CUST_0019,SUB_0019,2269.23,2025-07-17,NETWORK_ERROR,TECHNICAL,499,15,1,16,0.9375,0.8,0.85,reliable,0.0625,0.9375,starter,2269.23,monthly
FAIL_000039,PAY_000221,CUST_0019,SUB_0019,2269.23,2025-12-14,AUTHENTICATION_FAILED,CUSTOMER_ACTION,499,15,1,16,0.9375,0.8,0.85,reliable,0.0625,0.9375,starter,2269.23,monthly
FAIL_000040,PAY_000230,CUST_0020,SUB_0020,641.27,2024-01-19,BANK_DECLINED,ISSUER_DECLINE,984,23,9,32,0.7188,0.35,0.45,friction_prone,0.2812,0.7188,pro,641.27,monthly
FAIL_000041,PAY_000237,CUST_0020,SUB_0020,641.27,2024-08-16,NETWORK_ERROR,TECHNICAL,984,23,9,32,0.7188,0.35,0.45,friction_prone,0.2812,0.7188,pro,641.27,monthly
FAIL_000042,PAY_000244,CUST_0020,SUB_0020,641.27,2025-03-14,INSUFFICIENT_FUNDS,CUSTOMER_FINANCIAL,984,23,9,32,0.7188,0.35,0.45,friction_prone,0.2812,0.7188,pro,641.27,monthly
FAIL_000043,PAY_000252,CUST_0020,SUB_0020,641.27,2025-11-09,INSUFFICIENT_FUNDS,CUSTOMER_FINANCIAL,984,23,9,32,0.7188,0.35,0.45,friction_prone,0.2812,0.7188,pro,641.27,monthly
FAIL_000044,PAY_000255,CUST_0020,SUB_0020,641.27,2026-02-07,INSUFFICIENT_FUNDS,CUSTOMER_FINANCIAL,984,23,9,32,0.7188,0.35,0.45,friction_prone,0.2812,0.7188,pro,641.27,monthly
FAIL_000045,PAY_000256,CUST_0020,SUB_0020,641.27,2026-03-09,INSUFFICIENT_FUNDS,CUSTOMER_FINANCIAL,984,23,9,32,0.7188,0.35,0.45,friction_prone,0.2812,0.7188,pro,641.27,monthly
FAIL_000046,PAY_000260,CUST_0020,SUB_0020,641.27,2026-07-07,INSUFFICIENT_FUNDS,CUSTOMER_FINANCIAL,984,23,9,32,0.7188,0.35,0.45,friction_prone,0.2812,0.7188,pro,641.27,monthly
FAIL_000047,PAY_000261,CUST_0021,SUB_0021,7397.62,2026-03-23,INSUFFICIENT_FUNDS,CUSTOMER_FINANCIAL,160,3,2,5,0.6,0.82,0.9,high_value_loyal,0.4,0.6,pro,7397.62,monthly
FAIL_000048,PAY_000262,CUST_0021,SUB_0021,7397.62,2026-04-22,BANK_DECLINED,ISSUER_DECLINE,160,3,2,5,0.6,0.82,0.9,high_value_loyal,0.4,0.6,pro,7397.62,monthly
FAIL_000049,PAY_000265,CUST_0021,SUB_0021,7397.62,2026-07-21,NETWORK_ERROR,TECHNICAL,160,3,2,5,0.6,0.82,0.9,high_value_loyal,0.4,0.6,pro,7397.62,monthly
FAIL_000050,PAY_000266,CUST_0022,SUB_0022,929.98,2024-09-01,BANK_DECLINED,ISSUER_DECLINE,728,15,9,24,0.625,0.6,0.6,normal,0.375,0.625,growth,929.98,monthly
FAIL_000051,PAY_000268,CUST_0022,SUB_0022,929.98,2024-10-31,BANK_DECLINED,ISSUER_DECLINE,728,15,9,24,0.625,0.6,0.6,normal,0.375,0.625,growth,929.98,monthly
FAIL_000052,PAY_000269,CUST_0022,SUB_0022,929.98,2024-11-30,INSUFFICIENT_FUNDS,CUSTOMER_FINANCIAL,728,15,9,24,0.625,0.6,0.6,normal,0.375,0.625,growth,929.98,monthly
FAIL_000053,PAY_000271,CUST_0022,SUB_0022,929.98,2025-01-29,INSUFFICIENT_FUNDS,CUSTOMER_FINANCIAL,728,15,9,24,0.625,0.6,0.6,normal,0.375,0.625,growth,929.98,monthly
FAIL_000054,PAY_000273,CUST_0022,SUB_0022,929.98,2025-03-30,LIMIT_EXCEEDED,PAYMENT_LIMIT,728,15,9,24,0.625,0.6,0.6,normal,0.375,0.625,growth,929.98,monthly
FAIL_000055,PAY_000274,CUST_0022,SUB_0022,929.98,2025-04-29,NETWORK_ERROR,TECHNICAL,728,15,9,24,0.625,0.6,0.6,normal,0.375,0.625,growth,929.98,monthly
FAIL_000056,PAY_000281,CUST_0022,SUB_0022,929.98,2025-11-25,NETWORK_ERROR,TECHNICAL,728,15,9,24,0.625,0.6,0.6,normal,0.375,0.625,growth,929.98,monthly
FAIL_000057,PAY_000283,CUST_0022,SUB_0022,929.98,2026-01-24,INSUFFICIENT_FUNDS,CUSTOMER_FINANCIAL,728,15,9,24,0.625,0.6,0.6,normal,0.375,0.625,growth,929.98,monthly
FAIL_000058,PAY_000286,CUST_0022,SUB_0022,929.98,2026-04-24,NETWORK_ERROR,TECHNICAL,728,15,9,24,0.625,0.6,0.6,normal,0.375,0.625,growth,929.98,monthly
FAIL_000059,PAY_000287,CUST_0022,SUB_0022,929.98,2026-05-24,INSUFFICIENT_FUNDS,CUSTOMER_FINANCIAL,728,15,9,24,0.625,0.6,0.6,normal,0.375,0.625,growth,929.98,monthly
FAIL_000060,PAY_000300,CUST_0023,SUB_0023,1192.85,2025-02-10,BANK_DECLINED,ISSUER_DECLINE,866,22,6,28,0.7857,0.6,0.6,normal,0.2143,0.7857,pro,1192.85,monthly
FAIL_000061,PAY_000301,CUST_0023,SUB_0023,1192.85,2025-03-12,LIMIT_EXCEEDED,PAYMENT_LIMIT,866,22,6,28,0.7857,0.6,0.6,normal,0.2143,0.7857,pro,1192.85,monthly
FAIL_000062,PAY_000303,CUST_0023,SUB_0023,1192.85,2025-05-11,NETWORK_ERROR,TECHNICAL,866,22,6,28,0.7857,0.6,0.6,normal,0.2143,0.7857,pro,1192.85,monthly
FAIL_000063,PAY_000308,CUST_0023,SUB_0023,1192.85,2025-10-08,BANK_DECLINED,ISSUER_DECLINE,866,22,6,28,0.7857,0.6,0.6,normal,0.2143,0.7857,pro,1192.85,monthly
FAIL_000064,PAY_000309,CUST_0023,SUB_0023,1192.85,2025-11-07,NETWORK_ERROR,TECHNICAL,866,22,6,28,0.7857,0.6,0.6,normal,0.2143,0.7857,pro,1192.85,monthly
FAIL_000065,PAY_000310,CUST_0023,SUB_0023,1192.85,2025-12-07,CARD_EXPIRED,PAYMENT_METHOD,866,22,6,28,0.7857,0.6,0.6,normal,0.2143,0.7857,pro,1192.85,monthly
FAIL_000066,PAY_000311,CUST_0023,SUB_0023,1192.85,2026-01-06,CARD_EXPIRED,PAYMENT_METHOD,866,22,6,28,0.7857,0.6,0.6,normal,0.2143,0.7857,pro,1192.85,monthly
FAIL_000067,PAY_000316,CUST_0023,SUB_0023,1192.85,2026-06-05,INSUFFICIENT_FUNDS,CUSTOMER_FINANCIAL,866,22,6,28,0.7857,0.6,0.6,normal,0.2143,0.7857,pro,1192.85,monthly
FAIL_000068,PAY_000318,CUST_0024,SUB_0024,1472.48,2026-06-16,INSUFFICIENT_FUNDS,CUSTOMER_FINANCIAL,75,1,1,2,0.5,0.35,0.45,friction_prone,0.5,0.5,growth,1472.48,monthly
FAIL_000069,PAY_000320,CUST_0025,SUB_0025,2062.52,2025-07-24,INSUFFICIENT_FUNDS,CUSTOMER_FINANCIAL,402,10,3,13,0.7692,0.6,0.6,normal,0.2308,0.7692,pro,2062.52,monthly
FAIL_000070,PAY_000321,CUST_0025,SUB_0025,2062.52,2025-08-23,INSUFFICIENT_FUNDS,CUSTOMER_FINANCIAL,402,10,3,13,0.7692,0.6,0.6,normal,0.2308,0.7692,pro,2062.52,monthly
FAIL_000071,PAY_000322,CUST_0025,SUB_0025,2062.52,2025-09-22,INSUFFICIENT_FUNDS,CUSTOMER_FINANCIAL,402,10,3,13,0.7692,0.6,0.6,normal,0.2308,0.7692,pro,2062.52,monthly
FAIL_000072,PAY_000323,CUST_0025,SUB_0025,2062.52,2025-10-22,LIMIT_EXCEEDED,PAYMENT_LIMIT,402,10,3,13,0.7692,0.6,0.6,normal,0.2308,0.7692,pro,2062.52,monthly
FAIL_000073,PAY_000324,CUST_0025,SUB_0025,2062.52,2025-11-21,AUTHENTICATION_FAILED,CUSTOMER_ACTION,402,10,3,13,0.7692,0.6,0.6,normal,0.2308,0.7692,pro,2062.52,monthly
FAIL_000074,PAY_000328,CUST_0025,SUB_0025,2062.52,2026-03-21,INSUFFICIENT_FUNDS,CUSTOMER_FINANCIAL,402,10,3,13,0.7692,0.6,0.6,normal,0.2308,0.7692,pro,2062.52,monthly
FAIL_000075,PAY_000329,CUST_0025,SUB_0025,2062.52,2026-04-20,NETWORK_ERROR,TECHNICAL,402,10,3,13,0.7692,0.6,0.6,normal,0.2308,0.7692,pro,2062.52,monthly
FAIL_000076,PAY_000330,CUST_0025,SUB_0025,2062.52,2026-05-20,BANK_DECLINED,ISSUER_DECLINE,402,10,3,13,0.7692,0.6,0.6,normal,0.2308,0.7692,pro,2062.52,monthly
FAIL_000077,PAY_000331,CUST_0025,SUB_0025,2062.52,2026-06-19,AUTHENTICATION_FAILED,CUSTOMER_ACTION,402,10,3,13,0.7692,0.6,0.6,normal,0.2308,0.7692,pro,2062.52,monthly
FAIL_000078,PAY_000347,CUST_0026,SUB_0026,15000.0,2025-10-31,BANK_DECLINED,ISSUER_DECLINE,723,22,2,24,0.9167,0.82,0.9,high_value_loyal,0.0833,0.9167,pro,15000.0,monthly
FAIL_000079,PAY_000351,CUST_0026,SUB_0026,15000.0,2026-02-28,INSUFFICIENT_FUNDS,CUSTOMER_FINANCIAL,723,22,2,24,0.9167,0.82,0.9,high_value_loyal,0.0833,0.9167,pro,15000.0,monthly
FAIL_000080,PAY_000353,CUST_0026,SUB_0026,15000.0,2026-04-29,INSUFFICIENT_FUNDS,CUSTOMER_FINANCIAL,723,22,2,24,0.9167,0.82,0.9,high_value_loyal,0.0833,0.9167,pro,15000.0,monthly
FAIL_000081,PAY_000355,CUST_0026,SUB_0026,15000.0,2026-06-28,NETWORK_ERROR,TECHNICAL,723,22,2,24,0.9167,0.82,0.9,high_value_loyal,0.0833,0.9167,pro,15000.0,monthly
FAIL_000082,PAY_000370,CUST_0029,SUB_0029,1707.17,2024-05-25,INSUFFICIENT_FUNDS,CUSTOMER_FINANCIAL,827,24,3,27,0.8889,0.8,0.85,reliable,0.1111,0.8889,growth,1707.17,monthly
FAIL_000083,PAY_000389,CUST_0029,SUB_0029,1707.17,2025-12-16,NETWORK_ERROR,TECHNICAL,827,24,3,27,0.8889,0.8,0.85,reliable,0.1111,0.8889,growth,1707.17,monthly
FAIL_000084,PAY_000391,CUST_0029,SUB_0029,1707.17,2026-02-14,AUTHENTICATION_FAILED,CUSTOMER_ACTION,827,24,3,27,0.8889,0.8,0.85,reliable,0.1111,0.8889,growth,1707.17,monthly
FAIL_000085,PAY_000404,CUST_0030,SUB_0030,1347.23,2025-12-03,BANK_DECLINED,ISSUER_DECLINE,480,14,2,16,0.875,0.35,0.45,friction_prone,0.125,0.875,growth,1347.23,monthly
FAIL_000086,PAY_000442,CUST_0031,SUB_0031,1539.65,2026-07-24,INSUFFICIENT_FUNDS,CUSTOMER_FINANCIAL,907,29,1,30,0.9667,0.8,0.85,reliable,0.0333,0.9667,growth,1539.65,monthly
FAIL_000087,PAY_000444,CUST_0032,SUB_0032,10611.56,2025-09-29,LIMIT_EXCEEDED,PAYMENT_LIMIT,365,11,1,12,0.9167,0.82,0.9,high_value_loyal,0.0833,0.9167,growth,10611.56,monthly
FAIL_000088,PAY_000486,CUST_0034,SUB_0034,3230.65,2024-12-15,NETWORK_ERROR,TECHNICAL,743,21,3,24,0.875,0.8,0.85,reliable,0.125,0.875,pro,3230.65,monthly
FAIL_000089,PAY_000521,CUST_0036,SUB_0036,1214.61,2025-10-18,INSUFFICIENT_FUNDS,CUSTOMER_FINANCIAL,316,5,5,10,0.5,0.35,0.45,friction_prone,0.5,0.5,growth,1214.61,monthly
FAIL_000090,PAY_000523,CUST_0036,SUB_0036,1214.61,2025-12-17,INSUFFICIENT_FUNDS,CUSTOMER_FINANCIAL,316,5,5,10,0.5,0.35,0.45,friction_prone,0.5,0.5,growth,1214.61,monthly
FAIL_000091,PAY_000524,CUST_0036,SUB_0036,1214.61,2026-01-16,INSUFFICIENT_FUNDS,CUSTOMER_FINANCIAL,316,5,5,10,0.5,0.35,0.45,friction_prone,0.5,0.5,growth,1214.61,monthly
FAIL_000092,PAY_000525,CUST_0036,SUB_0036,1214.61,2026-02-15,BANK_DECLINED,ISSUER_DECLINE,316,5,5,10,0.5,0.35,0.45,friction_prone,0.5,0.5,growth,1214.61,monthly
FAIL_000093,PAY_000526,CUST_0036,SUB_0036,1214.61,2026-03-17,CARD_EXPIRED,PAYMENT_METHOD,316,5,5,10,0.5,0.35,0.45,friction_prone,0.5,0.5,growth,1214.61,monthly
FAIL_000094,PAY_000527,CUST_0036,SUB_0036,1214.61,2026-04-16,BANK_DECLINED,ISSUER_DECLINE,316,5,5,10,0.5,0.35,0.45,friction_prone,0.5,0.5,growth,1214.61,monthly
FAIL_000095,PAY_000542,CUST_0037,SUB_0037,9606.42,2025-04-06,INSUFFICIENT_FUNDS,CUSTOMER_FINANCIAL,841,25,3,28,0.8929,0.82,0.9,high_value_loyal,0.1071,0.8929,pro,9606.42,monthly
FAIL_000096,PAY_000547,CUST_0037,SUB_0037,9606.42,2025-09-03,BANK_DECLINED,ISSUER_DECLINE,841,25,3,28,0.8929,0.82,0.9,high_value_loyal,0.1071,0.8929,pro,9606.42,monthly
FAIL_000097,PAY_000558,CUST_0037,SUB_0037,9606.42,2026-07-30,LIMIT_EXCEEDED,PAYMENT_LIMIT,841,25,3,28,0.8929,0.82,0.9,high_value_loyal,0.1071,0.8929,pro,9606.42,monthly
FAIL_000098,PAY_000559,CUST_0038,SUB_0038,1015.59,2025-09-25,BANK_DECLINED,ISSUER_DECLINE,339,8,3,11,0.7273,0.6,0.6,normal,0.2727,0.7273,starter,1015.59,monthly
FAIL_000099,PAY_000565,CUST_0038,SUB_0038,1015.59,2026-03-24,LIMIT_EXCEEDED,PAYMENT_LIMIT,339,8,3,11,0.7273,0.6,0.6,normal,0.2727,0.7273,starter,1015.59,monthly
FAIL_000100,PAY_000566,CUST_0038,SUB_0038,1015.59,2026-04-23,AUTHENTICATION_FAILED,CUSTOMER_ACTION,339,8,3,11,0.7273,0.6,0.6,normal,0.2727,0.7273,starter,1015.59,monthly
FAIL_000101,PAY_000568,CUST_0038,SUB_0038,1015.59,2026-06-22,INSUFFICIENT_FUNDS,CUSTOMER_FINANCIAL,339,8,3,11,0.7273,0.6,0.6,normal,0.2727,0.7273,starter,1015.59,monthly
FAIL_000102,PAY_000574,CUST_0039,SUB_0039,13129.92,2025-09-03,CARD_EXPIRED,PAYMENT_METHOD,481,14,2,16,0.875,0.82,0.9,high_value_loyal,0.125,0.875,pro,13129.92,monthly
FAIL_000103,PAY_000585,CUST_0039,SUB_0039,13129.92,2026-07-30,CARD_EXPIRED,PAYMENT_METHOD,481,14,2,16,0.875,0.82,0.9,high_value_loyal,0.125,0.875,pro,13129.92,monthly
FAIL_000104,PAY_000631,CUST_0042,SUB_0042,7945.8,2024-04-07,NETWORK_ERROR,TECHNICAL,995,31,2,33,0.9394,0.82,0.9,high_value_loyal,0.0606,0.9394,growth,7945.8,monthly
FAIL_000105,PAY_000641,CUST_0042,SUB_0042,7945.8,2025-02-01,INSUFFICIENT_FUNDS,CUSTOMER_FINANCIAL,995,31,2,33,0.9394,0.82,0.9,high_value_loyal,0.0606,0.9394,growth,7945.8,monthly
FAIL_000106,PAY_000653,CUST_0042,SUB_0042,7945.8,2026-01-27,NETWORK_ERROR,TECHNICAL,995,31,2,33,0.9394,0.82,0.9,high_value_loyal,0.0606,0.9394,growth,7945.8,monthly
FAIL_000107,PAY_000663,CUST_0044,SUB_0044,781.5,2024-06-30,INSUFFICIENT_FUNDS,CUSTOMER_FINANCIAL,821,24,3,27,0.8889,0.8,0.85,reliable,0.1111,0.8889,starter,781.5,monthly
FAIL_000108,PAY_000673,CUST_0044,SUB_0044,781.5,2025-04-26,BANK_DECLINED,ISSUER_DECLINE,821,24,3,27,0.8889,0.8,0.85,reliable,0.1111,0.8889,starter,781.5,monthly
FAIL_000109,PAY_000678,CUST_0044,SUB_0044,781.5,2025-09-23,BANK_DECLINED,ISSUER_DECLINE,821,24,3,27,0.8889,0.8,0.85,reliable,0.1111,0.8889,starter,781.5,monthly
FAIL_000110,PAY_000694,CUST_0045,SUB_0045,382.43,2025-08-05,LIMIT_EXCEEDED,PAYMENT_LIMIT,540,16,2,18,0.8889,0.6,0.6,normal,0.1111,0.8889,growth,382.43,monthly
FAIL_000111,PAY_000698,CUST_0045,SUB_0045,382.43,2025-12-03,AUTHENTICATION_FAILED,CUSTOMER_ACTION,540,16,2,18,0.8889,0.6,0.6,normal,0.1111,0.8889,growth,382.43,monthly
FAIL_000112,PAY_000702,CUST_0045,SUB_0045,382.43,2026-04-02,INSUFFICIENT_FUNDS,CUSTOMER_FINANCIAL,540,16,2,18,0.8889,0.6,0.6,normal,0.1111,0.8889,growth,382.43,monthly
FAIL_000113,PAY_000707,CUST_0046,SUB_0046,405.71,2024-07-18,BANK_DECLINED,ISSUER_DECLINE,773,18,7,25,0.72,0.35,0.45,friction_prone,0.28,0.72,pro,405.71,monthly
FAIL_000114,PAY_000713,CUST_0046,SUB_0046,405.71,2025-01-14,INSUFFICIENT_FUNDS,CUSTOMER_FINANCIAL,773,18,7,25,0.72,0.35,0.45,friction_prone,0.28,0.72,pro,405.71,monthly
FAIL_000115,PAY_000722,CUST_0046,SUB_0046,405.71,2025-10-11,AUTHENTICATION_FAILED,CUSTOMER_ACTION,773,18,7,25,0.72,0.35,0.45,friction_prone,0.28,0.72,pro,405.71,monthly
FAIL_000116,PAY_000723,CUST_0046,SUB_0046,405.71,2025-11-10,CARD_EXPIRED,PAYMENT_METHOD,773,18,7,25,0.72,0.35,0.45,friction_prone,0.28,0.72,pro,405.71,monthly
FAIL_000117,PAY_000725,CUST_0046,SUB_0046,405.71,2026-01-09,INSUFFICIENT_FUNDS,CUSTOMER_FINANCIAL,773,18,7,25,0.72,0.35,0.45,friction_prone,0.28,0.72,pro,405.71,monthly
FAIL_000118,PAY_000726,CUST_0046,SUB_0046,405.71,2026-02-08,BANK_DECLINED,ISSUER_DECLINE,773,18,7,25,0.72,0.35,0.45,friction_prone,0.28,0.72,pro,405.71,monthly
FAIL_000119,PAY_000730,CUST_0046,SUB_0046,405.71,2026-06-08,BANK_DECLINED,ISSUER_DECLINE,773,18,7,25,0.72,0.35,0.45,friction_prone,0.28,0.72,pro,405.71,monthly
FAIL_000120,PAY_000733,CUST_0047,SUB_0047,1330.55,2025-04-03,INSUFFICIENT_FUNDS,CUSTOMER_FINANCIAL,544,14,4,18,0.7778,0.6,0.6,normal,0.2222,0.7778,growth,1330.55,monthly
FAIL_000121,PAY_000742,CUST_0047,SUB_0047,1330.55,2025-12-29,CARD_EXPIRED,PAYMENT_METHOD,544,14,4,18,0.7778,0.6,0.6,normal,0.2222,0.7778,growth,1330.55,monthly
FAIL_000122,PAY_000746,CUST_0047,SUB_0047,1330.55,2026-04-28,BANK_DECLINED,ISSUER_DECLINE,544,14,4,18,0.7778,0.6,0.6,normal,0.2222,0.7778,growth,1330.55,monthly
FAIL_000123,PAY_000747,CUST_0047,SUB_0047,1330.55,2026-05-28,CARD_EXPIRED,PAYMENT_METHOD,544,14,4,18,0.7778,0.6,0.6,normal,0.2222,0.7778,growth,1330.55,monthly
FAIL_000124,PAY_000752,CUST_0048,SUB_0048,14057.81,2025-11-09,NETWORK_ERROR,TECHNICAL,354,10,1,11,0.9091,0.82,0.9,high_value_loyal,0.0909,0.9091,pro,14057.81,monthly
FAIL_000125,PAY_000755,CUST_0048,SUB_0048,14057.81,2026-02-07,INSUFFICIENT_FUNDS,CUSTOMER_FINANCIAL,354,10,1,11,0.9091,0.82,0.9,high_value_loyal,0.0909,0.9091,pro,14057.81,monthly
FAIL_000126,PAY_000777,CUST_0050,SUB_0050,1733.33,2025-12-06,INSUFFICIENT_FUNDS,CUSTOMER_FINANCIAL,267,7,1,8,0.875,0.6,0.6,normal,0.125,0.875,pro,1733.33,monthly
FAIL_000127,PAY_000778,CUST_0050,SUB_0050,1733.33,2026-01-05,INSUFFICIENT_FUNDS,CUSTOMER_FINANCIAL,267,7,1,8,0.875,0.6,0.6,normal,0.125,0.875,pro,1733.33,monthly
FAIL_000128,PAY_000786,CUST_0051,SUB_0051,706.77,2025-01-06,AUTHENTICATION_FAILED,CUSTOMER_ACTION,631,12,9,21,0.5714,0.35,0.45,friction_prone,0.4286,0.5714,starter,706.77,monthly
FAIL_000129,PAY_000787,CUST_0051,SUB_0051,706.77,2025-02-05,AUTHENTICATION_FAILED,CUSTOMER_ACTION,631,12,9,21,0.5714,0.35,0.45,friction_prone,0.4286,0.5714,starter,706.77,monthly
FAIL_000130,PAY_000791,CUST_0051,SUB_0051,706.77,2025-06-05,CARD_EXPIRED,PAYMENT_METHOD,631,12,9,21,0.5714,0.35,0.45,friction_prone,0.4286,0.5714,starter,706.77,monthly
FAIL_000131,PAY_000793,CUST_0051,SUB_0051,706.77,2025-08-04,INSUFFICIENT_FUNDS,CUSTOMER_FINANCIAL,631,12,9,21,0.5714,0.35,0.45,friction_prone,0.4286,0.5714,starter,706.77,monthly
FAIL_000132,PAY_000794,CUST_0051,SUB_0051,706.77,2025-09-03,INSUFFICIENT_FUNDS,CUSTOMER_FINANCIAL,631,12,9,21,0.5714,0.35,0.45,friction_prone,0.4286,0.5714,starter,706.77,monthly
FAIL_000133,PAY_000796,CUST_0051,SUB_0051,706.77,2025-11-02,AUTHENTICATION_FAILED,CUSTOMER_ACTION,631,12,9,21,0.5714,0.35,0.45,friction_prone,0.4286,0.5714,starter,706.77,monthly
FAIL_000134,PAY_000798,CUST_0051,SUB_0051,706.77,2026-01-01,LIMIT_EXCEEDED,PAYMENT_LIMIT,631,12,9,21,0.5714,0.35,0.45,friction_prone,0.4286,0.5714,starter,706.77,monthly
FAIL_000135,PAY_000800,CUST_0051,SUB_0051,706.77,2026-03-02,INSUFFICIENT_FUNDS,CUSTOMER_FINANCIAL,631,12,9,21,0.5714,0.35,0.45,friction_prone,0.4286,0.5714,starter,706.77,monthly
FAIL_000136,PAY_000803,CUST_0051,SUB_0051,706.77,2026-05-31,BANK_DECLINED,ISSUER_DECLINE,631,12,9,21,0.5714,0.35,0.45,friction_prone,0.4286,0.5714,starter,706.77,monthly
FAIL_000137,PAY_000804,CUST_0051,SUB_0051,706.77,2026-06-30,INSUFFICIENT_FUNDS,CUSTOMER_FINANCIAL,631,12,9,21,0.5714,0.35,0.45,friction_prone,0.4286,0.5714,starter,706.77,monthly
FAIL_000138,PAY_000825,CUST_0052,SUB_0052,789.75,2026-06-10,CARD_EXPIRED,PAYMENT_METHOD,651,19,2,21,0.9048,0.6,0.6,normal,0.0952,0.9048,starter,789.75,monthly
FAIL_000139,PAY_000828,CUST_0053,SUB_0053,619.66,2025-04-04,CARD_EXPIRED,PAYMENT_METHOD,543,8,10,18,0.4444,0.3,0.25,low_engagement,0.5556,0.4444,starter,619.66,monthly
FAIL_000140,PAY_000829,CUST_0053,SUB_0053,619.66,2025-05-04,INSUFFICIENT_FUNDS,CUSTOMER_FINANCIAL,543,8,10,18,0.4444,0.3,0.25,low_engagement,0.5556,0.4444,starter,619.66,monthly
FAIL_000141,PAY_000830,CUST_0053,SUB_0053,619.66,2025-06-03,BANK_DECLINED,ISSUER_DECLINE,543,8,10,18,0.4444,0.3,0.25,low_engagement,0.5556,0.4444,starter,619.66,monthly
FAIL_000142,PAY_000831,CUST_0053,SUB_0053,619.66,2025-07-03,NETWORK_ERROR,TECHNICAL,543,8,10,18,0.4444,0.3,0.25,low_engagement,0.5556,0.4444,starter,619.66,monthly
FAIL_000143,PAY_000833,CUST_0053,SUB_0053,619.66,2025-09-01,INSUFFICIENT_FUNDS,CUSTOMER_FINANCIAL,543,8,10,18,0.4444,0.3,0.25,low_engagement,0.5556,0.4444,starter,619.66,monthly
FAIL_000144,PAY_000834,CUST_0053,SUB_0053,619.66,2025-10-01,AUTHENTICATION_FAILED,CUSTOMER_ACTION,543,8,10,18,0.4444,0.3,0.25,low_engagement,0.5556,0.4444,starter,619.66,monthly
FAIL_000145,PAY_000835,CUST_0053,SUB_0053,619.66,2025-10-31,BANK_DECLINED,ISSUER_DECLINE,543,8,10,18,0.4444,0.3,0.25,low_engagement,0.5556,0.4444,starter,619.66,monthly
FAIL_000146,PAY_000837,CUST_0053,SUB_0053,619.66,2025-12-30,INSUFFICIENT_FUNDS,CUSTOMER_FINANCIAL,543,8,10,18,0.4444,0.3,0.25,low_engagement,0.5556,0.4444,starter,619.66,monthly
FAIL_000147,PAY_000839,CUST_0053,SUB_0053,619.66,2026-02-28,NETWORK_ERROR,TECHNICAL,543,8,10,18,0.4444,0.3,0.25,low_engagement,0.5556,0.4444,starter,619.66,monthly
FAIL_000148,PAY_000840,CUST_0053,SUB_0053,619.66,2026-03-30,CARD_EXPIRED,PAYMENT_METHOD,543,8,10,18,0.4444,0.3,0.25,low_engagement,0.5556,0.4444,starter,619.66,monthly
FAIL_000149,PAY_000842,CUST_0053,SUB_0053,619.66,2026-05-29,INSUFFICIENT_FUNDS,CUSTOMER_FINANCIAL,543,8,10,18,0.4444,0.3,0.25,low_engagement,0.5556,0.4444,starter,619.66,monthly
FAIL_000150,PAY_000843,CUST_0053,SUB_0053,619.66,2026-06-28,BANK_DECLINED,ISSUER_DECLINE,543,8,10,18,0.4444,0.3,0.25,low_engagement,0.5556,0.4444,starter,619.66,monthly
FAIL_000151,PAY_000844,CUST_0053,SUB_0053,619.66,2026-07-28,LIMIT_EXCEEDED,PAYMENT_LIMIT,543,8,10,18,0.4444,0.3,0.25,low_engagement,0.5556,0.4444,starter,619.66,monthly
FAIL_000152,PAY_000856,CUST_0055,SUB_0055,14168.18,2026-05-15,NETWORK_ERROR,TECHNICAL,407,12,1,13,0.9231,0.82,0.9,high_value_loyal,0.0769,0.9231,pro,14168.18,monthly
FAIL_000153,PAY_000864,CUST_0056,SUB_0056,5536.93,2024-06-10,BANK_DECLINED,ISSUER_DECLINE,961,28,4,32,0.875,0.82,0.9,high_value_loyal,0.125,0.875,growth,5536.93,monthly
FAIL_000154,PAY_000878,CUST_0056,SUB_0056,5536.93,2025-08-04,NETWORK_ERROR,TECHNICAL,961,28,4,32,0.875,0.82,0.9,high_value_loyal,0.125,0.875,growth,5536.93,monthly
FAIL_000155,PAY_000885,CUST_0056,SUB_0056,5536.93,2026-03-02,INSUFFICIENT_FUNDS,CUSTOMER_FINANCIAL,961,28,4,32,0.875,0.82,0.9,high_value_loyal,0.125,0.875,growth,5536.93,monthly
FAIL_000156,PAY_000894,CUST_0057,SUB_0057,381.29,2026-06-26,INSUFFICIENT_FUNDS,CUSTOMER_FINANCIAL,155,4,1,5,0.8,0.6,0.6,normal,0.2,0.8,growth,381.29,monthly
FAIL_000157,PAY_000901,CUST_0058,SUB_0058,1656.39,2024-10-14,BANK_DECLINED,ISSUER_DECLINE,835,24,3,27,0.8889,0.8,0.85,reliable,0.1111,0.8889,pro,1656.39,monthly
FAIL_000158,PAY_000903,CUST_0058,SUB_0058,1656.39,2024-12-13,NETWORK_ERROR,TECHNICAL,835,24,3,27,0.8889,0.8,0.85,reliable,0.1111,0.8889,pro,1656.39,monthly
FAIL_000159,PAY_000912,CUST_0058,SUB_0058,1656.39,2025-09-09,INSUFFICIENT_FUNDS,CUSTOMER_FINANCIAL,835,24,3,27,0.8889,0.8,0.85,reliable,0.1111,0.8889,pro,1656.39,monthly
FAIL_000160,PAY_000936,CUST_0059,SUB_0059,1862.26,2026-04-25,INSUFFICIENT_FUNDS,CUSTOMER_FINANCIAL,517,16,1,17,0.9412,0.8,0.85,reliable,0.0588,0.9412,starter,1862.26,monthly
FAIL_000161,PAY_000952,CUST_0060,SUB_0060,708.78,2025-01-17,INSUFFICIENT_FUNDS,CUSTOMER_FINANCIAL,950,30,1,31,0.9677,0.8,0.85,reliable,0.0323,0.9677,starter,708.78,monthly
FAIL_000162,PAY_000978,CUST_0062,SUB_0062,438.99,2025-11-26,CARD_EXPIRED,PAYMENT_METHOD,367,9,3,12,0.75,0.3,0.25,low_engagement,0.25,0.75,starter,438.99,monthly
FAIL_000163,PAY_000982,CUST_0062,SUB_0062,438.99,2026-03-26,INSUFFICIENT_FUNDS,CUSTOMER_FINANCIAL,367,9,3,12,0.75,0.3,0.25,low_engagement,0.25,0.75,starter,438.99,monthly
FAIL_000164,PAY_000987,CUST_0063,SUB_0063,961.34,2024-03-16,AUTHENTICATION_FAILED,CUSTOMER_ACTION,897,26,3,29,0.8966,0.6,0.6,normal,0.1034,0.8966,growth,961.34,monthly
FAIL_000165,PAY_000995,CUST_0063,SUB_0063,961.34,2024-11-11,AUTHENTICATION_FAILED,CUSTOMER_ACTION,897,26,3,29,0.8966,0.6,0.6,normal,0.1034,0.8966,growth,961.34,monthly
FAIL_000166,PAY_000999,CUST_0063,SUB_0063,961.34,2025-03-11,INSUFFICIENT_FUNDS,CUSTOMER_FINANCIAL,897,26,3,29,0.8966,0.6,0.6,normal,0.1034,0.8966,growth,961.34,monthly
FAIL_000167,PAY_001004,CUST_0063,SUB_0063,961.34,2025-08-08,INSUFFICIENT_FUNDS,CUSTOMER_FINANCIAL,897,26,3,29,0.8966,0.6,0.6,normal,0.1034,0.8966,growth,961.34,monthly
FAIL_000168,PAY_001023,CUST_0064,SUB_0064,656.63,2026-02-13,NETWORK_ERROR,TECHNICAL,408,11,2,13,0.8462,0.6,0.6,normal,0.1538,0.8462,starter,656.63,monthly
FAIL_000169,PAY_001026,CUST_0064,SUB_0064,656.63,2026-05-14,INSUFFICIENT_FUNDS,CUSTOMER_FINANCIAL,408,11,2,13,0.8462,0.6,0.6,normal,0.1538,0.8462,starter,656.63,monthly
FAIL_000170,PAY_001028,CUST_0064,SUB_0064,656.63,2026-07-13,INSUFFICIENT_FUNDS,CUSTOMER_FINANCIAL,408,11,2,13,0.8462,0.6,0.6,normal,0.1538,0.8462,starter,656.63,monthly
FAIL_000171,PAY_001033,CUST_0066,SUB_0066,517.04,2026-06-15,AUTHENTICATION_FAILED,CUSTOMER_ACTION,76,1,1,2,0.5,0.35,0.45,friction_prone,0.5,0.5,pro,517.04,monthly
FAIL_000172,PAY_001070,CUST_0070,SUB_0070,11107.73,2025-07-10,NETWORK_ERROR,TECHNICAL,566,17,1,18,0.9444,0.82,0.9,high_value_loyal,0.0556,0.9444,growth,11107.73,monthly
FAIL_000173,PAY_001091,CUST_0072,SUB_0072,614.63,2026-03-29,BANK_DECLINED,ISSUER_DECLINE,184,5,1,6,0.8333,0.35,0.45,friction_prone,0.1667,0.8333,pro,614.63,monthly
FAIL_000174,PAY_001096,CUST_0073,SUB_0073,1637.14,2025-04-15,NETWORK_ERROR,TECHNICAL,502,10,6,16,0.625,0.35,0.45,friction_prone,0.375,0.625,pro,1637.14,monthly
FAIL_000175,PAY_001097,CUST_0073,SUB_0073,1637.14,2025-05-15,CARD_EXPIRED,PAYMENT_METHOD,502,10,6,16,0.625,0.35,0.45,friction_prone,0.375,0.625,pro,1637.14,monthly
FAIL_000176,PAY_001104,CUST_0073,SUB_0073,1637.14,2025-12-11,INSUFFICIENT_FUNDS,CUSTOMER_FINANCIAL,502,10,6,16,0.625,0.35,0.45,friction_prone,0.375,0.625,pro,1637.14,monthly
FAIL_000177,PAY_001105,CUST_0073,SUB_0073,1637.14,2026-01-10,INSUFFICIENT_FUNDS,CUSTOMER_FINANCIAL,502,10,6,16,0.625,0.35,0.45,friction_prone,0.375,0.625,pro,1637.14,monthly
FAIL_000178,PAY_001106,CUST_0073,SUB_0073,1637.14,2026-02-09,BANK_DECLINED,ISSUER_DECLINE,502,10,6,16,0.625,0.35,0.45,friction_prone,0.375,0.625,pro,1637.14,monthly
FAIL_000179,PAY_001107,CUST_0073,SUB_0073,1637.14,2026-03-11,BANK_DECLINED,ISSUER_DECLINE,502,10,6,16,0.625,0.35,0.45,friction_prone,0.375,0.625,pro,1637.14,monthly
FAIL_000180,PAY_001108,CUST_0073,SUB_0073,1637.14,2026-04-10,BANK_DECLINED,ISSUER_DECLINE,502,10,6,16,0.625,0.35,0.45,friction_prone,0.375,0.625,pro,1637.14,monthly
FAIL_000181,PAY_001113,CUST_0074,SUB_0074,756.59,2026-03-29,CARD_EXPIRED,PAYMENT_METHOD,184,2,4,6,0.3333,0.3,0.25,low_engagement,0.6667,0.3333,starter,756.59,monthly
FAIL_000182,PAY_001116,CUST_0074,SUB_0074,756.59,2026-06-27,CARD_EXPIRED,PAYMENT_METHOD,184,2,4,6,0.3333,0.3,0.25,low_engagement,0.6667,0.3333,starter,756.59,monthly
FAIL_000183,PAY_001117,CUST_0074,SUB_0074,756.59,2026-07-27,LIMIT_EXCEEDED,PAYMENT_LIMIT,184,2,4,6,0.3333,0.3,0.25,low_engagement,0.6667,0.3333,starter,756.59,monthly
FAIL_000184,PAY_001121,CUST_0076,SUB_0076,677.01,2025-03-13,INSUFFICIENT_FUNDS,CUSTOMER_FINANCIAL,565,15,3,18,0.8333,0.3,0.25,low_engagement,0.1667,0.8333,starter,677.01,monthly
FAIL_000185,PAY_001122,CUST_0076,SUB_0076,677.01,2025-04-12,BANK_DECLINED,ISSUER_DECLINE,565,15,3,18,0.8333,0.3,0.25,low_engagement,0.1667,0.8333,starter,677.01,monthly
FAIL_000186,PAY_001127,CUST_0076,SUB_0076,677.01,2025-09-09,BANK_DECLINED,ISSUER_DECLINE,565,15,3,18,0.8333,0.3,0.25,low_engagement,0.1667,0.8333,starter,677.01,monthly
FAIL_000187,PAY_001135,CUST_0076,SUB_0076,677.01,2026-05-07,AUTHENTICATION_FAILED,CUSTOMER_ACTION,565,15,3,18,0.8333,0.3,0.25,low_engagement,0.1667,0.8333,starter,677.01,monthly
FAIL_000188,PAY_001187,CUST_0079,SUB_0079,2676.77,2025-07-18,INSUFFICIENT_FUNDS,CUSTOMER_FINANCIAL,768,22,3,25,0.88,0.6,0.6,normal,0.12,0.88,pro,2676.77,monthly
FAIL_000189,PAY_001199,CUST_0079,SUB_0079,2676.77,2026-07-13,INSUFFICIENT_FUNDS,CUSTOMER_FINANCIAL,768,22,3,25,0.88,0.6,0.6,normal,0.12,0.88,pro,2676.77,monthly
FAIL_000190,PAY_001255,CUST_0082,SUB_0082,622.31,2025-10-26,BANK_DECLINED,ISSUER_DECLINE,578,17,2,19,0.8947,0.3,0.25,low_engagement,0.1053,0.8947,growth,622.31,monthly
FAIL_000191,PAY_001264,CUST_0082,SUB_0082,622.31,2026-07-23,BANK_DECLINED,ISSUER_DECLINE,578,17,2,19,0.8947,0.3,0.25,low_engagement,0.1053,0.8947,growth,622.31,monthly
FAIL_000192,PAY_001266,CUST_0083,SUB_0083,1152.82,2024-07-26,INSUFFICIENT_FUNDS,CUSTOMER_FINANCIAL,795,17,9,26,0.6538,0.35,0.45,friction_prone,0.3462,0.6538,starter,1152.82,monthly
FAIL_000193,PAY_001279,CUST_0083,SUB_0083,1152.82,2025-08-20,INSUFFICIENT_FUNDS,CUSTOMER_FINANCIAL,795,17,9,26,0.6538,0.35,0.45,friction_prone,0.3462,0.6538,starter,1152.82,monthly
FAIL_000194,PAY_001283,CUST_0083,SUB_0083,1152.82,2025-12-18,AUTHENTICATION_FAILED,CUSTOMER_ACTION,795,17,9,26,0.6538,0.35,0.45,friction_prone,0.3462,0.6538,starter,1152.82,monthly
FAIL_000195,PAY_001285,CUST_0083,SUB_0083,1152.82,2026-02-16,BANK_DECLINED,ISSUER_DECLINE,795,17,9,26,0.6538,0.35,0.45,friction_prone,0.3462,0.6538,starter,1152.82,monthly
FAIL_000196,PAY_001286,CUST_0083,SUB_0083,1152.82,2026-03-18,CARD_EXPIRED,PAYMENT_METHOD,795,17,9,26,0.6538,0.35,0.45,friction_prone,0.3462,0.6538,starter,1152.82,monthly
FAIL_000197,PAY_001287,CUST_0083,SUB_0083,1152.82,2026-04-17,BANK_DECLINED,ISSUER_DECLINE,795,17,9,26,0.6538,0.35,0.45,friction_prone,0.3462,0.6538,starter,1152.82,monthly
FAIL_000198,PAY_001288,CUST_0083,SUB_0083,1152.82,2026-05-17,INSUFFICIENT_FUNDS,CUSTOMER_FINANCIAL,795,17,9,26,0.6538,0.35,0.45,friction_prone,0.3462,0.6538,starter,1152.82,monthly
FAIL_000199,PAY_001313,CUST_0085,SUB_0085,13160.39,2025-02-20,LIMIT_EXCEEDED,PAYMENT_LIMIT,946,29,2,31,0.9355,0.82,0.9,high_value_loyal,0.0645,0.9355,pro,13160.39,monthly
FAIL_000200,PAY_001347,CUST_0088,SUB_0088,391.81,2026-07-21,CARD_EXPIRED,PAYMENT_METHOD,400,11,2,13,0.8462,0.35,0.45,friction_prone,0.1538,0.8462,starter,391.81,monthly
FAIL_000201,PAY_001348,CUST_0089,SUB_0089,5310.59,2025-02-16,LIMIT_EXCEEDED,PAYMENT_LIMIT,560,17,1,18,0.9444,0.82,0.9,high_value_loyal,0.0556,0.9444,growth,5310.59,monthly
FAIL_000202,PAY_001353,CUST_0089,SUB_0089,5310.59,2025-07-16,LIMIT_EXCEEDED,PAYMENT_LIMIT,560,17,1,18,0.9444,0.82,0.9,high_value_loyal,0.0556,0.9444,growth,5310.59,monthly
FAIL_000203,PAY_001407,CUST_0091,SUB_0091,4944.64,2026-05-18,AUTHENTICATION_FAILED,CUSTOMER_ACTION,764,22,3,25,0.88,0.82,0.9,high_value_loyal,0.12,0.88,growth,4944.64,monthly
FAIL_000204,PAY_001419,CUST_0093,SUB_0093,333.96,2024-07-24,INSUFFICIENT_FUNDS,CUSTOMER_FINANCIAL,767,19,6,25,0.76,0.3,0.25,low_engagement,0.24,0.76,starter,333.96,monthly
FAIL_000205,PAY_001423,CUST_0093,SUB_0093,333.96,2024-11-21,BANK_DECLINED,ISSUER_DECLINE,767,19,6,25,0.76,0.3,0.25,low_engagement,0.24,0.76,starter,333.96,monthly
FAIL_000206,PAY_001428,CUST_0093,SUB_0093,333.96,2025-04-20,INSUFFICIENT_FUNDS,CUSTOMER_FINANCIAL,767,19,6,25,0.76,0.3,0.25,low_engagement,0.24,0.76,starter,333.96,monthly
FAIL_000207,PAY_001431,CUST_0093,SUB_0093,333.96,2025-07-19,BANK_DECLINED,ISSUER_DECLINE,767,19,6,25,0.76,0.3,0.25,low_engagement,0.24,0.76,starter,333.96,monthly
FAIL_000208,PAY_001435,CUST_0093,SUB_0093,333.96,2025-11-16,INSUFFICIENT_FUNDS,CUSTOMER_FINANCIAL,767,19,6,25,0.76,0.3,0.25,low_engagement,0.24,0.76,starter,333.96,monthly
FAIL_000209,PAY_001440,CUST_0093,SUB_0093,333.96,2026-04-15,BANK_DECLINED,ISSUER_DECLINE,767,19,6,25,0.76,0.3,0.25,low_engagement,0.24,0.76,starter,333.96,monthly
FAIL_000210,PAY_001442,CUST_0093,SUB_0093,333.96,2026-06-14,LIMIT_EXCEEDED,PAYMENT_LIMIT,767,19,6,25,0.76,0.3,0.25,low_engagement,0.24,0.76,starter,333.96,monthly
FAIL_000211,PAY_001444,CUST_0094,SUB_0094,251.16,2026-03-06,INSUFFICIENT_FUNDS,CUSTOMER_FINANCIAL,177,3,2,5,0.6,0.3,0.25,low_engagement,0.4,0.6,starter,251.16,monthly
FAIL_000212,PAY_001445,CUST_0094,SUB_0094,251.16,2026-04-05,CARD_EXPIRED,PAYMENT_METHOD,177,3,2,5,0.6,0.3,0.25,low_engagement,0.4,0.6,starter,251.16,monthly
FAIL_000213,PAY_001446,CUST_0094,SUB_0094,251.16,2026-05-05,BANK_DECLINED,ISSUER_DECLINE,177,3,2,5,0.6,0.3,0.25,low_engagement,0.4,0.6,starter,251.16,monthly
FAIL_000214,PAY_001448,CUST_0094,SUB_0094,251.16,2026-07-04,BANK_DECLINED,ISSUER_DECLINE,177,3,2,5,0.6,0.3,0.25,low_engagement,0.4,0.6,starter,251.16,monthly
FAIL_000215,PAY_001454,CUST_0095,SUB_0095,1425.63,2025-07-19,LIMIT_EXCEEDED,PAYMENT_LIMIT,557,16,2,18,0.8889,0.35,0.45,friction_prone,0.1111,0.8889,growth,1425.63,monthly
FAIL_000216,PAY_001456,CUST_0095,SUB_0095,1425.63,2025-09-17,LIMIT_EXCEEDED,PAYMENT_LIMIT,557,16,2,18,0.8889,0.35,0.45,friction_prone,0.1111,0.8889,growth,1425.63,monthly
FAIL_000217,PAY_001467,CUST_0096,SUB_0096,722.92,2025-03-09,BANK_DECLINED,ISSUER_DECLINE,539,10,7,17,0.5882,0.35,0.45,friction_prone,0.4118,0.5882,starter,722.92,monthly
FAIL_000218,PAY_001468,CUST_0096,SUB_0096,722.92,2025-04-08,NETWORK_ERROR,TECHNICAL,539,10,7,17,0.5882,0.35,0.45,friction_prone,0.4118,0.5882,starter,722.92,monthly
FAIL_000219,PAY_001469,CUST_0096,SUB_0096,722.92,2025-05-08,INSUFFICIENT_FUNDS,CUSTOMER_FINANCIAL,539,10,7,17,0.5882,0.35,0.45,friction_prone,0.4118,0.5882,starter,722.92,monthly
FAIL_000220,PAY_001471,CUST_0096,SUB_0096,722.92,2025-07-07,INSUFFICIENT_FUNDS,CUSTOMER_FINANCIAL,539,10,7,17,0.5882,0.35,0.45,friction_prone,0.4118,0.5882,starter,722.92,monthly
FAIL_000221,PAY_001474,CUST_0096,SUB_0096,722.92,2025-10-05,LIMIT_EXCEEDED,PAYMENT_LIMIT,539,10,7,17,0.5882,0.35,0.45,friction_prone,0.4118,0.5882,starter,722.92,monthly
FAIL_000222,PAY_001476,CUST_0096,SUB_0096,722.92,2025-12-04,BANK_DECLINED,ISSUER_DECLINE,539,10,7,17,0.5882,0.35,0.45,friction_prone,0.4118,0.5882,starter,722.92,monthly
FAIL_000223,PAY_001477,CUST_0096,SUB_0096,722.92,2026-01-03,BANK_DECLINED,ISSUER_DECLINE,539,10,7,17,0.5882,0.35,0.45,friction_prone,0.4118,0.5882,starter,722.92,monthly
FAIL_000224,PAY_001479,CUST_0096,SUB_0096,722.92,2026-03-04,NETWORK_ERROR,TECHNICAL,539,10,7,17,0.5882,0.35,0.45,friction_prone,0.4118,0.5882,starter,722.92,monthly
FAIL_000225,PAY_001480,CUST_0096,SUB_0096,722.92,2026-04-03,INSUFFICIENT_FUNDS,CUSTOMER_FINANCIAL,539,10,7,17,0.5882,0.35,0.45,friction_prone,0.4118,0.5882,starter,722.92,monthly
FAIL_000226,PAY_001493,CUST_0097,SUB_0097,4903.48,2026-03-13,NETWORK_ERROR,TECHNICAL,440,13,1,14,0.9286,0.8,0.85,reliable,0.0714,0.9286,pro,4903.48,monthly
FAIL_000227,PAY_001495,CUST_0097,SUB_0097,4903.48,2026-05-12,NETWORK_ERROR,TECHNICAL,440,13,1,14,0.9286,0.8,0.85,reliable,0.0714,0.9286,pro,4903.48,monthly
FAIL_000228,PAY_001496,CUST_0097,SUB_0097,4903.48,2026-06-11,AUTHENTICATION_FAILED,CUSTOMER_ACTION,440,13,1,14,0.9286,0.8,0.85,reliable,0.0714,0.9286,pro,4903.48,monthly
FAIL_000229,PAY_001502,CUST_0098,SUB_0098,1282.95,2024-10-16,INSUFFICIENT_FUNDS,CUSTOMER_FINANCIAL,803,21,5,26,0.8077,0.35,0.45,friction_prone,0.1923,0.8077,pro,1282.95,monthly
FAIL_000230,PAY_001514,CUST_0098,SUB_0098,1282.95,2025-10-11,LIMIT_EXCEEDED,PAYMENT_LIMIT,803,21,5,26,0.8077,0.35,0.45,friction_prone,0.1923,0.8077,pro,1282.95,monthly
FAIL_000231,PAY_001530,CUST_0099,SUB_0099,2030.82,2025-05-26,INSUFFICIENT_FUNDS,CUSTOMER_FINANCIAL,641,20,1,21,0.9524,0.8,0.85,reliable,0.0476,0.9524,starter,2030.82,monthly
FAIL_000232,PAY_001565,CUST_0100,SUB_0100,1882.04,2026-03-31,INSUFFICIENT_FUNDS,CUSTOMER_FINANCIAL,752,24,1,25,0.96,0.8,0.85,reliable,0.04,0.96,growth,1882.04,monthly
FAIL_000233,PAY_001571,CUST_0101,SUB_0101,247.97,2024-01-17,NETWORK_ERROR,TECHNICAL,986,26,6,32,0.8125,0.3,0.25,low_engagement,0.1875,0.8125,starter,247.97,monthly
FAIL_000234,PAY_001576,CUST_0101,SUB_0101,247.97,2024-06-15,CARD_EXPIRED,PAYMENT_METHOD,986,26,6,32,0.8125,0.3,0.25,low_engagement,0.1875,0.8125,starter,247.97,monthly
FAIL_000235,PAY_001580,CUST_0101,SUB_0101,247.97,2024-10-13,INSUFFICIENT_FUNDS,CUSTOMER_FINANCIAL,986,26,6,32,0.8125,0.3,0.25,low_engagement,0.1875,0.8125,starter,247.97,monthly
FAIL_000236,PAY_001582,CUST_0101,SUB_0101,247.97,2024-12-12,INSUFFICIENT_FUNDS,CUSTOMER_FINANCIAL,986,26,6,32,0.8125,0.3,0.25,low_engagement,0.1875,0.8125,starter,247.97,monthly
FAIL_000237,PAY_001590,CUST_0101,SUB_0101,247.97,2025-08-09,AUTHENTICATION_FAILED,CUSTOMER_ACTION,986,26,6,32,0.8125,0.3,0.25,low_engagement,0.1875,0.8125,starter,247.97,monthly
FAIL_000238,PAY_001591,CUST_0101,SUB_0101,247.97,2025-09-08,INSUFFICIENT_FUNDS,CUSTOMER_FINANCIAL,986,26,6,32,0.8125,0.3,0.25,low_engagement,0.1875,0.8125,starter,247.97,monthly
FAIL_000239,PAY_001592,CUST_0101,SUB_0101,247.97,2025-10-08,NETWORK_ERROR,TECHNICAL,986,26,6,32,0.8125,0.3,0.25,low_engagement,0.1875,0.8125,starter,247.97,monthly
FAIL_000240,PAY_001601,CUST_0101,SUB_0101,247.97,2026-07-05,NETWORK_ERROR,TECHNICAL,986,26,6,32,0.8125,0.3,0.25,low_engagement,0.1875,0.8125,starter,247.97,monthly
FAIL_000241,PAY_001620,CUST_0102,SUB_0102,689.76,2026-07-08,BANK_DECLINED,ISSUER_DECLINE,593,18,1,19,0.9474,0.8,0.85,reliable,0.0526,0.9474,growth,689.76,monthly
FAIL_000242,PAY_001634,CUST_0103,SUB_0103,10145.96,2025-06-10,NETWORK_ERROR,TECHNICAL,836,22,5,27,0.8148,0.82,0.9,high_value_loyal,0.1852,0.8148,pro,10145.96,monthly
FAIL_000243,PAY_001635,CUST_0103,SUB_0103,10145.96,2025-07-10,NETWORK_ERROR,TECHNICAL,836,22,5,27,0.8148,0.82,0.9,high_value_loyal,0.1852,0.8148,pro,10145.96,monthly
FAIL_000244,PAY_001659,CUST_0104,SUB_0104,6500.08,2025-03-02,LIMIT_EXCEEDED,PAYMENT_LIMIT,876,26,3,29,0.8966,0.82,0.9,high_value_loyal,0.1034,0.8966,pro,6500.08,monthly
FAIL_000245,PAY_001661,CUST_0104,SUB_0104,6500.08,2025-05-01,INSUFFICIENT_FUNDS,CUSTOMER_FINANCIAL,876,26,3,29,0.8966,0.82,0.9,high_value_loyal,0.1034,0.8966,pro,6500.08,monthly
FAIL_000246,PAY_001684,CUST_0106,SUB_0106,1201.46,2024-07-11,NETWORK_ERROR,TECHNICAL,810,26,1,27,0.963,0.6,0.6,normal,0.037,0.963,starter,1201.46,monthly
FAIL_000247,PAY_001687,CUST_0106,SUB_0106,1201.46,2024-10-09,INSUFFICIENT_FUNDS,CUSTOMER_FINANCIAL,810,26,1,27,0.963,0.6,0.6,normal,0.037,0.963,starter,1201.46,monthly
FAIL_000248,PAY_001706,CUST_0106,SUB_0106,1201.46,2026-05-02,BANK_DECLINED,ISSUER_DECLINE,810,26,1,27,0.963,0.6,0.6,normal,0.037,0.963,starter,1201.46,monthly
FAIL_000249,PAY_001717,CUST_0107,SUB_0107,1689.93,2026-01-17,NETWORK_ERROR,TECHNICAL,435,13,1,14,0.9286,0.8,0.85,reliable,0.0714,0.9286,starter,1689.93,monthly
FAIL_000250,PAY_001724,CUST_0108,SUB_0108,200.0,2024-01-31,INSUFFICIENT_FUNDS,CUSTOMER_FINANCIAL,942,22,9,31,0.7097,0.35,0.45,friction_prone,0.2903,0.7097,starter,200.0,monthly
FAIL_000251,PAY_001725,CUST_0108,SUB_0108,200.0,2024-03-01,INSUFFICIENT_FUNDS,CUSTOMER_FINANCIAL,942,22,9,31,0.7097,0.35,0.45,friction_prone,0.2903,0.7097,starter,200.0,monthly
FAIL_000252,PAY_001726,CUST_0108,SUB_0108,200.0,2024-03-31,NETWORK_ERROR,TECHNICAL,942,22,9,31,0.7097,0.35,0.45,friction_prone,0.2903,0.7097,starter,200.0,monthly
FAIL_000253,PAY_001728,CUST_0108,SUB_0108,200.0,2024-05-30,INSUFFICIENT_FUNDS,CUSTOMER_FINANCIAL,942,22,9,31,0.7097,0.35,0.45,friction_prone,0.2903,0.7097,starter,200.0,monthly
FAIL_000254,PAY_001733,CUST_0108,SUB_0108,200.0,2024-10-27,BANK_DECLINED,ISSUER_DECLINE,942,22,9,31,0.7097,0.35,0.45,friction_prone,0.2903,0.7097,starter,200.0,monthly
FAIL_000255,PAY_001737,CUST_0108,SUB_0108,200.0,2025-02-24,LIMIT_EXCEEDED,PAYMENT_LIMIT,942,22,9,31,0.7097,0.35,0.45,friction_prone,0.2903,0.7097,starter,200.0,monthly
FAIL_000256,PAY_001744,CUST_0108,SUB_0108,200.0,2025-09-22,LIMIT_EXCEEDED,PAYMENT_LIMIT,942,22,9,31,0.7097,0.35,0.45,friction_prone,0.2903,0.7097,starter,200.0,monthly
FAIL_000257,PAY_001745,CUST_0108,SUB_0108,200.0,2025-10-22,INSUFFICIENT_FUNDS,CUSTOMER_FINANCIAL,942,22,9,31,0.7097,0.35,0.45,friction_prone,0.2903,0.7097,starter,200.0,monthly
FAIL_000258,PAY_001746,CUST_0108,SUB_0108,200.0,2025-11-21,INSUFFICIENT_FUNDS,CUSTOMER_FINANCIAL,942,22,9,31,0.7097,0.35,0.45,friction_prone,0.2903,0.7097,starter,200.0,monthly
FAIL_000259,PAY_001747,CUST_0108,SUB_0108,200.0,2025-12-21,INSUFFICIENT_FUNDS,CUSTOMER_FINANCIAL,942,22,9,31,0.7097,0.35,0.45,friction_prone,0.2903,0.7097,starter,200.0,monthly
FAIL_000260,PAY_001756,CUST_0109,SUB_0109,1524.5,2026-01-31,LIMIT_EXCEEDED,PAYMENT_LIMIT,241,7,1,8,0.875,0.6,0.6,normal,0.125,0.875,growth,1524.5,monthly
FAIL_000261,PAY_001768,CUST_0110,SUB_0110,697.76,2024-11-16,AUTHENTICATION_FAILED,CUSTOMER_ACTION,802,20,6,26,0.7692,0.6,0.6,normal,0.2308,0.7692,starter,697.76,monthly
FAIL_000262,PAY_001775,CUST_0110,SUB_0110,697.76,2025-06-14,AUTHENTICATION_FAILED,CUSTOMER_ACTION,802,20,6,26,0.7692,0.6,0.6,normal,0.2308,0.7692,starter,697.76,monthly
FAIL_000263,PAY_001776,CUST_0110,SUB_0110,697.76,2025-07-14,BANK_DECLINED,ISSUER_DECLINE,802,20,6,26,0.7692,0.6,0.6,normal,0.2308,0.7692,starter,697.76,monthly
FAIL_000264,PAY_001781,CUST_0110,SUB_0110,697.76,2025-12-11,INSUFFICIENT_FUNDS,CUSTOMER_FINANCIAL,802,20,6,26,0.7692,0.6,0.6,normal,0.2308,0.7692,starter,697.76,monthly
FAIL_000265,PAY_001782,CUST_0110,SUB_0110,697.76,2026-01-10,CARD_EXPIRED,PAYMENT_METHOD,802,20,6,26,0.7692,0.6,0.6,normal,0.2308,0.7692,starter,697.76,monthly
FAIL_000266,PAY_001783,CUST_0110,SUB_0110,697.76,2026-02-09,NETWORK_ERROR,TECHNICAL,802,20,6,26,0.7692,0.6,0.6,normal,0.2308,0.7692,starter,697.76,monthly
FAIL_000267,PAY_001784,CUST_0110,SUB_0110,697.76,2026-03-11,NETWORK_ERROR,TECHNICAL,802,20,6,26,0.7692,0.6,0.6,normal,0.2308,0.7692,starter,697.76,monthly
FAIL_000268,PAY_001794,CUST_0111,SUB_0111,7138.36,2025-11-05,LIMIT_EXCEEDED,PAYMENT_LIMIT,448,13,1,14,0.9286,0.82,0.9,high_value_loyal,0.0714,0.9286,pro,7138.36,monthly
FAIL_000269,PAY_001805,CUST_0112,SUB_0112,553.77,2024-12-06,BANK_DECLINED,ISSUER_DECLINE,692,16,7,23,0.6957,0.35,0.45,friction_prone,0.3043,0.6957,starter,553.77,monthly
FAIL_000270,PAY_001807,CUST_0112,SUB_0112,553.77,2025-02-04,INSUFFICIENT_FUNDS,CUSTOMER_FINANCIAL,692,16,7,23,0.6957,0.35,0.45,friction_prone,0.3043,0.6957,starter,553.77,monthly
FAIL_000271,PAY_001810,CUST_0112,SUB_0112,553.77,2025-05-05,CARD_EXPIRED,PAYMENT_METHOD,692,16,7,23,0.6957,0.35,0.45,friction_prone,0.3043,0.6957,starter,553.77,monthly
FAIL_000272,PAY_001812,CUST_0112,SUB_0112,553.77,2025-07-04,INSUFFICIENT_FUNDS,CUSTOMER_FINANCIAL,692,16,7,23,0.6957,0.35,0.45,friction_prone,0.3043,0.6957,starter,553.77,monthly
FAIL_000273,PAY_001813,CUST_0112,SUB_0112,553.77,2025-08-03,BANK_DECLINED,ISSUER_DECLINE,692,16,7,23,0.6957,0.35,0.45,friction_prone,0.3043,0.6957,starter,553.77,monthly
FAIL_000274,PAY_001816,CUST_0112,SUB_0112,553.77,2025-11-01,AUTHENTICATION_FAILED,CUSTOMER_ACTION,692,16,7,23,0.6957,0.35,0.45,friction_prone,0.3043,0.6957,starter,553.77,monthly
FAIL_000275,PAY_001819,CUST_0112,SUB_0112,553.77,2026-01-30,INSUFFICIENT_FUNDS,CUSTOMER_FINANCIAL,692,16,7,23,0.6957,0.35,0.45,friction_prone,0.3043,0.6957,starter,553.77,monthly
FAIL_000276,PAY_001823,CUST_0112,SUB_0112,553.77,2026-05-30,INSUFFICIENT_FUNDS,CUSTOMER_FINANCIAL,692,16,7,23,0.6957,0.35,0.45,friction_prone,0.3043,0.6957,starter,553.77,monthly
FAIL_000277,PAY_001824,CUST_0112,SUB_0112,553.77,2026-06-29,INSUFFICIENT_FUNDS,CUSTOMER_FINANCIAL,692,16,7,23,0.6957,0.35,0.45,friction_prone,0.3043,0.6957,starter,553.77,monthly
FAIL_000278,PAY_001825,CUST_0112,SUB_0112,553.77,2026-07-29,BANK_DECLINED,ISSUER_DECLINE,692,16,7,23,0.6957,0.35,0.45,friction_prone,0.3043,0.6957,starter,553.77,monthly
FAIL_000279,PAY_001827,CUST_0113,SUB_0113,324.58,2024-09-09,INSUFFICIENT_FUNDS,CUSTOMER_FINANCIAL,750,20,5,25,0.8,0.3,0.25,low_engagement,0.2,0.8,starter,324.58,monthly
FAIL_000280,PAY_001829,CUST_0113,SUB_0113,324.58,2024-11-08,NETWORK_ERROR,TECHNICAL,750,20,5,25,0.8,0.3,0.25,low_engagement,0.2,0.8,starter,324.58,monthly
FAIL_000281,PAY_001830,CUST_0113,SUB_0113,324.58,2024-12-08,CARD_EXPIRED,PAYMENT_METHOD,750,20,5,25,0.8,0.3,0.25,low_engagement,0.2,0.8,starter,324.58,monthly
FAIL_000282,PAY_001833,CUST_0113,SUB_0113,324.58,2025-03-08,INSUFFICIENT_FUNDS,CUSTOMER_FINANCIAL,750,20,5,25,0.8,0.3,0.25,low_engagement,0.2,0.8,starter,324.58,monthly
FAIL_000283,PAY_001834,CUST_0113,SUB_0113,324.58,2025-04-07,CARD_EXPIRED,PAYMENT_METHOD,750,20,5,25,0.8,0.3,0.25,low_engagement,0.2,0.8,starter,324.58,monthly
FAIL_000284,PAY_001835,CUST_0113,SUB_0113,324.58,2025-05-07,INSUFFICIENT_FUNDS,CUSTOMER_FINANCIAL,750,20,5,25,0.8,0.3,0.25,low_engagement,0.2,0.8,starter,324.58,monthly
FAIL_000285,PAY_001836,CUST_0113,SUB_0113,324.58,2025-06-06,BANK_DECLINED,ISSUER_DECLINE,750,20,5,25,0.8,0.3,0.25,low_engagement,0.2,0.8,starter,324.58,monthly
FAIL_000286,PAY_001840,CUST_0113,SUB_0113,324.58,2025-10-04,AUTHENTICATION_FAILED,CUSTOMER_ACTION,750,20,5,25,0.8,0.3,0.25,low_engagement,0.2,0.8,starter,324.58,monthly
FAIL_000287,PAY_001842,CUST_0113,SUB_0113,324.58,2025-12-03,AUTHENTICATION_FAILED,CUSTOMER_ACTION,750,20,5,25,0.8,0.3,0.25,low_engagement,0.2,0.8,starter,324.58,monthly
FAIL_000288,PAY_001845,CUST_0113,SUB_0113,324.58,2026-03-03,INSUFFICIENT_FUNDS,CUSTOMER_FINANCIAL,750,20,5,25,0.8,0.3,0.25,low_engagement,0.2,0.8,starter,324.58,monthly
FAIL_000289,PAY_001846,CUST_0113,SUB_0113,324.58,2026-04-02,BANK_DECLINED,ISSUER_DECLINE,750,20,5,25,0.8,0.3,0.25,low_engagement,0.2,0.8,starter,324.58,monthly
FAIL_000290,PAY_001899,CUST_0117,SUB_0117,1714.93,2024-05-18,INSUFFICIENT_FUNDS,CUSTOMER_FINANCIAL,864,17,11,28,0.6071,0.35,0.45,friction_prone,0.3929,0.6071,growth,1714.93,monthly
FAIL_000291,PAY_001902,CUST_0117,SUB_0117,1714.93,2024-08-16,INSUFFICIENT_FUNDS,CUSTOMER_FINANCIAL,864,17,11,28,0.6071,0.35,0.45,friction_prone,0.3929,0.6071,growth,1714.93,monthly
FAIL_000292,PAY_001903,CUST_0117,SUB_0117,1714.93,2024-09-15,NETWORK_ERROR,TECHNICAL,864,17,11,28,0.6071,0.35,0.45,friction_prone,0.3929,0.6071,growth,1714.93,monthly
FAIL_000293,PAY_001906,CUST_0117,SUB_0117,1714.93,2024-12-14,BANK_DECLINED,ISSUER_DECLINE,864,17,11,28,0.6071,0.35,0.45,friction_prone,0.3929,0.6071,growth,1714.93,monthly
FAIL_000294,PAY_001921,CUST_0117,SUB_0117,1714.93,2026-03-09,INSUFFICIENT_FUNDS,CUSTOMER_FINANCIAL,864,17,11,28,0.6071,0.35,0.45,friction_prone,0.3929,0.6071,growth,1714.93,monthly
FAIL_000295,PAY_001936,CUST_0119,SUB_0119,15000.0,2023-12-23,CARD_EXPIRED,PAYMENT_METHOD,981,27,5,32,0.8438,0.82,0.9,high_value_loyal,0.1562,0.8438,pro,15000.0,monthly
FAIL_000296,PAY_001937,CUST_0119,SUB_0119,15000.0,2024-01-22,NETWORK_ERROR,TECHNICAL,981,27,5,32,0.8438,0.82,0.9,high_value_loyal,0.1562,0.8438,pro,15000.0,monthly
FAIL_000297,PAY_001939,CUST_0119,SUB_0119,15000.0,2024-03-22,BANK_DECLINED,ISSUER_DECLINE,981,27,5,32,0.8438,0.82,0.9,high_value_loyal,0.1562,0.8438,pro,15000.0,monthly
FAIL_000298,PAY_001944,CUST_0119,SUB_0119,15000.0,2024-08-19,INSUFFICIENT_FUNDS,CUSTOMER_FINANCIAL,981,27,5,32,0.8438,0.82,0.9,high_value_loyal,0.1562,0.8438,pro,15000.0,monthly
FAIL_000299,PAY_001947,CUST_0119,SUB_0119,15000.0,2024-11-17,INSUFFICIENT_FUNDS,CUSTOMER_FINANCIAL,981,27,5,32,0.8438,0.82,0.9,high_value_loyal,0.1562,0.8438,pro,15000.0,monthly
FAIL_000300,PAY_001949,CUST_0119,SUB_0119,15000.0,2025-01-16,LIMIT_EXCEEDED,PAYMENT_LIMIT,981,27,5,32,0.8438,0.82,0.9,high_value_loyal,0.1562,0.8438,pro,15000.0,monthly
FAIL_000301,PAY_001950,CUST_0119,SUB_0119,15000.0,2025-02-15,LIMIT_EXCEEDED,PAYMENT_LIMIT,981,27,5,32,0.8438,0.82,0.9,high_value_loyal,0.1562,0.8438,pro,15000.0,monthly
FAIL_000302,PAY_001972,CUST_0120,SUB_0120,1809.15,2024-11-28,BANK_DECLINED,ISSUER_DECLINE,760,23,2,25,0.92,0.6,0.6,normal,0.08,0.92,growth,1809.15,monthly
FAIL_000303,PAY_001994,CUST_0121,SUB_0121,746.25,2024-02-16,AUTHENTICATION_FAILED,CUSTOMER_ACTION,956,25,6,31,0.8065,0.3,0.25,low_engagement,0.1935,0.8065,starter,746.25,monthly
FAIL_000304,PAY_002006,CUST_0121,SUB_0121,746.25,2025-02-10,NETWORK_ERROR,TECHNICAL,956,25,6,31,0.8065,0.3,0.25,low_engagement,0.1935,0.8065,starter,746.25,monthly
FAIL_000305,PAY_002007,CUST_0121,SUB_0121,746.25,2025-03-12,INSUFFICIENT_FUNDS,CUSTOMER_FINANCIAL,956,25,6,31,0.8065,0.3,0.25,low_engagement,0.1935,0.8065,starter,746.25,monthly
FAIL_000306,PAY_002008,CUST_0121,SUB_0121,746.25,2025-04-11,INSUFFICIENT_FUNDS,CUSTOMER_FINANCIAL,956,25,6,31,0.8065,0.3,0.25,low_engagement,0.1935,0.8065,starter,746.25,monthly
FAIL_000307,PAY_002012,CUST_0121,SUB_0121,746.25,2025-08-09,BANK_DECLINED,ISSUER_DECLINE,956,25,6,31,0.8065,0.3,0.25,low_engagement,0.1935,0.8065,starter,746.25,monthly
FAIL_000308,PAY_002013,CUST_0121,SUB_0121,746.25,2025-09-08,AUTHENTICATION_FAILED,CUSTOMER_ACTION,956,25,6,31,0.8065,0.3,0.25,low_engagement,0.1935,0.8065,starter,746.25,monthly
FAIL_000309,PAY_002022,CUST_0121,SUB_0121,746.25,2026-06-05,AUTHENTICATION_FAILED,CUSTOMER_ACTION,956,25,6,31,0.8065,0.3,0.25,low_engagement,0.1935,0.8065,starter,746.25,monthly
FAIL_000310,PAY_002026,CUST_0122,SUB_0122,2857.25,2025-05-27,AUTHENTICATION_FAILED,CUSTOMER_ACTION,520,15,2,17,0.8824,0.6,0.6,normal,0.1176,0.8824,pro,2857.25,monthly
FAIL_000311,PAY_002028,CUST_0122,SUB_0122,2857.25,2025-07-26,AUTHENTICATION_FAILED,CUSTOMER_ACTION,520,15,2,17,0.8824,0.6,0.6,normal,0.1176,0.8824,pro,2857.25,monthly
FAIL_000312,PAY_002034,CUST_0122,SUB_0122,2857.25,2026-01-22,INSUFFICIENT_FUNDS,CUSTOMER_FINANCIAL,520,15,2,17,0.8824,0.6,0.6,normal,0.1176,0.8824,pro,2857.25,monthly
FAIL_000313,PAY_002050,CUST_0123,SUB_0123,11232.86,2024-09-04,INSUFFICIENT_FUNDS,CUSTOMER_FINANCIAL,995,31,2,33,0.9394,0.82,0.9,high_value_loyal,0.0606,0.9394,pro,11232.86,monthly
FAIL_000314,PAY_002053,CUST_0123,SUB_0123,11232.86,2024-12-03,INSUFFICIENT_FUNDS,CUSTOMER_FINANCIAL,995,31,2,33,0.9394,0.82,0.9,high_value_loyal,0.0606,0.9394,pro,11232.86,monthly
FAIL_000315,PAY_002055,CUST_0123,SUB_0123,11232.86,2025-02-01,AUTHENTICATION_FAILED,CUSTOMER_ACTION,995,31,2,33,0.9394,0.82,0.9,high_value_loyal,0.0606,0.9394,pro,11232.86,monthly
FAIL_000316,PAY_002070,CUST_0123,SUB_0123,11232.86,2026-04-27,LIMIT_EXCEEDED,PAYMENT_LIMIT,995,31,2,33,0.9394,0.82,0.9,high_value_loyal,0.0606,0.9394,pro,11232.86,monthly
FAIL_000317,PAY_002092,CUST_0124,SUB_0124,3507.97,2025-12-13,BANK_DECLINED,ISSUER_DECLINE,800,25,1,26,0.9615,0.82,0.9,high_value_loyal,0.0385,0.9615,growth,3507.97,monthly
FAIL_000318,PAY_002106,CUST_0125,SUB_0125,10848.47,2025-01-18,NETWORK_ERROR,TECHNICAL,769,23,2,25,0.92,0.82,0.9,high_value_loyal,0.08,0.92,pro,10848.47,monthly
FAIL_000319,PAY_002143,CUST_0127,SUB_0127,861.92,2025-07-10,INSUFFICIENT_FUNDS,CUSTOMER_FINANCIAL,716,19,4,23,0.8261,0.35,0.45,friction_prone,0.1739,0.8261,pro,861.92,monthly
FAIL_000320,PAY_002146,CUST_0127,SUB_0127,861.92,2025-10-08,AUTHENTICATION_FAILED,CUSTOMER_ACTION,716,19,4,23,0.8261,0.35,0.45,friction_prone,0.1739,0.8261,pro,861.92,monthly
FAIL_000321,PAY_002148,CUST_0127,SUB_0127,861.92,2025-12-07,CARD_EXPIRED,PAYMENT_METHOD,716,19,4,23,0.8261,0.35,0.45,friction_prone,0.1739,0.8261,pro,861.92,monthly
FAIL_000322,PAY_002170,CUST_0128,SUB_0128,14456.27,2025-12-13,LIMIT_EXCEEDED,PAYMENT_LIMIT,680,20,2,22,0.9091,0.82,0.9,high_value_loyal,0.0909,0.9091,pro,14456.27,monthly
FAIL_000323,PAY_002174,CUST_0128,SUB_0128,14456.27,2026-04-12,AUTHENTICATION_FAILED,CUSTOMER_ACTION,680,20,2,22,0.9091,0.82,0.9,high_value_loyal,0.0909,0.9091,pro,14456.27,monthly
FAIL_000324,PAY_002176,CUST_0128,SUB_0128,14456.27,2026-06-11,LIMIT_EXCEEDED,PAYMENT_LIMIT,680,20,2,22,0.9091,0.82,0.9,high_value_loyal,0.0909,0.9091,pro,14456.27,monthly
FAIL_000325,PAY_002188,CUST_0130,SUB_0130,785.26,2025-01-22,INSUFFICIENT_FUNDS,CUSTOMER_FINANCIAL,585,9,10,19,0.4737,0.35,0.45,friction_prone,0.5263,0.4737,starter,785.26,monthly
FAIL_000326,PAY_002190,CUST_0130,SUB_0130,785.26,2025-03-23,NETWORK_ERROR,TECHNICAL,585,9,10,19,0.4737,0.35,0.45,friction_prone,0.5263,0.4737,starter,785.26,monthly
FAIL_000327,PAY_002191,CUST_0130,SUB_0130,785.26,2025-04-22,INSUFFICIENT_FUNDS,CUSTOMER_FINANCIAL,585,9,10,19,0.4737,0.35,0.45,friction_prone,0.5263,0.4737,starter,785.26,monthly
FAIL_000328,PAY_002192,CUST_0130,SUB_0130,785.26,2025-05-22,AUTHENTICATION_FAILED,CUSTOMER_ACTION,585,9,10,19,0.4737,0.35,0.45,friction_prone,0.5263,0.4737,starter,785.26,monthly
FAIL_000329,PAY_002193,CUST_0130,SUB_0130,785.26,2025-06-21,CARD_EXPIRED,PAYMENT_METHOD,585,9,10,19,0.4737,0.35,0.45,friction_prone,0.5263,0.4737,starter,785.26,monthly
FAIL_000330,PAY_002196,CUST_0130,SUB_0130,785.26,2025-09-19,CARD_EXPIRED,PAYMENT_METHOD,585,9,10,19,0.4737,0.35,0.45,friction_prone,0.5263,0.4737,starter,785.26,monthly
FAIL_000331,PAY_002198,CUST_0130,SUB_0130,785.26,2025-11-18,CARD_EXPIRED,PAYMENT_METHOD,585,9,10,19,0.4737,0.35,0.45,friction_prone,0.5263,0.4737,starter,785.26,monthly
FAIL_000332,PAY_002199,CUST_0130,SUB_0130,785.26,2025-12-18,INSUFFICIENT_FUNDS,CUSTOMER_FINANCIAL,585,9,10,19,0.4737,0.35,0.45,friction_prone,0.5263,0.4737,starter,785.26,monthly
FAIL_000333,PAY_002201,CUST_0130,SUB_0130,785.26,2026-02-16,NETWORK_ERROR,TECHNICAL,585,9,10,19,0.4737,0.35,0.45,friction_prone,0.5263,0.4737,starter,785.26,monthly
FAIL_000334,PAY_002204,CUST_0130,SUB_0130,785.26,2026-05-17,INSUFFICIENT_FUNDS,CUSTOMER_FINANCIAL,585,9,10,19,0.4737,0.35,0.45,friction_prone,0.5263,0.4737,starter,785.26,monthly
FAIL_000335,PAY_002205,CUST_0130,SUB_0130,785.26,2026-06-16,CARD_EXPIRED,PAYMENT_METHOD,585,9,10,19,0.4737,0.35,0.45,friction_prone,0.5263,0.4737,starter,785.26,monthly
FAIL_000336,PAY_002207,CUST_0131,SUB_0131,569.52,2024-10-22,AUTHENTICATION_FAILED,CUSTOMER_ACTION,677,15,7,22,0.6818,0.3,0.25,low_engagement,0.3182,0.6818,starter,569.52,monthly
FAIL_000337,PAY_002213,CUST_0131,SUB_0131,569.52,2025-04-20,INSUFFICIENT_FUNDS,CUSTOMER_FINANCIAL,677,15,7,22,0.6818,0.3,0.25,low_engagement,0.3182,0.6818,starter,569.52,monthly
FAIL_000338,PAY_002214,CUST_0131,SUB_0131,569.52,2025-05-20,AUTHENTICATION_FAILED,CUSTOMER_ACTION,677,15,7,22,0.6818,0.3,0.25,low_engagement,0.3182,0.6818,starter,569.52,monthly
FAIL_000339,PAY_002217,CUST_0131,SUB_0131,569.52,2025-08-18,BANK_DECLINED,ISSUER_DECLINE,677,15,7,22,0.6818,0.3,0.25,low_engagement,0.3182,0.6818,starter,569.52,monthly
FAIL_000340,PAY_002219,CUST_0131,SUB_0131,569.52,2025-10-17,BANK_DECLINED,ISSUER_DECLINE,677,15,7,22,0.6818,0.3,0.25,low_engagement,0.3182,0.6818,starter,569.52,monthly
FAIL_000341,PAY_002242,CUST_0133,SUB_0133,3624.04,2025-10-12,CARD_EXPIRED,PAYMENT_METHOD,442,13,1,14,0.9286,0.8,0.85,reliable,0.0714,0.9286,pro,3624.04,monthly
FAIL_000342,PAY_002261,CUST_0135,SUB_0135,771.04,2024-02-27,INSUFFICIENT_FUNDS,CUSTOMER_FINANCIAL,945,25,6,31,0.8065,0.35,0.45,friction_prone,0.1935,0.8065,growth,771.04,monthly
FAIL_000343,PAY_002267,CUST_0135,SUB_0135,771.04,2024-08-25,INSUFFICIENT_FUNDS,CUSTOMER_FINANCIAL,945,25,6,31,0.8065,0.35,0.45,friction_prone,0.1935,0.8065,growth,771.04,monthly
FAIL_000344,PAY_002268,CUST_0135,SUB_0135,771.04,2024-09-24,INSUFFICIENT_FUNDS,CUSTOMER_FINANCIAL,945,25,6,31,0.8065,0.35,0.45,friction_prone,0.1935,0.8065,growth,771.04,monthly
FAIL_000345,PAY_002269,CUST_0135,SUB_0135,771.04,2024-10-24,INSUFFICIENT_FUNDS,CUSTOMER_FINANCIAL,945,25,6,31,0.8065,0.35,0.45,friction_prone,0.1935,0.8065,growth,771.04,monthly
FAIL_000346,PAY_002272,CUST_0135,SUB_0135,771.04,2025-01-22,CARD_EXPIRED,PAYMENT_METHOD,945,25,6,31,0.8065,0.35,0.45,friction_prone,0.1935,0.8065,growth,771.04,monthly
FAIL_000347,PAY_002275,CUST_0135,SUB_0135,771.04,2025-04-22,LIMIT_EXCEEDED,PAYMENT_LIMIT,945,25,6,31,0.8065,0.35,0.45,friction_prone,0.1935,0.8065,growth,771.04,monthly
FAIL_000348,PAY_002276,CUST_0135,SUB_0135,771.04,2025-05-22,INSUFFICIENT_FUNDS,CUSTOMER_FINANCIAL,945,25,6,31,0.8065,0.35,0.45,friction_prone,0.1935,0.8065,growth,771.04,monthly
FAIL_000349,PAY_002283,CUST_0135,SUB_0135,771.04,2025-12-18,BANK_DECLINED,ISSUER_DECLINE,945,25,6,31,0.8065,0.35,0.45,friction_prone,0.1935,0.8065,growth,771.04,monthly
FAIL_000350,PAY_002291,CUST_0136,SUB_0136,671.28,2024-09-03,BANK_DECLINED,ISSUER_DECLINE,726,20,4,24,0.8333,0.3,0.25,low_engagement,0.1667,0.8333,starter,671.28,monthly
FAIL_000351,PAY_002307,CUST_0136,SUB_0136,671.28,2025-12-27,LIMIT_EXCEEDED,PAYMENT_LIMIT,726,20,4,24,0.8333,0.3,0.25,low_engagement,0.1667,0.8333,starter,671.28,monthly
FAIL_000352,PAY_002311,CUST_0136,SUB_0136,671.28,2026-04-26,NETWORK_ERROR,TECHNICAL,726,20,4,24,0.8333,0.3,0.25,low_engagement,0.1667,0.8333,starter,671.28,monthly
FAIL_000353,PAY_002316,CUST_0137,SUB_0137,1355.73,2024-02-01,LIMIT_EXCEEDED,PAYMENT_LIMIT,971,28,4,32,0.875,0.6,0.6,normal,0.125,0.875,growth,1355.73,monthly
FAIL_000354,PAY_002325,CUST_0137,SUB_0137,1355.73,2024-10-28,INSUFFICIENT_FUNDS,CUSTOMER_FINANCIAL,971,28,4,32,0.875,0.6,0.6,normal,0.125,0.875,growth,1355.73,monthly
FAIL_000355,PAY_002329,CUST_0137,SUB_0137,1355.73,2025-02-25,LIMIT_EXCEEDED,PAYMENT_LIMIT,971,28,4,32,0.875,0.6,0.6,normal,0.125,0.875,growth,1355.73,monthly
FAIL_000356,PAY_002346,CUST_0137,SUB_0137,1355.73,2026-07-20,INSUFFICIENT_FUNDS,CUSTOMER_FINANCIAL,971,28,4,32,0.875,0.6,0.6,normal,0.125,0.875,growth,1355.73,monthly
FAIL_000357,PAY_002348,CUST_0138,SUB_0138,1037.22,2025-08-26,LIMIT_EXCEEDED,PAYMENT_LIMIT,399,12,1,13,0.9231,0.8,0.85,reliable,0.0769,0.9231,pro,1037.22,monthly
FAIL_000358,PAY_002365,CUST_0139,SUB_0139,5276.03,2025-07-28,INSUFFICIENT_FUNDS,CUSTOMER_FINANCIAL,548,17,1,18,0.9444,0.82,0.9,high_value_loyal,0.0556,0.9444,growth,5276.03,monthly
FAIL_000359,PAY_002370,CUST_0139,SUB_0139,5276.03,2025-12-25,INSUFFICIENT_FUNDS,CUSTOMER_FINANCIAL,548,17,1,18,0.9444,0.82,0.9,high_value_loyal,0.0556,0.9444,growth,5276.03,monthly
FAIL_000360,PAY_002419,CUST_0141,SUB_0141,702.86,2026-06-05,BANK_DECLINED,ISSUER_DECLINE,566,15,3,18,0.8333,0.35,0.45,friction_prone,0.1667,0.8333,starter,702.86,monthly
FAIL_000361,PAY_002429,CUST_0142,SUB_0142,552.32,2026-03-01,NETWORK_ERROR,TECHNICAL,422,8,6,14,0.5714,0.35,0.45,friction_prone,0.4286,0.5714,pro,552.32,monthly
FAIL_000362,PAY_002430,CUST_0142,SUB_0142,552.32,2026-03-31,INSUFFICIENT_FUNDS,CUSTOMER_FINANCIAL,422,8,6,14,0.5714,0.35,0.45,friction_prone,0.4286,0.5714,pro,552.32,monthly
FAIL_000363,PAY_002433,CUST_0142,SUB_0142,552.32,2026-06-29,BANK_DECLINED,ISSUER_DECLINE,422,8,6,14,0.5714,0.35,0.45,friction_prone,0.4286,0.5714,pro,552.32,monthly
FAIL_000364,PAY_002435,CUST_0143,SUB_0143,890.67,2025-12-15,BANK_DECLINED,ISSUER_DECLINE,258,6,2,8,0.75,0.6,0.6,normal,0.25,0.75,starter,890.67,monthly
FAIL_000365,PAY_002439,CUST_0143,SUB_0143,890.67,2026-04-14,BANK_DECLINED,ISSUER_DECLINE,258,6,2,8,0.75,0.6,0.6,normal,0.25,0.75,starter,890.67,monthly
FAIL_000366,PAY_002451,CUST_0145,SUB_0145,1162.18,2024-12-15,NETWORK_ERROR,TECHNICAL,833,21,6,27,0.7778,0.3,0.25,low_engagement,0.2222,0.7778,growth,1162.18,monthly
FAIL_000367,PAY_002453,CUST_0145,SUB_0145,1162.18,2025-02-13,INSUFFICIENT_FUNDS,CUSTOMER_FINANCIAL,833,21,6,27,0.7778,0.3,0.25,low_engagement,0.2222,0.7778,growth,1162.18,monthly
FAIL_000368,PAY_002457,CUST_0145,SUB_0145,1162.18,2025-06-13,CARD_EXPIRED,PAYMENT_METHOD,833,21,6,27,0.7778,0.3,0.25,low_engagement,0.2222,0.7778,growth,1162.18,monthly
FAIL_000369,PAY_002459,CUST_0145,SUB_0145,1162.18,2025-08-12,INSUFFICIENT_FUNDS,CUSTOMER_FINANCIAL,833,21,6,27,0.7778,0.3,0.25,low_engagement,0.2222,0.7778,growth,1162.18,monthly
FAIL_000370,PAY_002462,CUST_0145,SUB_0145,1162.18,2025-11-10,AUTHENTICATION_FAILED,CUSTOMER_ACTION,833,21,6,27,0.7778,0.3,0.25,low_engagement,0.2222,0.7778,growth,1162.18,monthly
FAIL_000371,PAY_002465,CUST_0145,SUB_0145,1162.18,2026-02-08,NETWORK_ERROR,TECHNICAL,833,21,6,27,0.7778,0.3,0.25,low_engagement,0.2222,0.7778,growth,1162.18,monthly
FAIL_000372,PAY_002467,CUST_0145,SUB_0145,1162.18,2026-04-09,CARD_EXPIRED,PAYMENT_METHOD,833,21,6,27,0.7778,0.3,0.25,low_engagement,0.2222,0.7778,growth,1162.18,monthly
FAIL_000373,PAY_002470,CUST_0145,SUB_0145,1162.18,2026-07-08,CARD_EXPIRED,PAYMENT_METHOD,833,21,6,27,0.7778,0.3,0.25,low_engagement,0.2222,0.7778,growth,1162.18,monthly
FAIL_000374,PAY_002488,CUST_0147,SUB_0147,5797.44,2025-07-21,CARD_EXPIRED,PAYMENT_METHOD,795,24,2,26,0.9231,0.82,0.9,high_value_loyal,0.0769,0.9231,growth,5797.44,monthly
FAIL_000375,PAY_002491,CUST_0147,SUB_0147,5797.44,2025-10-19,BANK_DECLINED,ISSUER_DECLINE,795,24,2,26,0.9231,0.82,0.9,high_value_loyal,0.0769,0.9231,growth,5797.44,monthly
FAIL_000376,PAY_002494,CUST_0147,SUB_0147,5797.44,2026-01-17,INSUFFICIENT_FUNDS,CUSTOMER_FINANCIAL,795,24,2,26,0.9231,0.82,0.9,high_value_loyal,0.0769,0.9231,growth,5797.44,monthly
FAIL_000377,PAY_002515,CUST_0149,SUB_0149,13186.55,2025-05-22,NETWORK_ERROR,TECHNICAL,555,17,1,18,0.9444,0.82,0.9,high_value_loyal,0.0556,0.9444,pro,13186.55,monthly
FAIL_000378,PAY_002545,CUST_0150,SUB_0150,1013.25,2026-03-07,INSUFFICIENT_FUNDS,CUSTOMER_FINANCIAL,626,19,1,20,0.95,0.8,0.85,reliable,0.05,0.95,starter,1013.25,monthly
FAIL_000379,PAY_002551,CUST_0151,SUB_0151,1459.65,2025-11-17,INSUFFICIENT_FUNDS,CUSTOMER_FINANCIAL,316,9,1,10,0.9,0.35,0.45,friction_prone,0.1,0.9,pro,1459.65,monthly
FAIL_000380,PAY_002556,CUST_0151,SUB_0151,1459.65,2026-04-16,CARD_EXPIRED,PAYMENT_METHOD,316,9,1,10,0.9,0.35,0.45,friction_prone,0.1,0.9,pro,1459.65,monthly
FAIL_000381,PAY_002571,CUST_0152,SUB_0152,979.43,2025-09-06,NETWORK_ERROR,TECHNICAL,688,17,5,22,0.7727,0.6,0.6,normal,0.2273,0.7727,pro,979.43,monthly
FAIL_000382,PAY_002572,CUST_0152,SUB_0152,979.43,2025-10-06,INSUFFICIENT_FUNDS,CUSTOMER_FINANCIAL,688,17,5,22,0.7727,0.6,0.6,normal,0.2273,0.7727,pro,979.43,monthly
FAIL_000383,PAY_002580,CUST_0152,SUB_0152,979.43,2026-06-03,INSUFFICIENT_FUNDS,CUSTOMER_FINANCIAL,688,17,5,22,0.7727,0.6,0.6,normal,0.2273,0.7727,pro,979.43,monthly
FAIL_000384,PAY_002602,CUST_0154,SUB_0154,413.01,2025-10-02,BANK_DECLINED,ISSUER_DECLINE,812,25,2,27,0.9259,0.8,0.85,reliable,0.0741,0.9259,starter,413.01,monthly
FAIL_000385,PAY_002617,CUST_0155,SUB_0155,663.98,2024-05-03,BANK_DECLINED,ISSUER_DECLINE,969,22,10,32,0.6875,0.35,0.45,friction_prone,0.3125,0.6875,starter,663.98,monthly
FAIL_000386,PAY_002620,CUST_0155,SUB_0155,663.98,2024-08-01,INSUFFICIENT_FUNDS,CUSTOMER_FINANCIAL,969,22,10,32,0.6875,0.35,0.45,friction_prone,0.3125,0.6875,starter,663.98,monthly
FAIL_000387,PAY_002621,CUST_0155,SUB_0155,663.98,2024-08-31,INSUFFICIENT_FUNDS,CUSTOMER_FINANCIAL,969,22,10,32,0.6875,0.35,0.45,friction_prone,0.3125,0.6875,starter,663.98,monthly
FAIL_000388,PAY_002627,CUST_0155,SUB_0155,663.98,2025-02-27,BANK_DECLINED,ISSUER_DECLINE,969,22,10,32,0.6875,0.35,0.45,friction_prone,0.3125,0.6875,starter,663.98,monthly
FAIL_000389,PAY_002628,CUST_0155,SUB_0155,663.98,2025-03-29,AUTHENTICATION_FAILED,CUSTOMER_ACTION,969,22,10,32,0.6875,0.35,0.45,friction_prone,0.3125,0.6875,starter,663.98,monthly
FAIL_000390,PAY_002629,CUST_0155,SUB_0155,663.98,2025-04-28,NETWORK_ERROR,TECHNICAL,969,22,10,32,0.6875,0.35,0.45,friction_prone,0.3125,0.6875,starter,663.98,monthly
FAIL_000391,PAY_002631,CUST_0155,SUB_0155,663.98,2025-06-27,AUTHENTICATION_FAILED,CUSTOMER_ACTION,969,22,10,32,0.6875,0.35,0.45,friction_prone,0.3125,0.6875,starter,663.98,monthly
FAIL_000392,PAY_002635,CUST_0155,SUB_0155,663.98,2025-10-25,BANK_DECLINED,ISSUER_DECLINE,969,22,10,32,0.6875,0.35,0.45,friction_prone,0.3125,0.6875,starter,663.98,monthly
FAIL_000393,PAY_002636,CUST_0155,SUB_0155,663.98,2025-11-24,INSUFFICIENT_FUNDS,CUSTOMER_FINANCIAL,969,22,10,32,0.6875,0.35,0.45,friction_prone,0.3125,0.6875,starter,663.98,monthly
FAIL_000394,PAY_002637,CUST_0155,SUB_0155,663.98,2025-12-24,BANK_DECLINED,ISSUER_DECLINE,969,22,10,32,0.6875,0.35,0.45,friction_prone,0.3125,0.6875,starter,663.98,monthly
FAIL_000395,PAY_002643,CUST_0155,SUB_0155,663.98,2026-06-22,INSUFFICIENT_FUNDS,CUSTOMER_FINANCIAL,969,22,10,32,0.6875,0.35,0.45,friction_prone,0.3125,0.6875,starter,663.98,monthly
FAIL_000396,PAY_002645,CUST_0156,SUB_0156,985.5,2024-07-10,INSUFFICIENT_FUNDS,CUSTOMER_FINANCIAL,781,13,13,26,0.5,0.35,0.45,friction_prone,0.5,0.5,pro,985.5,monthly
FAIL_000397,PAY_002646,CUST_0156,SUB_0156,985.5,2024-08-09,BANK_DECLINED,ISSUER_DECLINE,781,13,13,26,0.5,0.35,0.45,friction_prone,0.5,0.5,pro,985.5,monthly
FAIL_000398,PAY_002648,CUST_0156,SUB_0156,985.5,2024-10-08,BANK_DECLINED,ISSUER_DECLINE,781,13,13,26,0.5,0.35,0.45,friction_prone,0.5,0.5,pro,985.5,monthly
FAIL_000399,PAY_002650,CUST_0156,SUB_0156,985.5,2024-12-07,BANK_DECLINED,ISSUER_DECLINE,781,13,13,26,0.5,0.35,0.45,friction_prone,0.5,0.5,pro,985.5,monthly
FAIL_000400,PAY_002651,CUST_0156,SUB_0156,985.5,2025-01-06,BANK_DECLINED,ISSUER_DECLINE,781,13,13,26,0.5,0.35,0.45,friction_prone,0.5,0.5,pro,985.5,monthly
FAIL_000401,PAY_002654,CUST_0156,SUB_0156,985.5,2025-04-06,BANK_DECLINED,ISSUER_DECLINE,781,13,13,26,0.5,0.35,0.45,friction_prone,0.5,0.5,pro,985.5,monthly
FAIL_000402,PAY_002656,CUST_0156,SUB_0156,985.5,2025-06-05,INSUFFICIENT_FUNDS,CUSTOMER_FINANCIAL,781,13,13,26,0.5,0.35,0.45,friction_prone,0.5,0.5,pro,985.5,monthly
FAIL_000403,PAY_002657,CUST_0156,SUB_0156,985.5,2025-07-05,BANK_DECLINED,ISSUER_DECLINE,781,13,13,26,0.5,0.35,0.45,friction_prone,0.5,0.5,pro,985.5,monthly
FAIL_000404,PAY_002659,CUST_0156,SUB_0156,985.5,2025-09-03,AUTHENTICATION_FAILED,CUSTOMER_ACTION,781,13,13,26,0.5,0.35,0.45,friction_prone,0.5,0.5,pro,985.5,monthly
FAIL_000405,PAY_002660,CUST_0156,SUB_0156,985.5,2025-10-03,CARD_EXPIRED,PAYMENT_METHOD,781,13,13,26,0.5,0.35,0.45,friction_prone,0.5,0.5,pro,985.5,monthly
FAIL_000406,PAY_002661,CUST_0156,SUB_0156,985.5,2025-11-02,INSUFFICIENT_FUNDS,CUSTOMER_FINANCIAL,781,13,13,26,0.5,0.35,0.45,friction_prone,0.5,0.5,pro,985.5,monthly
FAIL_000407,PAY_002663,CUST_0156,SUB_0156,985.5,2026-01-01,INSUFFICIENT_FUNDS,CUSTOMER_FINANCIAL,781,13,13,26,0.5,0.35,0.45,friction_prone,0.5,0.5,pro,985.5,monthly
FAIL_000408,PAY_002664,CUST_0156,SUB_0156,985.5,2026-01-31,BANK_DECLINED,ISSUER_DECLINE,781,13,13,26,0.5,0.35,0.45,friction_prone,0.5,0.5,pro,985.5,monthly
FAIL_000409,PAY_002665,CUST_0156,SUB_0156,985.5,2026-03-02,BANK_DECLINED,ISSUER_DECLINE,781,13,13,26,0.5,0.35,0.45,friction_prone,0.5,0.5,pro,985.5,monthly
FAIL_000410,PAY_002670,CUST_0156,SUB_0156,985.5,2026-07-30,INSUFFICIENT_FUNDS,CUSTOMER_FINANCIAL,781,13,13,26,0.5,0.35,0.45,friction_prone,0.5,0.5,pro,985.5,monthly
FAIL_000411,PAY_002680,CUST_0158,SUB_0158,2492.3,2025-01-18,CARD_EXPIRED,PAYMENT_METHOD,589,12,7,19,0.6316,0.35,0.45,friction_prone,0.3684,0.6316,pro,2492.3,monthly
FAIL_000412,PAY_002681,CUST_0158,SUB_0158,2492.3,2025-02-17,NETWORK_ERROR,TECHNICAL,589,12,7,19,0.6316,0.35,0.45,friction_prone,0.3684,0.6316,pro,2492.3,monthly
FAIL_000413,PAY_002684,CUST_0158,SUB_0158,2492.3,2025-05-18,NETWORK_ERROR,TECHNICAL,589,12,7,19,0.6316,0.35,0.45,friction_prone,0.3684,0.6316,pro,2492.3,monthly
FAIL_000414,PAY_002686,CUST_0158,SUB_0158,2492.3,2025-07-17,INSUFFICIENT_FUNDS,CUSTOMER_FINANCIAL,589,12,7,19,0.6316,0.35,0.45,friction_prone,0.3684,0.6316,pro,2492.3,monthly
FAIL_000415,PAY_002687,CUST_0158,SUB_0158,2492.3,2025-08-16,INSUFFICIENT_FUNDS,CUSTOMER_FINANCIAL,589,12,7,19,0.6316,0.35,0.45,friction_prone,0.3684,0.6316,pro,2492.3,monthly
FAIL_000416,PAY_002689,CUST_0158,SUB_0158,2492.3,2025-10-15,INSUFFICIENT_FUNDS,CUSTOMER_FINANCIAL,589,12,7,19,0.6316,0.35,0.45,friction_prone,0.3684,0.6316,pro,2492.3,monthly
FAIL_000417,PAY_002692,CUST_0158,SUB_0158,2492.3,2026-01-13,INSUFFICIENT_FUNDS,CUSTOMER_FINANCIAL,589,12,7,19,0.6316,0.35,0.45,friction_prone,0.3684,0.6316,pro,2492.3,monthly
FAIL_000418,PAY_002725,CUST_0160,SUB_0160,730.63,2026-06-08,BANK_DECLINED,ISSUER_DECLINE,113,2,1,3,0.6667,0.35,0.45,friction_prone,0.3333,0.6667,starter,730.63,monthly
FAIL_000419,PAY_002728,CUST_0161,SUB_0161,9716.42,2024-02-26,LIMIT_EXCEEDED,PAYMENT_LIMIT,946,30,1,31,0.9677,0.82,0.9,high_value_loyal,0.0323,0.9677,pro,9716.42,monthly
FAIL_000420,PAY_002758,CUST_0162,SUB_0162,293.46,2024-01-21,INSUFFICIENT_FUNDS,CUSTOMER_FINANCIAL,952,23,8,31,0.7419,0.3,0.25,low_engagement,0.2581,0.7419,starter,293.46,monthly
FAIL_000421,PAY_002765,CUST_0162,SUB_0162,293.46,2024-08-18,BANK_DECLINED,ISSUER_DECLINE,952,23,8,31,0.7419,0.3,0.25,low_engagement,0.2581,0.7419,starter,293.46,monthly
FAIL_000422,PAY_002768,CUST_0162,SUB_0162,293.46,2024-11-16,CARD_EXPIRED,PAYMENT_METHOD,952,23,8,31,0.7419,0.3,0.25,low_engagement,0.2581,0.7419,starter,293.46,monthly
FAIL_000423,PAY_002769,CUST_0162,SUB_0162,293.46,2024-12-16,INSUFFICIENT_FUNDS,CUSTOMER_FINANCIAL,952,23,8,31,0.7419,0.3,0.25,low_engagement,0.2581,0.7419,starter,293.46,monthly
FAIL_000424,PAY_002773,CUST_0162,SUB_0162,293.46,2025-04-15,CARD_EXPIRED,PAYMENT_METHOD,952,23,8,31,0.7419,0.3,0.25,low_engagement,0.2581,0.7419,starter,293.46,monthly
FAIL_000425,PAY_002777,CUST_0162,SUB_0162,293.46,2025-08-13,BANK_DECLINED,ISSUER_DECLINE,952,23,8,31,0.7419,0.3,0.25,low_engagement,0.2581,0.7419,starter,293.46,monthly
FAIL_000426,PAY_002781,CUST_0162,SUB_0162,293.46,2025-12-11,INSUFFICIENT_FUNDS,CUSTOMER_FINANCIAL,952,23,8,31,0.7419,0.3,0.25,low_engagement,0.2581,0.7419,starter,293.46,monthly
FAIL_000427,PAY_002785,CUST_0162,SUB_0162,293.46,2026-04-10,CARD_EXPIRED,PAYMENT_METHOD,952,23,8,31,0.7419,0.3,0.25,low_engagement,0.2581,0.7419,starter,293.46,monthly
FAIL_000428,PAY_002799,CUST_0163,SUB_0163,1748.55,2025-10-24,INSUFFICIENT_FUNDS,CUSTOMER_FINANCIAL,610,17,3,20,0.85,0.6,0.6,normal,0.15,0.85,pro,1748.55,monthly
FAIL_000429,PAY_002809,CUST_0164,SUB_0164,873.36,2026-06-11,CARD_EXPIRED,PAYMENT_METHOD,80,1,1,2,0.5,0.6,0.6,normal,0.5,0.5,starter,873.36,monthly
FAIL_000430,PAY_002817,CUST_0165,SUB_0165,3582.84,2026-02-16,CARD_EXPIRED,PAYMENT_METHOD,375,11,1,12,0.9167,0.8,0.85,reliable,0.0833,0.9167,pro,3582.84,monthly
FAIL_000431,PAY_002827,CUST_0166,SUB_0166,365.57,2025-02-05,INSUFFICIENT_FUNDS,CUSTOMER_FINANCIAL,691,19,4,23,0.8261,0.3,0.25,low_engagement,0.1739,0.8261,starter,365.57,monthly
FAIL_000432,PAY_002828,CUST_0166,SUB_0166,365.57,2025-03-07,BANK_DECLINED,ISSUER_DECLINE,691,19,4,23,0.8261,0.3,0.25,low_engagement,0.1739,0.8261,starter,365.57,monthly
FAIL_000433,PAY_002839,CUST_0166,SUB_0166,365.57,2026-01-31,INSUFFICIENT_FUNDS,CUSTOMER_FINANCIAL,691,19,4,23,0.8261,0.3,0.25,low_engagement,0.1739,0.8261,starter,365.57,monthly
FAIL_000434,PAY_002842,CUST_0166,SUB_0166,365.57,2026-05-01,LIMIT_EXCEEDED,PAYMENT_LIMIT,691,19,4,23,0.8261,0.3,0.25,low_engagement,0.1739,0.8261,starter,365.57,monthly
FAIL_000435,PAY_002843,CUST_0166,SUB_0166,365.57,2026-05-31,NETWORK_ERROR,TECHNICAL,691,19,4,23,0.8261,0.3,0.25,low_engagement,0.1739,0.8261,starter,365.57,monthly
FAIL_000436,PAY_002868,CUST_0168,SUB_0168,1204.32,2025-02-04,INSUFFICIENT_FUNDS,CUSTOMER_FINANCIAL,692,18,5,23,0.7826,0.6,0.6,normal,0.2174,0.7826,starter,1204.32,monthly
FAIL_000437,PAY_002871,CUST_0168,SUB_0168,1204.32,2025-05-05,INSUFFICIENT_FUNDS,CUSTOMER_FINANCIAL,692,18,5,23,0.7826,0.6,0.6,normal,0.2174,0.7826,starter,1204.32,monthly
FAIL_000438,PAY_002872,CUST_0168,SUB_0168,1204.32,2025-06-04,CARD_EXPIRED,PAYMENT_METHOD,692,18,5,23,0.7826,0.6,0.6,normal,0.2174,0.7826,starter,1204.32,monthly
FAIL_000439,PAY_002873,CUST_0168,SUB_0168,1204.32,2025-07-04,BANK_DECLINED,ISSUER_DECLINE,692,18,5,23,0.7826,0.6,0.6,normal,0.2174,0.7826,starter,1204.32,monthly
FAIL_000440,PAY_002878,CUST_0168,SUB_0168,1204.32,2025-12-01,CARD_EXPIRED,PAYMENT_METHOD,692,18,5,23,0.7826,0.6,0.6,normal,0.2174,0.7826,starter,1204.32,monthly
FAIL_000441,PAY_002884,CUST_0168,SUB_0168,1204.32,2026-05-30,NETWORK_ERROR,TECHNICAL,692,18,5,23,0.7826,0.6,0.6,normal,0.2174,0.7826,starter,1204.32,monthly
FAIL_000442,PAY_002887,CUST_0169,SUB_0169,14872.16,2024-12-10,LIMIT_EXCEEDED,PAYMENT_LIMIT,628,19,1,20,0.95,0.82,0.9,high_value_loyal,0.05,0.95,pro,14872.16,monthly
FAIL_000443,PAY_002890,CUST_0169,SUB_0169,14872.16,2025-03-10,NETWORK_ERROR,TECHNICAL,628,19,1,20,0.95,0.82,0.9,high_value_loyal,0.05,0.95,pro,14872.16,monthly
FAIL_000444,PAY_002891,CUST_0169,SUB_0169,14872.16,2025-04-09,LIMIT_EXCEEDED,PAYMENT_LIMIT,628,19,1,20,0.95,0.82,0.9,high_value_loyal,0.05,0.95,pro,14872.16,monthly
FAIL_000445,PAY_002898,CUST_0169,SUB_0169,14872.16,2025-11-05,LIMIT_EXCEEDED,PAYMENT_LIMIT,628,19,1,20,0.95,0.82,0.9,high_value_loyal,0.05,0.95,pro,14872.16,monthly
FAIL_000446,PAY_002912,CUST_0170,SUB_0170,476.76,2025-11-10,NETWORK_ERROR,TECHNICAL,443,13,1,14,0.9286,0.3,0.25,low_engagement,0.0714,0.9286,starter,476.76,monthly
FAIL_000447,PAY_002916,CUST_0170,SUB_0170,476.76,2026-03-10,CARD_EXPIRED,PAYMENT_METHOD,443,13,1,14,0.9286,0.3,0.25,low_engagement,0.0714,0.9286,starter,476.76,monthly
FAIL_000448,PAY_002939,CUST_0171,SUB_0171,14917.0,2025-07-08,BANK_DECLINED,ISSUER_DECLINE,958,29,2,31,0.9355,0.82,0.9,high_value_loyal,0.0645,0.9355,pro,14917.0,monthly
FAIL_000449,PAY_002941,CUST_0171,SUB_0171,14917.0,2025-09-06,LIMIT_EXCEEDED,PAYMENT_LIMIT,958,29,2,31,0.9355,0.82,0.9,high_value_loyal,0.0645,0.9355,pro,14917.0,monthly
FAIL_000450,PAY_002947,CUST_0171,SUB_0171,14917.0,2026-03-05,NETWORK_ERROR,TECHNICAL,958,29,2,31,0.9355,0.82,0.9,high_value_loyal,0.0645,0.9355,pro,14917.0,monthly
FAIL_000451,PAY_002949,CUST_0171,SUB_0171,14917.0,2026-05-04,LIMIT_EXCEEDED,PAYMENT_LIMIT,958,29,2,31,0.9355,0.82,0.9,high_value_loyal,0.0645,0.9355,pro,14917.0,monthly
FAIL_000452,PAY_002971,CUST_0173,SUB_0173,655.36,2024-06-09,CARD_EXPIRED,PAYMENT_METHOD,812,22,5,27,0.8148,0.3,0.25,low_engagement,0.1852,0.8148,growth,655.36,monthly
FAIL_000453,PAY_002974,CUST_0173,SUB_0173,655.36,2024-09-07,BANK_DECLINED,ISSUER_DECLINE,812,22,5,27,0.8148,0.3,0.25,low_engagement,0.1852,0.8148,growth,655.36,monthly
FAIL_000454,PAY_002978,CUST_0173,SUB_0173,655.36,2025-01-05,INSUFFICIENT_FUNDS,CUSTOMER_FINANCIAL,812,22,5,27,0.8148,0.3,0.25,low_engagement,0.1852,0.8148,growth,655.36,monthly
FAIL_000455,PAY_002980,CUST_0173,SUB_0173,655.36,2025-03-06,INSUFFICIENT_FUNDS,CUSTOMER_FINANCIAL,812,22,5,27,0.8148,0.3,0.25,low_engagement,0.1852,0.8148,growth,655.36,monthly
FAIL_000456,PAY_002984,CUST_0173,SUB_0173,655.36,2025-07-04,CARD_EXPIRED,PAYMENT_METHOD,812,22,5,27,0.8148,0.3,0.25,low_engagement,0.1852,0.8148,growth,655.36,monthly
FAIL_000457,PAY_002994,CUST_0173,SUB_0173,655.36,2026-04-30,CARD_EXPIRED,PAYMENT_METHOD,812,22,5,27,0.8148,0.3,0.25,low_engagement,0.1852,0.8148,growth,655.36,monthly
FAIL_000458,PAY_002995,CUST_0173,SUB_0173,655.36,2026-05-30,NETWORK_ERROR,TECHNICAL,812,22,5,27,0.8148,0.3,0.25,low_engagement,0.1852,0.8148,growth,655.36,monthly
FAIL_000459,PAY_003001,CUST_0174,SUB_0174,623.9,2025-02-26,CARD_EXPIRED,PAYMENT_METHOD,640,16,5,21,0.7619,0.3,0.25,low_engagement,0.2381,0.7619,starter,623.9,monthly
FAIL_000460,PAY_003006,CUST_0174,SUB_0174,623.9,2025-07-26,INSUFFICIENT_FUNDS,CUSTOMER_FINANCIAL,640,16,5,21,0.7619,0.3,0.25,low_engagement,0.2381,0.7619,starter,623.9,monthly
FAIL_000461,PAY_003009,CUST_0174,SUB_0174,623.9,2025-10-24,INSUFFICIENT_FUNDS,CUSTOMER_FINANCIAL,640,16,5,21,0.7619,0.3,0.25,low_engagement,0.2381,0.7619,starter,623.9,monthly
FAIL_000462,PAY_003015,CUST_0174,SUB_0174,623.9,2026-04-22,INSUFFICIENT_FUNDS,CUSTOMER_FINANCIAL,640,16,5,21,0.7619,0.3,0.25,low_engagement,0.2381,0.7619,starter,623.9,monthly
FAIL_000463,PAY_003021,CUST_0175,SUB_0175,401.17,2024-12-30,INSUFFICIENT_FUNDS,CUSTOMER_FINANCIAL,668,20,2,22,0.9091,0.3,0.25,low_engagement,0.0909,0.9091,growth,401.17,monthly
FAIL_000464,PAY_003041,CUST_0176,SUB_0176,1639.0,2026-04-06,INSUFFICIENT_FUNDS,CUSTOMER_FINANCIAL,146,2,2,4,0.5,0.35,0.45,friction_prone,0.5,0.5,growth,1639.0,monthly
FAIL_000465,PAY_003042,CUST_0176,SUB_0176,1639.0,2026-05-06,BANK_DECLINED,ISSUER_DECLINE,146,2,2,4,0.5,0.35,0.45,friction_prone,0.5,0.5,growth,1639.0,monthly
FAIL_000466,PAY_003056,CUST_0177,SUB_0177,625.68,2026-06-25,INSUFFICIENT_FUNDS,CUSTOMER_FINANCIAL,396,11,2,13,0.8462,0.6,0.6,normal,0.1538,0.8462,pro,625.68,monthly
FAIL_000467,PAY_003072,CUST_0180,SUB_0180,1171.97,2024-09-20,INSUFFICIENT_FUNDS,CUSTOMER_FINANCIAL,709,18,5,23,0.7826,0.6,0.6,normal,0.2174,0.7826,growth,1171.97,monthly
FAIL_000468,PAY_003073,CUST_0180,SUB_0180,1171.97,2024-10-20,NETWORK_ERROR,TECHNICAL,709,18,5,23,0.7826,0.6,0.6,normal,0.2174,0.7826,growth,1171.97,monthly
FAIL_000469,PAY_003076,CUST_0180,SUB_0180,1171.97,2025-01-18,NETWORK_ERROR,TECHNICAL,709,18,5,23,0.7826,0.6,0.6,normal,0.2174,0.7826,growth,1171.97,monthly
FAIL_000470,PAY_003078,CUST_0180,SUB_0180,1171.97,2025-03-19,INSUFFICIENT_FUNDS,CUSTOMER_FINANCIAL,709,18,5,23,0.7826,0.6,0.6,normal,0.2174,0.7826,growth,1171.97,monthly
FAIL_000471,PAY_003081,CUST_0180,SUB_0180,1171.97,2025-06-17,BANK_DECLINED,ISSUER_DECLINE,709,18,5,23,0.7826,0.6,0.6,normal,0.2174,0.7826,growth,1171.97,monthly
FAIL_000472,PAY_003084,CUST_0180,SUB_0180,1171.97,2025-09-15,BANK_DECLINED,ISSUER_DECLINE,709,18,5,23,0.7826,0.6,0.6,normal,0.2174,0.7826,growth,1171.97,monthly
FAIL_000473,PAY_003085,CUST_0180,SUB_0180,1171.97,2025-10-15,BANK_DECLINED,ISSUER_DECLINE,709,18,5,23,0.7826,0.6,0.6,normal,0.2174,0.7826,growth,1171.97,monthly
FAIL_000474,PAY_003091,CUST_0180,SUB_0180,1171.97,2026-04-13,INSUFFICIENT_FUNDS,CUSTOMER_FINANCIAL,709,18,5,23,0.7826,0.6,0.6,normal,0.2174,0.7826,growth,1171.97,monthly
FAIL_000475,PAY_003092,CUST_0180,SUB_0180,1171.97,2026-05-13,BANK_DECLINED,ISSUER_DECLINE,709,18,5,23,0.7826,0.6,0.6,normal,0.2174,0.7826,growth,1171.97,monthly
FAIL_000476,PAY_003093,CUST_0180,SUB_0180,1171.97,2026-06-12,AUTHENTICATION_FAILED,CUSTOMER_ACTION,709,18,5,23,0.7826,0.6,0.6,normal,0.2174,0.7826,growth,1171.97,monthly
FAIL_000477,PAY_003096,CUST_0181,SUB_0181,860.38,2024-10-05,NETWORK_ERROR,TECHNICAL,724,17,7,24,0.7083,0.3,0.25,low_engagement,0.2917,0.7083,growth,860.38,monthly
FAIL_000478,PAY_003098,CUST_0181,SUB_0181,860.38,2024-12-04,CARD_EXPIRED,PAYMENT_METHOD,724,17,7,24,0.7083,0.3,0.25,low_engagement,0.2917,0.7083,growth,860.38,monthly
FAIL_000479,PAY_003100,CUST_0181,SUB_0181,860.38,2025-02-02,AUTHENTICATION_FAILED,CUSTOMER_ACTION,724,17,7,24,0.7083,0.3,0.25,low_engagement,0.2917,0.7083,growth,860.38,monthly
FAIL_000480,PAY_003102,CUST_0181,SUB_0181,860.38,2025-04-03,CARD_EXPIRED,PAYMENT_METHOD,724,17,7,24,0.7083,0.3,0.25,low_engagement,0.2917,0.7083,growth,860.38,monthly
FAIL_000481,PAY_003103,CUST_0181,SUB_0181,860.38,2025-05-03,BANK_DECLINED,ISSUER_DECLINE,724,17,7,24,0.7083,0.3,0.25,low_engagement,0.2917,0.7083,growth,860.38,monthly
FAIL_000482,PAY_003110,CUST_0181,SUB_0181,860.38,2025-11-29,INSUFFICIENT_FUNDS,CUSTOMER_FINANCIAL,724,17,7,24,0.7083,0.3,0.25,low_engagement,0.2917,0.7083,growth,860.38,monthly
FAIL_000483,PAY_003111,CUST_0181,SUB_0181,860.38,2025-12-29,BANK_DECLINED,ISSUER_DECLINE,724,17,7,24,0.7083,0.3,0.25,low_engagement,0.2917,0.7083,growth,860.38,monthly
FAIL_000484,PAY_003118,CUST_0181,SUB_0181,860.38,2026-07-27,CARD_EXPIRED,PAYMENT_METHOD,724,17,7,24,0.7083,0.3,0.25,low_engagement,0.2917,0.7083,growth,860.38,monthly
FAIL_000485,PAY_003119,CUST_0182,SUB_0182,3068.11,2025-05-14,AUTHENTICATION_FAILED,CUSTOMER_ACTION,473,14,1,15,0.9333,0.8,0.85,reliable,0.0667,0.9333,growth,3068.11,monthly
FAIL_000486,PAY_003136,CUST_0183,SUB_0183,640.85,2026-01-26,LIMIT_EXCEEDED,PAYMENT_LIMIT,276,8,1,9,0.8889,0.35,0.45,friction_prone,0.1111,0.8889,pro,640.85,monthly
FAIL_000487,PAY_003140,CUST_0183,SUB_0183,640.85,2026-05-26,BANK_DECLINED,ISSUER_DECLINE,276,8,1,9,0.8889,0.35,0.45,friction_prone,0.1111,0.8889,pro,640.85,monthly
FAIL_000488,PAY_003141,CUST_0183,SUB_0183,640.85,2026-06-25,NETWORK_ERROR,TECHNICAL,276,8,1,9,0.8889,0.35,0.45,friction_prone,0.1111,0.8889,pro,640.85,monthly
FAIL_000489,PAY_003151,CUST_0184,SUB_0184,11857.91,2025-12-26,NETWORK_ERROR,TECHNICAL,487,14,2,16,0.875,0.82,0.9,high_value_loyal,0.125,0.875,growth,11857.91,monthly
FAIL_000490,PAY_003199,CUST_0186,SUB_0186,2567.59,2025-06-11,NETWORK_ERROR,TECHNICAL,805,25,1,26,0.9615,0.8,0.85,reliable,0.0385,0.9615,starter,2567.59,monthly
FAIL_000491,PAY_003216,CUST_0187,SUB_0187,621.6,2026-01-22,INSUFFICIENT_FUNDS,CUSTOMER_FINANCIAL,310,9,1,10,0.9,0.6,0.6,normal,0.1,0.9,starter,621.6,monthly
FAIL_000492,PAY_003224,CUST_0188,SUB_0188,221.49,2024-11-21,INSUFFICIENT_FUNDS,CUSTOMER_FINANCIAL,677,17,5,22,0.7727,0.3,0.25,low_engagement,0.2273,0.7727,growth,221.49,monthly
FAIL_000493,PAY_003229,CUST_0188,SUB_0188,221.49,2025-04-20,BANK_DECLINED,ISSUER_DECLINE,677,17,5,22,0.7727,0.3,0.25,low_engagement,0.2273,0.7727,growth,221.49,monthly
FAIL_000494,PAY_003236,CUST_0188,SUB_0188,221.49,2025-11-16,INSUFFICIENT_FUNDS,CUSTOMER_FINANCIAL,677,17,5,22,0.7727,0.3,0.25,low_engagement,0.2273,0.7727,growth,221.49,monthly
FAIL_000495,PAY_003238,CUST_0188,SUB_0188,221.49,2026-01-15,BANK_DECLINED,ISSUER_DECLINE,677,17,5,22,0.7727,0.3,0.25,low_engagement,0.2273,0.7727,growth,221.49,monthly
FAIL_000496,PAY_003241,CUST_0188,SUB_0188,221.49,2026-04-15,CARD_EXPIRED,PAYMENT_METHOD,677,17,5,22,0.7727,0.3,0.25,low_engagement,0.2273,0.7727,growth,221.49,monthly
FAIL_000497,PAY_003265,CUST_0191,SUB_0191,500.8,2024-12-28,BANK_DECLINED,ISSUER_DECLINE,790,23,3,26,0.8846,0.6,0.6,normal,0.1154,0.8846,starter,500.8,monthly
FAIL_000498,PAY_003292,CUST_0192,SUB_0192,378.71,2025-11-24,INSUFFICIENT_FUNDS,CUSTOMER_FINANCIAL,489,15,1,16,0.9375,0.35,0.45,friction_prone,0.0625,0.9375,growth,378.71,monthly
FAIL_000499,PAY_003305,CUST_0193,SUB_0193,1194.76,2024-07-18,BANK_DECLINED,ISSUER_DECLINE,893,24,5,29,0.8276,0.3,0.25,low_engagement,0.1724,0.8276,growth,1194.76,monthly
FAIL_000500,PAY_003325,CUST_0193,SUB_0193,1194.76,2026-03-10,INSUFFICIENT_FUNDS,CUSTOMER_FINANCIAL,893,24,5,29,0.8276,0.3,0.25,low_engagement,0.1724,0.8276,growth,1194.76,monthly
FAIL_000501,PAY_003350,CUST_0194,SUB_0194,3368.12,2026-04-24,NETWORK_ERROR,TECHNICAL,728,23,1,24,0.9583,0.8,0.85,reliable,0.0417,0.9583,pro,3368.12,monthly
FAIL_000502,PAY_003355,CUST_0195,SUB_0195,4257.08,2026-02-01,INSUFFICIENT_FUNDS,CUSTOMER_FINANCIAL,240,7,1,8,0.875,0.8,0.85,reliable,0.125,0.875,pro,4257.08,monthly
FAIL_000503,PAY_003356,CUST_0195,SUB_0195,4257.08,2026-03-03,BANK_DECLINED,ISSUER_DECLINE,240,7,1,8,0.875,0.8,0.85,reliable,0.125,0.875,pro,4257.08,monthly
FAIL_000504,PAY_003405,CUST_0199,SUB_0199,5484.95,2025-08-30,NETWORK_ERROR,TECHNICAL,845,25,3,28,0.8929,0.82,0.9,high_value_loyal,0.1071,0.8929,pro,5484.95,monthly
FAIL_000505,PAY_003409,CUST_0199,SUB_0199,5484.95,2025-12-28,INSUFFICIENT_FUNDS,CUSTOMER_FINANCIAL,845,25,3,28,0.8929,0.82,0.9,high_value_loyal,0.1071,0.8929,pro,5484.95,monthly
FAIL_000506,PAY_003419,CUST_0200,SUB_0200,339.89,2024-05-10,CARD_EXPIRED,PAYMENT_METHOD,902,25,5,30,0.8333,0.3,0.25,low_engagement,0.1667,0.8333,starter,339.89,monthly
FAIL_000507,PAY_003432,CUST_0200,SUB_0200,339.89,2025-06-04,INSUFFICIENT_FUNDS,CUSTOMER_FINANCIAL,902,25,5,30,0.8333,0.3,0.25,low_engagement,0.1667,0.8333,starter,339.89,monthly
FAIL_000508,PAY_003438,CUST_0200,SUB_0200,339.89,2025-12-01,BANK_DECLINED,ISSUER_DECLINE,902,25,5,30,0.8333,0.3,0.25,low_engagement,0.1667,0.8333,starter,339.89,monthly
FAIL_000509,PAY_003443,CUST_0200,SUB_0200,339.89,2026-04-30,INSUFFICIENT_FUNDS,CUSTOMER_FINANCIAL,902,25,5,30,0.8333,0.3,0.25,low_engagement,0.1667,0.8333,starter,339.89,monthly
FAIL_000510,PAY_003446,CUST_0200,SUB_0200,339.89,2026-07-29,BANK_DECLINED,ISSUER_DECLINE,902,25,5,30,0.8333,0.3,0.25,low_engagement,0.1667,0.8333,starter,339.89,monthly
FAIL_000511,PAY_003453,CUST_0202,SUB_0202,324.57,2026-05-11,INSUFFICIENT_FUNDS,CUSTOMER_FINANCIAL,141,2,2,4,0.5,0.3,0.25,low_engagement,0.5,0.5,growth,324.57,monthly
FAIL_000512,PAY_003464,CUST_0204,SUB_0204,213.4,2025-07-12,BANK_DECLINED,ISSUER_DECLINE,444,11,3,14,0.7857,0.3,0.25,low_engagement,0.2143,0.7857,starter,213.4,monthly
FAIL_000513,PAY_003465,CUST_0204,SUB_0204,213.4,2025-08-11,CARD_EXPIRED,PAYMENT_METHOD,444,11,3,14,0.7857,0.3,0.25,low_engagement,0.2143,0.7857,starter,213.4,monthly
FAIL_000514,PAY_003467,CUST_0204,SUB_0204,213.4,2025-10-10,BANK_DECLINED,ISSUER_DECLINE,444,11,3,14,0.7857,0.3,0.25,low_engagement,0.2143,0.7857,starter,213.4,monthly
FAIL_000515,PAY_003478,CUST_0205,SUB_0205,11719.99,2025-08-23,AUTHENTICATION_FAILED,CUSTOMER_ACTION,402,11,2,13,0.8462,0.82,0.9,high_value_loyal,0.1538,0.8462,pro,11719.99,monthly
FAIL_000516,PAY_003495,CUST_0207,SUB_0207,1213.6,2025-10-16,CARD_EXPIRED,PAYMENT_METHOD,408,9,4,13,0.6923,0.35,0.45,friction_prone,0.3077,0.6923,pro,1213.6,monthly
FAIL_000517,PAY_003496,CUST_0207,SUB_0207,1213.6,2025-11-15,INSUFFICIENT_FUNDS,CUSTOMER_FINANCIAL,408,9,4,13,0.6923,0.35,0.45,friction_prone,0.3077,0.6923,pro,1213.6,monthly
FAIL_000518,PAY_003497,CUST_0207,SUB_0207,1213.6,2025-12-15,INSUFFICIENT_FUNDS,CUSTOMER_FINANCIAL,408,9,4,13,0.6923,0.35,0.45,friction_prone,0.3077,0.6923,pro,1213.6,monthly
FAIL_000519,PAY_003501,CUST_0207,SUB_0207,1213.6,2026-04-14,INSUFFICIENT_FUNDS,CUSTOMER_FINANCIAL,408,9,4,13,0.6923,0.35,0.45,friction_prone,0.3077,0.6923,pro,1213.6,monthly
FAIL_000520,PAY_003508,CUST_0208,SUB_0208,355.21,2025-04-20,NETWORK_ERROR,TECHNICAL,587,13,6,19,0.6842,0.3,0.25,low_engagement,0.3158,0.6842,starter,355.21,monthly
FAIL_000521,PAY_003510,CUST_0208,SUB_0208,355.21,2025-06-19,LIMIT_EXCEEDED,PAYMENT_LIMIT,587,13,6,19,0.6842,0.3,0.25,low_engagement,0.3158,0.6842,starter,355.21,monthly
FAIL_000522,PAY_003541,CUST_0210,SUB_0210,799.69,2026-02-18,BANK_DECLINED,ISSUER_DECLINE,523,16,1,17,0.9412,0.8,0.85,reliable,0.0588,0.9412,pro,799.69,monthly
FAIL_000523,PAY_003553,CUST_0211,SUB_0211,1170.85,2024-06-02,BANK_DECLINED,ISSUER_DECLINE,999,25,8,33,0.7576,0.35,0.45,friction_prone,0.2424,0.7576,starter,1170.85,monthly
FAIL_000524,PAY_003556,CUST_0211,SUB_0211,1170.85,2024-08-31,NETWORK_ERROR,TECHNICAL,999,25,8,33,0.7576,0.35,0.45,friction_prone,0.2424,0.7576,starter,1170.85,monthly
FAIL_000525,PAY_003560,CUST_0211,SUB_0211,1170.85,2024-12-29,BANK_DECLINED,ISSUER_DECLINE,999,25,8,33,0.7576,0.35,0.45,friction_prone,0.2424,0.7576,starter,1170.85,monthly
FAIL_000526,PAY_003561,CUST_0211,SUB_0211,1170.85,2025-01-28,NETWORK_ERROR,TECHNICAL,999,25,8,33,0.7576,0.35,0.45,friction_prone,0.2424,0.7576,starter,1170.85,monthly
FAIL_000527,PAY_003563,CUST_0211,SUB_0211,1170.85,2025-03-29,LIMIT_EXCEEDED,PAYMENT_LIMIT,999,25,8,33,0.7576,0.35,0.45,friction_prone,0.2424,0.7576,starter,1170.85,monthly
FAIL_000528,PAY_003566,CUST_0211,SUB_0211,1170.85,2025-06-27,INSUFFICIENT_FUNDS,CUSTOMER_FINANCIAL,999,25,8,33,0.7576,0.35,0.45,friction_prone,0.2424,0.7576,starter,1170.85,monthly
FAIL_000529,PAY_003571,CUST_0211,SUB_0211,1170.85,2025-11-24,INSUFFICIENT_FUNDS,CUSTOMER_FINANCIAL,999,25,8,33,0.7576,0.35,0.45,friction_prone,0.2424,0.7576,starter,1170.85,monthly
FAIL_000530,PAY_003572,CUST_0211,SUB_0211,1170.85,2025-12-24,INSUFFICIENT_FUNDS,CUSTOMER_FINANCIAL,999,25,8,33,0.7576,0.35,0.45,friction_prone,0.2424,0.7576,starter,1170.85,monthly
FAIL_000531,PAY_003575,CUST_0211,SUB_0211,1170.85,2026-03-24,INSUFFICIENT_FUNDS,CUSTOMER_FINANCIAL,999,25,8,33,0.7576,0.35,0.45,friction_prone,0.2424,0.7576,starter,1170.85,monthly
FAIL_000532,PAY_003582,CUST_0212,SUB_0212,404.59,2024-06-04,CARD_EXPIRED,PAYMENT_METHOD,877,22,7,29,0.7586,0.3,0.25,low_engagement,0.2414,0.7586,starter,404.59,monthly
FAIL_000533,PAY_003585,CUST_0212,SUB_0212,404.59,2024-09-02,NETWORK_ERROR,TECHNICAL,877,22,7,29,0.7586,0.3,0.25,low_engagement,0.2414,0.7586,starter,404.59,monthly
FAIL_000534,PAY_003586,CUST_0212,SUB_0212,404.59,2024-10-02,INSUFFICIENT_FUNDS,CUSTOMER_FINANCIAL,877,22,7,29,0.7586,0.3,0.25,low_engagement,0.2414,0.7586,starter,404.59,monthly
FAIL_000535,PAY_003587,CUST_0212,SUB_0212,404.59,2024-11-01,CARD_EXPIRED,PAYMENT_METHOD,877,22,7,29,0.7586,0.3,0.25,low_engagement,0.2414,0.7586,starter,404.59,monthly
FAIL_000536,PAY_003589,CUST_0212,SUB_0212,404.59,2024-12-31,CARD_EXPIRED,PAYMENT_METHOD,877,22,7,29,0.7586,0.3,0.25,low_engagement,0.2414,0.7586,starter,404.59,monthly
FAIL_000537,PAY_003590,CUST_0212,SUB_0212,404.59,2025-01-30,INSUFFICIENT_FUNDS,CUSTOMER_FINANCIAL,877,22,7,29,0.7586,0.3,0.25,low_engagement,0.2414,0.7586,starter,404.59,monthly
FAIL_000538,PAY_003598,CUST_0212,SUB_0212,404.59,2025-09-27,NETWORK_ERROR,TECHNICAL,877,22,7,29,0.7586,0.3,0.25,low_engagement,0.2414,0.7586,starter,404.59,monthly
FAIL_000539,PAY_003600,CUST_0212,SUB_0212,404.59,2025-11-26,CARD_EXPIRED,PAYMENT_METHOD,877,22,7,29,0.7586,0.3,0.25,low_engagement,0.2414,0.7586,starter,404.59,monthly
FAIL_000540,PAY_003607,CUST_0212,SUB_0212,404.59,2026-06-24,INSUFFICIENT_FUNDS,CUSTOMER_FINANCIAL,877,22,7,29,0.7586,0.3,0.25,low_engagement,0.2414,0.7586,starter,404.59,monthly
FAIL_000541,PAY_003609,CUST_0213,SUB_0213,793.46,2024-08-26,CARD_EXPIRED,PAYMENT_METHOD,734,21,3,24,0.875,0.6,0.6,normal,0.125,0.875,growth,793.46,monthly
FAIL_000542,PAY_003650,CUST_0214,SUB_0214,12636.68,2025-10-13,LIMIT_EXCEEDED,PAYMENT_LIMIT,831,24,3,27,0.8889,0.82,0.9,high_value_loyal,0.1111,0.8889,pro,12636.68,monthly
FAIL_000543,PAY_003652,CUST_0214,SUB_0214,12636.68,2025-12-12,INSUFFICIENT_FUNDS,CUSTOMER_FINANCIAL,831,24,3,27,0.8889,0.82,0.9,high_value_loyal,0.1111,0.8889,pro,12636.68,monthly
FAIL_000544,PAY_003653,CUST_0214,SUB_0214,12636.68,2026-01-11,INSUFFICIENT_FUNDS,CUSTOMER_FINANCIAL,831,24,3,27,0.8889,0.82,0.9,high_value_loyal,0.1111,0.8889,pro,12636.68,monthly
FAIL_000545,PAY_003660,CUST_0215,SUB_0215,7312.97,2025-05-08,BANK_DECLINED,ISSUER_DECLINE,479,13,2,15,0.8667,0.82,0.9,high_value_loyal,0.1333,0.8667,growth,7312.97,monthly
FAIL_000546,PAY_003662,CUST_0215,SUB_0215,7312.97,2025-07-07,CARD_EXPIRED,PAYMENT_METHOD,479,13,2,15,0.8667,0.82,0.9,high_value_loyal,0.1333,0.8667,growth,7312.97,monthly
FAIL_000547,PAY_003669,CUST_0215,SUB_0215,7312.97,2026-02-02,LIMIT_EXCEEDED,PAYMENT_LIMIT,479,13,2,15,0.8667,0.82,0.9,high_value_loyal,0.1333,0.8667,growth,7312.97,monthly
FAIL_000548,PAY_003683,CUST_0216,SUB_0216,851.26,2025-05-12,BANK_DECLINED,ISSUER_DECLINE,715,16,7,23,0.6957,0.35,0.45,friction_prone,0.3043,0.6957,growth,851.26,monthly
FAIL_000549,PAY_003688,CUST_0216,SUB_0216,851.26,2025-10-09,NETWORK_ERROR,TECHNICAL,715,16,7,23,0.6957,0.35,0.45,friction_prone,0.3043,0.6957,growth,851.26,monthly
FAIL_000550,PAY_003694,CUST_0216,SUB_0216,851.26,2026-04-07,INSUFFICIENT_FUNDS,CUSTOMER_FINANCIAL,715,16,7,23,0.6957,0.35,0.45,friction_prone,0.3043,0.6957,growth,851.26,monthly
FAIL_000551,PAY_003710,CUST_0217,SUB_0217,437.85,2025-04-15,CARD_EXPIRED,PAYMENT_METHOD,862,23,5,28,0.8214,0.3,0.25,low_engagement,0.1786,0.8214,growth,437.85,monthly
FAIL_000552,PAY_003711,CUST_0217,SUB_0217,437.85,2025-05-15,CARD_EXPIRED,PAYMENT_METHOD,862,23,5,28,0.8214,0.3,0.25,low_engagement,0.1786,0.8214,growth,437.85,monthly
FAIL_000553,PAY_003712,CUST_0217,SUB_0217,437.85,2025-06-14,INSUFFICIENT_FUNDS,CUSTOMER_FINANCIAL,862,23,5,28,0.8214,0.3,0.25,low_engagement,0.1786,0.8214,growth,437.85,monthly
FAIL_000554,PAY_003716,CUST_0217,SUB_0217,437.85,2025-10-12,CARD_EXPIRED,PAYMENT_METHOD,862,23,5,28,0.8214,0.3,0.25,low_engagement,0.1786,0.8214,growth,437.85,monthly
FAIL_000555,PAY_003719,CUST_0217,SUB_0217,437.85,2026-01-10,AUTHENTICATION_FAILED,CUSTOMER_ACTION,862,23,5,28,0.8214,0.3,0.25,low_engagement,0.1786,0.8214,growth,437.85,monthly
FAIL_000556,PAY_003722,CUST_0217,SUB_0217,437.85,2026-04-10,NETWORK_ERROR,TECHNICAL,862,23,5,28,0.8214,0.3,0.25,low_engagement,0.1786,0.8214,growth,437.85,monthly
FAIL_000557,PAY_003723,CUST_0217,SUB_0217,437.85,2026-05-10,INSUFFICIENT_FUNDS,CUSTOMER_FINANCIAL,862,23,5,28,0.8214,0.3,0.25,low_engagement,0.1786,0.8214,growth,437.85,monthly
FAIL_000558,PAY_003727,CUST_0218,SUB_0218,7125.56,2025-10-13,LIMIT_EXCEEDED,PAYMENT_LIMIT,351,10,1,11,0.9091,0.82,0.9,high_value_loyal,0.0909,0.9091,pro,7125.56,monthly
FAIL_000559,PAY_003736,CUST_0218,SUB_0218,7125.56,2026-07-10,AUTHENTICATION_FAILED,CUSTOMER_ACTION,351,10,1,11,0.9091,0.82,0.9,high_value_loyal,0.0909,0.9091,pro,7125.56,monthly
FAIL_000560,PAY_003738,CUST_0219,SUB_0219,454.09,2024-04-26,INSUFFICIENT_FUNDS,CUSTOMER_FINANCIAL,886,23,6,29,0.7931,0.6,0.6,normal,0.2069,0.7931,starter,454.09,monthly
FAIL_000561,PAY_003744,CUST_0219,SUB_0219,454.09,2024-10-23,BANK_DECLINED,ISSUER_DECLINE,886,23,6,29,0.7931,0.6,0.6,normal,0.2069,0.7931,starter,454.09,monthly
FAIL_000562,PAY_003749,CUST_0219,SUB_0219,454.09,2025-03-22,BANK_DECLINED,ISSUER_DECLINE,886,23,6,29,0.7931,0.6,0.6,normal,0.2069,0.7931,starter,454.09,monthly
FAIL_000563,PAY_003752,CUST_0219,SUB_0219,454.09,2025-06-20,BANK_DECLINED,ISSUER_DECLINE,886,23,6,29,0.7931,0.6,0.6,normal,0.2069,0.7931,starter,454.09,monthly
FAIL_000564,PAY_003759,CUST_0219,SUB_0219,454.09,2026-01-16,INSUFFICIENT_FUNDS,CUSTOMER_FINANCIAL,886,23,6,29,0.7931,0.6,0.6,normal,0.2069,0.7931,starter,454.09,monthly
FAIL_000565,PAY_003776,CUST_0221,SUB_0221,3408.64,2026-01-29,AUTHENTICATION_FAILED,CUSTOMER_ACTION,363,11,1,12,0.9167,0.8,0.85,reliable,0.0833,0.9167,pro,3408.64,monthly
FAIL_000566,PAY_003791,CUST_0222,SUB_0222,1605.38,2025-12-22,CARD_EXPIRED,PAYMENT_METHOD,491,13,3,16,0.8125,0.35,0.45,friction_prone,0.1875,0.8125,growth,1605.38,monthly
FAIL_000567,PAY_003794,CUST_0222,SUB_0222,1605.38,2026-03-22,INSUFFICIENT_FUNDS,CUSTOMER_FINANCIAL,491,13,3,16,0.8125,0.35,0.45,friction_prone,0.1875,0.8125,growth,1605.38,monthly
FAIL_000568,PAY_003798,CUST_0222,SUB_0222,1605.38,2026-07-20,LIMIT_EXCEEDED,PAYMENT_LIMIT,491,13,3,16,0.8125,0.35,0.45,friction_prone,0.1875,0.8125,growth,1605.38,monthly
FAIL_000569,PAY_003805,CUST_0223,SUB_0223,819.65,2025-07-30,CARD_EXPIRED,PAYMENT_METHOD,576,16,3,19,0.8421,0.3,0.25,low_engagement,0.1579,0.8421,starter,819.65,monthly
FAIL_000570,PAY_003808,CUST_0223,SUB_0223,819.65,2025-10-28,AUTHENTICATION_FAILED,CUSTOMER_ACTION,576,16,3,19,0.8421,0.3,0.25,low_engagement,0.1579,0.8421,starter,819.65,monthly
FAIL_000571,PAY_003821,CUST_0224,SUB_0224,1274.95,2026-04-09,CARD_EXPIRED,PAYMENT_METHOD,233,6,1,7,0.8571,0.3,0.25,low_engagement,0.1429,0.8571,growth,1274.95,monthly
FAIL_000572,PAY_003822,CUST_0224,SUB_0224,1274.95,2026-05-09,BANK_DECLINED,ISSUER_DECLINE,233,6,1,7,0.8571,0.3,0.25,low_engagement,0.1429,0.8571,growth,1274.95,monthly
FAIL_000573,PAY_003861,CUST_0226,SUB_0226,974.55,2025-11-17,NETWORK_ERROR,TECHNICAL,436,12,2,14,0.8571,0.6,0.6,normal,0.1429,0.8571,growth,974.55,monthly
FAIL_000574,PAY_003865,CUST_0226,SUB_0226,974.55,2026-03-17,LIMIT_EXCEEDED,PAYMENT_LIMIT,436,12,2,14,0.8571,0.6,0.6,normal,0.1429,0.8571,growth,974.55,monthly
FAIL_000575,PAY_003877,CUST_0227,SUB_0227,9730.73,2025-05-26,INSUFFICIENT_FUNDS,CUSTOMER_FINANCIAL,671,20,2,22,0.9091,0.82,0.9,high_value_loyal,0.0909,0.9091,pro,9730.73,monthly
FAIL_000576,PAY_003897,CUST_0228,SUB_0228,662.65,2026-05-10,AUTHENTICATION_FAILED,CUSTOMER_ACTION,262,5,3,8,0.625,0.3,0.25,low_engagement,0.375,0.625,growth,662.65,monthly
FAIL_000577,PAY_003898,CUST_0228,SUB_0228,662.65,2026-06-09,NETWORK_ERROR,TECHNICAL,262,5,3,8,0.625,0.3,0.25,low_engagement,0.375,0.625,growth,662.65,monthly
FAIL_000578,PAY_003899,CUST_0228,SUB_0228,662.65,2026-07-09,BANK_DECLINED,ISSUER_DECLINE,262,5,3,8,0.625,0.3,0.25,low_engagement,0.375,0.625,growth,662.65,monthly
FAIL_000579,PAY_003900,CUST_0229,SUB_0229,902.45,2025-04-07,BANK_DECLINED,ISSUER_DECLINE,510,10,7,17,0.5882,0.35,0.45,friction_prone,0.4118,0.5882,pro,902.45,monthly
FAIL_000580,PAY_003909,CUST_0229,SUB_0229,902.45,2026-01-02,NETWORK_ERROR,TECHNICAL,510,10,7,17,0.5882,0.35,0.45,friction_prone,0.4118,0.5882,pro,902.45,monthly
FAIL_000581,PAY_003914,CUST_0229,SUB_0229,902.45,2026-06-01,INSUFFICIENT_FUNDS,CUSTOMER_FINANCIAL,510,10,7,17,0.5882,0.35,0.45,friction_prone,0.4118,0.5882,pro,902.45,monthly
FAIL_000582,PAY_003916,CUST_0229,SUB_0229,902.45,2026-07-31,CARD_EXPIRED,PAYMENT_METHOD,510,10,7,17,0.5882,0.35,0.45,friction_prone,0.4118,0.5882,pro,902.45,monthly
FAIL_000583,PAY_003918,CUST_0230,SUB_0230,937.32,2026-06-10,CARD_EXPIRED,PAYMENT_METHOD,111,2,1,3,0.6667,0.35,0.45,friction_prone,0.3333,0.6667,starter,937.32,monthly
FAIL_000584,PAY_003919,CUST_0230,SUB_0230,937.32,2026-07-10,INSUFFICIENT_FUNDS,CUSTOMER_FINANCIAL,111,2,1,3,0.6667,0.35,0.45,friction_prone,0.3333,0.6667,starter,937.32,monthly
FAIL_000585,PAY_003929,CUST_0231,SUB_0231,812.86,2026-07-10,AUTHENTICATION_FAILED,CUSTOMER_ACTION,321,9,1,10,0.9,0.35,0.45,friction_prone,0.1,0.9,starter,812.86,monthly
FAIL_000586,PAY_003964,CUST_0234,SUB_0234,992.15,2025-01-20,INSUFFICIENT_FUNDS,CUSTOMER_FINANCIAL,947,27,4,31,0.871,0.6,0.6,normal,0.129,0.871,pro,992.15,monthly
FAIL_000587,PAY_003973,CUST_0234,SUB_0234,992.15,2025-10-17,BANK_DECLINED,ISSUER_DECLINE,947,27,4,31,0.871,0.6,0.6,normal,0.129,0.871,pro,992.15,monthly
FAIL_000588,PAY_003983,CUST_0235,SUB_0235,1093.64,2024-12-10,BANK_DECLINED,ISSUER_DECLINE,628,14,6,20,0.7,0.35,0.45,friction_prone,0.3,0.7,pro,1093.64,monthly
FAIL_000589,PAY_003991,CUST_0235,SUB_0235,1093.64,2025-08-07,INSUFFICIENT_FUNDS,CUSTOMER_FINANCIAL,628,14,6,20,0.7,0.35,0.45,friction_prone,0.3,0.7,pro,1093.64,monthly
FAIL_000590,PAY_003999,CUST_0235,SUB_0235,1093.64,2026-04-04,INSUFFICIENT_FUNDS,CUSTOMER_FINANCIAL,628,14,6,20,0.7,0.35,0.45,friction_prone,0.3,0.7,pro,1093.64,monthly
FAIL_000591,PAY_004005,CUST_0236,SUB_0236,1414.91,2025-03-07,CARD_EXPIRED,PAYMENT_METHOD,601,13,7,20,0.65,0.35,0.45,friction_prone,0.35,0.65,growth,1414.91,monthly
FAIL_000592,PAY_004006,CUST_0236,SUB_0236,1414.91,2025-04-06,INSUFFICIENT_FUNDS,CUSTOMER_FINANCIAL,601,13,7,20,0.65,0.35,0.45,friction_prone,0.35,0.65,growth,1414.91,monthly
FAIL_000593,PAY_004007,CUST_0236,SUB_0236,1414.91,2025-05-06,INSUFFICIENT_FUNDS,CUSTOMER_FINANCIAL,601,13,7,20,0.65,0.35,0.45,friction_prone,0.35,0.65,growth,1414.91,monthly
FAIL_000594,PAY_004014,CUST_0236,SUB_0236,1414.91,2025-12-02,CARD_EXPIRED,PAYMENT_METHOD,601,13,7,20,0.65,0.35,0.45,friction_prone,0.35,0.65,growth,1414.91,monthly
FAIL_000595,PAY_004015,CUST_0236,SUB_0236,1414.91,2026-01-01,INSUFFICIENT_FUNDS,CUSTOMER_FINANCIAL,601,13,7,20,0.65,0.35,0.45,friction_prone,0.35,0.65,growth,1414.91,monthly
FAIL_000596,PAY_004018,CUST_0236,SUB_0236,1414.91,2026-04-01,AUTHENTICATION_FAILED,CUSTOMER_ACTION,601,13,7,20,0.65,0.35,0.45,friction_prone,0.35,0.65,growth,1414.91,monthly
FAIL_000597,PAY_004019,CUST_0236,SUB_0236,1414.91,2026-05-01,NETWORK_ERROR,TECHNICAL,601,13,7,20,0.65,0.35,0.45,friction_prone,0.35,0.65,growth,1414.91,monthly
FAIL_000598,PAY_004020,CUST_0236,SUB_0236,1414.91,2026-05-31,INSUFFICIENT_FUNDS,CUSTOMER_FINANCIAL,601,13,7,20,0.65,0.35,0.45,friction_prone,0.35,0.65,growth,1414.91,monthly
FAIL_000599,PAY_004027,CUST_0238,SUB_0238,746.31,2025-05-23,INSUFFICIENT_FUNDS,CUSTOMER_FINANCIAL,494,13,3,16,0.8125,0.35,0.45,friction_prone,0.1875,0.8125,starter,746.31,monthly
FAIL_000600,PAY_004071,CUST_0240,SUB_0240,2643.64,2025-11-04,LIMIT_EXCEEDED,PAYMENT_LIMIT,509,15,1,16,0.9375,0.8,0.85,reliable,0.0625,0.9375,growth,2643.64,monthly
FAIL_000601,PAY_004082,CUST_0241,SUB_0241,15000.0,2026-03-19,INSUFFICIENT_FUNDS,CUSTOMER_FINANCIAL,224,6,1,7,0.8571,0.82,0.9,high_value_loyal,0.1429,0.8571,pro,15000.0,monthly
FAIL_000602,PAY_004087,CUST_0242,SUB_0242,408.16,2025-07-30,CARD_EXPIRED,PAYMENT_METHOD,396,10,3,13,0.7692,0.3,0.25,low_engagement,0.2308,0.7692,starter,408.16,monthly
FAIL_000603,PAY_004088,CUST_0242,SUB_0242,408.16,2025-08-29,BANK_DECLINED,ISSUER_DECLINE,396,10,3,13,0.7692,0.3,0.25,low_engagement,0.2308,0.7692,starter,408.16,monthly
FAIL_000604,PAY_004093,CUST_0242,SUB_0242,408.16,2026-01-26,CARD_EXPIRED,PAYMENT_METHOD,396,10,3,13,0.7692,0.3,0.25,low_engagement,0.2308,0.7692,starter,408.16,monthly
FAIL_000605,PAY_004104,CUST_0243,SUB_0243,928.54,2025-10-02,NETWORK_ERROR,TECHNICAL,452,8,7,15,0.5333,0.35,0.45,friction_prone,0.4667,0.5333,starter,928.54,monthly
FAIL_000606,PAY_004105,CUST_0243,SUB_0243,928.54,2025-11-01,BANK_DECLINED,ISSUER_DECLINE,452,8,7,15,0.5333,0.35,0.45,friction_prone,0.4667,0.5333,starter,928.54,monthly
FAIL_000607,PAY_004108,CUST_0243,SUB_0243,928.54,2026-01-30,BANK_DECLINED,ISSUER_DECLINE,452,8,7,15,0.5333,0.35,0.45,friction_prone,0.4667,0.5333,starter,928.54,monthly
FAIL_000608,PAY_004110,CUST_0243,SUB_0243,928.54,2026-03-31,CARD_EXPIRED,PAYMENT_METHOD,452,8,7,15,0.5333,0.35,0.45,friction_prone,0.4667,0.5333,starter,928.54,monthly
FAIL_000609,PAY_004114,CUST_0243,SUB_0243,928.54,2026-07-29,INSUFFICIENT_FUNDS,CUSTOMER_FINANCIAL,452,8,7,15,0.5333,0.35,0.45,friction_prone,0.4667,0.5333,starter,928.54,monthly
FAIL_000610,PAY_004115,CUST_0244,SUB_0244,1067.83,2024-02-01,INSUFFICIENT_FUNDS,CUSTOMER_FINANCIAL,941,27,4,31,0.871,0.6,0.6,normal,0.129,0.871,growth,1067.83,monthly
FAIL_000611,PAY_004117,CUST_0244,SUB_0244,1067.83,2024-04-01,NETWORK_ERROR,TECHNICAL,941,27,4,31,0.871,0.6,0.6,normal,0.129,0.871,growth,1067.83,monthly
FAIL_000612,PAY_004121,CUST_0244,SUB_0244,1067.83,2024-07-30,INSUFFICIENT_FUNDS,CUSTOMER_FINANCIAL,941,27,4,31,0.871,0.6,0.6,normal,0.129,0.871,growth,1067.83,monthly
FAIL_000613,PAY_004128,CUST_0244,SUB_0244,1067.83,2025-02-25,BANK_DECLINED,ISSUER_DECLINE,941,27,4,31,0.871,0.6,0.6,normal,0.129,0.871,growth,1067.83,monthly
FAIL_000614,PAY_004130,CUST_0244,SUB_0244,1067.83,2025-04-26,BANK_DECLINED,ISSUER_DECLINE,941,27,4,31,0.871,0.6,0.6,normal,0.129,0.871,growth,1067.83,monthly
FAIL_000615,PAY_004131,CUST_0244,SUB_0244,1067.83,2025-05-26,BANK_DECLINED,ISSUER_DECLINE,941,27,4,31,0.871,0.6,0.6,normal,0.129,0.871,growth,1067.83,monthly
FAIL_000616,PAY_004135,CUST_0244,SUB_0244,1067.83,2025-09-23,BANK_DECLINED,ISSUER_DECLINE,941,27,4,31,0.871,0.6,0.6,normal,0.129,0.871,growth,1067.83,monthly
FAIL_000617,PAY_004139,CUST_0244,SUB_0244,1067.83,2026-01-21,NETWORK_ERROR,TECHNICAL,941,27,4,31,0.871,0.6,0.6,normal,0.129,0.871,growth,1067.83,monthly
FAIL_000618,PAY_004147,CUST_0245,SUB_0245,4573.71,2024-08-12,BANK_DECLINED,ISSUER_DECLINE,778,23,2,25,0.92,0.8,0.85,reliable,0.08,0.92,pro,4573.71,monthly
FAIL_000619,PAY_004151,CUST_0245,SUB_0245,4573.71,2024-12-10,NETWORK_ERROR,TECHNICAL,778,23,2,25,0.92,0.8,0.85,reliable,0.08,0.92,pro,4573.71,monthly
FAIL_000620,PAY_004160,CUST_0245,SUB_0245,4573.71,2025-09-06,INSUFFICIENT_FUNDS,CUSTOMER_FINANCIAL,778,23,2,25,0.92,0.8,0.85,reliable,0.08,0.92,pro,4573.71,monthly
FAIL_000621,PAY_004165,CUST_0245,SUB_0245,4573.71,2026-02-03,INSUFFICIENT_FUNDS,CUSTOMER_FINANCIAL,778,23,2,25,0.92,0.8,0.85,reliable,0.08,0.92,pro,4573.71,monthly
FAIL_000622,PAY_004188,CUST_0246,SUB_0246,1197.51,2026-07-25,INSUFFICIENT_FUNDS,CUSTOMER_FINANCIAL,546,17,1,18,0.9444,0.3,0.25,low_engagement,0.0556,0.9444,growth,1197.51,monthly
FAIL_000623,PAY_004198,CUST_0248,SUB_0248,200.0,2024-09-28,INSUFFICIENT_FUNDS,CUSTOMER_FINANCIAL,701,15,8,23,0.6522,0.3,0.25,low_engagement,0.3478,0.6522,starter,200.0,monthly
FAIL_000624,PAY_004203,CUST_0248,SUB_0248,200.0,2025-02-25,INSUFFICIENT_FUNDS,CUSTOMER_FINANCIAL,701,15,8,23,0.6522,0.3,0.25,low_engagement,0.3478,0.6522,starter,200.0,monthly
FAIL_000625,PAY_004205,CUST_0248,SUB_0248,200.0,2025-04-26,NETWORK_ERROR,TECHNICAL,701,15,8,23,0.6522,0.3,0.25,low_engagement,0.3478,0.6522,starter,200.0,monthly
FAIL_000626,PAY_004206,CUST_0248,SUB_0248,200.0,2025-05-26,CARD_EXPIRED,PAYMENT_METHOD,701,15,8,23,0.6522,0.3,0.25,low_engagement,0.3478,0.6522,starter,200.0,monthly
FAIL_000627,PAY_004208,CUST_0248,SUB_0248,200.0,2025-07-25,INSUFFICIENT_FUNDS,CUSTOMER_FINANCIAL,701,15,8,23,0.6522,0.3,0.25,low_engagement,0.3478,0.6522,starter,200.0,monthly
FAIL_000628,PAY_004222,CUST_0249,SUB_0249,347.81,2026-01-28,INSUFFICIENT_FUNDS,CUSTOMER_FINANCIAL,244,5,3,8,0.625,0.35,0.45,friction_prone,0.375,0.625,pro,347.81,monthly
FAIL_000629,PAY_004224,CUST_0249,SUB_0249,347.81,2026-03-29,BANK_DECLINED,ISSUER_DECLINE,244,5,3,8,0.625,0.35,0.45,friction_prone,0.375,0.625,pro,347.81,monthly
FAIL_000630,PAY_004236,CUST_0250,SUB_0250,10968.64,2025-07-10,CARD_EXPIRED,PAYMENT_METHOD,626,18,2,20,0.9,0.82,0.9,high_value_loyal,0.1,0.9,growth,10968.64,monthly
FAIL_000631,PAY_004241,CUST_0250,SUB_0250,10968.64,2025-12-07,LIMIT_EXCEEDED,PAYMENT_LIMIT,626,18,2,20,0.9,0.82,0.9,high_value_loyal,0.1,0.9,growth,10968.64,monthly
FAIL_000632,PAY_004280,CUST_0252,SUB_0252,609.3,2024-09-05,NETWORK_ERROR,TECHNICAL,724,16,8,24,0.6667,0.3,0.25,low_engagement,0.3333,0.6667,starter,609.3,monthly
FAIL_000633,PAY_004284,CUST_0252,SUB_0252,609.3,2025-01-03,INSUFFICIENT_FUNDS,CUSTOMER_FINANCIAL,724,16,8,24,0.6667,0.3,0.25,low_engagement,0.3333,0.6667,starter,609.3,monthly
FAIL_000634,PAY_004294,CUST_0252,SUB_0252,609.3,2025-10-30,INSUFFICIENT_FUNDS,CUSTOMER_FINANCIAL,724,16,8,24,0.6667,0.3,0.25,low_engagement,0.3333,0.6667,starter,609.3,monthly
FAIL_000635,PAY_004297,CUST_0252,SUB_0252,609.3,2026-01-28,INSUFFICIENT_FUNDS,CUSTOMER_FINANCIAL,724,16,8,24,0.6667,0.3,0.25,low_engagement,0.3333,0.6667,starter,609.3,monthly
FAIL_000636,PAY_004301,CUST_0252,SUB_0252,609.3,2026-05-28,INSUFFICIENT_FUNDS,CUSTOMER_FINANCIAL,724,16,8,24,0.6667,0.3,0.25,low_engagement,0.3333,0.6667,starter,609.3,monthly
FAIL_000637,PAY_004303,CUST_0252,SUB_0252,609.3,2026-07-27,INSUFFICIENT_FUNDS,CUSTOMER_FINANCIAL,724,16,8,24,0.6667,0.3,0.25,low_engagement,0.3333,0.6667,starter,609.3,monthly
FAIL_000638,PAY_004309,CUST_0253,SUB_0253,762.66,2024-12-22,INSUFFICIENT_FUNDS,CUSTOMER_FINANCIAL,766,20,5,25,0.8,0.3,0.25,low_engagement,0.2,0.8,growth,762.66,monthly
FAIL_000639,PAY_004318,CUST_0253,SUB_0253,762.66,2025-09-18,NETWORK_ERROR,TECHNICAL,766,20,5,25,0.8,0.3,0.25,low_engagement,0.2,0.8,growth,762.66,monthly
FAIL_000640,PAY_004324,CUST_0253,SUB_0253,762.66,2026-03-17,INSUFFICIENT_FUNDS,CUSTOMER_FINANCIAL,766,20,5,25,0.8,0.3,0.25,low_engagement,0.2,0.8,growth,762.66,monthly
FAIL_000641,PAY_004327,CUST_0253,SUB_0253,762.66,2026-06-15,LIMIT_EXCEEDED,PAYMENT_LIMIT,766,20,5,25,0.8,0.3,0.25,low_engagement,0.2,0.8,growth,762.66,monthly
FAIL_000642,PAY_004330,CUST_0254,SUB_0254,1610.91,2025-04-03,BANK_DECLINED,ISSUER_DECLINE,544,14,4,18,0.7778,0.6,0.6,normal,0.2222,0.7778,pro,1610.91,monthly
FAIL_000643,PAY_004334,CUST_0254,SUB_0254,1610.91,2025-08-01,NETWORK_ERROR,TECHNICAL,544,14,4,18,0.7778,0.6,0.6,normal,0.2222,0.7778,pro,1610.91,monthly
FAIL_000644,PAY_004346,CUST_0254,SUB_0254,1610.91,2026-07-27,INSUFFICIENT_FUNDS,CUSTOMER_FINANCIAL,544,14,4,18,0.7778,0.6,0.6,normal,0.2222,0.7778,pro,1610.91,monthly
FAIL_000645,PAY_004352,CUST_0255,SUB_0255,893.84,2025-08-14,AUTHENTICATION_FAILED,CUSTOMER_ACTION,531,13,4,17,0.7647,0.3,0.25,low_engagement,0.2353,0.7647,starter,893.84,monthly
FAIL_000646,PAY_004353,CUST_0255,SUB_0255,893.84,2025-09-13,BANK_DECLINED,ISSUER_DECLINE,531,13,4,17,0.7647,0.3,0.25,low_engagement,0.2353,0.7647,starter,893.84,monthly
FAIL_000647,PAY_004357,CUST_0255,SUB_0255,893.84,2026-01-11,AUTHENTICATION_FAILED,CUSTOMER_ACTION,531,13,4,17,0.7647,0.3,0.25,low_engagement,0.2353,0.7647,starter,893.84,monthly
FAIL_000648,PAY_004358,CUST_0255,SUB_0255,893.84,2026-02-10,NETWORK_ERROR,TECHNICAL,531,13,4,17,0.7647,0.3,0.25,low_engagement,0.2353,0.7647,starter,893.84,monthly
FAIL_000649,PAY_004406,CUST_0259,SUB_0259,432.07,2025-03-12,BANK_DECLINED,ISSUER_DECLINE,656,18,3,21,0.8571,0.3,0.25,low_engagement,0.1429,0.8571,starter,432.07,monthly
FAIL_000650,PAY_004411,CUST_0259,SUB_0259,432.07,2025-08-09,BANK_DECLINED,ISSUER_DECLINE,656,18,3,21,0.8571,0.3,0.25,low_engagement,0.1429,0.8571,starter,432.07,monthly
FAIL_000651,PAY_004430,CUST_0260,SUB_0260,8195.0,2024-10-04,INSUFFICIENT_FUNDS,CUSTOMER_FINANCIAL,905,29,1,30,0.9667,0.82,0.9,high_value_loyal,0.0333,0.9667,growth,8195.0,monthly
FAIL_000652,PAY_004454,CUST_0261,SUB_0261,768.63,2026-03-02,INSUFFICIENT_FUNDS,CUSTOMER_FINANCIAL,211,5,2,7,0.7143,0.3,0.25,low_engagement,0.2857,0.7143,starter,768.63,monthly
FAIL_000653,PAY_004462,CUST_0262,SUB_0262,1739.87,2024-08-14,LIMIT_EXCEEDED,PAYMENT_LIMIT,806,23,3,26,0.8846,0.8,0.85,reliable,0.1154,0.8846,starter,1739.87,monthly
FAIL_000654,PAY_004463,CUST_0262,SUB_0262,1739.87,2024-09-13,BANK_DECLINED,ISSUER_DECLINE,806,23,3,26,0.8846,0.8,0.85,reliable,0.1154,0.8846,starter,1739.87,monthly
FAIL_000655,PAY_004471,CUST_0262,SUB_0262,1739.87,2025-05-11,CARD_EXPIRED,PAYMENT_METHOD,806,23,3,26,0.8846,0.8,0.85,reliable,0.1154,0.8846,starter,1739.87,monthly
FAIL_000656,PAY_004480,CUST_0262,SUB_0262,1739.87,2026-02-05,BANK_DECLINED,ISSUER_DECLINE,806,23,3,26,0.8846,0.8,0.85,reliable,0.1154,0.8846,starter,1739.87,monthly
FAIL_000657,PAY_004503,CUST_0264,SUB_0264,457.82,2025-11-13,INSUFFICIENT_FUNDS,CUSTOMER_FINANCIAL,290,7,2,9,0.7778,0.35,0.45,friction_prone,0.2222,0.7778,pro,457.82,monthly
FAIL_000658,PAY_004551,CUST_0267,SUB_0267,768.06,2025-05-25,BANK_DECLINED,ISSUER_DECLINE,492,12,4,16,0.75,0.35,0.45,friction_prone,0.25,0.75,starter,768.06,monthly
FAIL_000659,PAY_004552,CUST_0267,SUB_0267,768.06,2025-06-24,INSUFFICIENT_FUNDS,CUSTOMER_FINANCIAL,492,12,4,16,0.75,0.35,0.45,friction_prone,0.25,0.75,starter,768.06,monthly
FAIL_000660,PAY_004568,CUST_0268,SUB_0268,648.75,2024-08-03,INSUFFICIENT_FUNDS,CUSTOMER_FINANCIAL,817,23,4,27,0.8519,0.6,0.6,normal,0.1481,0.8519,growth,648.75,monthly
FAIL_000661,PAY_004574,CUST_0268,SUB_0268,648.75,2025-01-30,BANK_DECLINED,ISSUER_DECLINE,817,23,4,27,0.8519,0.6,0.6,normal,0.1481,0.8519,growth,648.75,monthly
FAIL_000662,PAY_004578,CUST_0268,SUB_0268,648.75,2025-05-30,INSUFFICIENT_FUNDS,CUSTOMER_FINANCIAL,817,23,4,27,0.8519,0.6,0.6,normal,0.1481,0.8519,growth,648.75,monthly
FAIL_000663,PAY_004588,CUST_0268,SUB_0268,648.75,2026-03-26,LIMIT_EXCEEDED,PAYMENT_LIMIT,817,23,4,27,0.8519,0.6,0.6,normal,0.1481,0.8519,growth,648.75,monthly
FAIL_000664,PAY_004590,CUST_0268,SUB_0268,648.75,2026-05-25,INSUFFICIENT_FUNDS,CUSTOMER_FINANCIAL,817,23,4,27,0.8519,0.6,0.6,normal,0.1481,0.8519,growth,648.75,monthly
FAIL_000665,PAY_004594,CUST_0269,SUB_0269,1477.76,2026-03-31,NETWORK_ERROR,TECHNICAL,182,5,1,6,0.8333,0.35,0.45,friction_prone,0.1667,0.8333,growth,1477.76,monthly
FAIL_000666,PAY_004597,CUST_0269,SUB_0269,1477.76,2026-06-29,BANK_DECLINED,ISSUER_DECLINE,182,5,1,6,0.8333,0.35,0.45,friction_prone,0.1667,0.8333,growth,1477.76,monthly
FAIL_000667,PAY_004608,CUST_0270,SUB_0270,462.89,2026-07-24,NETWORK_ERROR,TECHNICAL,307,9,1,10,0.9,0.35,0.45,friction_prone,0.1,0.9,pro,462.89,monthly
FAIL_000668,PAY_004624,CUST_0272,SUB_0272,585.74,2026-04-18,INSUFFICIENT_FUNDS,CUSTOMER_FINANCIAL,164,4,1,5,0.8,0.3,0.25,low_engagement,0.2,0.8,starter,585.74,monthly
FAIL_000669,PAY_004627,CUST_0272,SUB_0272,585.74,2026-07-17,NETWORK_ERROR,TECHNICAL,164,4,1,5,0.8,0.3,0.25,low_engagement,0.2,0.8,starter,585.74,monthly
FAIL_000670,PAY_004676,CUST_0276,SUB_0276,382.33,2025-06-26,BANK_DECLINED,ISSUER_DECLINE,640,15,6,21,0.7143,0.3,0.25,low_engagement,0.2857,0.7143,starter,382.33,monthly
FAIL_000671,PAY_004679,CUST_0276,SUB_0276,382.33,2025-09-24,BANK_DECLINED,ISSUER_DECLINE,640,15,6,21,0.7143,0.3,0.25,low_engagement,0.2857,0.7143,starter,382.33,monthly
FAIL_000672,PAY_004681,CUST_0276,SUB_0276,382.33,2025-11-23,AUTHENTICATION_FAILED,CUSTOMER_ACTION,640,15,6,21,0.7143,0.3,0.25,low_engagement,0.2857,0.7143,starter,382.33,monthly
FAIL_000673,PAY_004690,CUST_0277,SUB_0277,470.05,2024-12-17,LIMIT_EXCEEDED,PAYMENT_LIMIT,621,10,10,20,0.5,0.3,0.25,low_engagement,0.5,0.5,starter,470.05,monthly
FAIL_000674,PAY_004691,CUST_0277,SUB_0277,470.05,2025-01-16,BANK_DECLINED,ISSUER_DECLINE,621,10,10,20,0.5,0.3,0.25,low_engagement,0.5,0.5,starter,470.05,monthly
FAIL_000675,PAY_004692,CUST_0277,SUB_0277,470.05,2025-02-15,NETWORK_ERROR,TECHNICAL,621,10,10,20,0.5,0.3,0.25,low_engagement,0.5,0.5,starter,470.05,monthly
FAIL_000676,PAY_004696,CUST_0277,SUB_0277,470.05,2025-06-15,NETWORK_ERROR,TECHNICAL,621,10,10,20,0.5,0.3,0.25,low_engagement,0.5,0.5,starter,470.05,monthly
FAIL_000677,PAY_004699,CUST_0277,SUB_0277,470.05,2025-09-13,CARD_EXPIRED,PAYMENT_METHOD,621,10,10,20,0.5,0.3,0.25,low_engagement,0.5,0.5,starter,470.05,monthly
FAIL_000678,PAY_004700,CUST_0277,SUB_0277,470.05,2025-10-13,LIMIT_EXCEEDED,PAYMENT_LIMIT,621,10,10,20,0.5,0.3,0.25,low_engagement,0.5,0.5,starter,470.05,monthly
FAIL_000679,PAY_004703,CUST_0277,SUB_0277,470.05,2026-01-11,INSUFFICIENT_FUNDS,CUSTOMER_FINANCIAL,621,10,10,20,0.5,0.3,0.25,low_engagement,0.5,0.5,starter,470.05,monthly
FAIL_000680,PAY_004704,CUST_0277,SUB_0277,470.05,2026-02-10,INSUFFICIENT_FUNDS,CUSTOMER_FINANCIAL,621,10,10,20,0.5,0.3,0.25,low_engagement,0.5,0.5,starter,470.05,monthly
FAIL_000681,PAY_004705,CUST_0277,SUB_0277,470.05,2026-03-12,CARD_EXPIRED,PAYMENT_METHOD,621,10,10,20,0.5,0.3,0.25,low_engagement,0.5,0.5,starter,470.05,monthly
FAIL_000682,PAY_004706,CUST_0277,SUB_0277,470.05,2026-04-11,INSUFFICIENT_FUNDS,CUSTOMER_FINANCIAL,621,10,10,20,0.5,0.3,0.25,low_engagement,0.5,0.5,starter,470.05,monthly
FAIL_000683,PAY_004708,CUST_0277,SUB_0277,470.05,2026-06-10,INSUFFICIENT_FUNDS,CUSTOMER_FINANCIAL,621,10,10,20,0.5,0.3,0.25,low_engagement,0.5,0.5,starter,470.05,monthly
FAIL_000684,PAY_004710,CUST_0278,SUB_0278,1144.71,2026-04-10,INSUFFICIENT_FUNDS,CUSTOMER_FINANCIAL,142,1,3,4,0.25,0.35,0.45,friction_prone,0.75,0.25,growth,1144.71,monthly
FAIL_000685,PAY_004713,CUST_0278,SUB_0278,1144.71,2026-07-09,INSUFFICIENT_FUNDS,CUSTOMER_FINANCIAL,142,1,3,4,0.25,0.35,0.45,friction_prone,0.75,0.25,growth,1144.71,monthly
FAIL_000686,PAY_004727,CUST_0279,SUB_0279,1302.62,2025-08-27,BANK_DECLINED,ISSUER_DECLINE,758,19,6,25,0.76,0.35,0.45,friction_prone,0.24,0.76,pro,1302.62,monthly
FAIL_000687,PAY_004734,CUST_0279,SUB_0279,1302.62,2026-03-25,BANK_DECLINED,ISSUER_DECLINE,758,19,6,25,0.76,0.35,0.45,friction_prone,0.24,0.76,pro,1302.62,monthly
FAIL_000688,PAY_004736,CUST_0279,SUB_0279,1302.62,2026-05-24,INSUFFICIENT_FUNDS,CUSTOMER_FINANCIAL,758,19,6,25,0.76,0.35,0.45,friction_prone,0.24,0.76,pro,1302.62,monthly
FAIL_000689,PAY_004738,CUST_0279,SUB_0279,1302.62,2026-07-23,INSUFFICIENT_FUNDS,CUSTOMER_FINANCIAL,758,19,6,25,0.76,0.35,0.45,friction_prone,0.24,0.76,pro,1302.62,monthly
FAIL_000690,PAY_004742,CUST_0280,SUB_0280,454.9,2026-04-28,CARD_EXPIRED,PAYMENT_METHOD,214,6,1,7,0.8571,0.3,0.25,low_engagement,0.1429,0.8571,starter,454.9,monthly
FAIL_000691,PAY_004745,CUST_0280,SUB_0280,454.9,2026-07-27,CARD_EXPIRED,PAYMENT_METHOD,214,6,1,7,0.8571,0.3,0.25,low_engagement,0.1429,0.8571,starter,454.9,monthly
FAIL_000692,PAY_004750,CUST_0281,SUB_0281,913.36,2024-11-29,BANK_DECLINED,ISSUER_DECLINE,759,20,5,25,0.8,0.6,0.6,normal,0.2,0.8,growth,913.36,monthly
FAIL_000693,PAY_004761,CUST_0281,SUB_0281,913.36,2025-10-25,NETWORK_ERROR,TECHNICAL,759,20,5,25,0.8,0.6,0.6,normal,0.2,0.8,growth,913.36,monthly
FAIL_000694,PAY_004763,CUST_0281,SUB_0281,913.36,2025-12-24,AUTHENTICATION_FAILED,CUSTOMER_ACTION,759,20,5,25,0.8,0.6,0.6,normal,0.2,0.8,growth,913.36,monthly
FAIL_000695,PAY_004765,CUST_0281,SUB_0281,913.36,2026-02-22,CARD_EXPIRED,PAYMENT_METHOD,759,20,5,25,0.8,0.6,0.6,normal,0.2,0.8,growth,913.36,monthly
FAIL_000696,PAY_004766,CUST_0281,SUB_0281,913.36,2026-03-24,NETWORK_ERROR,TECHNICAL,759,20,5,25,0.8,0.6,0.6,normal,0.2,0.8,growth,913.36,monthly
FAIL_000697,PAY_004767,CUST_0281,SUB_0281,913.36,2026-04-23,NETWORK_ERROR,TECHNICAL,759,20,5,25,0.8,0.6,0.6,normal,0.2,0.8,growth,913.36,monthly
FAIL_000698,PAY_004772,CUST_0282,SUB_0282,200.0,2026-07-07,AUTHENTICATION_FAILED,CUSTOMER_ACTION,84,1,1,2,0.5,0.3,0.25,low_engagement,0.5,0.5,starter,200.0,monthly
FAIL_000699,PAY_004776,CUST_0283,SUB_0283,7559.48,2025-07-22,BANK_DECLINED,ISSUER_DECLINE,494,15,1,16,0.9375,0.82,0.9,high_value_loyal,0.0625,0.9375,pro,7559.48,monthly
FAIL_000700,PAY_004782,CUST_0283,SUB_0283,7559.48,2026-01-18,NETWORK_ERROR,TECHNICAL,494,15,1,16,0.9375,0.82,0.9,high_value_loyal,0.0625,0.9375,pro,7559.48,monthly
FAIL_000701,PAY_004795,CUST_0285,SUB_0285,472.43,2025-07-29,NETWORK_ERROR,TECHNICAL,547,17,1,18,0.9444,0.6,0.6,normal,0.0556,0.9444,growth,472.43,monthly
FAIL_000702,PAY_004796,CUST_0285,SUB_0285,472.43,2025-08-28,AUTHENTICATION_FAILED,CUSTOMER_ACTION,547,17,1,18,0.9444,0.6,0.6,normal,0.0556,0.9444,growth,472.43,monthly
FAIL_000703,PAY_004802,CUST_0285,SUB_0285,472.43,2026-02-24,CARD_EXPIRED,PAYMENT_METHOD,547,17,1,18,0.9444,0.6,0.6,normal,0.0556,0.9444,growth,472.43,monthly
FAIL_000704,PAY_004812,CUST_0286,SUB_0286,1293.21,2025-03-29,INSUFFICIENT_FUNDS,CUSTOMER_FINANCIAL,639,19,2,21,0.9048,0.6,0.6,normal,0.0952,0.9048,starter,1293.21,monthly
FAIL_000705,PAY_004814,CUST_0286,SUB_0286,1293.21,2025-05-28,INSUFFICIENT_FUNDS,CUSTOMER_FINANCIAL,639,19,2,21,0.9048,0.6,0.6,normal,0.0952,0.9048,starter,1293.21,monthly
FAIL_000706,PAY_004843,CUST_0287,SUB_0287,11785.54,2026-05-27,BANK_DECLINED,ISSUER_DECLINE,515,16,1,17,0.9412,0.82,0.9,high_value_loyal,0.0588,0.9412,pro,11785.54,monthly
FAIL_000707,PAY_004862,CUST_0289,SUB_0289,1199.82,2025-08-15,NETWORK_ERROR,TECHNICAL,590,16,3,19,0.8421,0.35,0.45,friction_prone,0.1579,0.8421,starter,1199.82,monthly
FAIL_000708,PAY_004868,CUST_0289,SUB_0289,1199.82,2026-02-11,BANK_DECLINED,ISSUER_DECLINE,590,16,3,19,0.8421,0.35,0.45,friction_prone,0.1579,0.8421,starter,1199.82,monthly
FAIL_000709,PAY_004874,CUST_0290,SUB_0290,2040.67,2025-07-12,INSUFFICIENT_FUNDS,CUSTOMER_FINANCIAL,414,8,5,13,0.6154,0.6,0.6,normal,0.3846,0.6154,pro,2040.67,monthly
FAIL_000710,PAY_004879,CUST_0290,SUB_0290,2040.67,2025-12-09,INSUFFICIENT_FUNDS,CUSTOMER_FINANCIAL,414,8,5,13,0.6154,0.6,0.6,normal,0.3846,0.6154,pro,2040.67,monthly
FAIL_000711,PAY_004886,CUST_0290,SUB_0290,2040.67,2026-07-07,NETWORK_ERROR,TECHNICAL,414,8,5,13,0.6154,0.6,0.6,normal,0.3846,0.6154,pro,2040.67,monthly
FAIL_000712,PAY_004890,CUST_0291,SUB_0291,1068.05,2026-02-08,NETWORK_ERROR,TECHNICAL,293,7,2,9,0.7778,0.35,0.45,friction_prone,0.2222,0.7778,starter,1068.05,monthly
FAIL_000713,PAY_004891,CUST_0291,SUB_0291,1068.05,2026-03-10,LIMIT_EXCEEDED,PAYMENT_LIMIT,293,7,2,9,0.7778,0.35,0.45,friction_prone,0.2222,0.7778,starter,1068.05,monthly
FAIL_000714,PAY_004918,CUST_0294,SUB_0294,9361.25,2025-03-29,BANK_DECLINED,ISSUER_DECLINE,519,14,3,17,0.8235,0.82,0.9,high_value_loyal,0.1765,0.8235,pro,9361.25,monthly
FAIL_000715,PAY_004922,CUST_0294,SUB_0294,9361.25,2025-07-27,BANK_DECLINED,ISSUER_DECLINE,519,14,3,17,0.8235,0.82,0.9,high_value_loyal,0.1765,0.8235,pro,9361.25,monthly
FAIL_000716,PAY_004935,CUST_0295,SUB_0295,454.8,2026-05-10,INSUFFICIENT_FUNDS,CUSTOMER_FINANCIAL,112,1,2,3,0.3333,0.35,0.45,friction_prone,0.6667,0.3333,starter,454.8,monthly
FAIL_000717,PAY_004936,CUST_0295,SUB_0295,454.8,2026-06-09,INSUFFICIENT_FUNDS,CUSTOMER_FINANCIAL,112,1,2,3,0.3333,0.35,0.45,friction_prone,0.6667,0.3333,starter,454.8,monthly
FAIL_000718,PAY_004937,CUST_0295,SUB_0295,454.8,2026-07-09,BANK_DECLINED,ISSUER_DECLINE,112,1,2,3,0.3333,0.35,0.45,friction_prone,0.6667,0.3333,starter,454.8,monthly
FAIL_000719,PAY_004959,CUST_0298,SUB_0298,706.23,2024-06-15,INSUFFICIENT_FUNDS,CUSTOMER_FINANCIAL,836,17,10,27,0.6296,0.35,0.45,friction_prone,0.3704,0.6296,pro,706.23,monthly
FAIL_000720,PAY_004963,CUST_0298,SUB_0298,706.23,2024-10-13,INSUFFICIENT_FUNDS,CUSTOMER_FINANCIAL,836,17,10,27,0.6296,0.35,0.45,friction_prone,0.3704,0.6296,pro,706.23,monthly
FAIL_000721,PAY_004965,CUST_0298,SUB_0298,706.23,2024-12-12,INSUFFICIENT_FUNDS,CUSTOMER_FINANCIAL,836,17,10,27,0.6296,0.35,0.45,friction_prone,0.3704,0.6296,pro,706.23,monthly
FAIL_000722,PAY_004967,CUST_0298,SUB_0298,706.23,2025-02-10,LIMIT_EXCEEDED,PAYMENT_LIMIT,836,17,10,27,0.6296,0.35,0.45,friction_prone,0.3704,0.6296,pro,706.23,monthly
FAIL_000723,PAY_004971,CUST_0298,SUB_0298,706.23,2025-06-10,CARD_EXPIRED,PAYMENT_METHOD,836,17,10,27,0.6296,0.35,0.45,friction_prone,0.3704,0.6296,pro,706.23,monthly
FAIL_000724,PAY_004981,CUST_0298,SUB_0298,706.23,2026-04-06,BANK_DECLINED,ISSUER_DECLINE,836,17,10,27,0.6296,0.35,0.45,friction_prone,0.3704,0.6296,pro,706.23,monthly
FAIL_000725,PAY_004990,CUST_0299,SUB_0299,8559.42,2025-04-28,LIMIT_EXCEEDED,PAYMENT_LIMIT,639,19,2,21,0.9048,0.82,0.9,high_value_loyal,0.0952,0.9048,pro,8559.42,monthly
FAIL_000726,PAY_004993,CUST_0299,SUB_0299,8559.42,2025-07-27,LIMIT_EXCEEDED,PAYMENT_LIMIT,639,19,2,21,0.9048,0.82,0.9,high_value_loyal,0.0952,0.9048,pro,8559.42,monthly
FAIL_000727,PAY_004994,CUST_0299,SUB_0299,8559.42,2025-08-26,CARD_EXPIRED,PAYMENT_METHOD,639,19,2,21,0.9048,0.82,0.9,high_value_loyal,0.0952,0.9048,pro,8559.42,monthly
FAIL_000728,PAY_004999,CUST_0299,SUB_0299,8559.42,2026-01-23,INSUFFICIENT_FUNDS,CUSTOMER_FINANCIAL,639,19,2,21,0.9048,0.82,0.9,high_value_loyal,0.0952,0.9048,pro,8559.42,monthly
FAIL_000729,PAY_005009,CUST_0300,SUB_0300,1306.39,2024-03-26,INSUFFICIENT_FUNDS,CUSTOMER_FINANCIAL,977,30,2,32,0.9375,0.6,0.6,normal,0.0625,0.9375,growth,1306.39,monthly
FAIL_000730,PAY_005016,CUST_0300,SUB_0300,1306.39,2024-10-22,CARD_EXPIRED,PAYMENT_METHOD,977,30,2,32,0.9375,0.6,0.6,normal,0.0625,0.9375,growth,1306.39,monthly
FAIL_000731,PAY_005059,CUST_0301,SUB_0301,627.37,2026-07-28,BANK_DECLINED,ISSUER_DECLINE,663,21,1,22,0.9545,0.8,0.85,reliable,0.0455,0.9545,starter,627.37,monthly
FAIL_000732,PAY_005068,CUST_0303,SUB_0303,1311.68,2024-07-26,NETWORK_ERROR,TECHNICAL,795,21,5,26,0.8077,0.6,0.6,normal,0.1923,0.8077,growth,1311.68,monthly
FAIL_000733,PAY_005077,CUST_0303,SUB_0303,1311.68,2025-04-22,AUTHENTICATION_FAILED,CUSTOMER_ACTION,795,21,5,26,0.8077,0.6,0.6,normal,0.1923,0.8077,growth,1311.68,monthly
FAIL_000734,PAY_005083,CUST_0303,SUB_0303,1311.68,2025-10-19,INSUFFICIENT_FUNDS,CUSTOMER_FINANCIAL,795,21,5,26,0.8077,0.6,0.6,normal,0.1923,0.8077,growth,1311.68,monthly
FAIL_000735,PAY_005089,CUST_0303,SUB_0303,1311.68,2026-04-17,BANK_DECLINED,ISSUER_DECLINE,795,21,5,26,0.8077,0.6,0.6,normal,0.1923,0.8077,growth,1311.68,monthly
FAIL_000736,PAY_005094,CUST_0304,SUB_0304,5470.67,2026-03-08,NETWORK_ERROR,TECHNICAL,205,5,1,6,0.8333,0.82,0.9,high_value_loyal,0.1667,0.8333,pro,5470.67,monthly
FAIL_000737,PAY_005096,CUST_0304,SUB_0304,5470.67,2026-05-07,BANK_DECLINED,ISSUER_DECLINE,205,5,1,6,0.8333,0.82,0.9,high_value_loyal,0.1667,0.8333,pro,5470.67,monthly
FAIL_000738,PAY_005099,CUST_0305,SUB_0305,200.0,2025-01-11,INSUFFICIENT_FUNDS,CUSTOMER_FINANCIAL,596,13,6,19,0.6842,0.3,0.25,low_engagement,0.3158,0.6842,starter,200.0,monthly
FAIL_000739,PAY_005101,CUST_0305,SUB_0305,200.0,2025-03-12,BANK_DECLINED,ISSUER_DECLINE,596,13,6,19,0.6842,0.3,0.25,low_engagement,0.3158,0.6842,starter,200.0,monthly
FAIL_000740,PAY_005104,CUST_0305,SUB_0305,200.0,2025-06-10,BANK_DECLINED,ISSUER_DECLINE,596,13,6,19,0.6842,0.3,0.25,low_engagement,0.3158,0.6842,starter,200.0,monthly
FAIL_000741,PAY_005105,CUST_0305,SUB_0305,200.0,2025-07-10,CARD_EXPIRED,PAYMENT_METHOD,596,13,6,19,0.6842,0.3,0.25,low_engagement,0.3158,0.6842,starter,200.0,monthly
FAIL_000742,PAY_005115,CUST_0305,SUB_0305,200.0,2026-05-06,AUTHENTICATION_FAILED,CUSTOMER_ACTION,596,13,6,19,0.6842,0.3,0.25,low_engagement,0.3158,0.6842,starter,200.0,monthly
FAIL_000743,PAY_005145,CUST_0307,SUB_0307,2288.88,2024-11-27,INSUFFICIENT_FUNDS,CUSTOMER_FINANCIAL,671,13,9,22,0.5909,0.35,0.45,friction_prone,0.4091,0.5909,pro,2288.88,monthly
FAIL_000744,PAY_005146,CUST_0307,SUB_0307,2288.88,2024-12-27,NETWORK_ERROR,TECHNICAL,671,13,9,22,0.5909,0.35,0.45,friction_prone,0.4091,0.5909,pro,2288.88,monthly
FAIL_000745,PAY_005147,CUST_0307,SUB_0307,2288.88,2025-01-26,INSUFFICIENT_FUNDS,CUSTOMER_FINANCIAL,671,13,9,22,0.5909,0.35,0.45,friction_prone,0.4091,0.5909,pro,2288.88,monthly
FAIL_000746,PAY_005148,CUST_0307,SUB_0307,2288.88,2025-02-25,LIMIT_EXCEEDED,PAYMENT_LIMIT,671,13,9,22,0.5909,0.35,0.45,friction_prone,0.4091,0.5909,pro,2288.88,monthly
FAIL_000747,PAY_005149,CUST_0307,SUB_0307,2288.88,2025-03-27,CARD_EXPIRED,PAYMENT_METHOD,671,13,9,22,0.5909,0.35,0.45,friction_prone,0.4091,0.5909,pro,2288.88,monthly
FAIL_000748,PAY_005151,CUST_0307,SUB_0307,2288.88,2025-05-26,BANK_DECLINED,ISSUER_DECLINE,671,13,9,22,0.5909,0.35,0.45,friction_prone,0.4091,0.5909,pro,2288.88,monthly
FAIL_000749,PAY_005152,CUST_0307,SUB_0307,2288.88,2025-06-25,BANK_DECLINED,ISSUER_DECLINE,671,13,9,22,0.5909,0.35,0.45,friction_prone,0.4091,0.5909,pro,2288.88,monthly
FAIL_000750,PAY_005153,CUST_0307,SUB_0307,2288.88,2025-07-25,INSUFFICIENT_FUNDS,CUSTOMER_FINANCIAL,671,13,9,22,0.5909,0.35,0.45,friction_prone,0.4091,0.5909,pro,2288.88,monthly
FAIL_000751,PAY_005155,CUST_0307,SUB_0307,2288.88,2025-09-23,INSUFFICIENT_FUNDS,CUSTOMER_FINANCIAL,671,13,9,22,0.5909,0.35,0.45,friction_prone,0.4091,0.5909,pro,2288.88,monthly
FAIL_000752,PAY_005156,CUST_0307,SUB_0307,2288.88,2025-10-23,LIMIT_EXCEEDED,PAYMENT_LIMIT,671,13,9,22,0.5909,0.35,0.45,friction_prone,0.4091,0.5909,pro,2288.88,monthly
FAIL_000753,PAY_005159,CUST_0307,SUB_0307,2288.88,2026-01-21,BANK_DECLINED,ISSUER_DECLINE,671,13,9,22,0.5909,0.35,0.45,friction_prone,0.4091,0.5909,pro,2288.88,monthly
FAIL_000754,PAY_005160,CUST_0307,SUB_0307,2288.88,2026-02-20,BANK_DECLINED,ISSUER_DECLINE,671,13,9,22,0.5909,0.35,0.45,friction_prone,0.4091,0.5909,pro,2288.88,monthly
FAIL_000755,PAY_005163,CUST_0307,SUB_0307,2288.88,2026-05-21,LIMIT_EXCEEDED,PAYMENT_LIMIT,671,13,9,22,0.5909,0.35,0.45,friction_prone,0.4091,0.5909,pro,2288.88,monthly
FAIL_000756,PAY_005164,CUST_0307,SUB_0307,2288.88,2026-06-20,BANK_DECLINED,ISSUER_DECLINE,671,13,9,22,0.5909,0.35,0.45,friction_prone,0.4091,0.5909,pro,2288.88,monthly
FAIL_000757,PAY_005182,CUST_0309,SUB_0309,1591.11,2025-11-02,BANK_DECLINED,ISSUER_DECLINE,391,9,4,13,0.6923,0.35,0.45,friction_prone,0.3077,0.6923,pro,1591.11,monthly
FAIL_000758,PAY_005186,CUST_0309,SUB_0309,1591.11,2026-03-02,BANK_DECLINED,ISSUER_DECLINE,391,9,4,13,0.6923,0.35,0.45,friction_prone,0.3077,0.6923,pro,1591.11,monthly
FAIL_000759,PAY_005187,CUST_0309,SUB_0309,1591.11,2026-04-01,INSUFFICIENT_FUNDS,CUSTOMER_FINANCIAL,391,9,4,13,0.6923,0.35,0.45,friction_prone,0.3077,0.6923,pro,1591.11,monthly
FAIL_000760,PAY_005190,CUST_0309,SUB_0309,1591.11,2026-06-30,INSUFFICIENT_FUNDS,CUSTOMER_FINANCIAL,391,9,4,13,0.6923,0.35,0.45,friction_prone,0.3077,0.6923,pro,1591.11,monthly
FAIL_000761,PAY_005196,CUST_0310,SUB_0310,1814.35,2026-05-20,NETWORK_ERROR,TECHNICAL,222,6,1,7,0.8571,0.8,0.85,reliable,0.1429,0.8571,growth,1814.35,monthly
FAIL_000762,PAY_005226,CUST_0312,SUB_0312,13871.79,2025-07-18,NETWORK_ERROR,TECHNICAL,498,14,2,16,0.875,0.82,0.9,high_value_loyal,0.125,0.875,pro,13871.79,monthly
FAIL_000763,PAY_005227,CUST_0312,SUB_0312,13871.79,2025-08-17,AUTHENTICATION_FAILED,CUSTOMER_ACTION,498,14,2,16,0.875,0.82,0.9,high_value_loyal,0.125,0.875,pro,13871.79,monthly
FAIL_000764,PAY_005247,CUST_0314,SUB_0314,2055.11,2024-11-17,INSUFFICIENT_FUNDS,CUSTOMER_FINANCIAL,711,21,2,23,0.913,0.8,0.85,reliable,0.087,0.913,starter,2055.11,monthly
FAIL_000765,PAY_005281,CUST_0316,SUB_0316,389.48,2026-01-15,NETWORK_ERROR,TECHNICAL,257,4,4,8,0.5,0.3,0.25,low_engagement,0.5,0.5,starter,389.48,monthly
FAIL_000766,PAY_005283,CUST_0316,SUB_0316,389.48,2026-03-16,AUTHENTICATION_FAILED,CUSTOMER_ACTION,257,4,4,8,0.5,0.3,0.25,low_engagement,0.5,0.5,starter,389.48,monthly
FAIL_000767,PAY_005286,CUST_0316,SUB_0316,389.48,2026-06-14,BANK_DECLINED,ISSUER_DECLINE,257,4,4,8,0.5,0.3,0.25,low_engagement,0.5,0.5,starter,389.48,monthly
FAIL_000768,PAY_005287,CUST_0316,SUB_0316,389.48,2026-07-14,CARD_EXPIRED,PAYMENT_METHOD,257,4,4,8,0.5,0.3,0.25,low_engagement,0.5,0.5,starter,389.48,monthly
FAIL_000769,PAY_005297,CUST_0317,SUB_0317,1595.17,2025-12-11,INSUFFICIENT_FUNDS,CUSTOMER_FINANCIAL,532,11,6,17,0.6471,0.6,0.6,normal,0.3529,0.6471,starter,1595.17,monthly
FAIL_000770,PAY_005303,CUST_0317,SUB_0317,1595.17,2026-06-09,LIMIT_EXCEEDED,PAYMENT_LIMIT,532,11,6,17,0.6471,0.6,0.6,normal,0.3529,0.6471,starter,1595.17,monthly
FAIL_000771,PAY_005311,CUST_0318,SUB_0318,9947.05,2026-04-07,NETWORK_ERROR,TECHNICAL,325,9,1,10,0.9,0.82,0.9,high_value_loyal,0.1,0.9,pro,9947.05,monthly
FAIL_000772,PAY_005312,CUST_0318,SUB_0318,9947.05,2026-05-07,INSUFFICIENT_FUNDS,CUSTOMER_FINANCIAL,325,9,1,10,0.9,0.82,0.9,high_value_loyal,0.1,0.9,pro,9947.05,monthly
FAIL_000773,PAY_005316,CUST_0319,SUB_0319,354.6,2026-06-24,INSUFFICIENT_FUNDS,CUSTOMER_FINANCIAL,97,2,1,3,0.6667,0.35,0.45,friction_prone,0.3333,0.6667,pro,354.6,monthly
FAIL_000774,PAY_005320,CUST_0320,SUB_0320,9080.78,2024-12-14,NETWORK_ERROR,TECHNICAL,684,21,1,22,0.9545,0.82,0.9,high_value_loyal,0.0455,0.9545,pro,9080.78,monthly
FAIL_000775,PAY_005333,CUST_0320,SUB_0320,9080.78,2026-01-08,NETWORK_ERROR,TECHNICAL,684,21,1,22,0.9545,0.82,0.9,high_value_loyal,0.0455,0.9545,pro,9080.78,monthly
FAIL_000776,PAY_005345,CUST_0321,SUB_0321,12689.54,2026-06-28,INSUFFICIENT_FUNDS,CUSTOMER_FINANCIAL,213,6,1,7,0.8571,0.82,0.9,high_value_loyal,0.1429,0.8571,pro,12689.54,monthly
FAIL_000777,PAY_005351,CUST_0322,SUB_0322,676.83,2025-04-12,LIMIT_EXCEEDED,PAYMENT_LIMIT,625,16,4,20,0.8,0.35,0.45,friction_prone,0.2,0.8,starter,676.83,monthly
FAIL_000778,PAY_005355,CUST_0322,SUB_0322,676.83,2025-08-10,AUTHENTICATION_FAILED,CUSTOMER_ACTION,625,16,4,20,0.8,0.35,0.45,friction_prone,0.2,0.8,starter,676.83,monthly
FAIL_000779,PAY_005362,CUST_0322,SUB_0322,676.83,2026-03-08,BANK_DECLINED,ISSUER_DECLINE,625,16,4,20,0.8,0.35,0.45,friction_prone,0.2,0.8,starter,676.83,monthly
FAIL_000780,PAY_005367,CUST_0323,SUB_0323,262.8,2024-10-15,INSUFFICIENT_FUNDS,CUSTOMER_FINANCIAL,684,17,5,22,0.7727,0.3,0.25,low_engagement,0.2273,0.7727,starter,262.8,monthly
FAIL_000781,PAY_005371,CUST_0323,SUB_0323,262.8,2025-02-12,AUTHENTICATION_FAILED,CUSTOMER_ACTION,684,17,5,22,0.7727,0.3,0.25,low_engagement,0.2273,0.7727,starter,262.8,monthly
FAIL_000782,PAY_005374,CUST_0323,SUB_0323,262.8,2025-05-13,BANK_DECLINED,ISSUER_DECLINE,684,17,5,22,0.7727,0.3,0.25,low_engagement,0.2273,0.7727,starter,262.8,monthly
FAIL_000783,PAY_005395,CUST_0325,SUB_0325,726.01,2024-08-11,CARD_EXPIRED,PAYMENT_METHOD,749,18,6,24,0.75,0.3,0.25,low_engagement,0.25,0.75,starter,726.01,monthly
FAIL_000784,PAY_005397,CUST_0325,SUB_0325,726.01,2024-10-10,NETWORK_ERROR,TECHNICAL,749,18,6,24,0.75,0.3,0.25,low_engagement,0.25,0.75,starter,726.01,monthly
FAIL_000785,PAY_005400,CUST_0325,SUB_0325,726.01,2025-01-08,INSUFFICIENT_FUNDS,CUSTOMER_FINANCIAL,749,18,6,24,0.75,0.3,0.25,low_engagement,0.25,0.75,starter,726.01,monthly
FAIL_000786,PAY_005403,CUST_0325,SUB_0325,726.01,2025-04-08,AUTHENTICATION_FAILED,CUSTOMER_ACTION,749,18,6,24,0.75,0.3,0.25,low_engagement,0.25,0.75,starter,726.01,monthly
FAIL_000787,PAY_005405,CUST_0325,SUB_0325,726.01,2025-06-07,LIMIT_EXCEEDED,PAYMENT_LIMIT,749,18,6,24,0.75,0.3,0.25,low_engagement,0.25,0.75,starter,726.01,monthly
FAIL_000788,PAY_005407,CUST_0325,SUB_0325,726.01,2025-08-06,INSUFFICIENT_FUNDS,CUSTOMER_FINANCIAL,749,18,6,24,0.75,0.3,0.25,low_engagement,0.25,0.75,starter,726.01,monthly
FAIL_000789,PAY_005408,CUST_0325,SUB_0325,726.01,2025-09-05,NETWORK_ERROR,TECHNICAL,749,18,6,24,0.75,0.3,0.25,low_engagement,0.25,0.75,starter,726.01,monthly
FAIL_000790,PAY_005414,CUST_0325,SUB_0325,726.01,2026-03-04,BANK_DECLINED,ISSUER_DECLINE,749,18,6,24,0.75,0.3,0.25,low_engagement,0.25,0.75,starter,726.01,monthly
FAIL_000791,PAY_005437,CUST_0330,SUB_0330,998.82,2024-03-08,AUTHENTICATION_FAILED,CUSTOMER_ACTION,905,26,4,30,0.8667,0.6,0.6,normal,0.1333,0.8667,pro,998.82,monthly
FAIL_000792,PAY_005444,CUST_0330,SUB_0330,998.82,2024-10-04,BANK_DECLINED,ISSUER_DECLINE,905,26,4,30,0.8667,0.6,0.6,normal,0.1333,0.8667,pro,998.82,monthly
FAIL_000793,PAY_005446,CUST_0330,SUB_0330,998.82,2024-12-03,AUTHENTICATION_FAILED,CUSTOMER_ACTION,905,26,4,30,0.8667,0.6,0.6,normal,0.1333,0.8667,pro,998.82,monthly
FAIL_000794,PAY_005447,CUST_0330,SUB_0330,998.82,2025-01-02,AUTHENTICATION_FAILED,CUSTOMER_ACTION,905,26,4,30,0.8667,0.6,0.6,normal,0.1333,0.8667,pro,998.82,monthly
FAIL_000795,PAY_005451,CUST_0330,SUB_0330,998.82,2025-05-02,INSUFFICIENT_FUNDS,CUSTOMER_FINANCIAL,905,26,4,30,0.8667,0.6,0.6,normal,0.1333,0.8667,pro,998.82,monthly
FAIL_000796,PAY_005453,CUST_0330,SUB_0330,998.82,2025-07-01,CARD_EXPIRED,PAYMENT_METHOD,905,26,4,30,0.8667,0.6,0.6,normal,0.1333,0.8667,pro,998.82,monthly
FAIL_000797,PAY_005456,CUST_0330,SUB_0330,998.82,2025-09-29,BANK_DECLINED,ISSUER_DECLINE,905,26,4,30,0.8667,0.6,0.6,normal,0.1333,0.8667,pro,998.82,monthly
FAIL_000798,PAY_005465,CUST_0330,SUB_0330,998.82,2026-06-26,LIMIT_EXCEEDED,PAYMENT_LIMIT,905,26,4,30,0.8667,0.6,0.6,normal,0.1333,0.8667,pro,998.82,monthly
FAIL_000799,PAY_005469,CUST_0331,SUB_0331,13126.22,2024-08-10,BANK_DECLINED,ISSUER_DECLINE,810,25,2,27,0.9259,0.82,0.9,high_value_loyal,0.0741,0.9259,pro,13126.22,monthly
FAIL_000800,PAY_005487,CUST_0331,SUB_0331,13126.22,2026-02-01,LIMIT_EXCEEDED,PAYMENT_LIMIT,810,25,2,27,0.9259,0.82,0.9,high_value_loyal,0.0741,0.9259,pro,13126.22,monthly
FAIL_000801,PAY_005494,CUST_0332,SUB_0332,270.98,2026-04-18,INSUFFICIENT_FUNDS,CUSTOMER_FINANCIAL,134,3,1,4,0.75,0.3,0.25,low_engagement,0.25,0.75,starter,270.98,monthly
FAIL_000802,PAY_005497,CUST_0332,SUB_0332,270.98,2026-07-17,BANK_DECLINED,ISSUER_DECLINE,134,3,1,4,0.75,0.3,0.25,low_engagement,0.25,0.75,starter,270.98,monthly
FAIL_000803,PAY_005498,CUST_0333,SUB_0333,1523.74,2026-01-07,BANK_DECLINED,ISSUER_DECLINE,235,3,4,7,0.4286,0.35,0.45,friction_prone,0.5714,0.4286,growth,1523.74,monthly
FAIL_000804,PAY_005499,CUST_0333,SUB_0333,1523.74,2026-02-06,LIMIT_EXCEEDED,PAYMENT_LIMIT,235,3,4,7,0.4286,0.35,0.45,friction_prone,0.5714,0.4286,growth,1523.74,monthly
FAIL_000805,PAY_005500,CUST_0333,SUB_0333,1523.74,2026-03-08,BANK_DECLINED,ISSUER_DECLINE,235,3,4,7,0.4286,0.35,0.45,friction_prone,0.5714,0.4286,growth,1523.74,monthly
FAIL_000806,PAY_005502,CUST_0333,SUB_0333,1523.74,2026-05-07,INSUFFICIENT_FUNDS,CUSTOMER_FINANCIAL,235,3,4,7,0.4286,0.35,0.45,friction_prone,0.5714,0.4286,growth,1523.74,monthly
FAIL_000807,PAY_005503,CUST_0333,SUB_0333,1523.74,2026-06-06,BANK_DECLINED,ISSUER_DECLINE,235,3,4,7,0.4286,0.35,0.45,friction_prone,0.5714,0.4286,growth,1523.74,monthly
FAIL_000808,PAY_005504,CUST_0333,SUB_0333,1523.74,2026-07-06,INSUFFICIENT_FUNDS,CUSTOMER_FINANCIAL,235,3,4,7,0.4286,0.35,0.45,friction_prone,0.5714,0.4286,growth,1523.74,monthly
FAIL_000809,PAY_005506,CUST_0334,SUB_0334,382.28,2025-11-24,NETWORK_ERROR,TECHNICAL,309,6,4,10,0.6,0.3,0.25,low_engagement,0.4,0.6,growth,382.28,monthly
FAIL_000810,PAY_005508,CUST_0334,SUB_0334,382.28,2026-01-23,NETWORK_ERROR,TECHNICAL,309,6,4,10,0.6,0.3,0.25,low_engagement,0.4,0.6,growth,382.28,monthly
FAIL_000811,PAY_005510,CUST_0334,SUB_0334,382.28,2026-03-24,BANK_DECLINED,ISSUER_DECLINE,309,6,4,10,0.6,0.3,0.25,low_engagement,0.4,0.6,growth,382.28,monthly
FAIL_000812,PAY_005511,CUST_0334,SUB_0334,382.28,2026-04-23,BANK_DECLINED,ISSUER_DECLINE,309,6,4,10,0.6,0.3,0.25,low_engagement,0.4,0.6,growth,382.28,monthly
FAIL_000813,PAY_005514,CUST_0334,SUB_0334,382.28,2026-07-22,INSUFFICIENT_FUNDS,CUSTOMER_FINANCIAL,309,6,4,10,0.6,0.3,0.25,low_engagement,0.4,0.6,growth,382.28,monthly
FAIL_000814,PAY_005517,CUST_0335,SUB_0335,997.42,2025-05-16,NETWORK_ERROR,TECHNICAL,531,13,4,17,0.7647,0.35,0.45,friction_prone,0.2353,0.7647,pro,997.42,monthly
FAIL_000815,PAY_005524,CUST_0335,SUB_0335,997.42,2025-12-12,BANK_DECLINED,ISSUER_DECLINE,531,13,4,17,0.7647,0.35,0.45,friction_prone,0.2353,0.7647,pro,997.42,monthly
FAIL_000816,PAY_005532,CUST_0336,SUB_0336,1661.44,2024-09-22,INSUFFICIENT_FUNDS,CUSTOMER_FINANCIAL,707,15,8,23,0.6522,0.35,0.45,friction_prone,0.3478,0.6522,growth,1661.44,monthly
FAIL_000817,PAY_005539,CUST_0336,SUB_0336,1661.44,2025-04-20,NETWORK_ERROR,TECHNICAL,707,15,8,23,0.6522,0.35,0.45,friction_prone,0.3478,0.6522,growth,1661.44,monthly
FAIL_000818,PAY_005541,CUST_0336,SUB_0336,1661.44,2025-06-19,INSUFFICIENT_FUNDS,CUSTOMER_FINANCIAL,707,15,8,23,0.6522,0.35,0.45,friction_prone,0.3478,0.6522,growth,1661.44,monthly
FAIL_000819,PAY_005544,CUST_0336,SUB_0336,1661.44,2025-09-17,NETWORK_ERROR,TECHNICAL,707,15,8,23,0.6522,0.35,0.45,friction_prone,0.3478,0.6522,growth,1661.44,monthly
FAIL_000820,PAY_005547,CUST_0336,SUB_0336,1661.44,2025-12-16,NETWORK_ERROR,TECHNICAL,707,15,8,23,0.6522,0.35,0.45,friction_prone,0.3478,0.6522,growth,1661.44,monthly
FAIL_000821,PAY_005548,CUST_0336,SUB_0336,1661.44,2026-01-15,CARD_EXPIRED,PAYMENT_METHOD,707,15,8,23,0.6522,0.35,0.45,friction_prone,0.3478,0.6522,growth,1661.44,monthly
FAIL_000822,PAY_005550,CUST_0336,SUB_0336,1661.44,2026-03-16,INSUFFICIENT_FUNDS,CUSTOMER_FINANCIAL,707,15,8,23,0.6522,0.35,0.45,friction_prone,0.3478,0.6522,growth,1661.44,monthly
FAIL_000823,PAY_005551,CUST_0336,SUB_0336,1661.44,2026-04-15,BANK_DECLINED,ISSUER_DECLINE,707,15,8,23,0.6522,0.35,0.45,friction_prone,0.3478,0.6522,growth,1661.44,monthly
FAIL_000824,PAY_005554,CUST_0336,SUB_0336,1661.44,2026-07-14,CARD_EXPIRED,PAYMENT_METHOD,707,15,8,23,0.6522,0.35,0.45,friction_prone,0.3478,0.6522,growth,1661.44,monthly
FAIL_000825,PAY_005581,CUST_0339,SUB_0339,387.33,2026-06-05,LIMIT_EXCEEDED,PAYMENT_LIMIT,116,2,1,3,0.6667,0.3,0.25,low_engagement,0.3333,0.6667,starter,387.33,monthly
FAIL_000826,PAY_005607,CUST_0342,SUB_0342,240.82,2025-12-24,BANK_DECLINED,ISSUER_DECLINE,249,6,2,8,0.75,0.3,0.25,low_engagement,0.25,0.75,starter,240.82,monthly
FAIL_000827,PAY_005609,CUST_0342,SUB_0342,240.82,2026-02-22,INSUFFICIENT_FUNDS,CUSTOMER_FINANCIAL,249,6,2,8,0.75,0.3,0.25,low_engagement,0.25,0.75,starter,240.82,monthly
FAIL_000828,PAY_005610,CUST_0342,SUB_0342,240.82,2026-03-24,NETWORK_ERROR,TECHNICAL,249,6,2,8,0.75,0.3,0.25,low_engagement,0.25,0.75,starter,240.82,monthly
FAIL_000829,PAY_005616,CUST_0343,SUB_0343,308.67,2025-09-20,NETWORK_ERROR,TECHNICAL,374,11,1,12,0.9167,0.3,0.25,low_engagement,0.0833,0.9167,starter,308.67,monthly
FAIL_000830,PAY_005621,CUST_0343,SUB_0343,308.67,2026-02-17,AUTHENTICATION_FAILED,CUSTOMER_ACTION,374,11,1,12,0.9167,0.3,0.25,low_engagement,0.0833,0.9167,starter,308.67,monthly
FAIL_000831,PAY_005640,CUST_0344,SUB_0344,482.81,2026-03-16,AUTHENTICATION_FAILED,CUSTOMER_ACTION,557,15,3,18,0.8333,0.3,0.25,low_engagement,0.1667,0.8333,starter,482.81,monthly
FAIL_000832,PAY_005653,CUST_0345,SUB_0345,1403.81,2026-03-20,BANK_DECLINED,ISSUER_DECLINE,403,11,2,13,0.8462,0.6,0.6,normal,0.1538,0.8462,starter,1403.81,monthly
FAIL_000833,PAY_005658,CUST_0346,SUB_0346,278.73,2025-12-02,NETWORK_ERROR,TECHNICAL,271,8,1,9,0.8889,0.3,0.25,low_engagement,0.1111,0.8889,growth,278.73,monthly
FAIL_000834,PAY_005674,CUST_0348,SUB_0348,10125.65,2024-06-20,BANK_DECLINED,ISSUER_DECLINE,831,23,4,27,0.8519,0.82,0.9,high_value_loyal,0.1481,0.8519,pro,10125.65,monthly
FAIL_000835,PAY_005676,CUST_0348,SUB_0348,10125.65,2024-08-19,CARD_EXPIRED,PAYMENT_METHOD,831,23,4,27,0.8519,0.82,0.9,high_value_loyal,0.1481,0.8519,pro,10125.65,monthly
FAIL_000836,PAY_005682,CUST_0348,SUB_0348,10125.65,2025-02-15,BANK_DECLINED,ISSUER_DECLINE,831,23,4,27,0.8519,0.82,0.9,high_value_loyal,0.1481,0.8519,pro,10125.65,monthly
FAIL_000837,PAY_005692,CUST_0348,SUB_0348,10125.65,2025-12-12,NETWORK_ERROR,TECHNICAL,831,23,4,27,0.8519,0.82,0.9,high_value_loyal,0.1481,0.8519,pro,10125.65,monthly
FAIL_000838,PAY_005698,CUST_0348,SUB_0348,10125.65,2026-06-10,INSUFFICIENT_FUNDS,CUSTOMER_FINANCIAL,831,23,4,27,0.8519,0.82,0.9,high_value_loyal,0.1481,0.8519,pro,10125.65,monthly
FAIL_000839,PAY_005699,CUST_0348,SUB_0348,10125.65,2026-07-10,BANK_DECLINED,ISSUER_DECLINE,831,23,4,27,0.8519,0.82,0.9,high_value_loyal,0.1481,0.8519,pro,10125.65,monthly
FAIL_000840,PAY_005701,CUST_0349,SUB_0349,3058.5,2024-01-16,LIMIT_EXCEEDED,PAYMENT_LIMIT,987,24,8,32,0.75,0.6,0.6,normal,0.25,0.75,pro,3058.5,monthly
FAIL_000841,PAY_005703,CUST_0349,SUB_0349,3058.5,2024-03-16,BANK_DECLINED,ISSUER_DECLINE,987,24,8,32,0.75,0.6,0.6,normal,0.25,0.75,pro,3058.5,monthly
FAIL_000842,PAY_005705,CUST_0349,SUB_0349,3058.5,2024-05-15,NETWORK_ERROR,TECHNICAL,987,24,8,32,0.75,0.6,0.6,normal,0.25,0.75,pro,3058.5,monthly
FAIL_000843,PAY_005712,CUST_0349,SUB_0349,3058.5,2024-12-11,NETWORK_ERROR,TECHNICAL,987,24,8,32,0.75,0.6,0.6,normal,0.25,0.75,pro,3058.5,monthly
FAIL_000844,PAY_005717,CUST_0349,SUB_0349,3058.5,2025-05-10,AUTHENTICATION_FAILED,CUSTOMER_ACTION,987,24,8,32,0.75,0.6,0.6,normal,0.25,0.75,pro,3058.5,monthly
FAIL_000845,PAY_005720,CUST_0349,SUB_0349,3058.5,2025-08-08,AUTHENTICATION_FAILED,CUSTOMER_ACTION,987,24,8,32,0.75,0.6,0.6,normal,0.25,0.75,pro,3058.5,monthly
FAIL_000846,PAY_005724,CUST_0349,SUB_0349,3058.5,2025-12-06,AUTHENTICATION_FAILED,CUSTOMER_ACTION,987,24,8,32,0.75,0.6,0.6,normal,0.25,0.75,pro,3058.5,monthly
FAIL_000847,PAY_005725,CUST_0349,SUB_0349,3058.5,2026-01-05,BANK_DECLINED,ISSUER_DECLINE,987,24,8,32,0.75,0.6,0.6,normal,0.25,0.75,pro,3058.5,monthly
FAIL_000848,PAY_005731,CUST_0349,SUB_0349,3058.5,2026-07-04,INSUFFICIENT_FUNDS,CUSTOMER_FINANCIAL,987,24,8,32,0.75,0.6,0.6,normal,0.25,0.75,pro,3058.5,monthly
FAIL_000849,PAY_005777,CUST_0352,SUB_0352,953.66,2024-03-16,NETWORK_ERROR,TECHNICAL,897,26,3,29,0.8966,0.6,0.6,normal,0.1034,0.8966,growth,953.66,monthly
FAIL_000850,PAY_005781,CUST_0352,SUB_0352,953.66,2024-07-14,CARD_EXPIRED,PAYMENT_METHOD,897,26,3,29,0.8966,0.6,0.6,normal,0.1034,0.8966,growth,953.66,monthly
FAIL_000851,PAY_005783,CUST_0352,SUB_0352,953.66,2024-09-12,AUTHENTICATION_FAILED,CUSTOMER_ACTION,897,26,3,29,0.8966,0.6,0.6,normal,0.1034,0.8966,growth,953.66,monthly
FAIL_000852,PAY_005802,CUST_0352,SUB_0352,953.66,2026-04-05,INSUFFICIENT_FUNDS,CUSTOMER_FINANCIAL,897,26,3,29,0.8966,0.6,0.6,normal,0.1034,0.8966,growth,953.66,monthly
FAIL_000853,PAY_005804,CUST_0352,SUB_0352,953.66,2026-06-04,INSUFFICIENT_FUNDS,CUSTOMER_FINANCIAL,897,26,3,29,0.8966,0.6,0.6,normal,0.1034,0.8966,growth,953.66,monthly
FAIL_000854,PAY_005806,CUST_0353,SUB_0353,1421.41,2023-12-05,NETWORK_ERROR,TECHNICAL,999,28,5,33,0.8485,0.6,0.6,normal,0.1515,0.8485,pro,1421.41,monthly
FAIL_000855,PAY_005809,CUST_0353,SUB_0353,1421.41,2024-03-04,AUTHENTICATION_FAILED,CUSTOMER_ACTION,999,28,5,33,0.8485,0.6,0.6,normal,0.1515,0.8485,pro,1421.41,monthly
FAIL_000856,PAY_005811,CUST_0353,SUB_0353,1421.41,2024-05-03,LIMIT_EXCEEDED,PAYMENT_LIMIT,999,28,5,33,0.8485,0.6,0.6,normal,0.1515,0.8485,pro,1421.41,monthly
FAIL_000857,PAY_005816,CUST_0353,SUB_0353,1421.41,2024-09-30,NETWORK_ERROR,TECHNICAL,999,28,5,33,0.8485,0.6,0.6,normal,0.1515,0.8485,pro,1421.41,monthly
FAIL_000858,PAY_005820,CUST_0353,SUB_0353,1421.41,2025-01-28,BANK_DECLINED,ISSUER_DECLINE,999,28,5,33,0.8485,0.6,0.6,normal,0.1515,0.8485,pro,1421.41,monthly
FAIL_000859,PAY_005828,CUST_0353,SUB_0353,1421.41,2025-09-25,INSUFFICIENT_FUNDS,CUSTOMER_FINANCIAL,999,28,5,33,0.8485,0.6,0.6,normal,0.1515,0.8485,pro,1421.41,monthly
FAIL_000860,PAY_005830,CUST_0353,SUB_0353,1421.41,2025-11-24,NETWORK_ERROR,TECHNICAL,999,28,5,33,0.8485,0.6,0.6,normal,0.1515,0.8485,pro,1421.41,monthly
FAIL_000861,PAY_005846,CUST_0354,SUB_0354,886.93,2025-02-26,AUTHENTICATION_FAILED,CUSTOMER_ACTION,760,22,3,25,0.88,0.6,0.6,normal,0.12,0.88,starter,886.93,monthly
FAIL_000862,PAY_005852,CUST_0354,SUB_0354,886.93,2025-08-25,BANK_DECLINED,ISSUER_DECLINE,760,22,3,25,0.88,0.6,0.6,normal,0.12,0.88,starter,886.93,monthly
FAIL_000863,PAY_005855,CUST_0354,SUB_0354,886.93,2025-11-23,NETWORK_ERROR,TECHNICAL,760,22,3,25,0.88,0.6,0.6,normal,0.12,0.88,starter,886.93,monthly
FAIL_000864,PAY_005874,CUST_0356,SUB_0356,8418.6,2024-07-19,LIMIT_EXCEEDED,PAYMENT_LIMIT,922,27,3,30,0.9,0.82,0.9,high_value_loyal,0.1,0.9,growth,8418.6,monthly
FAIL_000865,PAY_005882,CUST_0356,SUB_0356,8418.6,2025-03-16,INSUFFICIENT_FUNDS,CUSTOMER_FINANCIAL,922,27,3,30,0.9,0.82,0.9,high_value_loyal,0.1,0.9,growth,8418.6,monthly
FAIL_000866,PAY_005887,CUST_0356,SUB_0356,8418.6,2025-08-13,AUTHENTICATION_FAILED,CUSTOMER_ACTION,922,27,3,30,0.9,0.82,0.9,high_value_loyal,0.1,0.9,growth,8418.6,monthly
FAIL_000867,PAY_005888,CUST_0356,SUB_0356,8418.6,2025-09-12,BANK_DECLINED,ISSUER_DECLINE,922,27,3,30,0.9,0.82,0.9,high_value_loyal,0.1,0.9,growth,8418.6,monthly
FAIL_000868,PAY_005892,CUST_0356,SUB_0356,8418.6,2026-01-10,BANK_DECLINED,ISSUER_DECLINE,922,27,3,30,0.9,0.82,0.9,high_value_loyal,0.1,0.9,growth,8418.6,monthly
FAIL_000869,PAY_005896,CUST_0356,SUB_0356,8418.6,2026-05-10,INSUFFICIENT_FUNDS,CUSTOMER_FINANCIAL,922,27,3,30,0.9,0.82,0.9,high_value_loyal,0.1,0.9,growth,8418.6,monthly
FAIL_000870,PAY_005908,CUST_0358,SUB_0358,533.16,2024-08-26,BANK_DECLINED,ISSUER_DECLINE,884,24,5,29,0.8276,0.6,0.6,normal,0.1724,0.8276,pro,533.16,monthly
FAIL_000871,PAY_005919,CUST_0358,SUB_0358,533.16,2025-07-22,BANK_DECLINED,ISSUER_DECLINE,884,24,5,29,0.8276,0.6,0.6,normal,0.1724,0.8276,pro,533.16,monthly
FAIL_000872,PAY_005920,CUST_0358,SUB_0358,533.16,2025-08-21,CARD_EXPIRED,PAYMENT_METHOD,884,24,5,29,0.8276,0.6,0.6,normal,0.1724,0.8276,pro,533.16,monthly
FAIL_000873,PAY_005923,CUST_0358,SUB_0358,533.16,2025-11-19,INSUFFICIENT_FUNDS,CUSTOMER_FINANCIAL,884,24,5,29,0.8276,0.6,0.6,normal,0.1724,0.8276,pro,533.16,monthly
FAIL_000874,PAY_005928,CUST_0358,SUB_0358,533.16,2026-04-18,INSUFFICIENT_FUNDS,CUSTOMER_FINANCIAL,884,24,5,29,0.8276,0.6,0.6,normal,0.1724,0.8276,pro,533.16,monthly
FAIL_000875,PAY_005929,CUST_0358,SUB_0358,533.16,2026-05-18,AUTHENTICATION_FAILED,CUSTOMER_ACTION,884,24,5,29,0.8276,0.6,0.6,normal,0.1724,0.8276,pro,533.16,monthly
FAIL_000876,PAY_005933,CUST_0359,SUB_0359,762.6,2025-05-24,NETWORK_ERROR,TECHNICAL,493,13,3,16,0.8125,0.3,0.25,low_engagement,0.1875,0.8125,starter,762.6,monthly
FAIL_000877,PAY_005937,CUST_0359,SUB_0359,762.6,2025-09-21,INSUFFICIENT_FUNDS,CUSTOMER_FINANCIAL,493,13,3,16,0.8125,0.3,0.25,low_engagement,0.1875,0.8125,starter,762.6,monthly
FAIL_000878,PAY_005939,CUST_0359,SUB_0359,762.6,2025-11-20,AUTHENTICATION_FAILED,CUSTOMER_ACTION,493,13,3,16,0.8125,0.3,0.25,low_engagement,0.1875,0.8125,starter,762.6,monthly
FAIL_000879,PAY_005945,CUST_0359,SUB_0359,762.6,2026-05-19,INSUFFICIENT_FUNDS,CUSTOMER_FINANCIAL,493,13,3,16,0.8125,0.3,0.25,low_engagement,0.1875,0.8125,starter,762.6,monthly
FAIL_000880,PAY_005946,CUST_0359,SUB_0359,762.6,2026-06-18,BANK_DECLINED,ISSUER_DECLINE,493,13,3,16,0.8125,0.3,0.25,low_engagement,0.1875,0.8125,starter,762.6,monthly
FAIL_000881,PAY_005952,CUST_0361,SUB_0361,1451.55,2026-03-30,INSUFFICIENT_FUNDS,CUSTOMER_FINANCIAL,153,3,2,5,0.6,0.6,0.6,normal,0.4,0.6,growth,1451.55,monthly
FAIL_000882,PAY_005955,CUST_0361,SUB_0361,1451.55,2026-06-28,INSUFFICIENT_FUNDS,CUSTOMER_FINANCIAL,153,3,2,5,0.6,0.6,0.6,normal,0.4,0.6,growth,1451.55,monthly
FAIL_000883,PAY_005956,CUST_0361,SUB_0361,1451.55,2026-07-28,INSUFFICIENT_FUNDS,CUSTOMER_FINANCIAL,153,3,2,5,0.6,0.6,0.6,normal,0.4,0.6,growth,1451.55,monthly
FAIL_000884,PAY_005970,CUST_0363,SUB_0363,260.32,2025-08-16,AUTHENTICATION_FAILED,CUSTOMER_ACTION,379,9,3,12,0.75,0.3,0.25,low_engagement,0.25,0.75,starter,260.32,monthly
FAIL_000885,PAY_005971,CUST_0363,SUB_0363,260.32,2025-09-15,AUTHENTICATION_FAILED,CUSTOMER_ACTION,379,9,3,12,0.75,0.3,0.25,low_engagement,0.25,0.75,starter,260.32,monthly
FAIL_000886,PAY_005974,CUST_0363,SUB_0363,260.32,2025-12-14,CARD_EXPIRED,PAYMENT_METHOD,379,9,3,12,0.75,0.3,0.25,low_engagement,0.25,0.75,starter,260.32,monthly
FAIL_000887,PAY_005981,CUST_0363,SUB_0363,260.32,2026-07-12,INSUFFICIENT_FUNDS,CUSTOMER_FINANCIAL,379,9,3,12,0.75,0.3,0.25,low_engagement,0.25,0.75,starter,260.32,monthly
FAIL_000888,PAY_005983,CUST_0364,SUB_0364,376.34,2024-04-21,BANK_DECLINED,ISSUER_DECLINE,891,17,12,29,0.5862,0.35,0.45,friction_prone,0.4138,0.5862,starter,376.34,monthly
FAIL_000889,PAY_005986,CUST_0364,SUB_0364,376.34,2024-07-20,INSUFFICIENT_FUNDS,CUSTOMER_FINANCIAL,891,17,12,29,0.5862,0.35,0.45,friction_prone,0.4138,0.5862,starter,376.34,monthly
FAIL_000890,PAY_005987,CUST_0364,SUB_0364,376.34,2024-08-19,BANK_DECLINED,ISSUER_DECLINE,891,17,12,29,0.5862,0.35,0.45,friction_prone,0.4138,0.5862,starter,376.34,monthly
FAIL_000891,PAY_005989,CUST_0364,SUB_0364,376.34,2024-10-18,BANK_DECLINED,ISSUER_DECLINE,891,17,12,29,0.5862,0.35,0.45,friction_prone,0.4138,0.5862,starter,376.34,monthly
FAIL_000892,PAY_005993,CUST_0364,SUB_0364,376.34,2025-02-15,BANK_DECLINED,ISSUER_DECLINE,891,17,12,29,0.5862,0.35,0.45,friction_prone,0.4138,0.5862,starter,376.34,monthly
FAIL_000893,PAY_005997,CUST_0364,SUB_0364,376.34,2025-06-15,INSUFFICIENT_FUNDS,CUSTOMER_FINANCIAL,891,17,12,29,0.5862,0.35,0.45,friction_prone,0.4138,0.5862,starter,376.34,monthly
FAIL_000894,PAY_006002,CUST_0364,SUB_0364,376.34,2025-11-12,CARD_EXPIRED,PAYMENT_METHOD,891,17,12,29,0.5862,0.35,0.45,friction_prone,0.4138,0.5862,starter,376.34,monthly
FAIL_000895,PAY_006006,CUST_0364,SUB_0364,376.34,2026-03-12,INSUFFICIENT_FUNDS,CUSTOMER_FINANCIAL,891,17,12,29,0.5862,0.35,0.45,friction_prone,0.4138,0.5862,starter,376.34,monthly
FAIL_000896,PAY_006008,CUST_0364,SUB_0364,376.34,2026-05-11,INSUFFICIENT_FUNDS,CUSTOMER_FINANCIAL,891,17,12,29,0.5862,0.35,0.45,friction_prone,0.4138,0.5862,starter,376.34,monthly
FAIL_000897,PAY_006013,CUST_0365,SUB_0365,578.62,2026-03-24,BANK_DECLINED,ISSUER_DECLINE,219,6,1,7,0.8571,0.6,0.6,normal,0.1429,0.8571,pro,578.62,monthly
FAIL_000898,PAY_006021,CUST_0366,SUB_0366,1420.91,2024-12-27,INSUFFICIENT_FUNDS,CUSTOMER_FINANCIAL,701,18,5,23,0.7826,0.6,0.6,normal,0.2174,0.7826,starter,1420.91,monthly
FAIL_000899,PAY_006027,CUST_0366,SUB_0366,1420.91,2025-06-25,BANK_DECLINED,ISSUER_DECLINE,701,18,5,23,0.7826,0.6,0.6,normal,0.2174,0.7826,starter,1420.91,monthly
FAIL_000900,PAY_006032,CUST_0366,SUB_0366,1420.91,2025-11-22,BANK_DECLINED,ISSUER_DECLINE,701,18,5,23,0.7826,0.6,0.6,normal,0.2174,0.7826,starter,1420.91,monthly
FAIL_000901,PAY_006034,CUST_0366,SUB_0366,1420.91,2026-01-21,LIMIT_EXCEEDED,PAYMENT_LIMIT,701,18,5,23,0.7826,0.6,0.6,normal,0.2174,0.7826,starter,1420.91,monthly
FAIL_000902,PAY_006043,CUST_0367,SUB_0367,543.21,2026-03-18,BANK_DECLINED,ISSUER_DECLINE,225,6,1,7,0.8571,0.3,0.25,low_engagement,0.1429,0.8571,starter,543.21,monthly
FAIL_000903,PAY_006078,CUST_0369,SUB_0369,803.69,2025-08-13,LIMIT_EXCEEDED,PAYMENT_LIMIT,772,21,4,25,0.84,0.3,0.25,low_engagement,0.16,0.84,starter,803.69,monthly
FAIL_000904,PAY_006080,CUST_0369,SUB_0369,803.69,2025-10-12,CARD_EXPIRED,PAYMENT_METHOD,772,21,4,25,0.84,0.3,0.25,low_engagement,0.16,0.84,starter,803.69,monthly
FAIL_000905,PAY_006084,CUST_0369,SUB_0369,803.69,2026-02-09,INSUFFICIENT_FUNDS,CUSTOMER_FINANCIAL,772,21,4,25,0.84,0.3,0.25,low_engagement,0.16,0.84,starter,803.69,monthly
FAIL_000906,PAY_006085,CUST_0369,SUB_0369,803.69,2026-03-11,NETWORK_ERROR,TECHNICAL,772,21,4,25,0.84,0.3,0.25,low_engagement,0.16,0.84,starter,803.69,monthly
FAIL_000907,PAY_006086,CUST_0369,SUB_0369,803.69,2026-04-10,CARD_EXPIRED,PAYMENT_METHOD,772,21,4,25,0.84,0.3,0.25,low_engagement,0.16,0.84,starter,803.69,monthly
FAIL_000908,PAY_006099,CUST_0371,SUB_0371,1607.44,2024-09-04,NETWORK_ERROR,TECHNICAL,845,22,6,28,0.7857,0.35,0.45,friction_prone,0.2143,0.7857,pro,1607.44,monthly
FAIL_000909,PAY_006101,CUST_0371,SUB_0371,1607.44,2024-11-03,INSUFFICIENT_FUNDS,CUSTOMER_FINANCIAL,845,22,6,28,0.7857,0.35,0.45,friction_prone,0.2143,0.7857,pro,1607.44,monthly
FAIL_000910,PAY_006109,CUST_0371,SUB_0371,1607.44,2025-07-01,BANK_DECLINED,ISSUER_DECLINE,845,22,6,28,0.7857,0.35,0.45,friction_prone,0.2143,0.7857,pro,1607.44,monthly
FAIL_000911,PAY_006116,CUST_0371,SUB_0371,1607.44,2026-01-27,BANK_DECLINED,ISSUER_DECLINE,845,22,6,28,0.7857,0.35,0.45,friction_prone,0.2143,0.7857,pro,1607.44,monthly
FAIL_000912,PAY_006129,CUST_0372,SUB_0372,454.36,2024-12-01,AUTHENTICATION_FAILED,CUSTOMER_ACTION,817,18,9,27,0.6667,0.35,0.45,friction_prone,0.3333,0.6667,growth,454.36,monthly
FAIL_000913,PAY_006133,CUST_0372,SUB_0372,454.36,2025-03-31,INSUFFICIENT_FUNDS,CUSTOMER_FINANCIAL,817,18,9,27,0.6667,0.35,0.45,friction_prone,0.3333,0.6667,growth,454.36,monthly
FAIL_000914,PAY_006136,CUST_0372,SUB_0372,454.36,2025-06-29,CARD_EXPIRED,PAYMENT_METHOD,817,18,9,27,0.6667,0.35,0.45,friction_prone,0.3333,0.6667,growth,454.36,monthly
FAIL_000915,PAY_006138,CUST_0372,SUB_0372,454.36,2025-08-28,BANK_DECLINED,ISSUER_DECLINE,817,18,9,27,0.6667,0.35,0.45,friction_prone,0.3333,0.6667,growth,454.36,monthly
FAIL_000916,PAY_006140,CUST_0372,SUB_0372,454.36,2025-10-27,INSUFFICIENT_FUNDS,CUSTOMER_FINANCIAL,817,18,9,27,0.6667,0.35,0.45,friction_prone,0.3333,0.6667,growth,454.36,monthly
FAIL_000917,PAY_006150,CUST_0373,SUB_0373,1062.38,2024-10-07,NETWORK_ERROR,TECHNICAL,692,20,3,23,0.8696,0.6,0.6,normal,0.1304,0.8696,starter,1062.38,monthly
FAIL_000918,PAY_006151,CUST_0373,SUB_0373,1062.38,2024-11-06,NETWORK_ERROR,TECHNICAL,692,20,3,23,0.8696,0.6,0.6,normal,0.1304,0.8696,starter,1062.38,monthly
FAIL_000919,PAY_006153,CUST_0373,SUB_0373,1062.38,2025-01-05,NETWORK_ERROR,TECHNICAL,692,20,3,23,0.8696,0.6,0.6,normal,0.1304,0.8696,starter,1062.38,monthly
FAIL_000920,PAY_006156,CUST_0373,SUB_0373,1062.38,2025-04-05,NETWORK_ERROR,TECHNICAL,692,20,3,23,0.8696,0.6,0.6,normal,0.1304,0.8696,starter,1062.38,monthly
FAIL_000921,PAY_006182,CUST_0374,SUB_0374,1655.04,2024-09-03,BANK_DECLINED,ISSUER_DECLINE,996,23,10,33,0.697,0.35,0.45,friction_prone,0.303,0.697,pro,1655.04,monthly
FAIL_000922,PAY_006189,CUST_0374,SUB_0374,1655.04,2025-04-01,CARD_EXPIRED,PAYMENT_METHOD,996,23,10,33,0.697,0.35,0.45,friction_prone,0.303,0.697,pro,1655.04,monthly
FAIL_000923,PAY_006190,CUST_0374,SUB_0374,1655.04,2025-05-01,BANK_DECLINED,ISSUER_DECLINE,996,23,10,33,0.697,0.35,0.45,friction_prone,0.303,0.697,pro,1655.04,monthly
FAIL_000924,PAY_006191,CUST_0374,SUB_0374,1655.04,2025-05-31,AUTHENTICATION_FAILED,CUSTOMER_ACTION,996,23,10,33,0.697,0.35,0.45,friction_prone,0.303,0.697,pro,1655.04,monthly
FAIL_000925,PAY_006197,CUST_0374,SUB_0374,1655.04,2025-11-27,BANK_DECLINED,ISSUER_DECLINE,996,23,10,33,0.697,0.35,0.45,friction_prone,0.303,0.697,pro,1655.04,monthly
FAIL_000926,PAY_006199,CUST_0374,SUB_0374,1655.04,2026-01-26,INSUFFICIENT_FUNDS,CUSTOMER_FINANCIAL,996,23,10,33,0.697,0.35,0.45,friction_prone,0.303,0.697,pro,1655.04,monthly
FAIL_000927,PAY_006202,CUST_0374,SUB_0374,1655.04,2026-04-26,BANK_DECLINED,ISSUER_DECLINE,996,23,10,33,0.697,0.35,0.45,friction_prone,0.303,0.697,pro,1655.04,monthly
FAIL_000928,PAY_006209,CUST_0375,SUB_0375,1091.55,2024-08-13,NETWORK_ERROR,TECHNICAL,837,22,5,27,0.8148,0.3,0.25,low_engagement,0.1852,0.8148,growth,1091.55,monthly
FAIL_000929,PAY_006222,CUST_0375,SUB_0375,1091.55,2025-09-07,CARD_EXPIRED,PAYMENT_METHOD,837,22,5,27,0.8148,0.3,0.25,low_engagement,0.1852,0.8148,growth,1091.55,monthly
FAIL_000930,PAY_006226,CUST_0375,SUB_0375,1091.55,2026-01-05,INSUFFICIENT_FUNDS,CUSTOMER_FINANCIAL,837,22,5,27,0.8148,0.3,0.25,low_engagement,0.1852,0.8148,growth,1091.55,monthly
FAIL_000931,PAY_006229,CUST_0375,SUB_0375,1091.55,2026-04-05,BANK_DECLINED,ISSUER_DECLINE,837,22,5,27,0.8148,0.3,0.25,low_engagement,0.1852,0.8148,growth,1091.55,monthly
FAIL_000932,PAY_006260,CUST_0376,SUB_0376,1048.92,2026-06-10,NETWORK_ERROR,TECHNICAL,891,27,2,29,0.931,0.8,0.85,reliable,0.069,0.931,growth,1048.92,monthly
FAIL_000933,PAY_006275,CUST_0377,SUB_0377,929.32,2025-08-27,INSUFFICIENT_FUNDS,CUSTOMER_FINANCIAL,758,21,4,25,0.84,0.6,0.6,normal,0.16,0.84,starter,929.32,monthly
FAIL_000934,PAY_006277,CUST_0377,SUB_0377,929.32,2025-10-26,INSUFFICIENT_FUNDS,CUSTOMER_FINANCIAL,758,21,4,25,0.84,0.6,0.6,normal,0.16,0.84,starter,929.32,monthly
FAIL_000935,PAY_006281,CUST_0377,SUB_0377,929.32,2026-02-23,BANK_DECLINED,ISSUER_DECLINE,758,21,4,25,0.84,0.6,0.6,normal,0.16,0.84,starter,929.32,monthly
FAIL_000936,PAY_006286,CUST_0377,SUB_0377,929.32,2026-07-23,LIMIT_EXCEEDED,PAYMENT_LIMIT,758,21,4,25,0.84,0.6,0.6,normal,0.16,0.84,starter,929.32,monthly
FAIL_000937,PAY_006310,CUST_0378,SUB_0378,3115.09,2026-07-10,NETWORK_ERROR,TECHNICAL,741,22,2,24,0.9167,0.8,0.85,reliable,0.0833,0.9167,pro,3115.09,monthly
FAIL_000938,PAY_006328,CUST_0380,SUB_0380,2093.21,2025-05-17,AUTHENTICATION_FAILED,CUSTOMER_ACTION,830,21,6,27,0.7778,0.35,0.45,friction_prone,0.2222,0.7778,pro,2093.21,monthly
FAIL_000939,PAY_006332,CUST_0380,SUB_0380,2093.21,2025-09-14,CARD_EXPIRED,PAYMENT_METHOD,830,21,6,27,0.7778,0.35,0.45,friction_prone,0.2222,0.7778,pro,2093.21,monthly
FAIL_000940,PAY_006340,CUST_0380,SUB_0380,2093.21,2026-05-12,INSUFFICIENT_FUNDS,CUSTOMER_FINANCIAL,830,21,6,27,0.7778,0.35,0.45,friction_prone,0.2222,0.7778,pro,2093.21,monthly
FAIL_000941,PAY_006349,CUST_0381,SUB_0381,525.92,2026-07-14,CARD_EXPIRED,PAYMENT_METHOD,227,5,2,7,0.7143,0.8,0.85,reliable,0.2857,0.7143,growth,525.92,monthly
FAIL_000942,PAY_006379,CUST_0384,SUB_0384,686.09,2025-06-27,BANK_DECLINED,ISSUER_DECLINE,429,10,4,14,0.7143,0.35,0.45,friction_prone,0.2857,0.7143,starter,686.09,monthly
FAIL_000943,PAY_006383,CUST_0384,SUB_0384,686.09,2025-10-25,CARD_EXPIRED,PAYMENT_METHOD,429,10,4,14,0.7143,0.35,0.45,friction_prone,0.2857,0.7143,starter,686.09,monthly
FAIL_000944,PAY_006388,CUST_0384,SUB_0384,686.09,2026-03-24,NETWORK_ERROR,TECHNICAL,429,10,4,14,0.7143,0.35,0.45,friction_prone,0.2857,0.7143,starter,686.09,monthly
FAIL_000945,PAY_006394,CUST_0385,SUB_0385,15000.0,2025-02-10,BANK_DECLINED,ISSUER_DECLINE,596,16,3,19,0.8421,0.82,0.9,high_value_loyal,0.1579,0.8421,pro,15000.0,monthly
FAIL_000946,PAY_006398,CUST_0385,SUB_0385,15000.0,2025-06-10,INSUFFICIENT_FUNDS,CUSTOMER_FINANCIAL,596,16,3,19,0.8421,0.82,0.9,high_value_loyal,0.1579,0.8421,pro,15000.0,monthly
FAIL_000947,PAY_006399,CUST_0385,SUB_0385,15000.0,2025-07-10,LIMIT_EXCEEDED,PAYMENT_LIMIT,596,16,3,19,0.8421,0.82,0.9,high_value_loyal,0.1579,0.8421,pro,15000.0,monthly
FAIL_000948,PAY_006400,CUST_0385,SUB_0385,15000.0,2025-08-09,INSUFFICIENT_FUNDS,CUSTOMER_FINANCIAL,596,16,3,19,0.8421,0.82,0.9,high_value_loyal,0.1579,0.8421,pro,15000.0,monthly
FAIL_000949,PAY_006405,CUST_0385,SUB_0385,15000.0,2026-01-06,LIMIT_EXCEEDED,PAYMENT_LIMIT,596,16,3,19,0.8421,0.82,0.9,high_value_loyal,0.1579,0.8421,pro,15000.0,monthly
FAIL_000950,PAY_006409,CUST_0385,SUB_0385,15000.0,2026-05-06,LIMIT_EXCEEDED,PAYMENT_LIMIT,596,16,3,19,0.8421,0.82,0.9,high_value_loyal,0.1579,0.8421,pro,15000.0,monthly
FAIL_000951,PAY_006415,CUST_0386,SUB_0386,978.94,2025-04-27,NETWORK_ERROR,TECHNICAL,580,14,5,19,0.7368,0.6,0.6,normal,0.2632,0.7368,pro,978.94,monthly
FAIL_000952,PAY_006417,CUST_0386,SUB_0386,978.94,2025-06-26,LIMIT_EXCEEDED,PAYMENT_LIMIT,580,14,5,19,0.7368,0.6,0.6,normal,0.2632,0.7368,pro,978.94,monthly
FAIL_000953,PAY_006419,CUST_0386,SUB_0386,978.94,2025-08-25,LIMIT_EXCEEDED,PAYMENT_LIMIT,580,14,5,19,0.7368,0.6,0.6,normal,0.2632,0.7368,pro,978.94,monthly
FAIL_000954,PAY_006420,CUST_0386,SUB_0386,978.94,2025-09-24,CARD_EXPIRED,PAYMENT_METHOD,580,14,5,19,0.7368,0.6,0.6,normal,0.2632,0.7368,pro,978.94,monthly
FAIL_000955,PAY_006422,CUST_0386,SUB_0386,978.94,2025-11-23,BANK_DECLINED,ISSUER_DECLINE,580,14,5,19,0.7368,0.6,0.6,normal,0.2632,0.7368,pro,978.94,monthly
FAIL_000956,PAY_006424,CUST_0386,SUB_0386,978.94,2026-01-22,CARD_EXPIRED,PAYMENT_METHOD,580,14,5,19,0.7368,0.6,0.6,normal,0.2632,0.7368,pro,978.94,monthly
FAIL_000957,PAY_006427,CUST_0386,SUB_0386,978.94,2026-04-22,INSUFFICIENT_FUNDS,CUSTOMER_FINANCIAL,580,14,5,19,0.7368,0.6,0.6,normal,0.2632,0.7368,pro,978.94,monthly
FAIL_000958,PAY_006430,CUST_0386,SUB_0386,978.94,2026-07-21,BANK_DECLINED,ISSUER_DECLINE,580,14,5,19,0.7368,0.6,0.6,normal,0.2632,0.7368,pro,978.94,monthly
FAIL_000959,PAY_006431,CUST_0387,SUB_0387,524.81,2025-01-01,BANK_DECLINED,ISSUER_DECLINE,606,12,8,20,0.6,0.3,0.25,low_engagement,0.4,0.6,growth,524.81,monthly
FAIL_000960,PAY_006432,CUST_0387,SUB_0387,524.81,2025-01-31,CARD_EXPIRED,PAYMENT_METHOD,606,12,8,20,0.6,0.3,0.25,low_engagement,0.4,0.6,growth,524.81,monthly
FAIL_000961,PAY_006433,CUST_0387,SUB_0387,524.81,2025-03-02,CARD_EXPIRED,PAYMENT_METHOD,606,12,8,20,0.6,0.3,0.25,low_engagement,0.4,0.6,growth,524.81,monthly
FAIL_000962,PAY_006434,CUST_0387,SUB_0387,524.81,2025-04-01,NETWORK_ERROR,TECHNICAL,606,12,8,20,0.6,0.3,0.25,low_engagement,0.4,0.6,growth,524.81,monthly
FAIL_000963,PAY_006437,CUST_0387,SUB_0387,524.81,2025-06-30,AUTHENTICATION_FAILED,CUSTOMER_ACTION,606,12,8,20,0.6,0.3,0.25,low_engagement,0.4,0.6,growth,524.81,monthly
FAIL_000964,PAY_006438,CUST_0387,SUB_0387,524.81,2025-07-30,AUTHENTICATION_FAILED,CUSTOMER_ACTION,606,12,8,20,0.6,0.3,0.25,low_engagement,0.4,0.6,growth,524.81,monthly
FAIL_000965,PAY_006439,CUST_0387,SUB_0387,524.81,2025-08-29,INSUFFICIENT_FUNDS,CUSTOMER_FINANCIAL,606,12,8,20,0.6,0.3,0.25,low_engagement,0.4,0.6,growth,524.81,monthly
FAIL_000966,PAY_006442,CUST_0387,SUB_0387,524.81,2025-11-27,INSUFFICIENT_FUNDS,CUSTOMER_FINANCIAL,606,12,8,20,0.6,0.3,0.25,low_engagement,0.4,0.6,growth,524.81,monthly
FAIL_000967,PAY_006443,CUST_0387,SUB_0387,524.81,2025-12-27,INSUFFICIENT_FUNDS,CUSTOMER_FINANCIAL,606,12,8,20,0.6,0.3,0.25,low_engagement,0.4,0.6,growth,524.81,monthly
FAIL_000968,PAY_006444,CUST_0387,SUB_0387,524.81,2026-01-26,AUTHENTICATION_FAILED,CUSTOMER_ACTION,606,12,8,20,0.6,0.3,0.25,low_engagement,0.4,0.6,growth,524.81,monthly
FAIL_000969,PAY_006445,CUST_0387,SUB_0387,524.81,2026-02-25,NETWORK_ERROR,TECHNICAL,606,12,8,20,0.6,0.3,0.25,low_engagement,0.4,0.6,growth,524.81,monthly
FAIL_000970,PAY_006446,CUST_0387,SUB_0387,524.81,2026-03-27,AUTHENTICATION_FAILED,CUSTOMER_ACTION,606,12,8,20,0.6,0.3,0.25,low_engagement,0.4,0.6,growth,524.81,monthly
FAIL_000971,PAY_006447,CUST_0387,SUB_0387,524.81,2026-04-26,INSUFFICIENT_FUNDS,CUSTOMER_FINANCIAL,606,12,8,20,0.6,0.3,0.25,low_engagement,0.4,0.6,growth,524.81,monthly
FAIL_000972,PAY_006450,CUST_0387,SUB_0387,524.81,2026-07-25,INSUFFICIENT_FUNDS,CUSTOMER_FINANCIAL,606,12,8,20,0.6,0.3,0.25,low_engagement,0.4,0.6,growth,524.81,monthly
FAIL_000973,PAY_006487,CUST_0390,SUB_0390,1773.37,2026-06-24,CARD_EXPIRED,PAYMENT_METHOD,67,1,1,2,0.5,0.35,0.45,friction_prone,0.5,0.5,growth,1773.37,monthly
FAIL_000974,PAY_006488,CUST_0390,SUB_0390,1773.37,2026-07-24,AUTHENTICATION_FAILED,CUSTOMER_ACTION,67,1,1,2,0.5,0.35,0.45,friction_prone,0.5,0.5,growth,1773.37,monthly
FAIL_000975,PAY_006500,CUST_0393,SUB_0393,814.36,2025-03-10,BANK_DECLINED,ISSUER_DECLINE,718,18,5,23,0.7826,0.3,0.25,low_engagement,0.2174,0.7826,growth,814.36,monthly
FAIL_000976,PAY_006504,CUST_0393,SUB_0393,814.36,2025-07-08,BANK_DECLINED,ISSUER_DECLINE,718,18,5,23,0.7826,0.3,0.25,low_engagement,0.2174,0.7826,growth,814.36,monthly
FAIL_000977,PAY_006510,CUST_0393,SUB_0393,814.36,2026-01-04,INSUFFICIENT_FUNDS,CUSTOMER_FINANCIAL,718,18,5,23,0.7826,0.3,0.25,low_engagement,0.2174,0.7826,growth,814.36,monthly
FAIL_000978,PAY_006515,CUST_0393,SUB_0393,814.36,2026-06-03,LIMIT_EXCEEDED,PAYMENT_LIMIT,718,18,5,23,0.7826,0.3,0.25,low_engagement,0.2174,0.7826,growth,814.36,monthly
FAIL_000979,PAY_006543,CUST_0396,SUB_0396,5752.09,2024-08-23,BANK_DECLINED,ISSUER_DECLINE,857,25,3,28,0.8929,0.82,0.9,high_value_loyal,0.1071,0.8929,pro,5752.09,monthly
FAIL_000980,PAY_006544,CUST_0396,SUB_0396,5752.09,2024-09-22,BANK_DECLINED,ISSUER_DECLINE,857,25,3,28,0.8929,0.82,0.9,high_value_loyal,0.1071,0.8929,pro,5752.09,monthly
FAIL_000981,PAY_006545,CUST_0396,SUB_0396,5752.09,2024-10-22,INSUFFICIENT_FUNDS,CUSTOMER_FINANCIAL,857,25,3,28,0.8929,0.82,0.9,high_value_loyal,0.1071,0.8929,pro,5752.09,monthly
FAIL_000982,PAY_006546,CUST_0396,SUB_0396,5752.09,2024-11-21,LIMIT_EXCEEDED,PAYMENT_LIMIT,857,25,3,28,0.8929,0.82,0.9,high_value_loyal,0.1071,0.8929,pro,5752.09,monthly
FAIL_000983,PAY_006555,CUST_0396,SUB_0396,5752.09,2025-08-18,INSUFFICIENT_FUNDS,CUSTOMER_FINANCIAL,857,25,3,28,0.8929,0.82,0.9,high_value_loyal,0.1071,0.8929,pro,5752.09,monthly
FAIL_000984,PAY_006560,CUST_0396,SUB_0396,5752.09,2026-01-15,BANK_DECLINED,ISSUER_DECLINE,857,25,3,28,0.8929,0.82,0.9,high_value_loyal,0.1071,0.8929,pro,5752.09,monthly
FAIL_000985,PAY_006594,CUST_0398,SUB_0398,669.19,2024-12-10,CARD_EXPIRED,PAYMENT_METHOD,838,23,4,27,0.8519,0.3,0.25,low_engagement,0.1481,0.8519,starter,669.19,monthly
FAIL_000986,PAY_006595,CUST_0398,SUB_0398,669.19,2025-01-09,CARD_EXPIRED,PAYMENT_METHOD,838,23,4,27,0.8519,0.3,0.25,low_engagement,0.1481,0.8519,starter,669.19,monthly
FAIL_000987,PAY_006602,CUST_0398,SUB_0398,669.19,2025-08-07,LIMIT_EXCEEDED,PAYMENT_LIMIT,838,23,4,27,0.8519,0.3,0.25,low_engagement,0.1481,0.8519,starter,669.19,monthly
FAIL_000988,PAY_006605,CUST_0398,SUB_0398,669.19,2025-11-05,BANK_DECLINED,ISSUER_DECLINE,838,23,4,27,0.8519,0.3,0.25,low_engagement,0.1481,0.8519,starter,669.19,monthly
FAIL_000989,PAY_006610,CUST_0398,SUB_0398,669.19,2026-04-04,CARD_EXPIRED,PAYMENT_METHOD,838,23,4,27,0.8519,0.3,0.25,low_engagement,0.1481,0.8519,starter,669.19,monthly
FAIL_000990,PAY_006613,CUST_0398,SUB_0398,669.19,2026-07-03,INSUFFICIENT_FUNDS,CUSTOMER_FINANCIAL,838,23,4,27,0.8519,0.3,0.25,low_engagement,0.1481,0.8519,starter,669.19,monthly
FAIL_000991,PAY_006626,CUST_0399,SUB_0399,1294.46,2026-05-20,BANK_DECLINED,ISSUER_DECLINE,462,14,1,15,0.9333,0.8,0.85,reliable,0.0667,0.9333,pro,1294.46,monthly
FAIL_000992,PAY_006633,CUST_0400,SUB_0400,7063.31,2024-06-14,INSUFFICIENT_FUNDS,CUSTOMER_FINANCIAL,927,28,2,30,0.9333,0.82,0.9,high_value_loyal,0.0667,0.9333,growth,7063.31,monthly
FAIL_000993,PAY_006636,CUST_0400,SUB_0400,7063.31,2024-09-12,BANK_DECLINED,ISSUER_DECLINE,927,28,2,30,0.9333,0.82,0.9,high_value_loyal,0.0667,0.9333,growth,7063.31,monthly
FAIL_000994,PAY_006638,CUST_0400,SUB_0400,7063.31,2024-11-11,BANK_DECLINED,ISSUER_DECLINE,927,28,2,30,0.9333,0.82,0.9,high_value_loyal,0.0667,0.9333,growth,7063.31,monthly
FAIL_000995,PAY_006642,CUST_0400,SUB_0400,7063.31,2025-03-11,LIMIT_EXCEEDED,PAYMENT_LIMIT,927,28,2,30,0.9333,0.82,0.9,high_value_loyal,0.0667,0.9333,growth,7063.31,monthly
FAIL_000996,PAY_006650,CUST_0400,SUB_0400,7063.31,2025-11-06,INSUFFICIENT_FUNDS,CUSTOMER_FINANCIAL,927,28,2,30,0.9333,0.82,0.9,high_value_loyal,0.0667,0.9333,growth,7063.31,monthly
FAIL_000997,PAY_006654,CUST_0400,SUB_0400,7063.31,2026-03-06,BANK_DECLINED,ISSUER_DECLINE,927,28,2,30,0.9333,0.82,0.9,high_value_loyal,0.0667,0.9333,growth,7063.31,monthly
FAIL_000998,PAY_006671,CUST_0402,SUB_0402,568.13,2024-05-14,BANK_DECLINED,ISSUER_DECLINE,988,26,6,32,0.8125,0.35,0.45,friction_prone,0.1875,0.8125,pro,568.13,monthly
FAIL_000999,PAY_006674,CUST_0402,SUB_0402,568.13,2024-08-12,LIMIT_EXCEEDED,PAYMENT_LIMIT,988,26,6,32,0.8125,0.35,0.45,friction_prone,0.1875,0.8125,pro,568.13,monthly
FAIL_001000,PAY_006694,CUST_0402,SUB_0402,568.13,2026-04-04,CARD_EXPIRED,PAYMENT_METHOD,988,26,6,32,0.8125,0.35,0.45,friction_prone,0.1875,0.8125,pro,568.13,monthly
FAIL_001001,PAY_006733,CUST_0405,SUB_0405,703.31,2025-11-19,INSUFFICIENT_FUNDS,CUSTOMER_FINANCIAL,374,10,2,12,0.8333,0.3,0.25,low_engagement,0.1667,0.8333,growth,703.31,monthly
FAIL_001002,PAY_006741,CUST_0405,SUB_0405,703.31,2026-07-17,CARD_EXPIRED,PAYMENT_METHOD,374,10,2,12,0.8333,0.3,0.25,low_engagement,0.1667,0.8333,growth,703.31,monthly
FAIL_001003,PAY_006742,CUST_0406,SUB_0406,449.13,2024-10-10,NETWORK_ERROR,TECHNICAL,689,20,2,22,0.9091,0.3,0.25,low_engagement,0.0909,0.9091,starter,449.13,monthly
FAIL_001004,PAY_006746,CUST_0406,SUB_0406,449.13,2025-02-07,LIMIT_EXCEEDED,PAYMENT_LIMIT,689,20,2,22,0.9091,0.3,0.25,low_engagement,0.0909,0.9091,starter,449.13,monthly
FAIL_001005,PAY_006756,CUST_0406,SUB_0406,449.13,2025-12-04,BANK_DECLINED,ISSUER_DECLINE,689,20,2,22,0.9091,0.3,0.25,low_engagement,0.0909,0.9091,starter,449.13,monthly
FAIL_001006,PAY_006783,CUST_0407,SUB_0407,12772.18,2025-11-02,BANK_DECLINED,ISSUER_DECLINE,871,28,1,29,0.9655,0.82,0.9,high_value_loyal,0.0345,0.9655,growth,12772.18,monthly
FAIL_001007,PAY_006793,CUST_0408,SUB_0408,1572.78,2025-08-18,INSUFFICIENT_FUNDS,CUSTOMER_FINANCIAL,377,8,4,12,0.6667,0.35,0.45,friction_prone,0.3333,0.6667,growth,1572.78,monthly
FAIL_001008,PAY_006794,CUST_0408,SUB_0408,1572.78,2025-09-17,INSUFFICIENT_FUNDS,CUSTOMER_FINANCIAL,377,8,4,12,0.6667,0.35,0.45,friction_prone,0.3333,0.6667,growth,1572.78,monthly
FAIL_001009,PAY_006796,CUST_0408,SUB_0408,1572.78,2025-11-16,CARD_EXPIRED,PAYMENT_METHOD,377,8,4,12,0.6667,0.35,0.45,friction_prone,0.3333,0.6667,growth,1572.78,monthly
FAIL_001010,PAY_006801,CUST_0408,SUB_0408,1572.78,2026-04-15,BANK_DECLINED,ISSUER_DECLINE,377,8,4,12,0.6667,0.35,0.45,friction_prone,0.3333,0.6667,growth,1572.78,monthly
FAIL_001011,PAY_006805,CUST_0409,SUB_0409,432.26,2024-01-08,CARD_EXPIRED,PAYMENT_METHOD,965,27,5,32,0.8438,0.3,0.25,low_engagement,0.1562,0.8438,starter,432.26,monthly
FAIL_001012,PAY_006814,CUST_0409,SUB_0409,432.26,2024-10-04,CARD_EXPIRED,PAYMENT_METHOD,965,27,5,32,0.8438,0.3,0.25,low_engagement,0.1562,0.8438,starter,432.26,monthly
FAIL_001013,PAY_006822,CUST_0409,SUB_0409,432.26,2025-06-01,NETWORK_ERROR,TECHNICAL,965,27,5,32,0.8438,0.3,0.25,low_engagement,0.1562,0.8438,starter,432.26,monthly
FAIL_001014,PAY_006828,CUST_0409,SUB_0409,432.26,2025-11-28,INSUFFICIENT_FUNDS,CUSTOMER_FINANCIAL,965,27,5,32,0.8438,0.3,0.25,low_engagement,0.1562,0.8438,starter,432.26,monthly
FAIL_001015,PAY_006838,CUST_0410,SUB_0410,1152.66,2025-07-28,CARD_EXPIRED,PAYMENT_METHOD,428,13,1,14,0.9286,0.8,0.85,reliable,0.0714,0.9286,growth,1152.66,monthly
FAIL_001016,PAY_006858,CUST_0412,SUB_0412,449.29,2024-06-11,INSUFFICIENT_FUNDS,CUSTOMER_FINANCIAL,930,22,9,31,0.7097,0.3,0.25,low_engagement,0.2903,0.7097,starter,449.29,monthly
FAIL_001017,PAY_006865,CUST_0412,SUB_0412,449.29,2025-01-07,INSUFFICIENT_FUNDS,CUSTOMER_FINANCIAL,930,22,9,31,0.7097,0.3,0.25,low_engagement,0.2903,0.7097,starter,449.29,monthly
FAIL_001018,PAY_006868,CUST_0412,SUB_0412,449.29,2025-04-07,NETWORK_ERROR,TECHNICAL,930,22,9,31,0.7097,0.3,0.25,low_engagement,0.2903,0.7097,starter,449.29,monthly
FAIL_001019,PAY_006872,CUST_0412,SUB_0412,449.29,2025-08-05,INSUFFICIENT_FUNDS,CUSTOMER_FINANCIAL,930,22,9,31,0.7097,0.3,0.25,low_engagement,0.2903,0.7097,starter,449.29,monthly
FAIL_001020,PAY_006873,CUST_0412,SUB_0412,449.29,2025-09-04,CARD_EXPIRED,PAYMENT_METHOD,930,22,9,31,0.7097,0.3,0.25,low_engagement,0.2903,0.7097,starter,449.29,monthly
FAIL_001021,PAY_006874,CUST_0412,SUB_0412,449.29,2025-10-04,INSUFFICIENT_FUNDS,CUSTOMER_FINANCIAL,930,22,9,31,0.7097,0.3,0.25,low_engagement,0.2903,0.7097,starter,449.29,monthly
FAIL_001022,PAY_006878,CUST_0412,SUB_0412,449.29,2026-02-01,INSUFFICIENT_FUNDS,CUSTOMER_FINANCIAL,930,22,9,31,0.7097,0.3,0.25,low_engagement,0.2903,0.7097,starter,449.29,monthly
FAIL_001023,PAY_006879,CUST_0412,SUB_0412,449.29,2026-03-03,AUTHENTICATION_FAILED,CUSTOMER_ACTION,930,22,9,31,0.7097,0.3,0.25,low_engagement,0.2903,0.7097,starter,449.29,monthly
FAIL_001024,PAY_006884,CUST_0412,SUB_0412,449.29,2026-07-31,BANK_DECLINED,ISSUER_DECLINE,930,22,9,31,0.7097,0.3,0.25,low_engagement,0.2903,0.7097,starter,449.29,monthly
FAIL_001025,PAY_006889,CUST_0413,SUB_0413,527.99,2026-07-27,INSUFFICIENT_FUNDS,CUSTOMER_FINANCIAL,154,4,1,5,0.8,0.3,0.25,low_engagement,0.2,0.8,starter,527.99,monthly
FAIL_001026,PAY_006938,CUST_0417,SUB_0417,850.96,2024-02-12,AUTHENTICATION_FAILED,CUSTOMER_ACTION,960,26,6,32,0.8125,0.35,0.45,friction_prone,0.1875,0.8125,starter,850.96,monthly
FAIL_001027,PAY_006942,CUST_0417,SUB_0417,850.96,2024-06-11,INSUFFICIENT_FUNDS,CUSTOMER_FINANCIAL,960,26,6,32,0.8125,0.35,0.45,friction_prone,0.1875,0.8125,starter,850.96,monthly
FAIL_001028,PAY_006950,CUST_0417,SUB_0417,850.96,2025-02-06,CARD_EXPIRED,PAYMENT_METHOD,960,26,6,32,0.8125,0.35,0.45,friction_prone,0.1875,0.8125,starter,850.96,monthly
FAIL_001029,PAY_006960,CUST_0417,SUB_0417,850.96,2025-12-03,INSUFFICIENT_FUNDS,CUSTOMER_FINANCIAL,960,26,6,32,0.8125,0.35,0.45,friction_prone,0.1875,0.8125,starter,850.96,monthly
FAIL_001030,PAY_006973,CUST_0419,SUB_0419,1157.68,2024-08-31,INSUFFICIENT_FUNDS,CUSTOMER_FINANCIAL,759,20,5,25,0.8,0.8,0.85,reliable,0.2,0.8,starter,1157.68,monthly
FAIL_001031,PAY_006985,CUST_0419,SUB_0419,1157.68,2025-08-26,INSUFFICIENT_FUNDS,CUSTOMER_FINANCIAL,759,20,5,25,0.8,0.8,0.85,reliable,0.2,0.8,starter,1157.68,monthly
FAIL_001032,PAY_006986,CUST_0419,SUB_0419,1157.68,2025-09-25,INSUFFICIENT_FUNDS,CUSTOMER_FINANCIAL,759,20,5,25,0.8,0.8,0.85,reliable,0.2,0.8,starter,1157.68,monthly
FAIL_001033,PAY_006987,CUST_0419,SUB_0419,1157.68,2025-10-25,NETWORK_ERROR,TECHNICAL,759,20,5,25,0.8,0.8,0.85,reliable,0.2,0.8,starter,1157.68,monthly
FAIL_001034,PAY_006989,CUST_0419,SUB_0419,1157.68,2025-12-24,INSUFFICIENT_FUNDS,CUSTOMER_FINANCIAL,759,20,5,25,0.8,0.8,0.85,reliable,0.2,0.8,starter,1157.68,monthly
FAIL_001035,PAY_007031,CUST_0422,SUB_0422,306.79,2024-06-18,INSUFFICIENT_FUNDS,CUSTOMER_FINANCIAL,923,25,5,30,0.8333,0.3,0.25,low_engagement,0.1667,0.8333,starter,306.79,monthly
FAIL_001036,PAY_007036,CUST_0422,SUB_0422,306.79,2024-11-15,CARD_EXPIRED,PAYMENT_METHOD,923,25,5,30,0.8333,0.3,0.25,low_engagement,0.1667,0.8333,starter,306.79,monthly
FAIL_001037,PAY_007038,CUST_0422,SUB_0422,306.79,2025-01-14,INSUFFICIENT_FUNDS,CUSTOMER_FINANCIAL,923,25,5,30,0.8333,0.3,0.25,low_engagement,0.1667,0.8333,starter,306.79,monthly
FAIL_001038,PAY_007046,CUST_0422,SUB_0422,306.79,2025-09-11,BANK_DECLINED,ISSUER_DECLINE,923,25,5,30,0.8333,0.3,0.25,low_engagement,0.1667,0.8333,starter,306.79,monthly
FAIL_001039,PAY_007053,CUST_0422,SUB_0422,306.79,2026-04-09,INSUFFICIENT_FUNDS,CUSTOMER_FINANCIAL,923,25,5,30,0.8333,0.3,0.25,low_engagement,0.1667,0.8333,starter,306.79,monthly
FAIL_001040,PAY_007054,CUST_0422,SUB_0422,306.79,2026-05-09,INSUFFICIENT_FUNDS,CUSTOMER_FINANCIAL,923,25,5,30,0.8333,0.3,0.25,low_engagement,0.1667,0.8333,starter,306.79,monthly
FAIL_001041,PAY_007082,CUST_0424,SUB_0424,6888.32,2025-09-29,CARD_EXPIRED,PAYMENT_METHOD,605,18,2,20,0.9,0.82,0.9,high_value_loyal,0.1,0.9,growth,6888.32,monthly
FAIL_001042,PAY_007101,CUST_0426,SUB_0426,542.66,2024-10-16,BANK_DECLINED,ISSUER_DECLINE,743,18,6,24,0.75,0.35,0.45,friction_prone,0.25,0.75,pro,542.66,monthly
FAIL_001043,PAY_007103,CUST_0426,SUB_0426,542.66,2024-12-15,NETWORK_ERROR,TECHNICAL,743,18,6,24,0.75,0.35,0.45,friction_prone,0.25,0.75,pro,542.66,monthly
FAIL_001044,PAY_007106,CUST_0426,SUB_0426,542.66,2025-03-15,BANK_DECLINED,ISSUER_DECLINE,743,18,6,24,0.75,0.35,0.45,friction_prone,0.25,0.75,pro,542.66,monthly
FAIL_001045,PAY_007109,CUST_0426,SUB_0426,542.66,2025-06-13,NETWORK_ERROR,TECHNICAL,743,18,6,24,0.75,0.35,0.45,friction_prone,0.25,0.75,pro,542.66,monthly
FAIL_001046,PAY_007111,CUST_0426,SUB_0426,542.66,2025-08-12,BANK_DECLINED,ISSUER_DECLINE,743,18,6,24,0.75,0.35,0.45,friction_prone,0.25,0.75,pro,542.66,monthly
FAIL_001047,PAY_007115,CUST_0426,SUB_0426,542.66,2025-12-10,INSUFFICIENT_FUNDS,CUSTOMER_FINANCIAL,743,18,6,24,0.75,0.35,0.45,friction_prone,0.25,0.75,pro,542.66,monthly
FAIL_001048,PAY_007119,CUST_0426,SUB_0426,542.66,2026-04-09,BANK_DECLINED,ISSUER_DECLINE,743,18,6,24,0.75,0.35,0.45,friction_prone,0.25,0.75,pro,542.66,monthly
FAIL_001049,PAY_007140,CUST_0427,SUB_0427,317.18,2025-06-05,LIMIT_EXCEEDED,PAYMENT_LIMIT,961,26,6,32,0.8125,0.3,0.25,low_engagement,0.1875,0.8125,starter,317.18,monthly
FAIL_001050,PAY_007167,CUST_0429,SUB_0429,946.68,2024-06-18,INSUFFICIENT_FUNDS,CUSTOMER_FINANCIAL,953,23,8,31,0.7419,0.35,0.45,friction_prone,0.2581,0.7419,growth,946.68,monthly
FAIL_001051,PAY_007169,CUST_0429,SUB_0429,946.68,2024-08-17,NETWORK_ERROR,TECHNICAL,953,23,8,31,0.7419,0.35,0.45,friction_prone,0.2581,0.7419,growth,946.68,monthly
FAIL_001052,PAY_007170,CUST_0429,SUB_0429,946.68,2024-09-16,CARD_EXPIRED,PAYMENT_METHOD,953,23,8,31,0.7419,0.35,0.45,friction_prone,0.2581,0.7419,growth,946.68,monthly
FAIL_001053,PAY_007173,CUST_0429,SUB_0429,946.68,2024-12-15,BANK_DECLINED,ISSUER_DECLINE,953,23,8,31,0.7419,0.35,0.45,friction_prone,0.2581,0.7419,growth,946.68,monthly
FAIL_001054,PAY_007177,CUST_0429,SUB_0429,946.68,2025-04-14,BANK_DECLINED,ISSUER_DECLINE,953,23,8,31,0.7419,0.35,0.45,friction_prone,0.2581,0.7419,growth,946.68,monthly
FAIL_001055,PAY_007179,CUST_0429,SUB_0429,946.68,2025-06-13,LIMIT_EXCEEDED,PAYMENT_LIMIT,953,23,8,31,0.7419,0.35,0.45,friction_prone,0.2581,0.7419,growth,946.68,monthly
FAIL_001056,PAY_007181,CUST_0429,SUB_0429,946.68,2025-08-12,INSUFFICIENT_FUNDS,CUSTOMER_FINANCIAL,953,23,8,31,0.7419,0.35,0.45,friction_prone,0.2581,0.7419,growth,946.68,monthly
FAIL_001057,PAY_007184,CUST_0429,SUB_0429,946.68,2025-11-10,BANK_DECLINED,ISSUER_DECLINE,953,23,8,31,0.7419,0.35,0.45,friction_prone,0.2581,0.7419,growth,946.68,monthly
FAIL_001058,PAY_007201,CUST_0430,SUB_0430,2619.41,2024-08-07,BANK_DECLINED,ISSUER_DECLINE,993,24,9,33,0.7273,0.6,0.6,normal,0.2727,0.7273,pro,2619.41,monthly
FAIL_001059,PAY_007206,CUST_0430,SUB_0430,2619.41,2025-01-04,NETWORK_ERROR,TECHNICAL,993,24,9,33,0.7273,0.6,0.6,normal,0.2727,0.7273,pro,2619.41,monthly
FAIL_001060,PAY_007209,CUST_0430,SUB_0430,2619.41,2025-04-04,BANK_DECLINED,ISSUER_DECLINE,993,24,9,33,0.7273,0.6,0.6,normal,0.2727,0.7273,pro,2619.41,monthly
FAIL_001061,PAY_007218,CUST_0430,SUB_0430,2619.41,2025-12-30,AUTHENTICATION_FAILED,CUSTOMER_ACTION,993,24,9,33,0.7273,0.6,0.6,normal,0.2727,0.7273,pro,2619.41,monthly
FAIL_001062,PAY_007221,CUST_0430,SUB_0430,2619.41,2026-03-30,INSUFFICIENT_FUNDS,CUSTOMER_FINANCIAL,993,24,9,33,0.7273,0.6,0.6,normal,0.2727,0.7273,pro,2619.41,monthly
FAIL_001063,PAY_007223,CUST_0430,SUB_0430,2619.41,2026-05-29,INSUFFICIENT_FUNDS,CUSTOMER_FINANCIAL,993,24,9,33,0.7273,0.6,0.6,normal,0.2727,0.7273,pro,2619.41,monthly
FAIL_001064,PAY_007225,CUST_0430,SUB_0430,2619.41,2026-07-28,NETWORK_ERROR,TECHNICAL,993,24,9,33,0.7273,0.6,0.6,normal,0.2727,0.7273,pro,2619.41,monthly
FAIL_001065,PAY_007229,CUST_0431,SUB_0431,745.87,2024-08-07,INSUFFICIENT_FUNDS,CUSTOMER_FINANCIAL,843,20,8,28,0.7143,0.3,0.25,low_engagement,0.2857,0.7143,starter,745.87,monthly
FAIL_001066,PAY_007233,CUST_0431,SUB_0431,745.87,2024-12-05,INSUFFICIENT_FUNDS,CUSTOMER_FINANCIAL,843,20,8,28,0.7143,0.3,0.25,low_engagement,0.2857,0.7143,starter,745.87,monthly
FAIL_001067,PAY_007234,CUST_0431,SUB_0431,745.87,2025-01-04,CARD_EXPIRED,PAYMENT_METHOD,843,20,8,28,0.7143,0.3,0.25,low_engagement,0.2857,0.7143,starter,745.87,monthly
FAIL_001068,PAY_007237,CUST_0431,SUB_0431,745.87,2025-04-04,NETWORK_ERROR,TECHNICAL,843,20,8,28,0.7143,0.3,0.25,low_engagement,0.2857,0.7143,starter,745.87,monthly
FAIL_001069,PAY_007241,CUST_0431,SUB_0431,745.87,2025-08-02,BANK_DECLINED,ISSUER_DECLINE,843,20,8,28,0.7143,0.3,0.25,low_engagement,0.2857,0.7143,starter,745.87,monthly
FAIL_001070,PAY_007246,CUST_0431,SUB_0431,745.87,2025-12-30,LIMIT_EXCEEDED,PAYMENT_LIMIT,843,20,8,28,0.7143,0.3,0.25,low_engagement,0.2857,0.7143,starter,745.87,monthly
FAIL_001071,PAY_007251,CUST_0431,SUB_0431,745.87,2026-05-29,NETWORK_ERROR,TECHNICAL,843,20,8,28,0.7143,0.3,0.25,low_engagement,0.2857,0.7143,starter,745.87,monthly
FAIL_001072,PAY_007260,CUST_0433,SUB_0433,699.79,2026-02-16,BANK_DECLINED,ISSUER_DECLINE,255,5,3,8,0.625,0.35,0.45,friction_prone,0.375,0.625,starter,699.79,monthly
FAIL_001073,PAY_007262,CUST_0433,SUB_0433,699.79,2026-04-17,BANK_DECLINED,ISSUER_DECLINE,255,5,3,8,0.625,0.35,0.45,friction_prone,0.375,0.625,starter,699.79,monthly
FAIL_001074,PAY_007280,CUST_0434,SUB_0434,418.23,2025-02-12,INSUFFICIENT_FUNDS,CUSTOMER_FINANCIAL,984,27,5,32,0.8438,0.6,0.6,normal,0.1562,0.8438,starter,418.23,monthly
FAIL_001075,PAY_007286,CUST_0434,SUB_0434,418.23,2025-08-11,NETWORK_ERROR,TECHNICAL,984,27,5,32,0.8438,0.6,0.6,normal,0.1562,0.8438,starter,418.23,monthly
FAIL_001076,PAY_007288,CUST_0434,SUB_0434,418.23,2025-10-10,AUTHENTICATION_FAILED,CUSTOMER_ACTION,984,27,5,32,0.8438,0.6,0.6,normal,0.1562,0.8438,starter,418.23,monthly
FAIL_001077,PAY_007290,CUST_0434,SUB_0434,418.23,2025-12-09,NETWORK_ERROR,TECHNICAL,984,27,5,32,0.8438,0.6,0.6,normal,0.1562,0.8438,starter,418.23,monthly
FAIL_001078,PAY_007292,CUST_0434,SUB_0434,418.23,2026-02-07,CARD_EXPIRED,PAYMENT_METHOD,984,27,5,32,0.8438,0.6,0.6,normal,0.1562,0.8438,starter,418.23,monthly
FAIL_001079,PAY_007298,CUST_0435,SUB_0435,779.11,2024-09-20,CARD_EXPIRED,PAYMENT_METHOD,709,17,6,23,0.7391,0.3,0.25,low_engagement,0.2609,0.7391,growth,779.11,monthly
FAIL_001080,PAY_007309,CUST_0435,SUB_0435,779.11,2025-08-16,INSUFFICIENT_FUNDS,CUSTOMER_FINANCIAL,709,17,6,23,0.7391,0.3,0.25,low_engagement,0.2609,0.7391,growth,779.11,monthly
FAIL_001081,PAY_007318,CUST_0435,SUB_0435,779.11,2026-05-13,BANK_DECLINED,ISSUER_DECLINE,709,17,6,23,0.7391,0.3,0.25,low_engagement,0.2609,0.7391,growth,779.11,monthly
FAIL_001082,PAY_007328,CUST_0436,SUB_0436,829.5,2025-03-07,INSUFFICIENT_FUNDS,CUSTOMER_FINANCIAL,751,12,13,25,0.48,0.35,0.45,friction_prone,0.52,0.48,growth,829.5,monthly
FAIL_001083,PAY_007329,CUST_0436,SUB_0436,829.5,2025-04-06,INSUFFICIENT_FUNDS,CUSTOMER_FINANCIAL,751,12,13,25,0.48,0.35,0.45,friction_prone,0.52,0.48,growth,829.5,monthly
FAIL_001084,PAY_007330,CUST_0436,SUB_0436,829.5,2025-05-06,BANK_DECLINED,ISSUER_DECLINE,751,12,13,25,0.48,0.35,0.45,friction_prone,0.52,0.48,growth,829.5,monthly
FAIL_001085,PAY_007331,CUST_0436,SUB_0436,829.5,2025-06-05,BANK_DECLINED,ISSUER_DECLINE,751,12,13,25,0.48,0.35,0.45,friction_prone,0.52,0.48,growth,829.5,monthly
FAIL_001086,PAY_007332,CUST_0436,SUB_0436,829.5,2025-07-05,INSUFFICIENT_FUNDS,CUSTOMER_FINANCIAL,751,12,13,25,0.48,0.35,0.45,friction_prone,0.52,0.48,growth,829.5,monthly
FAIL_001087,PAY_007333,CUST_0436,SUB_0436,829.5,2025-08-04,BANK_DECLINED,ISSUER_DECLINE,751,12,13,25,0.48,0.35,0.45,friction_prone,0.52,0.48,growth,829.5,monthly
FAIL_001088,PAY_007334,CUST_0436,SUB_0436,829.5,2025-09-03,BANK_DECLINED,ISSUER_DECLINE,751,12,13,25,0.48,0.35,0.45,friction_prone,0.52,0.48,growth,829.5,monthly
FAIL_001089,PAY_007339,CUST_0436,SUB_0436,829.5,2026-01-31,INSUFFICIENT_FUNDS,CUSTOMER_FINANCIAL,751,12,13,25,0.48,0.35,0.45,friction_prone,0.52,0.48,growth,829.5,monthly
FAIL_001090,PAY_007342,CUST_0436,SUB_0436,829.5,2026-05-01,INSUFFICIENT_FUNDS,CUSTOMER_FINANCIAL,751,12,13,25,0.48,0.35,0.45,friction_prone,0.52,0.48,growth,829.5,monthly
FAIL_001091,PAY_007345,CUST_0436,SUB_0436,829.5,2026-07-30,AUTHENTICATION_FAILED,CUSTOMER_ACTION,751,12,13,25,0.48,0.35,0.45,friction_prone,0.52,0.48,growth,829.5,monthly
FAIL_001092,PAY_007359,CUST_0437,SUB_0437,1516.92,2025-09-07,INSUFFICIENT_FUNDS,CUSTOMER_FINANCIAL,747,21,3,24,0.875,0.6,0.6,normal,0.125,0.875,growth,1516.92,monthly
FAIL_001093,PAY_007362,CUST_0437,SUB_0437,1516.92,2025-12-06,CARD_EXPIRED,PAYMENT_METHOD,747,21,3,24,0.875,0.6,0.6,normal,0.125,0.875,growth,1516.92,monthly
FAIL_001094,PAY_007383,CUST_0438,SUB_0438,1106.29,2025-01-19,INSUFFICIENT_FUNDS,CUSTOMER_FINANCIAL,978,29,3,32,0.9062,0.6,0.6,normal,0.0938,0.9062,starter,1106.29,monthly
FAIL_001095,PAY_007402,CUST_0439,SUB_0439,694.64,2024-12-22,INSUFFICIENT_FUNDS,CUSTOMER_FINANCIAL,616,16,4,20,0.8,0.3,0.25,low_engagement,0.2,0.8,starter,694.64,monthly
FAIL_001096,PAY_007407,CUST_0439,SUB_0439,694.64,2025-05-21,CARD_EXPIRED,PAYMENT_METHOD,616,16,4,20,0.8,0.3,0.25,low_engagement,0.2,0.8,starter,694.64,monthly
FAIL_001097,PAY_007411,CUST_0439,SUB_0439,694.64,2025-09-18,AUTHENTICATION_FAILED,CUSTOMER_ACTION,616,16,4,20,0.8,0.3,0.25,low_engagement,0.2,0.8,starter,694.64,monthly
FAIL_001098,PAY_007424,CUST_0440,SUB_0440,591.55,2025-03-27,NETWORK_ERROR,TECHNICAL,581,13,6,19,0.6842,0.3,0.25,low_engagement,0.3158,0.6842,starter,591.55,monthly
FAIL_001099,PAY_007425,CUST_0440,SUB_0440,591.55,2025-04-26,NETWORK_ERROR,TECHNICAL,581,13,6,19,0.6842,0.3,0.25,low_engagement,0.3158,0.6842,starter,591.55,monthly
FAIL_001100,PAY_007427,CUST_0440,SUB_0440,591.55,2025-06-25,NETWORK_ERROR,TECHNICAL,581,13,6,19,0.6842,0.3,0.25,low_engagement,0.3158,0.6842,starter,591.55,monthly
FAIL_001101,PAY_007430,CUST_0440,SUB_0440,591.55,2025-09-23,BANK_DECLINED,ISSUER_DECLINE,581,13,6,19,0.6842,0.3,0.25,low_engagement,0.3158,0.6842,starter,591.55,monthly
FAIL_001102,PAY_007438,CUST_0440,SUB_0440,591.55,2026-05-21,INSUFFICIENT_FUNDS,CUSTOMER_FINANCIAL,581,13,6,19,0.6842,0.3,0.25,low_engagement,0.3158,0.6842,starter,591.55,monthly
FAIL_001103,PAY_007443,CUST_0441,SUB_0441,791.33,2025-09-22,INSUFFICIENT_FUNDS,CUSTOMER_FINANCIAL,402,9,4,13,0.6923,0.35,0.45,friction_prone,0.3077,0.6923,starter,791.33,monthly
FAIL_001104,PAY_007444,CUST_0441,SUB_0441,791.33,2025-10-22,BANK_DECLINED,ISSUER_DECLINE,402,9,4,13,0.6923,0.35,0.45,friction_prone,0.3077,0.6923,starter,791.33,monthly
FAIL_001105,PAY_007449,CUST_0441,SUB_0441,791.33,2026-03-21,NETWORK_ERROR,TECHNICAL,402,9,4,13,0.6923,0.35,0.45,friction_prone,0.3077,0.6923,starter,791.33,monthly
FAIL_001106,PAY_007450,CUST_0441,SUB_0441,791.33,2026-04-20,CARD_EXPIRED,PAYMENT_METHOD,402,9,4,13,0.6923,0.35,0.45,friction_prone,0.3077,0.6923,starter,791.33,monthly
FAIL_001107,PAY_007462,CUST_0442,SUB_0442,976.78,2025-09-23,CARD_EXPIRED,PAYMENT_METHOD,581,18,1,19,0.9474,0.3,0.25,low_engagement,0.0526,0.9474,starter,976.78,monthly
FAIL_001108,PAY_007463,CUST_0442,SUB_0442,976.78,2025-10-23,LIMIT_EXCEEDED,PAYMENT_LIMIT,581,18,1,19,0.9474,0.3,0.25,low_engagement,0.0526,0.9474,starter,976.78,monthly
FAIL_001109,PAY_007474,CUST_0443,SUB_0443,976.9,2024-10-07,BANK_DECLINED,ISSUER_DECLINE,722,20,4,24,0.8333,0.35,0.45,friction_prone,0.1667,0.8333,growth,976.9,monthly
FAIL_001110,PAY_007484,CUST_0443,SUB_0443,976.9,2025-08-03,INSUFFICIENT_FUNDS,CUSTOMER_FINANCIAL,722,20,4,24,0.8333,0.35,0.45,friction_prone,0.1667,0.8333,growth,976.9,monthly
FAIL_001111,PAY_007485,CUST_0443,SUB_0443,976.9,2025-09-02,BANK_DECLINED,ISSUER_DECLINE,722,20,4,24,0.8333,0.35,0.45,friction_prone,0.1667,0.8333,growth,976.9,monthly
FAIL_001112,PAY_007486,CUST_0443,SUB_0443,976.9,2025-10-02,INSUFFICIENT_FUNDS,CUSTOMER_FINANCIAL,722,20,4,24,0.8333,0.35,0.45,friction_prone,0.1667,0.8333,growth,976.9,monthly
FAIL_001113,PAY_007487,CUST_0443,SUB_0443,976.9,2025-11-01,BANK_DECLINED,ISSUER_DECLINE,722,20,4,24,0.8333,0.35,0.45,friction_prone,0.1667,0.8333,growth,976.9,monthly
FAIL_001114,PAY_007501,CUST_0444,SUB_0444,1927.55,2024-09-23,INSUFFICIENT_FUNDS,CUSTOMER_FINANCIAL,826,16,11,27,0.5926,0.35,0.45,friction_prone,0.4074,0.5926,pro,1927.55,monthly
FAIL_001115,PAY_007502,CUST_0444,SUB_0444,1927.55,2024-10-23,INSUFFICIENT_FUNDS,CUSTOMER_FINANCIAL,826,16,11,27,0.5926,0.35,0.45,friction_prone,0.4074,0.5926,pro,1927.55,monthly
FAIL_001116,PAY_007506,CUST_0444,SUB_0444,1927.55,2025-02-20,CARD_EXPIRED,PAYMENT_METHOD,826,16,11,27,0.5926,0.35,0.45,friction_prone,0.4074,0.5926,pro,1927.55,monthly
FAIL_001117,PAY_007511,CUST_0444,SUB_0444,1927.55,2025-07-20,INSUFFICIENT_FUNDS,CUSTOMER_FINANCIAL,826,16,11,27,0.5926,0.35,0.45,friction_prone,0.4074,0.5926,pro,1927.55,monthly
FAIL_001118,PAY_007514,CUST_0444,SUB_0444,1927.55,2025-10-18,NETWORK_ERROR,TECHNICAL,826,16,11,27,0.5926,0.35,0.45,friction_prone,0.4074,0.5926,pro,1927.55,monthly
FAIL_001119,PAY_007516,CUST_0444,SUB_0444,1927.55,2025-12-17,BANK_DECLINED,ISSUER_DECLINE,826,16,11,27,0.5926,0.35,0.45,friction_prone,0.4074,0.5926,pro,1927.55,monthly
FAIL_001120,PAY_007541,CUST_0446,SUB_0446,330.54,2025-10-11,AUTHENTICATION_FAILED,CUSTOMER_ACTION,323,5,5,10,0.5,0.3,0.25,low_engagement,0.5,0.5,growth,330.54,monthly
FAIL_001121,PAY_007549,CUST_0446,SUB_0446,330.54,2026-06-08,AUTHENTICATION_FAILED,CUSTOMER_ACTION,323,5,5,10,0.5,0.3,0.25,low_engagement,0.5,0.5,growth,330.54,monthly
FAIL_001122,PAY_007550,CUST_0446,SUB_0446,330.54,2026-07-08,LIMIT_EXCEEDED,PAYMENT_LIMIT,323,5,5,10,0.5,0.3,0.25,low_engagement,0.5,0.5,growth,330.54,monthly
FAIL_001123,PAY_007554,CUST_0448,SUB_0448,493.96,2024-06-30,CARD_EXPIRED,PAYMENT_METHOD,791,24,2,26,0.9231,0.8,0.85,reliable,0.0769,0.9231,starter,493.96,monthly
FAIL_001124,PAY_007582,CUST_0449,SUB_0449,688.54,2025-06-27,NETWORK_ERROR,TECHNICAL,489,11,5,16,0.6875,0.3,0.25,low_engagement,0.3125,0.6875,starter,688.54,monthly
FAIL_001125,PAY_007583,CUST_0449,SUB_0449,688.54,2025-07-27,CARD_EXPIRED,PAYMENT_METHOD,489,11,5,16,0.6875,0.3,0.25,low_engagement,0.3125,0.6875,starter,688.54,monthly
FAIL_001126,PAY_007590,CUST_0449,SUB_0449,688.54,2026-02-22,INSUFFICIENT_FUNDS,CUSTOMER_FINANCIAL,489,11,5,16,0.6875,0.3,0.25,low_engagement,0.3125,0.6875,starter,688.54,monthly
FAIL_001127,PAY_007592,CUST_0449,SUB_0449,688.54,2026-04-23,AUTHENTICATION_FAILED,CUSTOMER_ACTION,489,11,5,16,0.6875,0.3,0.25,low_engagement,0.3125,0.6875,starter,688.54,monthly
FAIL_001128,PAY_007593,CUST_0449,SUB_0449,688.54,2026-05-23,AUTHENTICATION_FAILED,CUSTOMER_ACTION,489,11,5,16,0.6875,0.3,0.25,low_engagement,0.3125,0.6875,starter,688.54,monthly
FAIL_001129,PAY_007643,CUST_0453,SUB_0453,993.42,2024-11-16,INSUFFICIENT_FUNDS,CUSTOMER_FINANCIAL,712,21,2,23,0.913,0.6,0.6,normal,0.087,0.913,growth,993.42,monthly
FAIL_001130,PAY_007651,CUST_0453,SUB_0453,993.42,2025-07-14,INSUFFICIENT_FUNDS,CUSTOMER_FINANCIAL,712,21,2,23,0.913,0.6,0.6,normal,0.087,0.913,growth,993.42,monthly
FAIL_001131,PAY_007680,CUST_0454,SUB_0454,9617.0,2026-03-22,CARD_EXPIRED,PAYMENT_METHOD,641,19,2,21,0.9048,0.82,0.9,high_value_loyal,0.0952,0.9048,pro,9617.0,monthly
FAIL_001132,PAY_007684,CUST_0454,SUB_0454,9617.0,2026-07-20,BANK_DECLINED,ISSUER_DECLINE,641,19,2,21,0.9048,0.82,0.9,high_value_loyal,0.0952,0.9048,pro,9617.0,monthly
FAIL_001133,PAY_007690,CUST_0455,SUB_0455,1599.52,2026-05-08,INSUFFICIENT_FUNDS,CUSTOMER_FINANCIAL,264,7,1,8,0.875,0.6,0.6,normal,0.125,0.875,pro,1599.52,monthly
FAIL_001134,PAY_007711,CUST_0457,SUB_0457,1961.94,2024-01-13,INSUFFICIENT_FUNDS,CUSTOMER_FINANCIAL,960,25,7,32,0.7812,0.35,0.45,friction_prone,0.2188,0.7812,pro,1961.94,monthly
FAIL_001135,PAY_007715,CUST_0457,SUB_0457,1961.94,2024-05-12,CARD_EXPIRED,PAYMENT_METHOD,960,25,7,32,0.7812,0.35,0.45,friction_prone,0.2188,0.7812,pro,1961.94,monthly
FAIL_001136,PAY_007722,CUST_0457,SUB_0457,1961.94,2024-12-08,BANK_DECLINED,ISSUER_DECLINE,960,25,7,32,0.7812,0.35,0.45,friction_prone,0.2188,0.7812,pro,1961.94,monthly
FAIL_001137,PAY_007724,CUST_0457,SUB_0457,1961.94,2025-02-06,BANK_DECLINED,ISSUER_DECLINE,960,25,7,32,0.7812,0.35,0.45,friction_prone,0.2188,0.7812,pro,1961.94,monthly
FAIL_001138,PAY_007725,CUST_0457,SUB_0457,1961.94,2025-03-08,INSUFFICIENT_FUNDS,CUSTOMER_FINANCIAL,960,25,7,32,0.7812,0.35,0.45,friction_prone,0.2188,0.7812,pro,1961.94,monthly
FAIL_001139,PAY_007742,CUST_0457,SUB_0457,1961.94,2026-07-31,BANK_DECLINED,ISSUER_DECLINE,960,25,7,32,0.7812,0.35,0.45,friction_prone,0.2188,0.7812,pro,1961.94,monthly
FAIL_001140,PAY_007743,CUST_0458,SUB_0458,3086.94,2025-01-31,INSUFFICIENT_FUNDS,CUSTOMER_FINANCIAL,576,12,7,19,0.6316,0.6,0.6,normal,0.3684,0.6316,pro,3086.94,monthly
FAIL_001141,PAY_007744,CUST_0458,SUB_0458,3086.94,2025-03-02,CARD_EXPIRED,PAYMENT_METHOD,576,12,7,19,0.6316,0.6,0.6,normal,0.3684,0.6316,pro,3086.94,monthly
FAIL_001142,PAY_007745,CUST_0458,SUB_0458,3086.94,2025-04-01,INSUFFICIENT_FUNDS,CUSTOMER_FINANCIAL,576,12,7,19,0.6316,0.6,0.6,normal,0.3684,0.6316,pro,3086.94,monthly
FAIL_001143,PAY_007746,CUST_0458,SUB_0458,3086.94,2025-05-01,BANK_DECLINED,ISSUER_DECLINE,576,12,7,19,0.6316,0.6,0.6,normal,0.3684,0.6316,pro,3086.94,monthly
FAIL_001144,PAY_007751,CUST_0458,SUB_0458,3086.94,2025-09-28,BANK_DECLINED,ISSUER_DECLINE,576,12,7,19,0.6316,0.6,0.6,normal,0.3684,0.6316,pro,3086.94,monthly
FAIL_001145,PAY_007752,CUST_0458,SUB_0458,3086.94,2025-10-28,BANK_DECLINED,ISSUER_DECLINE,576,12,7,19,0.6316,0.6,0.6,normal,0.3684,0.6316,pro,3086.94,monthly
FAIL_001146,PAY_007753,CUST_0458,SUB_0458,3086.94,2025-11-27,CARD_EXPIRED,PAYMENT_METHOD,576,12,7,19,0.6316,0.6,0.6,normal,0.3684,0.6316,pro,3086.94,monthly
FAIL_001147,PAY_007758,CUST_0458,SUB_0458,3086.94,2026-04-26,CARD_EXPIRED,PAYMENT_METHOD,576,12,7,19,0.6316,0.6,0.6,normal,0.3684,0.6316,pro,3086.94,monthly
FAIL_001148,PAY_007761,CUST_0458,SUB_0458,3086.94,2026-07-25,BANK_DECLINED,ISSUER_DECLINE,576,12,7,19,0.6316,0.6,0.6,normal,0.3684,0.6316,pro,3086.94,monthly
FAIL_001149,PAY_007763,CUST_0459,SUB_0459,2362.25,2025-11-07,INSUFFICIENT_FUNDS,CUSTOMER_FINANCIAL,326,8,2,10,0.8,0.6,0.6,normal,0.2,0.8,growth,2362.25,monthly
FAIL_001150,PAY_007765,CUST_0459,SUB_0459,2362.25,2026-01-06,INSUFFICIENT_FUNDS,CUSTOMER_FINANCIAL,326,8,2,10,0.8,0.6,0.6,normal,0.2,0.8,growth,2362.25,monthly
FAIL_001151,PAY_007775,CUST_0460,SUB_0460,447.47,2025-10-01,INSUFFICIENT_FUNDS,CUSTOMER_FINANCIAL,423,12,2,14,0.8571,0.3,0.25,low_engagement,0.1429,0.8571,starter,447.47,monthly
FAIL_001152,PAY_007792,CUST_0461,SUB_0461,1652.19,2025-07-11,BANK_DECLINED,ISSUER_DECLINE,595,13,6,19,0.6842,0.35,0.45,friction_prone,0.3158,0.6842,growth,1652.19,monthly
FAIL_001153,PAY_007795,CUST_0461,SUB_0461,1652.19,2025-10-09,NETWORK_ERROR,TECHNICAL,595,13,6,19,0.6842,0.35,0.45,friction_prone,0.3158,0.6842,growth,1652.19,monthly
FAIL_001154,PAY_007796,CUST_0461,SUB_0461,1652.19,2025-11-08,INSUFFICIENT_FUNDS,CUSTOMER_FINANCIAL,595,13,6,19,0.6842,0.35,0.45,friction_prone,0.3158,0.6842,growth,1652.19,monthly
FAIL_001155,PAY_007798,CUST_0461,SUB_0461,1652.19,2026-01-07,BANK_DECLINED,ISSUER_DECLINE,595,13,6,19,0.6842,0.35,0.45,friction_prone,0.3158,0.6842,growth,1652.19,monthly
FAIL_001156,PAY_007800,CUST_0461,SUB_0461,1652.19,2026-03-08,BANK_DECLINED,ISSUER_DECLINE,595,13,6,19,0.6842,0.35,0.45,friction_prone,0.3158,0.6842,growth,1652.19,monthly
FAIL_001157,PAY_007801,CUST_0461,SUB_0461,1652.19,2026-04-07,BANK_DECLINED,ISSUER_DECLINE,595,13,6,19,0.6842,0.35,0.45,friction_prone,0.3158,0.6842,growth,1652.19,monthly
FAIL_001158,PAY_007803,CUST_0461,SUB_0461,1652.19,2026-06-06,INSUFFICIENT_FUNDS,CUSTOMER_FINANCIAL,595,13,6,19,0.6842,0.35,0.45,friction_prone,0.3158,0.6842,growth,1652.19,monthly
FAIL_001159,PAY_007804,CUST_0461,SUB_0461,1652.19,2026-07-06,NETWORK_ERROR,TECHNICAL,595,13,6,19,0.6842,0.35,0.45,friction_prone,0.3158,0.6842,growth,1652.19,monthly
FAIL_001160,PAY_007807,CUST_0462,SUB_0462,1399.49,2024-09-20,INSUFFICIENT_FUNDS,CUSTOMER_FINANCIAL,769,18,7,25,0.72,0.35,0.45,friction_prone,0.28,0.72,growth,1399.49,monthly
FAIL_001161,PAY_007809,CUST_0462,SUB_0462,1399.49,2024-11-19,BANK_DECLINED,ISSUER_DECLINE,769,18,7,25,0.72,0.35,0.45,friction_prone,0.28,0.72,growth,1399.49,monthly
FAIL_001162,PAY_007818,CUST_0462,SUB_0462,1399.49,2025-08-16,INSUFFICIENT_FUNDS,CUSTOMER_FINANCIAL,769,18,7,25,0.72,0.35,0.45,friction_prone,0.28,0.72,growth,1399.49,monthly
FAIL_001163,PAY_007821,CUST_0462,SUB_0462,1399.49,2025-11-14,NETWORK_ERROR,TECHNICAL,769,18,7,25,0.72,0.35,0.45,friction_prone,0.28,0.72,growth,1399.49,monthly
FAIL_001164,PAY_007823,CUST_0462,SUB_0462,1399.49,2026-01-13,BANK_DECLINED,ISSUER_DECLINE,769,18,7,25,0.72,0.35,0.45,friction_prone,0.28,0.72,growth,1399.49,monthly
FAIL_001165,PAY_007824,CUST_0462,SUB_0462,1399.49,2026-02-12,NETWORK_ERROR,TECHNICAL,769,18,7,25,0.72,0.35,0.45,friction_prone,0.28,0.72,growth,1399.49,monthly
FAIL_001166,PAY_007841,CUST_0464,SUB_0464,428.01,2024-09-14,INSUFFICIENT_FUNDS,CUSTOMER_FINANCIAL,865,25,3,28,0.8929,0.6,0.6,normal,0.1071,0.8929,starter,428.01,monthly
FAIL_001167,PAY_007849,CUST_0464,SUB_0464,428.01,2025-05-12,BANK_DECLINED,ISSUER_DECLINE,865,25,3,28,0.8929,0.6,0.6,normal,0.1071,0.8929,starter,428.01,monthly
FAIL_001168,PAY_007864,CUST_0465,SUB_0465,200.0,2026-07-18,NETWORK_ERROR,TECHNICAL,43,0,1,1,0.0,0.3,0.25,low_engagement,1.0,0.0,starter,200.0,monthly
FAIL_001169,PAY_007915,CUST_0467,SUB_0467,2634.12,2026-07-27,INSUFFICIENT_FUNDS,CUSTOMER_FINANCIAL,964,30,2,32,0.9375,0.8,0.85,reliable,0.0625,0.9375,growth,2634.12,monthly
FAIL_001170,PAY_007916,CUST_0468,SUB_0468,1737.7,2023-12-19,INSUFFICIENT_FUNDS,CUSTOMER_FINANCIAL,985,18,14,32,0.5625,0.35,0.45,friction_prone,0.4375,0.5625,pro,1737.7,monthly
FAIL_001171,PAY_007919,CUST_0468,SUB_0468,1737.7,2024-03-18,INSUFFICIENT_FUNDS,CUSTOMER_FINANCIAL,985,18,14,32,0.5625,0.35,0.45,friction_prone,0.4375,0.5625,pro,1737.7,monthly
FAIL_001172,PAY_007920,CUST_0468,SUB_0468,1737.7,2024-04-17,INSUFFICIENT_FUNDS,CUSTOMER_FINANCIAL,985,18,14,32,0.5625,0.35,0.45,friction_prone,0.4375,0.5625,pro,1737.7,monthly
FAIL_001173,PAY_007923,CUST_0468,SUB_0468,1737.7,2024-07-16,INSUFFICIENT_FUNDS,CUSTOMER_FINANCIAL,985,18,14,32,0.5625,0.35,0.45,friction_prone,0.4375,0.5625,pro,1737.7,monthly
FAIL_001174,PAY_007925,CUST_0468,SUB_0468,1737.7,2024-09-14,INSUFFICIENT_FUNDS,CUSTOMER_FINANCIAL,985,18,14,32,0.5625,0.35,0.45,friction_prone,0.4375,0.5625,pro,1737.7,monthly
FAIL_001175,PAY_007929,CUST_0468,SUB_0468,1737.7,2025-01-12,INSUFFICIENT_FUNDS,CUSTOMER_FINANCIAL,985,18,14,32,0.5625,0.35,0.45,friction_prone,0.4375,0.5625,pro,1737.7,monthly
FAIL_001176,PAY_007930,CUST_0468,SUB_0468,1737.7,2025-02-11,NETWORK_ERROR,TECHNICAL,985,18,14,32,0.5625,0.35,0.45,friction_prone,0.4375,0.5625,pro,1737.7,monthly
FAIL_001177,PAY_007933,CUST_0468,SUB_0468,1737.7,2025-05-12,INSUFFICIENT_FUNDS,CUSTOMER_FINANCIAL,985,18,14,32,0.5625,0.35,0.45,friction_prone,0.4375,0.5625,pro,1737.7,monthly
FAIL_001178,PAY_007934,CUST_0468,SUB_0468,1737.7,2025-06-11,INSUFFICIENT_FUNDS,CUSTOMER_FINANCIAL,985,18,14,32,0.5625,0.35,0.45,friction_prone,0.4375,0.5625,pro,1737.7,monthly
FAIL_001179,PAY_007935,CUST_0468,SUB_0468,1737.7,2025-07-11,NETWORK_ERROR,TECHNICAL,985,18,14,32,0.5625,0.35,0.45,friction_prone,0.4375,0.5625,pro,1737.7,monthly
FAIL_001180,PAY_007936,CUST_0468,SUB_0468,1737.7,2025-08-10,BANK_DECLINED,ISSUER_DECLINE,985,18,14,32,0.5625,0.35,0.45,friction_prone,0.4375,0.5625,pro,1737.7,monthly
FAIL_001181,PAY_007937,CUST_0468,SUB_0468,1737.7,2025-09-09,CARD_EXPIRED,PAYMENT_METHOD,985,18,14,32,0.5625,0.35,0.45,friction_prone,0.4375,0.5625,pro,1737.7,monthly
FAIL_001182,PAY_007940,CUST_0468,SUB_0468,1737.7,2025-12-08,CARD_EXPIRED,PAYMENT_METHOD,985,18,14,32,0.5625,0.35,0.45,friction_prone,0.4375,0.5625,pro,1737.7,monthly
FAIL_001183,PAY_007941,CUST_0468,SUB_0468,1737.7,2026-01-07,INSUFFICIENT_FUNDS,CUSTOMER_FINANCIAL,985,18,14,32,0.5625,0.35,0.45,friction_prone,0.4375,0.5625,pro,1737.7,monthly
FAIL_001184,PAY_007942,CUST_0468,SUB_0468,1737.7,2026-02-06,CARD_EXPIRED,PAYMENT_METHOD,985,18,14,32,0.5625,0.35,0.45,friction_prone,0.4375,0.5625,pro,1737.7,monthly
FAIL_001185,PAY_007943,CUST_0468,SUB_0468,1737.7,2026-03-08,INSUFFICIENT_FUNDS,CUSTOMER_FINANCIAL,985,18,14,32,0.5625,0.35,0.45,friction_prone,0.4375,0.5625,pro,1737.7,monthly
FAIL_001186,PAY_007944,CUST_0468,SUB_0468,1737.7,2026-04-07,INSUFFICIENT_FUNDS,CUSTOMER_FINANCIAL,985,18,14,32,0.5625,0.35,0.45,friction_prone,0.4375,0.5625,pro,1737.7,monthly
FAIL_001187,PAY_007947,CUST_0468,SUB_0468,1737.7,2026-07-06,AUTHENTICATION_FAILED,CUSTOMER_ACTION,985,18,14,32,0.5625,0.35,0.45,friction_prone,0.4375,0.5625,pro,1737.7,monthly
FAIL_001188,PAY_007950,CUST_0469,SUB_0469,725.12,2025-03-29,AUTHENTICATION_FAILED,CUSTOMER_ACTION,579,13,6,19,0.6842,0.3,0.25,low_engagement,0.3158,0.6842,starter,725.12,monthly
FAIL_001189,PAY_007951,CUST_0469,SUB_0469,725.12,2025-04-28,NETWORK_ERROR,TECHNICAL,579,13,6,19,0.6842,0.3,0.25,low_engagement,0.3158,0.6842,starter,725.12,monthly
FAIL_001190,PAY_007953,CUST_0469,SUB_0469,725.12,2025-06-27,NETWORK_ERROR,TECHNICAL,579,13,6,19,0.6842,0.3,0.25,low_engagement,0.3158,0.6842,starter,725.12,monthly
FAIL_001191,PAY_007955,CUST_0469,SUB_0469,725.12,2025-08-26,CARD_EXPIRED,PAYMENT_METHOD,579,13,6,19,0.6842,0.3,0.25,low_engagement,0.3158,0.6842,starter,725.12,monthly
FAIL_001192,PAY_007958,CUST_0469,SUB_0469,725.12,2025-11-24,BANK_DECLINED,ISSUER_DECLINE,579,13,6,19,0.6842,0.3,0.25,low_engagement,0.3158,0.6842,starter,725.12,monthly
FAIL_001193,PAY_007962,CUST_0469,SUB_0469,725.12,2026-03-24,INSUFFICIENT_FUNDS,CUSTOMER_FINANCIAL,579,13,6,19,0.6842,0.3,0.25,low_engagement,0.3158,0.6842,starter,725.12,monthly
FAIL_001194,PAY_007965,CUST_0469,SUB_0469,725.12,2026-06-22,INSUFFICIENT_FUNDS,CUSTOMER_FINANCIAL,579,13,6,19,0.6842,0.3,0.25,low_engagement,0.3158,0.6842,starter,725.12,monthly
FAIL_001195,PAY_007981,CUST_0471,SUB_0471,1458.52,2024-11-16,INSUFFICIENT_FUNDS,CUSTOMER_FINANCIAL,742,23,1,24,0.9583,0.8,0.85,reliable,0.0417,0.9583,growth,1458.52,monthly
FAIL_001196,PAY_008020,CUST_0472,SUB_0472,1179.38,2025-08-03,CARD_EXPIRED,PAYMENT_METHOD,932,29,2,31,0.9355,0.8,0.85,reliable,0.0645,0.9355,pro,1179.38,monthly
FAIL_001197,PAY_008025,CUST_0472,SUB_0472,1179.38,2025-12-31,NETWORK_ERROR,TECHNICAL,932,29,2,31,0.9355,0.8,0.85,reliable,0.0645,0.9355,pro,1179.38,monthly
FAIL_001198,PAY_008033,CUST_0473,SUB_0473,1039.13,2024-10-07,CARD_EXPIRED,PAYMENT_METHOD,692,19,4,23,0.8261,0.35,0.45,friction_prone,0.1739,0.8261,growth,1039.13,monthly
FAIL_001199,PAY_008035,CUST_0473,SUB_0473,1039.13,2024-12-06,AUTHENTICATION_FAILED,CUSTOMER_ACTION,692,19,4,23,0.8261,0.35,0.45,friction_prone,0.1739,0.8261,growth,1039.13,monthly
FAIL_001200,PAY_008045,CUST_0473,SUB_0473,1039.13,2025-10-02,INSUFFICIENT_FUNDS,CUSTOMER_FINANCIAL,692,19,4,23,0.8261,0.35,0.45,friction_prone,0.1739,0.8261,growth,1039.13,monthly
FAIL_001201,PAY_008048,CUST_0473,SUB_0473,1039.13,2025-12-31,CARD_EXPIRED,PAYMENT_METHOD,692,19,4,23,0.8261,0.35,0.45,friction_prone,0.1739,0.8261,growth,1039.13,monthly
FAIL_001202,PAY_008058,CUST_0474,SUB_0474,468.79,2025-09-29,INSUFFICIENT_FUNDS,CUSTOMER_FINANCIAL,395,12,1,13,0.9231,0.8,0.85,reliable,0.0769,0.9231,starter,468.79,monthly
FAIL_001203,PAY_008059,CUST_0474,SUB_0474,468.79,2025-10-29,NETWORK_ERROR,TECHNICAL,395,12,1,13,0.9231,0.8,0.85,reliable,0.0769,0.9231,starter,468.79,monthly
FAIL_001204,PAY_008072,CUST_0475,SUB_0475,332.6,2024-08-05,NETWORK_ERROR,TECHNICAL,845,19,9,28,0.6786,0.3,0.25,low_engagement,0.3214,0.6786,starter,332.6,monthly
FAIL_001205,PAY_008073,CUST_0475,SUB_0475,332.6,2024-09-04,BANK_DECLINED,ISSUER_DECLINE,845,19,9,28,0.6786,0.3,0.25,low_engagement,0.3214,0.6786,starter,332.6,monthly
FAIL_001206,PAY_008074,CUST_0475,SUB_0475,332.6,2024-10-04,BANK_DECLINED,ISSUER_DECLINE,845,19,9,28,0.6786,0.3,0.25,low_engagement,0.3214,0.6786,starter,332.6,monthly
FAIL_001207,PAY_008075,CUST_0475,SUB_0475,332.6,2024-11-03,BANK_DECLINED,ISSUER_DECLINE,845,19,9,28,0.6786,0.3,0.25,low_engagement,0.3214,0.6786,starter,332.6,monthly
FAIL_001208,PAY_008076,CUST_0475,SUB_0475,332.6,2024-12-03,BANK_DECLINED,ISSUER_DECLINE,845,19,9,28,0.6786,0.3,0.25,low_engagement,0.3214,0.6786,starter,332.6,monthly
FAIL_001209,PAY_008077,CUST_0475,SUB_0475,332.6,2025-01-02,INSUFFICIENT_FUNDS,CUSTOMER_FINANCIAL,845,19,9,28,0.6786,0.3,0.25,low_engagement,0.3214,0.6786,starter,332.6,monthly
FAIL_001210,PAY_008083,CUST_0475,SUB_0475,332.6,2025-07-01,NETWORK_ERROR,TECHNICAL,845,19,9,28,0.6786,0.3,0.25,low_engagement,0.3214,0.6786,starter,332.6,monthly
FAIL_001211,PAY_008086,CUST_0475,SUB_0475,332.6,2025-09-29,INSUFFICIENT_FUNDS,CUSTOMER_FINANCIAL,845,19,9,28,0.6786,0.3,0.25,low_engagement,0.3214,0.6786,starter,332.6,monthly
FAIL_001212,PAY_008090,CUST_0475,SUB_0475,332.6,2026-01-27,NETWORK_ERROR,TECHNICAL,845,19,9,28,0.6786,0.3,0.25,low_engagement,0.3214,0.6786,starter,332.6,monthly
FAIL_001213,PAY_008103,CUST_0476,SUB_0476,457.08,2025-05-16,AUTHENTICATION_FAILED,CUSTOMER_ACTION,651,16,5,21,0.7619,0.3,0.25,low_engagement,0.2381,0.7619,starter,457.08,monthly
FAIL_001214,PAY_008104,CUST_0476,SUB_0476,457.08,2025-06-15,BANK_DECLINED,ISSUER_DECLINE,651,16,5,21,0.7619,0.3,0.25,low_engagement,0.2381,0.7619,starter,457.08,monthly
FAIL_001215,PAY_008105,CUST_0476,SUB_0476,457.08,2025-07-15,CARD_EXPIRED,PAYMENT_METHOD,651,16,5,21,0.7619,0.3,0.25,low_engagement,0.2381,0.7619,starter,457.08,monthly
FAIL_001216,PAY_008109,CUST_0476,SUB_0476,457.08,2025-11-12,AUTHENTICATION_FAILED,CUSTOMER_ACTION,651,16,5,21,0.7619,0.3,0.25,low_engagement,0.2381,0.7619,starter,457.08,monthly
FAIL_001217,PAY_008116,CUST_0476,SUB_0476,457.08,2026-06-10,AUTHENTICATION_FAILED,CUSTOMER_ACTION,651,16,5,21,0.7619,0.3,0.25,low_engagement,0.2381,0.7619,starter,457.08,monthly
FAIL_001218,PAY_008117,CUST_0476,SUB_0476,457.08,2026-07-10,INSUFFICIENT_FUNDS,CUSTOMER_FINANCIAL,651,16,5,21,0.7619,0.3,0.25,low_engagement,0.2381,0.7619,starter,457.08,monthly
FAIL_001219,PAY_008118,CUST_0477,SUB_0477,580.5,2024-06-10,INSUFFICIENT_FUNDS,CUSTOMER_FINANCIAL,811,17,10,27,0.6296,0.35,0.45,friction_prone,0.3704,0.6296,starter,580.5,monthly
FAIL_001220,PAY_008120,CUST_0477,SUB_0477,580.5,2024-08-09,INSUFFICIENT_FUNDS,CUSTOMER_FINANCIAL,811,17,10,27,0.6296,0.35,0.45,friction_prone,0.3704,0.6296,starter,580.5,monthly
FAIL_001221,PAY_008122,CUST_0477,SUB_0477,580.5,2024-10-08,BANK_DECLINED,ISSUER_DECLINE,811,17,10,27,0.6296,0.35,0.45,friction_prone,0.3704,0.6296,starter,580.5,monthly
FAIL_001222,PAY_008123,CUST_0477,SUB_0477,580.5,2024-11-07,NETWORK_ERROR,TECHNICAL,811,17,10,27,0.6296,0.35,0.45,friction_prone,0.3704,0.6296,starter,580.5,monthly
FAIL_001223,PAY_008125,CUST_0477,SUB_0477,580.5,2025-01-06,BANK_DECLINED,ISSUER_DECLINE,811,17,10,27,0.6296,0.35,0.45,friction_prone,0.3704,0.6296,starter,580.5,monthly
FAIL_001224,PAY_008127,CUST_0477,SUB_0477,580.5,2025-03-07,INSUFFICIENT_FUNDS,CUSTOMER_FINANCIAL,811,17,10,27,0.6296,0.35,0.45,friction_prone,0.3704,0.6296,starter,580.5,monthly
FAIL_001225,PAY_008128,CUST_0477,SUB_0477,580.5,2025-04-06,NETWORK_ERROR,TECHNICAL,811,17,10,27,0.6296,0.35,0.45,friction_prone,0.3704,0.6296,starter,580.5,monthly
FAIL_001226,PAY_008133,CUST_0477,SUB_0477,580.5,2025-09-03,BANK_DECLINED,ISSUER_DECLINE,811,17,10,27,0.6296,0.35,0.45,friction_prone,0.3704,0.6296,starter,580.5,monthly
FAIL_001227,PAY_008134,CUST_0477,SUB_0477,580.5,2025-10-03,NETWORK_ERROR,TECHNICAL,811,17,10,27,0.6296,0.35,0.45,friction_prone,0.3704,0.6296,starter,580.5,monthly
FAIL_001228,PAY_008135,CUST_0477,SUB_0477,580.5,2025-11-02,NETWORK_ERROR,TECHNICAL,811,17,10,27,0.6296,0.35,0.45,friction_prone,0.3704,0.6296,starter,580.5,monthly
FAIL_001229,PAY_008138,CUST_0477,SUB_0477,580.5,2026-01-31,BANK_DECLINED,ISSUER_DECLINE,811,17,10,27,0.6296,0.35,0.45,friction_prone,0.3704,0.6296,starter,580.5,monthly
FAIL_001230,PAY_008139,CUST_0477,SUB_0477,580.5,2026-03-02,AUTHENTICATION_FAILED,CUSTOMER_ACTION,811,17,10,27,0.6296,0.35,0.45,friction_prone,0.3704,0.6296,starter,580.5,monthly
FAIL_001231,PAY_008144,CUST_0477,SUB_0477,580.5,2026-07-30,BANK_DECLINED,ISSUER_DECLINE,811,17,10,27,0.6296,0.35,0.45,friction_prone,0.3704,0.6296,starter,580.5,monthly
FAIL_001232,PAY_008157,CUST_0479,SUB_0479,493.48,2024-07-20,CARD_EXPIRED,PAYMENT_METHOD,951,24,7,31,0.7742,0.3,0.25,low_engagement,0.2258,0.7742,growth,493.48,monthly
FAIL_001233,PAY_008158,CUST_0479,SUB_0479,493.48,2024-08-19,NETWORK_ERROR,TECHNICAL,951,24,7,31,0.7742,0.3,0.25,low_engagement,0.2258,0.7742,growth,493.48,monthly
FAIL_001234,PAY_008164,CUST_0479,SUB_0479,493.48,2025-02-15,AUTHENTICATION_FAILED,CUSTOMER_ACTION,951,24,7,31,0.7742,0.3,0.25,low_engagement,0.2258,0.7742,growth,493.48,monthly
FAIL_001235,PAY_008168,CUST_0479,SUB_0479,493.48,2025-06-15,CARD_EXPIRED,PAYMENT_METHOD,951,24,7,31,0.7742,0.3,0.25,low_engagement,0.2258,0.7742,growth,493.48,monthly
FAIL_001236,PAY_008170,CUST_0479,SUB_0479,493.48,2025-08-14,INSUFFICIENT_FUNDS,CUSTOMER_FINANCIAL,951,24,7,31,0.7742,0.3,0.25,low_engagement,0.2258,0.7742,growth,493.48,monthly
FAIL_001237,PAY_008173,CUST_0479,SUB_0479,493.48,2025-11-12,INSUFFICIENT_FUNDS,CUSTOMER_FINANCIAL,951,24,7,31,0.7742,0.3,0.25,low_engagement,0.2258,0.7742,growth,493.48,monthly
FAIL_001238,PAY_008177,CUST_0479,SUB_0479,493.48,2026-03-12,BANK_DECLINED,ISSUER_DECLINE,951,24,7,31,0.7742,0.3,0.25,low_engagement,0.2258,0.7742,growth,493.48,monthly
FAIL_001239,PAY_008179,CUST_0479,SUB_0479,493.48,2026-05-11,BANK_DECLINED,ISSUER_DECLINE,951,24,7,31,0.7742,0.3,0.25,low_engagement,0.2258,0.7742,growth,493.48,monthly
FAIL_001240,PAY_008189,CUST_0481,SUB_0481,3208.7,2024-06-19,INSUFFICIENT_FUNDS,CUSTOMER_FINANCIAL,922,27,3,30,0.9,0.82,0.9,high_value_loyal,0.1,0.9,growth,3208.7,monthly
FAIL_001241,PAY_008192,CUST_0481,SUB_0481,3208.7,2024-09-17,INSUFFICIENT_FUNDS,CUSTOMER_FINANCIAL,922,27,3,30,0.9,0.82,0.9,high_value_loyal,0.1,0.9,growth,3208.7,monthly
FAIL_001242,PAY_008196,CUST_0481,SUB_0481,3208.7,2025-01-15,BANK_DECLINED,ISSUER_DECLINE,922,27,3,30,0.9,0.82,0.9,high_value_loyal,0.1,0.9,growth,3208.7,monthly
FAIL_001243,PAY_008218,CUST_0482,SUB_0482,1120.08,2024-04-24,INSUFFICIENT_FUNDS,CUSTOMER_FINANCIAL,948,23,8,31,0.7419,0.6,0.6,normal,0.2581,0.7419,starter,1120.08,monthly
FAIL_001244,PAY_008224,CUST_0482,SUB_0482,1120.08,2024-10-21,BANK_DECLINED,ISSUER_DECLINE,948,23,8,31,0.7419,0.6,0.6,normal,0.2581,0.7419,starter,1120.08,monthly
FAIL_001245,PAY_008226,CUST_0482,SUB_0482,1120.08,2024-12-20,INSUFFICIENT_FUNDS,CUSTOMER_FINANCIAL,948,23,8,31,0.7419,0.6,0.6,normal,0.2581,0.7419,starter,1120.08,monthly
FAIL_001246,PAY_008228,CUST_0482,SUB_0482,1120.08,2025-02-18,CARD_EXPIRED,PAYMENT_METHOD,948,23,8,31,0.7419,0.6,0.6,normal,0.2581,0.7419,starter,1120.08,monthly
FAIL_001247,PAY_008229,CUST_0482,SUB_0482,1120.08,2025-03-20,INSUFFICIENT_FUNDS,CUSTOMER_FINANCIAL,948,23,8,31,0.7419,0.6,0.6,normal,0.2581,0.7419,starter,1120.08,monthly
FAIL_001248,PAY_008231,CUST_0482,SUB_0482,1120.08,2025-05-19,AUTHENTICATION_FAILED,CUSTOMER_ACTION,948,23,8,31,0.7419,0.6,0.6,normal,0.2581,0.7419,starter,1120.08,monthly
FAIL_001249,PAY_008234,CUST_0482,SUB_0482,1120.08,2025-08-17,AUTHENTICATION_FAILED,CUSTOMER_ACTION,948,23,8,31,0.7419,0.6,0.6,normal,0.2581,0.7419,starter,1120.08,monthly
FAIL_001250,PAY_008237,CUST_0482,SUB_0482,1120.08,2025-11-15,NETWORK_ERROR,TECHNICAL,948,23,8,31,0.7419,0.6,0.6,normal,0.2581,0.7419,starter,1120.08,monthly
FAIL_001251,PAY_008244,CUST_0482,SUB_0482,1120.08,2026-06-13,BANK_DECLINED,ISSUER_DECLINE,948,23,8,31,0.7419,0.6,0.6,normal,0.2581,0.7419,starter,1120.08,monthly
FAIL_001252,PAY_008266,CUST_0484,SUB_0484,846.76,2024-05-12,BANK_DECLINED,ISSUER_DECLINE,990,25,8,33,0.7576,0.3,0.25,low_engagement,0.2424,0.7576,starter,846.76,monthly
FAIL_001253,PAY_008274,CUST_0484,SUB_0484,846.76,2025-01-07,NETWORK_ERROR,TECHNICAL,990,25,8,33,0.7576,0.3,0.25,low_engagement,0.2424,0.7576,starter,846.76,monthly
FAIL_001254,PAY_008275,CUST_0484,SUB_0484,846.76,2025-02-06,AUTHENTICATION_FAILED,CUSTOMER_ACTION,990,25,8,33,0.7576,0.3,0.25,low_engagement,0.2424,0.7576,starter,846.76,monthly
FAIL_001255,PAY_008277,CUST_0484,SUB_0484,846.76,2025-04-07,AUTHENTICATION_FAILED,CUSTOMER_ACTION,990,25,8,33,0.7576,0.3,0.25,low_engagement,0.2424,0.7576,starter,846.76,monthly
FAIL_001256,PAY_008281,CUST_0484,SUB_0484,846.76,2025-08-05,BANK_DECLINED,ISSUER_DECLINE,990,25,8,33,0.7576,0.3,0.25,low_engagement,0.2424,0.7576,starter,846.76,monthly
FAIL_001257,PAY_008286,CUST_0484,SUB_0484,846.76,2026-01-02,AUTHENTICATION_FAILED,CUSTOMER_ACTION,990,25,8,33,0.7576,0.3,0.25,low_engagement,0.2424,0.7576,starter,846.76,monthly
FAIL_001258,PAY_008289,CUST_0484,SUB_0484,846.76,2026-04-02,CARD_EXPIRED,PAYMENT_METHOD,990,25,8,33,0.7576,0.3,0.25,low_engagement,0.2424,0.7576,starter,846.76,monthly
FAIL_001259,PAY_008290,CUST_0484,SUB_0484,846.76,2026-05-02,BANK_DECLINED,ISSUER_DECLINE,990,25,8,33,0.7576,0.3,0.25,low_engagement,0.2424,0.7576,starter,846.76,monthly
FAIL_001260,PAY_008294,CUST_0485,SUB_0485,929.62,2025-09-20,BANK_DECLINED,ISSUER_DECLINE,344,6,5,11,0.5455,0.35,0.45,friction_prone,0.4545,0.5455,starter,929.62,monthly
FAIL_001261,PAY_008295,CUST_0485,SUB_0485,929.62,2025-10-20,INSUFFICIENT_FUNDS,CUSTOMER_FINANCIAL,344,6,5,11,0.5455,0.35,0.45,friction_prone,0.4545,0.5455,starter,929.62,monthly
FAIL_001262,PAY_008300,CUST_0485,SUB_0485,929.62,2026-03-19,INSUFFICIENT_FUNDS,CUSTOMER_FINANCIAL,344,6,5,11,0.5455,0.35,0.45,friction_prone,0.4545,0.5455,starter,929.62,monthly
FAIL_001263,PAY_008301,CUST_0485,SUB_0485,929.62,2026-04-18,INSUFFICIENT_FUNDS,CUSTOMER_FINANCIAL,344,6,5,11,0.5455,0.35,0.45,friction_prone,0.4545,0.5455,starter,929.62,monthly
FAIL_001264,PAY_008303,CUST_0485,SUB_0485,929.62,2026-06-17,AUTHENTICATION_FAILED,CUSTOMER_ACTION,344,6,5,11,0.5455,0.35,0.45,friction_prone,0.4545,0.5455,starter,929.62,monthly
FAIL_001265,PAY_008308,CUST_0486,SUB_0486,434.48,2025-11-20,INSUFFICIENT_FUNDS,CUSTOMER_FINANCIAL,373,10,2,12,0.8333,0.35,0.45,friction_prone,0.1667,0.8333,starter,434.48,monthly
FAIL_001266,PAY_008311,CUST_0486,SUB_0486,434.48,2026-02-18,NETWORK_ERROR,TECHNICAL,373,10,2,12,0.8333,0.35,0.45,friction_prone,0.1667,0.8333,starter,434.48,monthly
FAIL_001267,PAY_008319,CUST_0487,SUB_0487,15000.0,2024-03-18,BANK_DECLINED,ISSUER_DECLINE,955,29,2,31,0.9355,0.82,0.9,high_value_loyal,0.0645,0.9355,pro,15000.0,monthly
FAIL_001268,PAY_008329,CUST_0487,SUB_0487,15000.0,2025-01-12,INSUFFICIENT_FUNDS,CUSTOMER_FINANCIAL,955,29,2,31,0.9355,0.82,0.9,high_value_loyal,0.0645,0.9355,pro,15000.0,monthly
FAIL_001269,PAY_008347,CUST_0487,SUB_0487,15000.0,2026-07-06,INSUFFICIENT_FUNDS,CUSTOMER_FINANCIAL,955,29,2,31,0.9355,0.82,0.9,high_value_loyal,0.0645,0.9355,pro,15000.0,monthly
FAIL_001270,PAY_008356,CUST_0488,SUB_0488,2159.58,2025-03-15,BANK_DECLINED,ISSUER_DECLINE,773,22,3,25,0.88,0.6,0.6,normal,0.12,0.88,growth,2159.58,monthly
FAIL_001271,PAY_008373,CUST_0489,SUB_0489,8583.5,2025-07-12,BANK_DECLINED,ISSUER_DECLINE,414,12,1,13,0.9231,0.82,0.9,high_value_loyal,0.0769,0.9231,growth,8583.5,monthly
FAIL_001272,PAY_008376,CUST_0489,SUB_0489,8583.5,2025-10-10,NETWORK_ERROR,TECHNICAL,414,12,1,13,0.9231,0.82,0.9,high_value_loyal,0.0769,0.9231,growth,8583.5,monthly
FAIL_001273,PAY_008387,CUST_0491,SUB_0491,540.07,2023-12-26,INSUFFICIENT_FUNDS,CUSTOMER_FINANCIAL,978,22,10,32,0.6875,0.35,0.45,friction_prone,0.3125,0.6875,starter,540.07,monthly
FAIL_001274,PAY_008389,CUST_0491,SUB_0491,540.07,2024-02-24,INSUFFICIENT_FUNDS,CUSTOMER_FINANCIAL,978,22,10,32,0.6875,0.35,0.45,friction_prone,0.3125,0.6875,starter,540.07,monthly
FAIL_001275,PAY_008392,CUST_0491,SUB_0491,540.07,2024-05-24,INSUFFICIENT_FUNDS,CUSTOMER_FINANCIAL,978,22,10,32,0.6875,0.35,0.45,friction_prone,0.3125,0.6875,starter,540.07,monthly
FAIL_001276,PAY_008393,CUST_0491,SUB_0491,540.07,2024-06-23,BANK_DECLINED,ISSUER_DECLINE,978,22,10,32,0.6875,0.35,0.45,friction_prone,0.3125,0.6875,starter,540.07,monthly
FAIL_001277,PAY_008396,CUST_0491,SUB_0491,540.07,2024-09-21,INSUFFICIENT_FUNDS,CUSTOMER_FINANCIAL,978,22,10,32,0.6875,0.35,0.45,friction_prone,0.3125,0.6875,starter,540.07,monthly
FAIL_001278,PAY_008404,CUST_0491,SUB_0491,540.07,2025-05-19,BANK_DECLINED,ISSUER_DECLINE,978,22,10,32,0.6875,0.35,0.45,friction_prone,0.3125,0.6875,starter,540.07,monthly
FAIL_001279,PAY_008406,CUST_0491,SUB_0491,540.07,2025-07-18,NETWORK_ERROR,TECHNICAL,978,22,10,32,0.6875,0.35,0.45,friction_prone,0.3125,0.6875,starter,540.07,monthly
FAIL_001280,PAY_008407,CUST_0491,SUB_0491,540.07,2025-08-17,BANK_DECLINED,ISSUER_DECLINE,978,22,10,32,0.6875,0.35,0.45,friction_prone,0.3125,0.6875,starter,540.07,monthly
FAIL_001281,PAY_008408,CUST_0491,SUB_0491,540.07,2025-09-16,INSUFFICIENT_FUNDS,CUSTOMER_FINANCIAL,978,22,10,32,0.6875,0.35,0.45,friction_prone,0.3125,0.6875,starter,540.07,monthly
FAIL_001282,PAY_008411,CUST_0491,SUB_0491,540.07,2025-12-15,INSUFFICIENT_FUNDS,CUSTOMER_FINANCIAL,978,22,10,32,0.6875,0.35,0.45,friction_prone,0.3125,0.6875,starter,540.07,monthly
FAIL_001283,PAY_008413,CUST_0491,SUB_0491,540.07,2026-02-13,NETWORK_ERROR,TECHNICAL,978,22,10,32,0.6875,0.35,0.45,friction_prone,0.3125,0.6875,starter,540.07,monthly
FAIL_001284,PAY_008414,CUST_0491,SUB_0491,540.07,2026-03-15,INSUFFICIENT_FUNDS,CUSTOMER_FINANCIAL,978,22,10,32,0.6875,0.35,0.45,friction_prone,0.3125,0.6875,starter,540.07,monthly
FAIL_001285,PAY_008418,CUST_0491,SUB_0491,540.07,2026-07-13,NETWORK_ERROR,TECHNICAL,978,22,10,32,0.6875,0.35,0.45,friction_prone,0.3125,0.6875,starter,540.07,monthly
FAIL_001286,PAY_008435,CUST_0493,SUB_0493,489.64,2024-05-06,CARD_EXPIRED,PAYMENT_METHOD,876,24,5,29,0.8276,0.3,0.25,low_engagement,0.1724,0.8276,starter,489.64,monthly
FAIL_001287,PAY_008436,CUST_0493,SUB_0493,489.64,2024-06-05,AUTHENTICATION_FAILED,CUSTOMER_ACTION,876,24,5,29,0.8276,0.3,0.25,low_engagement,0.1724,0.8276,starter,489.64,monthly
FAIL_001288,PAY_008442,CUST_0493,SUB_0493,489.64,2024-12-02,AUTHENTICATION_FAILED,CUSTOMER_ACTION,876,24,5,29,0.8276,0.3,0.25,low_engagement,0.1724,0.8276,starter,489.64,monthly
FAIL_001289,PAY_008443,CUST_0493,SUB_0493,489.64,2025-01-01,BANK_DECLINED,ISSUER_DECLINE,876,24,5,29,0.8276,0.3,0.25,low_engagement,0.1724,0.8276,starter,489.64,monthly
FAIL_001290,PAY_008447,CUST_0493,SUB_0493,489.64,2025-05-01,NETWORK_ERROR,TECHNICAL,876,24,5,29,0.8276,0.3,0.25,low_engagement,0.1724,0.8276,starter,489.64,monthly
FAIL_001291,PAY_008454,CUST_0493,SUB_0493,489.64,2025-11-27,INSUFFICIENT_FUNDS,CUSTOMER_FINANCIAL,876,24,5,29,0.8276,0.3,0.25,low_engagement,0.1724,0.8276,starter,489.64,monthly
FAIL_001292,PAY_008456,CUST_0493,SUB_0493,489.64,2026-01-26,BANK_DECLINED,ISSUER_DECLINE,876,24,5,29,0.8276,0.3,0.25,low_engagement,0.1724,0.8276,starter,489.64,monthly
FAIL_001293,PAY_008460,CUST_0493,SUB_0493,489.64,2026-05-26,LIMIT_EXCEEDED,PAYMENT_LIMIT,876,24,5,29,0.8276,0.3,0.25,low_engagement,0.1724,0.8276,starter,489.64,monthly
FAIL_001294,PAY_008462,CUST_0493,SUB_0493,489.64,2026-07-25,CARD_EXPIRED,PAYMENT_METHOD,876,24,5,29,0.8276,0.3,0.25,low_engagement,0.1724,0.8276,starter,489.64,monthly
FAIL_001295,PAY_008468,CUST_0494,SUB_0494,14846.24,2025-01-29,BANK_DECLINED,ISSUER_DECLINE,728,22,2,24,0.9167,0.82,0.9,high_value_loyal,0.0833,0.9167,pro,14846.24,monthly
FAIL_001296,PAY_008485,CUST_0494,SUB_0494,14846.24,2026-06-23,NETWORK_ERROR,TECHNICAL,728,22,2,24,0.9167,0.82,0.9,high_value_loyal,0.0833,0.9167,pro,14846.24,monthly
FAIL_001297,PAY_008497,CUST_0496,SUB_0496,1134.96,2026-04-08,AUTHENTICATION_FAILED,CUSTOMER_ACTION,354,8,3,11,0.7273,0.35,0.45,friction_prone,0.2727,0.7273,growth,1134.96,monthly
FAIL_001298,PAY_008517,CUST_0500,SUB_0500,878.95,2024-08-15,INSUFFICIENT_FUNDS,CUSTOMER_FINANCIAL,745,17,7,24,0.7083,0.35,0.45,friction_prone,0.2917,0.7083,pro,878.95,monthly
FAIL_001299,PAY_008522,CUST_0500,SUB_0500,878.95,2025-01-12,INSUFFICIENT_FUNDS,CUSTOMER_FINANCIAL,745,17,7,24,0.7083,0.35,0.45,friction_prone,0.2917,0.7083,pro,878.95,monthly
FAIL_001300,PAY_008527,CUST_0500,SUB_0500,878.95,2025-06-11,NETWORK_ERROR,TECHNICAL,745,17,7,24,0.7083,0.35,0.45,friction_prone,0.2917,0.7083,pro,878.95,monthly
FAIL_001301,PAY_008528,CUST_0500,SUB_0500,878.95,2025-07-11,CARD_EXPIRED,PAYMENT_METHOD,745,17,7,24,0.7083,0.35,0.45,friction_prone,0.2917,0.7083,pro,878.95,monthly
FAIL_001302,PAY_008536,CUST_0500,SUB_0500,878.95,2026-03-08,NETWORK_ERROR,TECHNICAL,745,17,7,24,0.7083,0.35,0.45,friction_prone,0.2917,0.7083,pro,878.95,monthly
FAIL_001303,PAY_008537,CUST_0500,SUB_0500,878.95,2026-04-07,CARD_EXPIRED,PAYMENT_METHOD,745,17,7,24,0.7083,0.35,0.45,friction_prone,0.2917,0.7083,pro,878.95,monthly
FAIL_001304,PAY_008539,CUST_0500,SUB_0500,878.95,2026-06-06,NETWORK_ERROR,TECHNICAL,745,17,7,24,0.7083,0.35,0.45,friction_prone,0.2917,0.7083,pro,878.95,monthly
FAIL_001305,PAY_008540,CUST_0500,SUB_0500,878.95,2026-07-06,NETWORK_ERROR,TECHNICAL,745,17,7,24,0.7083,0.35,0.45,friction_prone,0.2917,0.7083,pro,878.95,monthly
FAIL_001306,PAY_008542,CUST_0501,SUB_0501,1796.45,2026-06-15,NETWORK_ERROR,TECHNICAL,106,2,1,3,0.6667,0.8,0.85,reliable,0.3333,0.6667,growth,1796.45,monthly
FAIL_001307,PAY_008543,CUST_0501,SUB_0501,1796.45,2026-07-15,NETWORK_ERROR,TECHNICAL,106,2,1,3,0.6667,0.8,0.85,reliable,0.3333,0.6667,growth,1796.45,monthly
FAIL_001308,PAY_008554,CUST_0502,SUB_0502,4047.84,2025-02-08,BANK_DECLINED,ISSUER_DECLINE,868,26,2,28,0.9286,0.82,0.9,high_value_loyal,0.0714,0.9286,growth,4047.84,monthly
FAIL_001309,PAY_008566,CUST_0502,SUB_0502,4047.84,2026-02-03,BANK_DECLINED,ISSUER_DECLINE,868,26,2,28,0.9286,0.82,0.9,high_value_loyal,0.0714,0.9286,growth,4047.84,monthly
FAIL_001310,PAY_008616,CUST_0506,SUB_0506,1460.98,2024-03-10,INSUFFICIENT_FUNDS,CUSTOMER_FINANCIAL,903,23,7,30,0.7667,0.35,0.45,friction_prone,0.2333,0.7667,pro,1460.98,monthly
FAIL_001311,PAY_008620,CUST_0506,SUB_0506,1460.98,2024-07-08,INSUFFICIENT_FUNDS,CUSTOMER_FINANCIAL,903,23,7,30,0.7667,0.35,0.45,friction_prone,0.2333,0.7667,pro,1460.98,monthly
FAIL_001312,PAY_008626,CUST_0506,SUB_0506,1460.98,2025-01-04,INSUFFICIENT_FUNDS,CUSTOMER_FINANCIAL,903,23,7,30,0.7667,0.35,0.45,friction_prone,0.2333,0.7667,pro,1460.98,monthly
FAIL_001313,PAY_008631,CUST_0506,SUB_0506,1460.98,2025-06-03,LIMIT_EXCEEDED,PAYMENT_LIMIT,903,23,7,30,0.7667,0.35,0.45,friction_prone,0.2333,0.7667,pro,1460.98,monthly
FAIL_001314,PAY_008635,CUST_0506,SUB_0506,1460.98,2025-10-01,BANK_DECLINED,ISSUER_DECLINE,903,23,7,30,0.7667,0.35,0.45,friction_prone,0.2333,0.7667,pro,1460.98,monthly
FAIL_001315,PAY_008640,CUST_0506,SUB_0506,1460.98,2026-02-28,INSUFFICIENT_FUNDS,CUSTOMER_FINANCIAL,903,23,7,30,0.7667,0.35,0.45,friction_prone,0.2333,0.7667,pro,1460.98,monthly
FAIL_001316,PAY_008650,CUST_0507,SUB_0507,11079.34,2025-07-14,INSUFFICIENT_FUNDS,CUSTOMER_FINANCIAL,532,16,1,17,0.9412,0.82,0.9,high_value_loyal,0.0588,0.9412,pro,11079.34,monthly
FAIL_001317,PAY_008665,CUST_0508,SUB_0508,676.53,2024-11-23,INSUFFICIENT_FUNDS,CUSTOMER_FINANCIAL,705,16,7,23,0.6957,0.6,0.6,normal,0.3043,0.6957,starter,676.53,monthly
FAIL_001318,PAY_008667,CUST_0508,SUB_0508,676.53,2025-01-22,CARD_EXPIRED,PAYMENT_METHOD,705,16,7,23,0.6957,0.6,0.6,normal,0.3043,0.6957,starter,676.53,monthly
FAIL_001319,PAY_008670,CUST_0508,SUB_0508,676.53,2025-04-22,INSUFFICIENT_FUNDS,CUSTOMER_FINANCIAL,705,16,7,23,0.6957,0.6,0.6,normal,0.3043,0.6957,starter,676.53,monthly
FAIL_001320,PAY_008671,CUST_0508,SUB_0508,676.53,2025-05-22,CARD_EXPIRED,PAYMENT_METHOD,705,16,7,23,0.6957,0.6,0.6,normal,0.3043,0.6957,starter,676.53,monthly
FAIL_001321,PAY_008673,CUST_0508,SUB_0508,676.53,2025-07-21,CARD_EXPIRED,PAYMENT_METHOD,705,16,7,23,0.6957,0.6,0.6,normal,0.3043,0.6957,starter,676.53,monthly
FAIL_001322,PAY_008675,CUST_0508,SUB_0508,676.53,2025-09-19,AUTHENTICATION_FAILED,CUSTOMER_ACTION,705,16,7,23,0.6957,0.6,0.6,normal,0.3043,0.6957,starter,676.53,monthly
FAIL_001323,PAY_008681,CUST_0508,SUB_0508,676.53,2026-03-18,INSUFFICIENT_FUNDS,CUSTOMER_FINANCIAL,705,16,7,23,0.6957,0.6,0.6,normal,0.3043,0.6957,starter,676.53,monthly
FAIL_001324,PAY_008682,CUST_0508,SUB_0508,676.53,2026-04-17,INSUFFICIENT_FUNDS,CUSTOMER_FINANCIAL,705,16,7,23,0.6957,0.6,0.6,normal,0.3043,0.6957,starter,676.53,monthly
FAIL_001325,PAY_008683,CUST_0508,SUB_0508,676.53,2026-05-17,CARD_EXPIRED,PAYMENT_METHOD,705,16,7,23,0.6957,0.6,0.6,normal,0.3043,0.6957,starter,676.53,monthly
FAIL_001326,PAY_008685,CUST_0508,SUB_0508,676.53,2026-07-16,INSUFFICIENT_FUNDS,CUSTOMER_FINANCIAL,705,16,7,23,0.6957,0.6,0.6,normal,0.3043,0.6957,starter,676.53,monthly
FAIL_001327,PAY_008696,CUST_0510,SUB_0510,398.64,2026-07-09,INSUFFICIENT_FUNDS,CUSTOMER_FINANCIAL,142,3,1,4,0.75,0.35,0.45,friction_prone,0.25,0.75,starter,398.64,monthly
FAIL_001328,PAY_008697,CUST_0511,SUB_0511,418.75,2025-10-08,INSUFFICIENT_FUNDS,CUSTOMER_FINANCIAL,326,9,1,10,0.9,0.3,0.25,low_engagement,0.1,0.9,starter,418.75,monthly
FAIL_001329,PAY_008719,CUST_0512,SUB_0512,2720.0,2026-05-12,CARD_EXPIRED,PAYMENT_METHOD,470,13,2,15,0.8667,0.8,0.85,reliable,0.1333,0.8667,pro,2720.0,monthly
FAIL_001330,PAY_008721,CUST_0512,SUB_0512,2720.0,2026-07-11,CARD_EXPIRED,PAYMENT_METHOD,470,13,2,15,0.8667,0.8,0.85,reliable,0.1333,0.8667,pro,2720.0,monthly
FAIL_001331,PAY_008743,CUST_0515,SUB_0515,801.81,2024-04-23,AUTHENTICATION_FAILED,CUSTOMER_ACTION,979,28,4,32,0.875,0.3,0.25,low_engagement,0.125,0.875,starter,801.81,monthly
FAIL_001332,PAY_008760,CUST_0515,SUB_0515,801.81,2025-09-15,INSUFFICIENT_FUNDS,CUSTOMER_FINANCIAL,979,28,4,32,0.875,0.3,0.25,low_engagement,0.125,0.875,starter,801.81,monthly
FAIL_001333,PAY_008761,CUST_0515,SUB_0515,801.81,2025-10-15,BANK_DECLINED,ISSUER_DECLINE,979,28,4,32,0.875,0.3,0.25,low_engagement,0.125,0.875,starter,801.81,monthly
FAIL_001334,PAY_008778,CUST_0516,SUB_0516,635.27,2025-11-12,BANK_DECLINED,ISSUER_DECLINE,501,12,4,16,0.75,0.3,0.25,low_engagement,0.25,0.75,starter,635.27,monthly
FAIL_001335,PAY_008779,CUST_0516,SUB_0516,635.27,2025-12-12,CARD_EXPIRED,PAYMENT_METHOD,501,12,4,16,0.75,0.3,0.25,low_engagement,0.25,0.75,starter,635.27,monthly
FAIL_001336,PAY_008842,CUST_0521,SUB_0521,1196.46,2025-03-06,INSUFFICIENT_FUNDS,CUSTOMER_FINANCIAL,542,11,7,18,0.6111,0.35,0.45,friction_prone,0.3889,0.6111,growth,1196.46,monthly
FAIL_001337,PAY_008845,CUST_0521,SUB_0521,1196.46,2025-06-04,BANK_DECLINED,ISSUER_DECLINE,542,11,7,18,0.6111,0.35,0.45,friction_prone,0.3889,0.6111,growth,1196.46,monthly
FAIL_001338,PAY_008846,CUST_0521,SUB_0521,1196.46,2025-07-04,INSUFFICIENT_FUNDS,CUSTOMER_FINANCIAL,542,11,7,18,0.6111,0.35,0.45,friction_prone,0.3889,0.6111,growth,1196.46,monthly
FAIL_001339,PAY_008850,CUST_0521,SUB_0521,1196.46,2025-11-01,NETWORK_ERROR,TECHNICAL,542,11,7,18,0.6111,0.35,0.45,friction_prone,0.3889,0.6111,growth,1196.46,monthly
FAIL_001340,PAY_008853,CUST_0521,SUB_0521,1196.46,2026-01-30,BANK_DECLINED,ISSUER_DECLINE,542,11,7,18,0.6111,0.35,0.45,friction_prone,0.3889,0.6111,growth,1196.46,monthly
FAIL_001341,PAY_008858,CUST_0521,SUB_0521,1196.46,2026-06-29,BANK_DECLINED,ISSUER_DECLINE,542,11,7,18,0.6111,0.35,0.45,friction_prone,0.3889,0.6111,growth,1196.46,monthly
FAIL_001342,PAY_008879,CUST_0522,SUB_0522,11070.11,2026-06-11,BANK_DECLINED,ISSUER_DECLINE,650,18,3,21,0.8571,0.82,0.9,high_value_loyal,0.1429,0.8571,growth,11070.11,monthly
FAIL_001343,PAY_008881,CUST_0523,SUB_0523,1492.87,2026-04-15,CARD_EXPIRED,PAYMENT_METHOD,137,2,2,4,0.5,0.6,0.6,normal,0.5,0.5,growth,1492.87,monthly
FAIL_001344,PAY_008882,CUST_0523,SUB_0523,1492.87,2026-05-15,BANK_DECLINED,ISSUER_DECLINE,137,2,2,4,0.5,0.6,0.6,normal,0.5,0.5,growth,1492.87,monthly
FAIL_001345,PAY_008883,CUST_0523,SUB_0523,1492.87,2026-06-14,CARD_EXPIRED,PAYMENT_METHOD,137,2,2,4,0.5,0.6,0.6,normal,0.5,0.5,growth,1492.87,monthly
FAIL_001346,PAY_008892,CUST_0525,SUB_0525,7349.37,2024-10-08,BANK_DECLINED,ISSUER_DECLINE,811,26,1,27,0.963,0.82,0.9,high_value_loyal,0.037,0.963,pro,7349.37,monthly
FAIL_001347,PAY_008902,CUST_0525,SUB_0525,7349.37,2025-08-04,LIMIT_EXCEEDED,PAYMENT_LIMIT,811,26,1,27,0.963,0.82,0.9,high_value_loyal,0.037,0.963,pro,7349.37,monthly
FAIL_001348,PAY_008937,CUST_0526,SUB_0526,1281.89,2026-06-23,LIMIT_EXCEEDED,PAYMENT_LIMIT,728,22,2,24,0.9167,0.6,0.6,normal,0.0833,0.9167,starter,1281.89,monthly
FAIL_001349,PAY_008939,CUST_0527,SUB_0527,633.24,2025-06-27,BANK_DECLINED,ISSUER_DECLINE,429,9,5,14,0.6429,0.35,0.45,friction_prone,0.3571,0.6429,starter,633.24,monthly
FAIL_001350,PAY_008942,CUST_0527,SUB_0527,633.24,2025-09-25,INSUFFICIENT_FUNDS,CUSTOMER_FINANCIAL,429,9,5,14,0.6429,0.35,0.45,friction_prone,0.3571,0.6429,starter,633.24,monthly
FAIL_001351,PAY_008944,CUST_0527,SUB_0527,633.24,2025-11-24,INSUFFICIENT_FUNDS,CUSTOMER_FINANCIAL,429,9,5,14,0.6429,0.35,0.45,friction_prone,0.3571,0.6429,starter,633.24,monthly
FAIL_001352,PAY_008950,CUST_0527,SUB_0527,633.24,2026-05-23,BANK_DECLINED,ISSUER_DECLINE,429,9,5,14,0.6429,0.35,0.45,friction_prone,0.3571,0.6429,starter,633.24,monthly
FAIL_001353,PAY_008952,CUST_0527,SUB_0527,633.24,2026-07-22,LIMIT_EXCEEDED,PAYMENT_LIMIT,429,9,5,14,0.6429,0.35,0.45,friction_prone,0.3571,0.6429,starter,633.24,monthly
FAIL_001354,PAY_008965,CUST_0530,SUB_0530,2315.15,2025-08-10,CARD_EXPIRED,PAYMENT_METHOD,535,12,5,17,0.7059,0.6,0.6,normal,0.2941,0.7059,pro,2315.15,monthly
FAIL_001355,PAY_008971,CUST_0530,SUB_0530,2315.15,2026-02-06,CARD_EXPIRED,PAYMENT_METHOD,535,12,5,17,0.7059,0.6,0.6,normal,0.2941,0.7059,pro,2315.15,monthly
FAIL_001356,PAY_008977,CUST_0531,SUB_0531,412.94,2025-05-16,INSUFFICIENT_FUNDS,CUSTOMER_FINANCIAL,471,11,4,15,0.7333,0.35,0.45,friction_prone,0.2667,0.7333,growth,412.94,monthly
FAIL_001357,PAY_008980,CUST_0531,SUB_0531,412.94,2025-08-14,INSUFFICIENT_FUNDS,CUSTOMER_FINANCIAL,471,11,4,15,0.7333,0.35,0.45,friction_prone,0.2667,0.7333,growth,412.94,monthly
FAIL_001358,PAY_008983,CUST_0531,SUB_0531,412.94,2025-11-12,BANK_DECLINED,ISSUER_DECLINE,471,11,4,15,0.7333,0.35,0.45,friction_prone,0.2667,0.7333,growth,412.94,monthly
FAIL_001359,PAY_008989,CUST_0531,SUB_0531,412.94,2026-05-11,CARD_EXPIRED,PAYMENT_METHOD,471,11,4,15,0.7333,0.35,0.45,friction_prone,0.2667,0.7333,growth,412.94,monthly
FAIL_001360,PAY_008991,CUST_0531,SUB_0531,412.94,2026-07-10,BANK_DECLINED,ISSUER_DECLINE,471,11,4,15,0.7333,0.35,0.45,friction_prone,0.2667,0.7333,growth,412.94,monthly
FAIL_001361,PAY_009014,CUST_0532,SUB_0532,8636.92,2026-06-03,INSUFFICIENT_FUNDS,CUSTOMER_FINANCIAL,748,22,2,24,0.9167,0.82,0.9,high_value_loyal,0.0833,0.9167,pro,8636.92,monthly
FAIL_001362,PAY_009016,CUST_0533,SUB_0533,444.14,2024-09-29,AUTHENTICATION_FAILED,CUSTOMER_ACTION,700,15,8,23,0.6522,0.3,0.25,low_engagement,0.3478,0.6522,starter,444.14,monthly
FAIL_001363,PAY_009018,CUST_0533,SUB_0533,444.14,2024-11-28,AUTHENTICATION_FAILED,CUSTOMER_ACTION,700,15,8,23,0.6522,0.3,0.25,low_engagement,0.3478,0.6522,starter,444.14,monthly
FAIL_001364,PAY_009020,CUST_0533,SUB_0533,444.14,2025-01-27,INSUFFICIENT_FUNDS,CUSTOMER_FINANCIAL,700,15,8,23,0.6522,0.3,0.25,low_engagement,0.3478,0.6522,starter,444.14,monthly
FAIL_001365,PAY_009023,CUST_0533,SUB_0533,444.14,2025-04-27,CARD_EXPIRED,PAYMENT_METHOD,700,15,8,23,0.6522,0.3,0.25,low_engagement,0.3478,0.6522,starter,444.14,monthly
FAIL_001366,PAY_009025,CUST_0533,SUB_0533,444.14,2025-06-26,INSUFFICIENT_FUNDS,CUSTOMER_FINANCIAL,700,15,8,23,0.6522,0.3,0.25,low_engagement,0.3478,0.6522,starter,444.14,monthly
FAIL_001367,PAY_009026,CUST_0533,SUB_0533,444.14,2025-07-26,AUTHENTICATION_FAILED,CUSTOMER_ACTION,700,15,8,23,0.6522,0.3,0.25,low_engagement,0.3478,0.6522,starter,444.14,monthly
FAIL_001368,PAY_009034,CUST_0533,SUB_0533,444.14,2026-03-23,INSUFFICIENT_FUNDS,CUSTOMER_FINANCIAL,700,15,8,23,0.6522,0.3,0.25,low_engagement,0.3478,0.6522,starter,444.14,monthly
FAIL_001369,PAY_009036,CUST_0533,SUB_0533,444.14,2026-05-22,BANK_DECLINED,ISSUER_DECLINE,700,15,8,23,0.6522,0.3,0.25,low_engagement,0.3478,0.6522,starter,444.14,monthly
FAIL_001370,PAY_009038,CUST_0533,SUB_0533,444.14,2026-07-21,LIMIT_EXCEEDED,PAYMENT_LIMIT,700,15,8,23,0.6522,0.3,0.25,low_engagement,0.3478,0.6522,starter,444.14,monthly
FAIL_001371,PAY_009043,CUST_0534,SUB_0534,5341.14,2024-12-06,INSUFFICIENT_FUNDS,CUSTOMER_FINANCIAL,752,22,3,25,0.88,0.82,0.9,high_value_loyal,0.12,0.88,pro,5341.14,monthly
FAIL_001372,PAY_009062,CUST_0534,SUB_0534,5341.14,2026-06-29,BANK_DECLINED,ISSUER_DECLINE,752,22,3,25,0.88,0.82,0.9,high_value_loyal,0.12,0.88,pro,5341.14,monthly
FAIL_001373,PAY_009066,CUST_0535,SUB_0535,11601.39,2025-09-01,BANK_DECLINED,ISSUER_DECLINE,423,13,1,14,0.9286,0.82,0.9,high_value_loyal,0.0714,0.9286,pro,11601.39,monthly
FAIL_001374,PAY_009088,CUST_0537,SUB_0537,547.66,2025-08-28,INSUFFICIENT_FUNDS,CUSTOMER_FINANCIAL,427,8,6,14,0.5714,0.3,0.25,low_engagement,0.4286,0.5714,growth,547.66,monthly
FAIL_001375,PAY_009089,CUST_0537,SUB_0537,547.66,2025-09-27,INSUFFICIENT_FUNDS,CUSTOMER_FINANCIAL,427,8,6,14,0.5714,0.3,0.25,low_engagement,0.4286,0.5714,growth,547.66,monthly
FAIL_001376,PAY_009092,CUST_0537,SUB_0537,547.66,2025-12-26,NETWORK_ERROR,TECHNICAL,427,8,6,14,0.5714,0.3,0.25,low_engagement,0.4286,0.5714,growth,547.66,monthly
FAIL_001377,PAY_009093,CUST_0537,SUB_0537,547.66,2026-01-25,INSUFFICIENT_FUNDS,CUSTOMER_FINANCIAL,427,8,6,14,0.5714,0.3,0.25,low_engagement,0.4286,0.5714,growth,547.66,monthly
FAIL_001378,PAY_009094,CUST_0537,SUB_0537,547.66,2026-02-24,LIMIT_EXCEEDED,PAYMENT_LIMIT,427,8,6,14,0.5714,0.3,0.25,low_engagement,0.4286,0.5714,growth,547.66,monthly
FAIL_001379,PAY_009095,CUST_0537,SUB_0537,547.66,2026-03-26,BANK_DECLINED,ISSUER_DECLINE,427,8,6,14,0.5714,0.3,0.25,low_engagement,0.4286,0.5714,growth,547.66,monthly
FAIL_001380,PAY_009099,CUST_0537,SUB_0537,547.66,2026-07-24,INSUFFICIENT_FUNDS,CUSTOMER_FINANCIAL,427,8,6,14,0.5714,0.3,0.25,low_engagement,0.4286,0.5714,growth,547.66,monthly
FAIL_001381,PAY_009100,CUST_0538,SUB_0538,1824.63,2026-05-05,AUTHENTICATION_FAILED,CUSTOMER_ACTION,117,1,2,3,0.3333,0.35,0.45,friction_prone,0.6667,0.3333,pro,1824.63,monthly
FAIL_001382,PAY_009101,CUST_0538,SUB_0538,1824.63,2026-06-04,CARD_EXPIRED,PAYMENT_METHOD,117,1,2,3,0.3333,0.35,0.45,friction_prone,0.6667,0.3333,pro,1824.63,monthly
FAIL_001383,PAY_009102,CUST_0538,SUB_0538,1824.63,2026-07-04,BANK_DECLINED,ISSUER_DECLINE,117,1,2,3,0.3333,0.35,0.45,friction_prone,0.6667,0.3333,pro,1824.63,monthly
FAIL_001384,PAY_009112,CUST_0540,SUB_0540,2023.63,2024-12-17,NETWORK_ERROR,TECHNICAL,831,21,6,27,0.7778,0.35,0.45,friction_prone,0.2222,0.7778,pro,2023.63,monthly
FAIL_001385,PAY_009117,CUST_0540,SUB_0540,2023.63,2025-05-16,INSUFFICIENT_FUNDS,CUSTOMER_FINANCIAL,831,21,6,27,0.7778,0.35,0.45,friction_prone,0.2222,0.7778,pro,2023.63,monthly
FAIL_001386,PAY_009118,CUST_0540,SUB_0540,2023.63,2025-06-15,INSUFFICIENT_FUNDS,CUSTOMER_FINANCIAL,831,21,6,27,0.7778,0.35,0.45,friction_prone,0.2222,0.7778,pro,2023.63,monthly
FAIL_001387,PAY_009127,CUST_0540,SUB_0540,2023.63,2026-03-12,CARD_EXPIRED,PAYMENT_METHOD,831,21,6,27,0.7778,0.35,0.45,friction_prone,0.2222,0.7778,pro,2023.63,monthly
FAIL_001388,PAY_009131,CUST_0540,SUB_0540,2023.63,2026-07-10,NETWORK_ERROR,TECHNICAL,831,21,6,27,0.7778,0.35,0.45,friction_prone,0.2222,0.7778,pro,2023.63,monthly
FAIL_001389,PAY_009153,CUST_0543,SUB_0543,601.97,2025-07-21,INSUFFICIENT_FUNDS,CUSTOMER_FINANCIAL,765,21,4,25,0.84,0.3,0.25,low_engagement,0.16,0.84,starter,601.97,monthly
FAIL_001390,PAY_009154,CUST_0543,SUB_0543,601.97,2025-08-20,CARD_EXPIRED,PAYMENT_METHOD,765,21,4,25,0.84,0.3,0.25,low_engagement,0.16,0.84,starter,601.97,monthly
FAIL_001391,PAY_009161,CUST_0543,SUB_0543,601.97,2026-03-18,BANK_DECLINED,ISSUER_DECLINE,765,21,4,25,0.84,0.3,0.25,low_engagement,0.16,0.84,starter,601.97,monthly
FAIL_001392,PAY_009163,CUST_0543,SUB_0543,601.97,2026-05-17,INSUFFICIENT_FUNDS,CUSTOMER_FINANCIAL,765,21,4,25,0.84,0.3,0.25,low_engagement,0.16,0.84,starter,601.97,monthly
FAIL_001393,PAY_009171,CUST_0545,SUB_0545,321.75,2024-08-31,INSUFFICIENT_FUNDS,CUSTOMER_FINANCIAL,759,20,5,25,0.8,0.3,0.25,low_engagement,0.2,0.8,starter,321.75,monthly
FAIL_001394,PAY_009174,CUST_0545,SUB_0545,321.75,2024-11-29,INSUFFICIENT_FUNDS,CUSTOMER_FINANCIAL,759,20,5,25,0.8,0.3,0.25,low_engagement,0.2,0.8,starter,321.75,monthly
FAIL_001395,PAY_009180,CUST_0545,SUB_0545,321.75,2025-05-28,AUTHENTICATION_FAILED,CUSTOMER_ACTION,759,20,5,25,0.8,0.3,0.25,low_engagement,0.2,0.8,starter,321.75,monthly
FAIL_001396,PAY_009181,CUST_0545,SUB_0545,321.75,2025-06-27,NETWORK_ERROR,TECHNICAL,759,20,5,25,0.8,0.3,0.25,low_engagement,0.2,0.8,starter,321.75,monthly
FAIL_001397,PAY_009184,CUST_0545,SUB_0545,321.75,2025-09-25,CARD_EXPIRED,PAYMENT_METHOD,759,20,5,25,0.8,0.3,0.25,low_engagement,0.2,0.8,starter,321.75,monthly
FAIL_001398,PAY_009186,CUST_0545,SUB_0545,321.75,2025-11-24,NETWORK_ERROR,TECHNICAL,759,20,5,25,0.8,0.3,0.25,low_engagement,0.2,0.8,starter,321.75,monthly
FAIL_001399,PAY_009188,CUST_0545,SUB_0545,321.75,2026-01-23,INSUFFICIENT_FUNDS,CUSTOMER_FINANCIAL,759,20,5,25,0.8,0.3,0.25,low_engagement,0.2,0.8,starter,321.75,monthly
FAIL_001400,PAY_009196,CUST_0546,SUB_0546,424.05,2025-12-25,INSUFFICIENT_FUNDS,CUSTOMER_FINANCIAL,278,5,4,9,0.5556,0.35,0.45,friction_prone,0.4444,0.5556,growth,424.05,monthly
FAIL_001401,PAY_009201,CUST_0546,SUB_0546,424.05,2026-05-24,INSUFFICIENT_FUNDS,CUSTOMER_FINANCIAL,278,5,4,9,0.5556,0.35,0.45,friction_prone,0.4444,0.5556,growth,424.05,monthly
FAIL_001402,PAY_009204,CUST_0547,SUB_0547,2231.07,2025-01-04,INSUFFICIENT_FUNDS,CUSTOMER_FINANCIAL,603,16,4,20,0.8,0.35,0.45,friction_prone,0.2,0.8,pro,2231.07,monthly
FAIL_001403,PAY_009209,CUST_0547,SUB_0547,2231.07,2025-06-03,BANK_DECLINED,ISSUER_DECLINE,603,16,4,20,0.8,0.35,0.45,friction_prone,0.2,0.8,pro,2231.07,monthly
FAIL_001404,PAY_009210,CUST_0547,SUB_0547,2231.07,2025-07-03,CARD_EXPIRED,PAYMENT_METHOD,603,16,4,20,0.8,0.35,0.45,friction_prone,0.2,0.8,pro,2231.07,monthly
FAIL_001405,PAY_009211,CUST_0547,SUB_0547,2231.07,2025-08-02,BANK_DECLINED,ISSUER_DECLINE,603,16,4,20,0.8,0.35,0.45,friction_prone,0.2,0.8,pro,2231.07,monthly
FAIL_001406,PAY_009212,CUST_0547,SUB_0547,2231.07,2025-09-01,INSUFFICIENT_FUNDS,CUSTOMER_FINANCIAL,603,16,4,20,0.8,0.35,0.45,friction_prone,0.2,0.8,pro,2231.07,monthly
FAIL_001407,PAY_009219,CUST_0547,SUB_0547,2231.07,2026-03-30,AUTHENTICATION_FAILED,CUSTOMER_ACTION,603,16,4,20,0.8,0.35,0.45,friction_prone,0.2,0.8,pro,2231.07,monthly
FAIL_001408,PAY_009257,CUST_0549,SUB_0549,2176.93,2026-07-17,NETWORK_ERROR,TECHNICAL,374,11,1,12,0.9167,0.8,0.85,reliable,0.0833,0.9167,pro,2176.93,monthly
FAIL_001409,PAY_009258,CUST_0550,SUB_0550,7064.05,2024-08-14,INSUFFICIENT_FUNDS,CUSTOMER_FINANCIAL,746,22,2,24,0.9167,0.82,0.9,high_value_loyal,0.0833,0.9167,pro,7064.05,monthly
FAIL_001410,PAY_009260,CUST_0550,SUB_0550,7064.05,2024-10-13,NETWORK_ERROR,TECHNICAL,746,22,2,24,0.9167,0.82,0.9,high_value_loyal,0.0833,0.9167,pro,7064.05,monthly
FAIL_001411,PAY_009268,CUST_0550,SUB_0550,7064.05,2025-06-10,INSUFFICIENT_FUNDS,CUSTOMER_FINANCIAL,746,22,2,24,0.9167,0.82,0.9,high_value_loyal,0.0833,0.9167,pro,7064.05,monthly
FAIL_001412,PAY_009282,CUST_0551,SUB_0551,996.1,2026-03-07,INSUFFICIENT_FUNDS,CUSTOMER_FINANCIAL,176,3,2,5,0.6,0.6,0.6,normal,0.4,0.6,growth,996.1,monthly
FAIL_001413,PAY_009286,CUST_0551,SUB_0551,996.1,2026-07-05,BANK_DECLINED,ISSUER_DECLINE,176,3,2,5,0.6,0.6,0.6,normal,0.4,0.6,growth,996.1,monthly
FAIL_001414,PAY_009289,CUST_0552,SUB_0552,507.97,2024-04-12,NETWORK_ERROR,TECHNICAL,930,20,11,31,0.6452,0.3,0.25,low_engagement,0.3548,0.6452,growth,507.97,monthly
FAIL_001415,PAY_009290,CUST_0552,SUB_0552,507.97,2024-05-12,INSUFFICIENT_FUNDS,CUSTOMER_FINANCIAL,930,20,11,31,0.6452,0.3,0.25,low_engagement,0.3548,0.6452,growth,507.97,monthly
FAIL_001416,PAY_009293,CUST_0552,SUB_0552,507.97,2024-08-10,BANK_DECLINED,ISSUER_DECLINE,930,20,11,31,0.6452,0.3,0.25,low_engagement,0.3548,0.6452,growth,507.97,monthly
FAIL_001417,PAY_009299,CUST_0552,SUB_0552,507.97,2025-02-06,CARD_EXPIRED,PAYMENT_METHOD,930,20,11,31,0.6452,0.3,0.25,low_engagement,0.3548,0.6452,growth,507.97,monthly
FAIL_001418,PAY_009303,CUST_0552,SUB_0552,507.97,2025-06-06,INSUFFICIENT_FUNDS,CUSTOMER_FINANCIAL,930,20,11,31,0.6452,0.3,0.25,low_engagement,0.3548,0.6452,growth,507.97,monthly
FAIL_001419,PAY_009304,CUST_0552,SUB_0552,507.97,2025-07-06,LIMIT_EXCEEDED,PAYMENT_LIMIT,930,20,11,31,0.6452,0.3,0.25,low_engagement,0.3548,0.6452,growth,507.97,monthly
FAIL_001420,PAY_009305,CUST_0552,SUB_0552,507.97,2025-08-05,INSUFFICIENT_FUNDS,CUSTOMER_FINANCIAL,930,20,11,31,0.6452,0.3,0.25,low_engagement,0.3548,0.6452,growth,507.97,monthly
FAIL_001421,PAY_009306,CUST_0552,SUB_0552,507.97,2025-09-04,NETWORK_ERROR,TECHNICAL,930,20,11,31,0.6452,0.3,0.25,low_engagement,0.3548,0.6452,growth,507.97,monthly
FAIL_001422,PAY_009308,CUST_0552,SUB_0552,507.97,2025-11-03,NETWORK_ERROR,TECHNICAL,930,20,11,31,0.6452,0.3,0.25,low_engagement,0.3548,0.6452,growth,507.97,monthly
FAIL_001423,PAY_009317,CUST_0552,SUB_0552,507.97,2026-07-31,LIMIT_EXCEEDED,PAYMENT_LIMIT,930,20,11,31,0.6452,0.3,0.25,low_engagement,0.3548,0.6452,growth,507.97,monthly
FAIL_001424,PAY_009339,CUST_0553,SUB_0553,2560.17,2026-04-19,NETWORK_ERROR,TECHNICAL,763,24,1,25,0.96,0.8,0.85,reliable,0.04,0.96,pro,2560.17,monthly
FAIL_001425,PAY_009340,CUST_0553,SUB_0553,2560.17,2026-05-19,BANK_DECLINED,ISSUER_DECLINE,763,24,1,25,0.96,0.8,0.85,reliable,0.04,0.96,pro,2560.17,monthly
FAIL_001426,PAY_009358,CUST_0554,SUB_0554,1092.97,2025-06-15,BANK_DECLINED,ISSUER_DECLINE,891,27,2,29,0.931,0.6,0.6,normal,0.069,0.931,growth,1092.97,monthly
FAIL_001427,PAY_009361,CUST_0554,SUB_0554,1092.97,2025-09-13,NETWORK_ERROR,TECHNICAL,891,27,2,29,0.931,0.6,0.6,normal,0.069,0.931,growth,1092.97,monthly
FAIL_001428,PAY_009379,CUST_0555,SUB_0555,7113.82,2025-09-01,LIMIT_EXCEEDED,PAYMENT_LIMIT,573,18,1,19,0.9474,0.82,0.9,high_value_loyal,0.0526,0.9474,growth,7113.82,monthly
FAIL_001429,PAY_009397,CUST_0556,SUB_0556,1271.26,2025-03-22,INSUFFICIENT_FUNDS,CUSTOMER_FINANCIAL,706,15,8,23,0.6522,0.35,0.45,friction_prone,0.3478,0.6522,pro,1271.26,monthly
FAIL_001430,PAY_009399,CUST_0556,SUB_0556,1271.26,2025-05-21,INSUFFICIENT_FUNDS,CUSTOMER_FINANCIAL,706,15,8,23,0.6522,0.35,0.45,friction_prone,0.3478,0.6522,pro,1271.26,monthly
FAIL_001431,PAY_009404,CUST_0556,SUB_0556,1271.26,2025-10-18,NETWORK_ERROR,TECHNICAL,706,15,8,23,0.6522,0.35,0.45,friction_prone,0.3478,0.6522,pro,1271.26,monthly
FAIL_001432,PAY_009407,CUST_0556,SUB_0556,1271.26,2026-01-16,INSUFFICIENT_FUNDS,CUSTOMER_FINANCIAL,706,15,8,23,0.6522,0.35,0.45,friction_prone,0.3478,0.6522,pro,1271.26,monthly
FAIL_001433,PAY_009409,CUST_0556,SUB_0556,1271.26,2026-03-17,NETWORK_ERROR,TECHNICAL,706,15,8,23,0.6522,0.35,0.45,friction_prone,0.3478,0.6522,pro,1271.26,monthly
FAIL_001434,PAY_009416,CUST_0557,SUB_0557,829.31,2025-11-18,NETWORK_ERROR,TECHNICAL,345,9,2,11,0.8182,0.8,0.85,reliable,0.1818,0.8182,pro,829.31,monthly
FAIL_001435,PAY_009424,CUST_0557,SUB_0557,829.31,2026-07-16,CARD_EXPIRED,PAYMENT_METHOD,345,9,2,11,0.8182,0.8,0.85,reliable,0.1818,0.8182,pro,829.31,monthly
FAIL_001436,PAY_009435,CUST_0559,SUB_0559,595.41,2025-08-14,NETWORK_ERROR,TECHNICAL,561,17,1,18,0.9444,0.8,0.85,reliable,0.0556,0.9444,starter,595.41,monthly
FAIL_001437,PAY_009445,CUST_0559,SUB_0559,595.41,2026-06-10,INSUFFICIENT_FUNDS,CUSTOMER_FINANCIAL,561,17,1,18,0.9444,0.8,0.85,reliable,0.0556,0.9444,starter,595.41,monthly
FAIL_001438,PAY_009468,CUST_0563,SUB_0563,404.63,2024-07-30,INSUFFICIENT_FUNDS,CUSTOMER_FINANCIAL,971,28,4,32,0.875,0.3,0.25,low_engagement,0.125,0.875,starter,404.63,monthly
FAIL_001439,PAY_009481,CUST_0563,SUB_0563,404.63,2025-08-24,NETWORK_ERROR,TECHNICAL,971,28,4,32,0.875,0.3,0.25,low_engagement,0.125,0.875,starter,404.63,monthly
FAIL_001440,PAY_009483,CUST_0563,SUB_0563,404.63,2025-10-23,AUTHENTICATION_FAILED,CUSTOMER_ACTION,971,28,4,32,0.875,0.3,0.25,low_engagement,0.125,0.875,starter,404.63,monthly
FAIL_001441,PAY_009484,CUST_0563,SUB_0563,404.63,2025-11-22,INSUFFICIENT_FUNDS,CUSTOMER_FINANCIAL,971,28,4,32,0.875,0.3,0.25,low_engagement,0.125,0.875,starter,404.63,monthly
FAIL_001442,PAY_009485,CUST_0563,SUB_0563,404.63,2025-12-22,CARD_EXPIRED,PAYMENT_METHOD,971,28,4,32,0.875,0.3,0.25,low_engagement,0.125,0.875,starter,404.63,monthly
FAIL_001443,PAY_009490,CUST_0563,SUB_0563,404.63,2026-05-21,BANK_DECLINED,ISSUER_DECLINE,971,28,4,32,0.875,0.3,0.25,low_engagement,0.125,0.875,starter,404.63,monthly
FAIL_001444,PAY_009503,CUST_0564,SUB_0564,5516.54,2025-10-28,CARD_EXPIRED,PAYMENT_METHOD,606,19,1,20,0.95,0.82,0.9,high_value_loyal,0.05,0.95,pro,5516.54,monthly
FAIL_001445,PAY_009510,CUST_0564,SUB_0564,5516.54,2026-05-26,NETWORK_ERROR,TECHNICAL,606,19,1,20,0.95,0.82,0.9,high_value_loyal,0.05,0.95,pro,5516.54,monthly
FAIL_001446,PAY_009518,CUST_0565,SUB_0565,200.0,2025-01-22,CARD_EXPIRED,PAYMENT_METHOD,735,16,8,24,0.6667,0.35,0.45,friction_prone,0.3333,0.6667,starter,200.0,monthly
FAIL_001447,PAY_009520,CUST_0565,SUB_0565,200.0,2025-03-23,INSUFFICIENT_FUNDS,CUSTOMER_FINANCIAL,735,16,8,24,0.6667,0.35,0.45,friction_prone,0.3333,0.6667,starter,200.0,monthly
FAIL_001448,PAY_009523,CUST_0565,SUB_0565,200.0,2025-06-21,NETWORK_ERROR,TECHNICAL,735,16,8,24,0.6667,0.35,0.45,friction_prone,0.3333,0.6667,starter,200.0,monthly
FAIL_001449,PAY_009527,CUST_0565,SUB_0565,200.0,2025-10-19,BANK_DECLINED,ISSUER_DECLINE,735,16,8,24,0.6667,0.35,0.45,friction_prone,0.3333,0.6667,starter,200.0,monthly
FAIL_001450,PAY_009533,CUST_0565,SUB_0565,200.0,2026-04-17,INSUFFICIENT_FUNDS,CUSTOMER_FINANCIAL,735,16,8,24,0.6667,0.35,0.45,friction_prone,0.3333,0.6667,starter,200.0,monthly
FAIL_001451,PAY_009534,CUST_0565,SUB_0565,200.0,2026-05-17,INSUFFICIENT_FUNDS,CUSTOMER_FINANCIAL,735,16,8,24,0.6667,0.35,0.45,friction_prone,0.3333,0.6667,starter,200.0,monthly
FAIL_001452,PAY_009556,CUST_0567,SUB_0567,950.44,2024-09-28,INSUFFICIENT_FUNDS,CUSTOMER_FINANCIAL,761,22,3,25,0.88,0.3,0.25,low_engagement,0.12,0.88,starter,950.44,monthly
FAIL_001453,PAY_009562,CUST_0567,SUB_0567,950.44,2025-03-27,INSUFFICIENT_FUNDS,CUSTOMER_FINANCIAL,761,22,3,25,0.88,0.3,0.25,low_engagement,0.12,0.88,starter,950.44,monthly
FAIL_001454,PAY_009582,CUST_0568,SUB_0568,554.06,2025-11-10,LIMIT_EXCEEDED,PAYMENT_LIMIT,383,10,2,12,0.8333,0.6,0.6,normal,0.1667,0.8333,growth,554.06,monthly
FAIL_001455,PAY_009613,CUST_0571,SUB_0571,1026.5,2026-07-05,BANK_DECLINED,ISSUER_DECLINE,176,3,2,5,0.6,0.6,0.6,normal,0.4,0.6,starter,1026.5,monthly
FAIL_001456,PAY_009624,CUST_0572,SUB_0572,12441.81,2026-03-18,LIMIT_EXCEEDED,PAYMENT_LIMIT,465,13,2,15,0.8667,0.82,0.9,high_value_loyal,0.1333,0.8667,pro,12441.81,monthly
FAIL_001457,PAY_009629,CUST_0573,SUB_0573,557.68,2024-08-02,BANK_DECLINED,ISSUER_DECLINE,758,17,8,25,0.68,0.35,0.45,friction_prone,0.32,0.68,starter,557.68,monthly
FAIL_001458,PAY_009631,CUST_0573,SUB_0573,557.68,2024-10-01,INSUFFICIENT_FUNDS,CUSTOMER_FINANCIAL,758,17,8,25,0.68,0.35,0.45,friction_prone,0.32,0.68,starter,557.68,monthly
FAIL_001459,PAY_009632,CUST_0573,SUB_0573,557.68,2024-10-31,NETWORK_ERROR,TECHNICAL,758,17,8,25,0.68,0.35,0.45,friction_prone,0.32,0.68,starter,557.68,monthly
FAIL_001460,PAY_009638,CUST_0573,SUB_0573,557.68,2025-04-29,INSUFFICIENT_FUNDS,CUSTOMER_FINANCIAL,758,17,8,25,0.68,0.35,0.45,friction_prone,0.32,0.68,starter,557.68,monthly
FAIL_001461,PAY_009640,CUST_0573,SUB_0573,557.68,2025-06-28,INSUFFICIENT_FUNDS,CUSTOMER_FINANCIAL,758,17,8,25,0.68,0.35,0.45,friction_prone,0.32,0.68,starter,557.68,monthly
FAIL_001462,PAY_009641,CUST_0573,SUB_0573,557.68,2025-07-28,NETWORK_ERROR,TECHNICAL,758,17,8,25,0.68,0.35,0.45,friction_prone,0.32,0.68,starter,557.68,monthly
FAIL_001463,PAY_009647,CUST_0573,SUB_0573,557.68,2026-01-24,CARD_EXPIRED,PAYMENT_METHOD,758,17,8,25,0.68,0.35,0.45,friction_prone,0.32,0.68,starter,557.68,monthly
FAIL_001464,PAY_009648,CUST_0573,SUB_0573,557.68,2026-02-23,INSUFFICIENT_FUNDS,CUSTOMER_FINANCIAL,758,17,8,25,0.68,0.35,0.45,friction_prone,0.32,0.68,starter,557.68,monthly
FAIL_001465,PAY_009649,CUST_0573,SUB_0573,557.68,2026-03-25,INSUFFICIENT_FUNDS,CUSTOMER_FINANCIAL,758,17,8,25,0.68,0.35,0.45,friction_prone,0.32,0.68,starter,557.68,monthly
FAIL_001466,PAY_009650,CUST_0573,SUB_0573,557.68,2026-04-24,INSUFFICIENT_FUNDS,CUSTOMER_FINANCIAL,758,17,8,25,0.68,0.35,0.45,friction_prone,0.32,0.68,starter,557.68,monthly
FAIL_001467,PAY_009651,CUST_0573,SUB_0573,557.68,2026-05-24,AUTHENTICATION_FAILED,CUSTOMER_ACTION,758,17,8,25,0.68,0.35,0.45,friction_prone,0.32,0.68,starter,557.68,monthly
FAIL_001468,PAY_009657,CUST_0574,SUB_0574,918.08,2024-04-10,NETWORK_ERROR,TECHNICAL,962,30,2,32,0.9375,0.8,0.85,reliable,0.0625,0.9375,growth,918.08,monthly
FAIL_001469,PAY_009664,CUST_0574,SUB_0574,918.08,2024-11-06,AUTHENTICATION_FAILED,CUSTOMER_ACTION,962,30,2,32,0.9375,0.8,0.85,reliable,0.0625,0.9375,growth,918.08,monthly
FAIL_001470,PAY_009668,CUST_0574,SUB_0574,918.08,2025-03-06,BANK_DECLINED,ISSUER_DECLINE,962,30,2,32,0.9375,0.8,0.85,reliable,0.0625,0.9375,growth,918.08,monthly
FAIL_001471,PAY_009670,CUST_0574,SUB_0574,918.08,2025-05-05,LIMIT_EXCEEDED,PAYMENT_LIMIT,962,30,2,32,0.9375,0.8,0.85,reliable,0.0625,0.9375,growth,918.08,monthly
FAIL_001472,PAY_009675,CUST_0574,SUB_0574,918.08,2025-10-02,BANK_DECLINED,ISSUER_DECLINE,962,30,2,32,0.9375,0.8,0.85,reliable,0.0625,0.9375,growth,918.08,monthly
FAIL_001473,PAY_009682,CUST_0574,SUB_0574,918.08,2026-04-30,BANK_DECLINED,ISSUER_DECLINE,962,30,2,32,0.9375,0.8,0.85,reliable,0.0625,0.9375,growth,918.08,monthly
FAIL_001474,PAY_009687,CUST_0575,SUB_0575,200.0,2026-05-23,AUTHENTICATION_FAILED,CUSTOMER_ACTION,129,2,2,4,0.5,0.35,0.45,friction_prone,0.5,0.5,starter,200.0,monthly
FAIL_001475,PAY_009690,CUST_0576,SUB_0576,245.25,2024-03-26,BANK_DECLINED,ISSUER_DECLINE,887,21,8,29,0.7241,0.35,0.45,friction_prone,0.2759,0.7241,starter,245.25,monthly
FAIL_001476,PAY_009691,CUST_0576,SUB_0576,245.25,2024-04-25,CARD_EXPIRED,PAYMENT_METHOD,887,21,8,29,0.7241,0.35,0.45,friction_prone,0.2759,0.7241,starter,245.25,monthly
FAIL_001477,PAY_009693,CUST_0576,SUB_0576,245.25,2024-06-24,NETWORK_ERROR,TECHNICAL,887,21,8,29,0.7241,0.35,0.45,friction_prone,0.2759,0.7241,starter,245.25,monthly
FAIL_001478,PAY_009698,CUST_0576,SUB_0576,245.25,2024-11-21,INSUFFICIENT_FUNDS,CUSTOMER_FINANCIAL,887,21,8,29,0.7241,0.35,0.45,friction_prone,0.2759,0.7241,starter,245.25,monthly
FAIL_001479,PAY_009703,CUST_0576,SUB_0576,245.25,2025-04-20,BANK_DECLINED,ISSUER_DECLINE,887,21,8,29,0.7241,0.35,0.45,friction_prone,0.2759,0.7241,starter,245.25,monthly
FAIL_001480,PAY_009716,CUST_0576,SUB_0576,245.25,2026-05-15,CARD_EXPIRED,PAYMENT_METHOD,887,21,8,29,0.7241,0.35,0.45,friction_prone,0.2759,0.7241,starter,245.25,monthly
FAIL_001481,PAY_009718,CUST_0576,SUB_0576,245.25,2026-07-14,BANK_DECLINED,ISSUER_DECLINE,887,21,8,29,0.7241,0.35,0.45,friction_prone,0.2759,0.7241,starter,245.25,monthly
FAIL_001482,PAY_009722,CUST_0577,SUB_0577,576.58,2024-03-21,BANK_DECLINED,ISSUER_DECLINE,982,27,5,32,0.8438,0.3,0.25,low_engagement,0.1562,0.8438,starter,576.58,monthly
FAIL_001483,PAY_009732,CUST_0577,SUB_0577,576.58,2025-01-15,INSUFFICIENT_FUNDS,CUSTOMER_FINANCIAL,982,27,5,32,0.8438,0.3,0.25,low_engagement,0.1562,0.8438,starter,576.58,monthly
FAIL_001484,PAY_009751,CUST_0578,SUB_0578,1586.51,2024-12-16,BANK_DECLINED,ISSUER_DECLINE,622,14,6,20,0.7,0.35,0.45,friction_prone,0.3,0.7,pro,1586.51,monthly
FAIL_001485,PAY_009756,CUST_0578,SUB_0578,1586.51,2025-05-15,INSUFFICIENT_FUNDS,CUSTOMER_FINANCIAL,622,14,6,20,0.7,0.35,0.45,friction_prone,0.3,0.7,pro,1586.51,monthly
FAIL_001486,PAY_009757,CUST_0578,SUB_0578,1586.51,2025-06-14,BANK_DECLINED,ISSUER_DECLINE,622,14,6,20,0.7,0.35,0.45,friction_prone,0.3,0.7,pro,1586.51,monthly
FAIL_001487,PAY_009764,CUST_0578,SUB_0578,1586.51,2026-01-10,BANK_DECLINED,ISSUER_DECLINE,622,14,6,20,0.7,0.35,0.45,friction_prone,0.3,0.7,pro,1586.51,monthly
FAIL_001488,PAY_009766,CUST_0578,SUB_0578,1586.51,2026-03-11,NETWORK_ERROR,TECHNICAL,622,14,6,20,0.7,0.35,0.45,friction_prone,0.3,0.7,pro,1586.51,monthly
FAIL_001489,PAY_009780,CUST_0580,SUB_0580,1096.45,2024-01-21,BANK_DECLINED,ISSUER_DECLINE,952,24,7,31,0.7742,0.3,0.25,low_engagement,0.2258,0.7742,growth,1096.45,monthly
FAIL_001490,PAY_009784,CUST_0580,SUB_0580,1096.45,2024-05-20,INSUFFICIENT_FUNDS,CUSTOMER_FINANCIAL,952,24,7,31,0.7742,0.3,0.25,low_engagement,0.2258,0.7742,growth,1096.45,monthly
FAIL_001491,PAY_009802,CUST_0580,SUB_0580,1096.45,2025-11-11,AUTHENTICATION_FAILED,CUSTOMER_ACTION,952,24,7,31,0.7742,0.3,0.25,low_engagement,0.2258,0.7742,growth,1096.45,monthly
FAIL_001492,PAY_009805,CUST_0580,SUB_0580,1096.45,2026-02-09,BANK_DECLINED,ISSUER_DECLINE,952,24,7,31,0.7742,0.3,0.25,low_engagement,0.2258,0.7742,growth,1096.45,monthly
FAIL_001493,PAY_009811,CUST_0581,SUB_0581,369.27,2024-12-17,LIMIT_EXCEEDED,PAYMENT_LIMIT,621,10,10,20,0.5,0.35,0.45,friction_prone,0.5,0.5,starter,369.27,monthly
FAIL_001494,PAY_009816,CUST_0581,SUB_0581,369.27,2025-05-16,INSUFFICIENT_FUNDS,CUSTOMER_FINANCIAL,621,10,10,20,0.5,0.35,0.45,friction_prone,0.5,0.5,starter,369.27,monthly
FAIL_001495,PAY_009821,CUST_0581,SUB_0581,369.27,2025-10-13,LIMIT_EXCEEDED,PAYMENT_LIMIT,621,10,10,20,0.5,0.35,0.45,friction_prone,0.5,0.5,starter,369.27,monthly
FAIL_001496,PAY_009822,CUST_0581,SUB_0581,369.27,2025-11-12,LIMIT_EXCEEDED,PAYMENT_LIMIT,621,10,10,20,0.5,0.35,0.45,friction_prone,0.5,0.5,starter,369.27,monthly
FAIL_001497,PAY_009823,CUST_0581,SUB_0581,369.27,2025-12-12,INSUFFICIENT_FUNDS,CUSTOMER_FINANCIAL,621,10,10,20,0.5,0.35,0.45,friction_prone,0.5,0.5,starter,369.27,monthly
FAIL_001498,PAY_009824,CUST_0581,SUB_0581,369.27,2026-01-11,BANK_DECLINED,ISSUER_DECLINE,621,10,10,20,0.5,0.35,0.45,friction_prone,0.5,0.5,starter,369.27,monthly
FAIL_001499,PAY_009825,CUST_0581,SUB_0581,369.27,2026-02-10,INSUFFICIENT_FUNDS,CUSTOMER_FINANCIAL,621,10,10,20,0.5,0.35,0.45,friction_prone,0.5,0.5,starter,369.27,monthly
FAIL_001500,PAY_009826,CUST_0581,SUB_0581,369.27,2026-03-12,CARD_EXPIRED,PAYMENT_METHOD,621,10,10,20,0.5,0.35,0.45,friction_prone,0.5,0.5,starter,369.27,monthly
FAIL_001501,PAY_009827,CUST_0581,SUB_0581,369.27,2026-04-11,NETWORK_ERROR,TECHNICAL,621,10,10,20,0.5,0.35,0.45,friction_prone,0.5,0.5,starter,369.27,monthly
FAIL_001502,PAY_009828,CUST_0581,SUB_0581,369.27,2026-05-11,LIMIT_EXCEEDED,PAYMENT_LIMIT,621,10,10,20,0.5,0.35,0.45,friction_prone,0.5,0.5,starter,369.27,monthly
FAIL_001503,PAY_009830,CUST_0581,SUB_0581,369.27,2026-07-10,INSUFFICIENT_FUNDS,CUSTOMER_FINANCIAL,621,10,10,20,0.5,0.35,0.45,friction_prone,0.5,0.5,starter,369.27,monthly
FAIL_001504,PAY_009840,CUST_0582,SUB_0582,1476.54,2024-11-04,NETWORK_ERROR,TECHNICAL,934,27,4,31,0.871,0.6,0.6,normal,0.129,0.871,starter,1476.54,monthly
FAIL_001505,PAY_009854,CUST_0582,SUB_0582,1476.54,2025-12-29,CARD_EXPIRED,PAYMENT_METHOD,934,27,4,31,0.871,0.6,0.6,normal,0.129,0.871,starter,1476.54,monthly
FAIL_001506,PAY_009857,CUST_0582,SUB_0582,1476.54,2026-03-29,INSUFFICIENT_FUNDS,CUSTOMER_FINANCIAL,934,27,4,31,0.871,0.6,0.6,normal,0.129,0.871,starter,1476.54,monthly
FAIL_001507,PAY_009858,CUST_0582,SUB_0582,1476.54,2026-04-28,INSUFFICIENT_FUNDS,CUSTOMER_FINANCIAL,934,27,4,31,0.871,0.6,0.6,normal,0.129,0.871,starter,1476.54,monthly
FAIL_001508,PAY_009891,CUST_0585,SUB_0585,15000.0,2024-05-30,AUTHENTICATION_FAILED,CUSTOMER_ACTION,852,26,2,28,0.9286,0.82,0.9,high_value_loyal,0.0714,0.9286,pro,15000.0,monthly
FAIL_001509,PAY_009900,CUST_0585,SUB_0585,15000.0,2025-02-24,BANK_DECLINED,ISSUER_DECLINE,852,26,2,28,0.9286,0.82,0.9,high_value_loyal,0.0714,0.9286,pro,15000.0,monthly
FAIL_001510,PAY_009903,CUST_0585,SUB_0585,15000.0,2025-05-25,BANK_DECLINED,ISSUER_DECLINE,852,26,2,28,0.9286,0.82,0.9,high_value_loyal,0.0714,0.9286,pro,15000.0,monthly
FAIL_001511,PAY_009920,CUST_0586,SUB_0586,825.5,2026-01-08,NETWORK_ERROR,TECHNICAL,294,8,1,9,0.8889,0.3,0.25,low_engagement,0.1111,0.8889,starter,825.5,monthly
FAIL_001512,PAY_009924,CUST_0586,SUB_0586,825.5,2026-05-08,NETWORK_ERROR,TECHNICAL,294,8,1,9,0.8889,0.3,0.25,low_engagement,0.1111,0.8889,starter,825.5,monthly
FAIL_001513,PAY_009962,CUST_0588,SUB_0588,278.46,2025-11-21,CARD_EXPIRED,PAYMENT_METHOD,612,13,7,20,0.65,0.3,0.25,low_engagement,0.35,0.65,starter,278.46,monthly
FAIL_001514,PAY_009969,CUST_0588,SUB_0588,278.46,2026-06-19,LIMIT_EXCEEDED,PAYMENT_LIMIT,612,13,7,20,0.65,0.3,0.25,low_engagement,0.35,0.65,starter,278.46,monthly
FAIL_001515,PAY_009970,CUST_0588,SUB_0588,278.46,2026-07-19,BANK_DECLINED,ISSUER_DECLINE,612,13,7,20,0.65,0.3,0.25,low_engagement,0.35,0.65,starter,278.46,monthly
FAIL_001516,PAY_009975,CUST_0589,SUB_0589,998.51,2025-04-23,CARD_EXPIRED,PAYMENT_METHOD,614,18,2,20,0.9,0.6,0.6,normal,0.1,0.9,starter,998.51,monthly
FAIL_001517,PAY_009979,CUST_0589,SUB_0589,998.51,2025-08-21,BANK_DECLINED,ISSUER_DECLINE,614,18,2,20,0.9,0.6,0.6,normal,0.1,0.9,starter,998.51,monthly
FAIL_001518,PAY_009986,CUST_0589,SUB_0589,998.51,2026-03-19,BANK_DECLINED,ISSUER_DECLINE,614,18,2,20,0.9,0.6,0.6,normal,0.1,0.9,starter,998.51,monthly
FAIL_001519,PAY_009996,CUST_0590,SUB_0590,2278.63,2026-03-22,BANK_DECLINED,ISSUER_DECLINE,311,9,1,10,0.9,0.6,0.6,normal,0.1,0.9,growth,2278.63,monthly
FAIL_001520,PAY_010006,CUST_0591,SUB_0591,9218.33,2025-05-05,NETWORK_ERROR,TECHNICAL,632,20,1,21,0.9524,0.82,0.9,high_value_loyal,0.0476,0.9524,growth,9218.33,monthly
FAIL_001521,PAY_010021,CUST_0591,SUB_0591,9218.33,2026-07-29,INSUFFICIENT_FUNDS,CUSTOMER_FINANCIAL,632,20,1,21,0.9524,0.82,0.9,high_value_loyal,0.0476,0.9524,growth,9218.33,monthly
FAIL_001522,PAY_010039,CUST_0593,SUB_0593,11278.37,2024-04-29,INSUFFICIENT_FUNDS,CUSTOMER_FINANCIAL,973,29,3,32,0.9062,0.82,0.9,high_value_loyal,0.0938,0.9062,pro,11278.37,monthly
FAIL_001523,PAY_010051,CUST_0593,SUB_0593,11278.37,2025-04-24,CARD_EXPIRED,PAYMENT_METHOD,973,29,3,32,0.9062,0.82,0.9,high_value_loyal,0.0938,0.9062,pro,11278.37,monthly
FAIL_001524,PAY_010072,CUST_0595,SUB_0595,10967.98,2025-01-26,BANK_DECLINED,ISSUER_DECLINE,701,20,3,23,0.8696,0.82,0.9,high_value_loyal,0.1304,0.8696,pro,10967.98,monthly
FAIL_001525,PAY_010075,CUST_0595,SUB_0595,10967.98,2025-04-26,BANK_DECLINED,ISSUER_DECLINE,701,20,3,23,0.8696,0.82,0.9,high_value_loyal,0.1304,0.8696,pro,10967.98,monthly
FAIL_001526,PAY_010084,CUST_0595,SUB_0595,10967.98,2026-01-21,NETWORK_ERROR,TECHNICAL,701,20,3,23,0.8696,0.82,0.9,high_value_loyal,0.1304,0.8696,pro,10967.98,monthly
FAIL_001527,PAY_010090,CUST_0595,SUB_0595,10967.98,2026-07-20,INSUFFICIENT_FUNDS,CUSTOMER_FINANCIAL,701,20,3,23,0.8696,0.82,0.9,high_value_loyal,0.1304,0.8696,pro,10967.98,monthly
FAIL_001528,PAY_010097,CUST_0596,SUB_0596,644.07,2024-08-26,INSUFFICIENT_FUNDS,CUSTOMER_FINANCIAL,914,25,5,30,0.8333,0.3,0.25,low_engagement,0.1667,0.8333,growth,644.07,monthly
FAIL_001529,PAY_010111,CUST_0596,SUB_0596,644.07,2025-10-20,BANK_DECLINED,ISSUER_DECLINE,914,25,5,30,0.8333,0.3,0.25,low_engagement,0.1667,0.8333,growth,644.07,monthly
FAIL_001530,PAY_010123,CUST_0597,SUB_0597,12778.74,2026-07-19,LIMIT_EXCEEDED,PAYMENT_LIMIT,102,2,1,3,0.6667,0.82,0.9,high_value_loyal,0.3333,0.6667,pro,12778.74,monthly
FAIL_001531,PAY_010149,CUST_0599,SUB_0599,1262.66,2025-11-03,INSUFFICIENT_FUNDS,CUSTOMER_FINANCIAL,300,9,1,10,0.9,0.6,0.6,normal,0.1,0.9,starter,1262.66,monthly
FAIL_001532,PAY_010153,CUST_0599,SUB_0599,1262.66,2026-03-03,AUTHENTICATION_FAILED,CUSTOMER_ACTION,300,9,1,10,0.9,0.6,0.6,normal,0.1,0.9,starter,1262.66,monthly
FAIL_001533,PAY_010162,CUST_0600,SUB_0600,482.28,2025-03-27,BANK_DECLINED,ISSUER_DECLINE,611,14,6,20,0.7,0.35,0.45,friction_prone,0.3,0.7,starter,482.28,monthly
FAIL_001534,PAY_010163,CUST_0600,SUB_0600,482.28,2025-04-26,INSUFFICIENT_FUNDS,CUSTOMER_FINANCIAL,611,14,6,20,0.7,0.35,0.45,friction_prone,0.3,0.7,starter,482.28,monthly
FAIL_001535,PAY_010173,CUST_0600,SUB_0600,482.28,2026-02-20,CARD_EXPIRED,PAYMENT_METHOD,611,14,6,20,0.7,0.35,0.45,friction_prone,0.3,0.7,starter,482.28,monthly
FAIL_001536,PAY_010175,CUST_0600,SUB_0600,482.28,2026-04-21,BANK_DECLINED,ISSUER_DECLINE,611,14,6,20,0.7,0.35,0.45,friction_prone,0.3,0.7,starter,482.28,monthly
FAIL_001537,PAY_010178,CUST_0600,SUB_0600,482.28,2026-07-20,AUTHENTICATION_FAILED,CUSTOMER_ACTION,611,14,6,20,0.7,0.35,0.45,friction_prone,0.3,0.7,starter,482.28,monthly
FAIL_001538,PAY_010218,CUST_0602,SUB_0602,10274.65,2026-01-12,BANK_DECLINED,ISSUER_DECLINE,500,14,2,16,0.875,0.82,0.9,high_value_loyal,0.125,0.875,pro,10274.65,monthly
FAIL_001539,PAY_010295,CUST_0608,SUB_0608,1135.3,2024-07-24,INSUFFICIENT_FUNDS,CUSTOMER_FINANCIAL,827,25,2,27,0.9259,0.6,0.6,normal,0.0741,0.9259,growth,1135.3,monthly
FAIL_001540,PAY_010305,CUST_0608,SUB_0608,1135.3,2025-05-20,NETWORK_ERROR,TECHNICAL,827,25,2,27,0.9259,0.6,0.6,normal,0.0741,0.9259,growth,1135.3,monthly
FAIL_001541,PAY_010311,CUST_0608,SUB_0608,1135.3,2025-11-16,CARD_EXPIRED,PAYMENT_METHOD,827,25,2,27,0.9259,0.6,0.6,normal,0.0741,0.9259,growth,1135.3,monthly
FAIL_001542,PAY_010321,CUST_0609,SUB_0609,1520.27,2024-08-16,INSUFFICIENT_FUNDS,CUSTOMER_FINANCIAL,774,16,9,25,0.64,0.35,0.45,friction_prone,0.36,0.64,pro,1520.27,monthly
FAIL_001543,PAY_010322,CUST_0609,SUB_0609,1520.27,2024-09-15,INSUFFICIENT_FUNDS,CUSTOMER_FINANCIAL,774,16,9,25,0.64,0.35,0.45,friction_prone,0.36,0.64,pro,1520.27,monthly
FAIL_001544,PAY_010325,CUST_0609,SUB_0609,1520.27,2024-12-14,INSUFFICIENT_FUNDS,CUSTOMER_FINANCIAL,774,16,9,25,0.64,0.35,0.45,friction_prone,0.36,0.64,pro,1520.27,monthly
FAIL_001545,PAY_010327,CUST_0609,SUB_0609,1520.27,2025-02-12,BANK_DECLINED,ISSUER_DECLINE,774,16,9,25,0.64,0.35,0.45,friction_prone,0.36,0.64,pro,1520.27,monthly
FAIL_001546,PAY_010332,CUST_0609,SUB_0609,1520.27,2025-07-12,AUTHENTICATION_FAILED,CUSTOMER_ACTION,774,16,9,25,0.64,0.35,0.45,friction_prone,0.36,0.64,pro,1520.27,monthly
FAIL_001547,PAY_010337,CUST_0609,SUB_0609,1520.27,2025-12-09,CARD_EXPIRED,PAYMENT_METHOD,774,16,9,25,0.64,0.35,0.45,friction_prone,0.36,0.64,pro,1520.27,monthly
FAIL_001548,PAY_010338,CUST_0609,SUB_0609,1520.27,2026-01-08,NETWORK_ERROR,TECHNICAL,774,16,9,25,0.64,0.35,0.45,friction_prone,0.36,0.64,pro,1520.27,monthly
FAIL_001549,PAY_010339,CUST_0609,SUB_0609,1520.27,2026-02-07,AUTHENTICATION_FAILED,CUSTOMER_ACTION,774,16,9,25,0.64,0.35,0.45,friction_prone,0.36,0.64,pro,1520.27,monthly
FAIL_001550,PAY_010341,CUST_0609,SUB_0609,1520.27,2026-04-08,BANK_DECLINED,ISSUER_DECLINE,774,16,9,25,0.64,0.35,0.45,friction_prone,0.36,0.64,pro,1520.27,monthly
FAIL_001551,PAY_010344,CUST_0609,SUB_0609,1520.27,2026-07-07,CARD_EXPIRED,PAYMENT_METHOD,774,16,9,25,0.64,0.35,0.45,friction_prone,0.36,0.64,pro,1520.27,monthly
FAIL_001552,PAY_010349,CUST_0610,SUB_0610,11684.35,2024-07-05,BANK_DECLINED,ISSUER_DECLINE,906,24,6,30,0.8,0.82,0.9,high_value_loyal,0.2,0.8,pro,11684.35,monthly
FAIL_001553,PAY_010354,CUST_0610,SUB_0610,11684.35,2024-12-02,INSUFFICIENT_FUNDS,CUSTOMER_FINANCIAL,906,24,6,30,0.8,0.82,0.9,high_value_loyal,0.2,0.8,pro,11684.35,monthly
FAIL_001554,PAY_010356,CUST_0610,SUB_0610,11684.35,2025-01-31,INSUFFICIENT_FUNDS,CUSTOMER_FINANCIAL,906,24,6,30,0.8,0.82,0.9,high_value_loyal,0.2,0.8,pro,11684.35,monthly
FAIL_001555,PAY_010362,CUST_0610,SUB_0610,11684.35,2025-07-30,INSUFFICIENT_FUNDS,CUSTOMER_FINANCIAL,906,24,6,30,0.8,0.82,0.9,high_value_loyal,0.2,0.8,pro,11684.35,monthly
FAIL_001556,PAY_010364,CUST_0610,SUB_0610,11684.35,2025-09-28,AUTHENTICATION_FAILED,CUSTOMER_ACTION,906,24,6,30,0.8,0.82,0.9,high_value_loyal,0.2,0.8,pro,11684.35,monthly
FAIL_001557,PAY_010374,CUST_0610,SUB_0610,11684.35,2026-07-25,INSUFFICIENT_FUNDS,CUSTOMER_FINANCIAL,906,24,6,30,0.8,0.82,0.9,high_value_loyal,0.2,0.8,pro,11684.35,monthly
FAIL_001558,PAY_010407,CUST_0613,SUB_0613,1400.65,2024-09-28,NETWORK_ERROR,TECHNICAL,881,27,2,29,0.931,0.8,0.85,reliable,0.069,0.931,growth,1400.65,monthly
FAIL_001559,PAY_010424,CUST_0613,SUB_0613,1400.65,2026-02-20,BANK_DECLINED,ISSUER_DECLINE,881,27,2,29,0.931,0.8,0.85,reliable,0.069,0.931,growth,1400.65,monthly
FAIL_001560,PAY_010455,CUST_0617,SUB_0617,469.95,2025-03-25,CARD_EXPIRED,PAYMENT_METHOD,583,10,9,19,0.5263,0.6,0.6,normal,0.4737,0.5263,starter,469.95,monthly
FAIL_001561,PAY_010456,CUST_0617,SUB_0617,469.95,2025-04-24,BANK_DECLINED,ISSUER_DECLINE,583,10,9,19,0.5263,0.6,0.6,normal,0.4737,0.5263,starter,469.95,monthly
FAIL_001562,PAY_010458,CUST_0617,SUB_0617,469.95,2025-06-23,NETWORK_ERROR,TECHNICAL,583,10,9,19,0.5263,0.6,0.6,normal,0.4737,0.5263,starter,469.95,monthly
FAIL_001563,PAY_010464,CUST_0617,SUB_0617,469.95,2025-12-20,INSUFFICIENT_FUNDS,CUSTOMER_FINANCIAL,583,10,9,19,0.5263,0.6,0.6,normal,0.4737,0.5263,starter,469.95,monthly
FAIL_001564,PAY_010470,CUST_0617,SUB_0617,469.95,2026-06-18,INSUFFICIENT_FUNDS,CUSTOMER_FINANCIAL,583,10,9,19,0.5263,0.6,0.6,normal,0.4737,0.5263,starter,469.95,monthly
FAIL_001565,PAY_010471,CUST_0617,SUB_0617,469.95,2026-07-18,LIMIT_EXCEEDED,PAYMENT_LIMIT,583,10,9,19,0.5263,0.6,0.6,normal,0.4737,0.5263,starter,469.95,monthly
FAIL_001566,PAY_010516,CUST_0623,SUB_0623,1621.46,2024-11-06,NETWORK_ERROR,TECHNICAL,662,13,9,22,0.5909,0.35,0.45,friction_prone,0.4091,0.5909,pro,1621.46,monthly
FAIL_001567,PAY_010518,CUST_0623,SUB_0623,1621.46,2025-01-05,BANK_DECLINED,ISSUER_DECLINE,662,13,9,22,0.5909,0.35,0.45,friction_prone,0.4091,0.5909,pro,1621.46,monthly
FAIL_001568,PAY_010519,CUST_0623,SUB_0623,1621.46,2025-02-04,NETWORK_ERROR,TECHNICAL,662,13,9,22,0.5909,0.35,0.45,friction_prone,0.4091,0.5909,pro,1621.46,monthly
FAIL_001569,PAY_010520,CUST_0623,SUB_0623,1621.46,2025-03-06,CARD_EXPIRED,PAYMENT_METHOD,662,13,9,22,0.5909,0.35,0.45,friction_prone,0.4091,0.5909,pro,1621.46,monthly
FAIL_001570,PAY_010522,CUST_0623,SUB_0623,1621.46,2025-05-05,INSUFFICIENT_FUNDS,CUSTOMER_FINANCIAL,662,13,9,22,0.5909,0.35,0.45,friction_prone,0.4091,0.5909,pro,1621.46,monthly
FAIL_001571,PAY_010528,CUST_0623,SUB_0623,1621.46,2025-11-01,LIMIT_EXCEEDED,PAYMENT_LIMIT,662,13,9,22,0.5909,0.35,0.45,friction_prone,0.4091,0.5909,pro,1621.46,monthly
FAIL_001572,PAY_010530,CUST_0623,SUB_0623,1621.46,2025-12-31,BANK_DECLINED,ISSUER_DECLINE,662,13,9,22,0.5909,0.35,0.45,friction_prone,0.4091,0.5909,pro,1621.46,monthly
FAIL_001573,PAY_010531,CUST_0623,SUB_0623,1621.46,2026-01-30,BANK_DECLINED,ISSUER_DECLINE,662,13,9,22,0.5909,0.35,0.45,friction_prone,0.4091,0.5909,pro,1621.46,monthly
FAIL_001574,PAY_010534,CUST_0623,SUB_0623,1621.46,2026-04-30,NETWORK_ERROR,TECHNICAL,662,13,9,22,0.5909,0.35,0.45,friction_prone,0.4091,0.5909,pro,1621.46,monthly
FAIL_001575,PAY_010535,CUST_0623,SUB_0623,1621.46,2026-05-30,INSUFFICIENT_FUNDS,CUSTOMER_FINANCIAL,662,13,9,22,0.5909,0.35,0.45,friction_prone,0.4091,0.5909,pro,1621.46,monthly
FAIL_001576,PAY_010538,CUST_0624,SUB_0624,1572.39,2025-01-25,AUTHENTICATION_FAILED,CUSTOMER_ACTION,582,17,2,19,0.8947,0.8,0.85,reliable,0.1053,0.8947,pro,1572.39,monthly
FAIL_001577,PAY_010557,CUST_0625,SUB_0625,2210.87,2024-09-27,NETWORK_ERROR,TECHNICAL,702,16,7,23,0.6957,0.35,0.45,friction_prone,0.3043,0.6957,pro,2210.87,monthly
FAIL_001578,PAY_010560,CUST_0625,SUB_0625,2210.87,2024-12-26,BANK_DECLINED,ISSUER_DECLINE,702,16,7,23,0.6957,0.35,0.45,friction_prone,0.3043,0.6957,pro,2210.87,monthly
FAIL_001579,PAY_010563,CUST_0625,SUB_0625,2210.87,2025-03-26,INSUFFICIENT_FUNDS,CUSTOMER_FINANCIAL,702,16,7,23,0.6957,0.35,0.45,friction_prone,0.3043,0.6957,pro,2210.87,monthly
FAIL_001580,PAY_010564,CUST_0625,SUB_0625,2210.87,2025-04-25,LIMIT_EXCEEDED,PAYMENT_LIMIT,702,16,7,23,0.6957,0.35,0.45,friction_prone,0.3043,0.6957,pro,2210.87,monthly
FAIL_001581,PAY_010578,CUST_0625,SUB_0625,2210.87,2026-06-19,BANK_DECLINED,ISSUER_DECLINE,702,16,7,23,0.6957,0.35,0.45,friction_prone,0.3043,0.6957,pro,2210.87,monthly
FAIL_001582,PAY_010581,CUST_0626,SUB_0626,548.8,2024-03-09,AUTHENTICATION_FAILED,CUSTOMER_ACTION,934,21,10,31,0.6774,0.3,0.25,low_engagement,0.3226,0.6774,growth,548.8,monthly
FAIL_001583,PAY_010591,CUST_0626,SUB_0626,548.8,2025-01-03,INSUFFICIENT_FUNDS,CUSTOMER_FINANCIAL,934,21,10,31,0.6774,0.3,0.25,low_engagement,0.3226,0.6774,growth,548.8,monthly
FAIL_001584,PAY_010598,CUST_0626,SUB_0626,548.8,2025-08-01,INSUFFICIENT_FUNDS,CUSTOMER_FINANCIAL,934,21,10,31,0.6774,0.3,0.25,low_engagement,0.3226,0.6774,growth,548.8,monthly
FAIL_001585,PAY_010599,CUST_0626,SUB_0626,548.8,2025-08-31,INSUFFICIENT_FUNDS,CUSTOMER_FINANCIAL,934,21,10,31,0.6774,0.3,0.25,low_engagement,0.3226,0.6774,growth,548.8,monthly
FAIL_001586,PAY_010602,CUST_0626,SUB_0626,548.8,2025-11-29,INSUFFICIENT_FUNDS,CUSTOMER_FINANCIAL,934,21,10,31,0.6774,0.3,0.25,low_engagement,0.3226,0.6774,growth,548.8,monthly
FAIL_001587,PAY_010608,CUST_0626,SUB_0626,548.8,2026-05-28,BANK_DECLINED,ISSUER_DECLINE,934,21,10,31,0.6774,0.3,0.25,low_engagement,0.3226,0.6774,growth,548.8,monthly
FAIL_001588,PAY_010611,CUST_0627,SUB_0627,200.0,2024-01-30,NETWORK_ERROR,TECHNICAL,943,18,13,31,0.5806,0.35,0.45,friction_prone,0.4194,0.5806,starter,200.0,monthly
FAIL_001589,PAY_010620,CUST_0627,SUB_0627,200.0,2024-10-26,INSUFFICIENT_FUNDS,CUSTOMER_FINANCIAL,943,18,13,31,0.5806,0.35,0.45,friction_prone,0.4194,0.5806,starter,200.0,monthly
FAIL_001590,PAY_010621,CUST_0627,SUB_0627,200.0,2024-11-25,AUTHENTICATION_FAILED,CUSTOMER_ACTION,943,18,13,31,0.5806,0.35,0.45,friction_prone,0.4194,0.5806,starter,200.0,monthly
FAIL_001591,PAY_010622,CUST_0627,SUB_0627,200.0,2024-12-25,AUTHENTICATION_FAILED,CUSTOMER_ACTION,943,18,13,31,0.5806,0.35,0.45,friction_prone,0.4194,0.5806,starter,200.0,monthly
FAIL_001592,PAY_010625,CUST_0627,SUB_0627,200.0,2025-03-25,CARD_EXPIRED,PAYMENT_METHOD,943,18,13,31,0.5806,0.35,0.45,friction_prone,0.4194,0.5806,starter,200.0,monthly
FAIL_001593,PAY_010627,CUST_0627,SUB_0627,200.0,2025-05-24,INSUFFICIENT_FUNDS,CUSTOMER_FINANCIAL,943,18,13,31,0.5806,0.35,0.45,friction_prone,0.4194,0.5806,starter,200.0,monthly
FAIL_001594,PAY_010629,CUST_0627,SUB_0627,200.0,2025-07-23,BANK_DECLINED,ISSUER_DECLINE,943,18,13,31,0.5806,0.35,0.45,friction_prone,0.4194,0.5806,starter,200.0,monthly
FAIL_001595,PAY_010630,CUST_0627,SUB_0627,200.0,2025-08-22,BANK_DECLINED,ISSUER_DECLINE,943,18,13,31,0.5806,0.35,0.45,friction_prone,0.4194,0.5806,starter,200.0,monthly
FAIL_001596,PAY_010633,CUST_0627,SUB_0627,200.0,2025-11-20,INSUFFICIENT_FUNDS,CUSTOMER_FINANCIAL,943,18,13,31,0.5806,0.35,0.45,friction_prone,0.4194,0.5806,starter,200.0,monthly
FAIL_001597,PAY_010635,CUST_0627,SUB_0627,200.0,2026-01-19,INSUFFICIENT_FUNDS,CUSTOMER_FINANCIAL,943,18,13,31,0.5806,0.35,0.45,friction_prone,0.4194,0.5806,starter,200.0,monthly
FAIL_001598,PAY_010637,CUST_0627,SUB_0627,200.0,2026-03-20,BANK_DECLINED,ISSUER_DECLINE,943,18,13,31,0.5806,0.35,0.45,friction_prone,0.4194,0.5806,starter,200.0,monthly
FAIL_001599,PAY_010640,CUST_0627,SUB_0627,200.0,2026-06-18,BANK_DECLINED,ISSUER_DECLINE,943,18,13,31,0.5806,0.35,0.45,friction_prone,0.4194,0.5806,starter,200.0,monthly
FAIL_001600,PAY_010652,CUST_0628,SUB_0628,1735.47,2025-05-06,INSUFFICIENT_FUNDS,CUSTOMER_FINANCIAL,781,21,5,26,0.8077,0.6,0.6,normal,0.1923,0.8077,growth,1735.47,monthly
FAIL_001601,PAY_010666,CUST_0628,SUB_0628,1735.47,2026-06-30,LIMIT_EXCEEDED,PAYMENT_LIMIT,781,21,5,26,0.8077,0.6,0.6,normal,0.1923,0.8077,growth,1735.47,monthly
FAIL_001602,PAY_010667,CUST_0628,SUB_0628,1735.47,2026-07-30,INSUFFICIENT_FUNDS,CUSTOMER_FINANCIAL,781,21,5,26,0.8077,0.6,0.6,normal,0.1923,0.8077,growth,1735.47,monthly
FAIL_001603,PAY_010677,CUST_0629,SUB_0629,6133.24,2024-10-24,NETWORK_ERROR,TECHNICAL,945,27,4,31,0.871,0.82,0.9,high_value_loyal,0.129,0.871,pro,6133.24,monthly
FAIL_001604,PAY_010690,CUST_0629,SUB_0629,6133.24,2025-11-18,CARD_EXPIRED,PAYMENT_METHOD,945,27,4,31,0.871,0.82,0.9,high_value_loyal,0.129,0.871,pro,6133.24,monthly
FAIL_001605,PAY_010707,CUST_0631,SUB_0631,761.44,2025-07-04,NETWORK_ERROR,TECHNICAL,512,12,5,17,0.7059,0.3,0.25,low_engagement,0.2941,0.7059,starter,761.44,monthly
FAIL_001606,PAY_010709,CUST_0631,SUB_0631,761.44,2025-09-02,AUTHENTICATION_FAILED,CUSTOMER_ACTION,512,12,5,17,0.7059,0.3,0.25,low_engagement,0.2941,0.7059,starter,761.44,monthly
FAIL_001607,PAY_010711,CUST_0631,SUB_0631,761.44,2025-11-01,NETWORK_ERROR,TECHNICAL,512,12,5,17,0.7059,0.3,0.25,low_engagement,0.2941,0.7059,starter,761.44,monthly
FAIL_001608,PAY_010714,CUST_0631,SUB_0631,761.44,2026-01-30,AUTHENTICATION_FAILED,CUSTOMER_ACTION,512,12,5,17,0.7059,0.3,0.25,low_engagement,0.2941,0.7059,starter,761.44,monthly
FAIL_001609,PAY_010715,CUST_0631,SUB_0631,761.44,2026-03-01,INSUFFICIENT_FUNDS,CUSTOMER_FINANCIAL,512,12,5,17,0.7059,0.3,0.25,low_engagement,0.2941,0.7059,starter,761.44,monthly
FAIL_001610,PAY_010719,CUST_0631,SUB_0631,761.44,2026-06-29,INSUFFICIENT_FUNDS,CUSTOMER_FINANCIAL,512,12,5,17,0.7059,0.3,0.25,low_engagement,0.2941,0.7059,starter,761.44,monthly
FAIL_001611,PAY_010720,CUST_0631,SUB_0631,761.44,2026-07-29,CARD_EXPIRED,PAYMENT_METHOD,512,12,5,17,0.7059,0.3,0.25,low_engagement,0.2941,0.7059,starter,761.44,monthly
FAIL_001612,PAY_010747,CUST_0633,SUB_0633,228.11,2025-05-13,NETWORK_ERROR,TECHNICAL,474,10,5,15,0.6667,0.3,0.25,low_engagement,0.3333,0.6667,starter,228.11,monthly
FAIL_001613,PAY_010748,CUST_0633,SUB_0633,228.11,2025-06-12,CARD_EXPIRED,PAYMENT_METHOD,474,10,5,15,0.6667,0.3,0.25,low_engagement,0.3333,0.6667,starter,228.11,monthly
FAIL_001614,PAY_010751,CUST_0633,SUB_0633,228.11,2025-09-10,CARD_EXPIRED,PAYMENT_METHOD,474,10,5,15,0.6667,0.3,0.25,low_engagement,0.3333,0.6667,starter,228.11,monthly
FAIL_001615,PAY_010752,CUST_0633,SUB_0633,228.11,2025-10-10,BANK_DECLINED,ISSUER_DECLINE,474,10,5,15,0.6667,0.3,0.25,low_engagement,0.3333,0.6667,starter,228.11,monthly
FAIL_001616,PAY_010759,CUST_0633,SUB_0633,228.11,2026-05-08,CARD_EXPIRED,PAYMENT_METHOD,474,10,5,15,0.6667,0.3,0.25,low_engagement,0.3333,0.6667,starter,228.11,monthly
FAIL_001617,PAY_010760,CUST_0633,SUB_0633,228.11,2026-06-07,BANK_DECLINED,ISSUER_DECLINE,474,10,5,15,0.6667,0.3,0.25,low_engagement,0.3333,0.6667,starter,228.11,monthly
FAIL_001618,PAY_010763,CUST_0634,SUB_0634,1890.32,2025-08-26,NETWORK_ERROR,TECHNICAL,399,12,1,13,0.9231,0.6,0.6,normal,0.0769,0.9231,growth,1890.32,monthly
FAIL_001619,PAY_010764,CUST_0634,SUB_0634,1890.32,2025-09-25,INSUFFICIENT_FUNDS,CUSTOMER_FINANCIAL,399,12,1,13,0.9231,0.6,0.6,normal,0.0769,0.9231,growth,1890.32,monthly
FAIL_001620,PAY_010785,CUST_0635,SUB_0635,13569.88,2025-07-11,LIMIT_EXCEEDED,PAYMENT_LIMIT,715,22,1,23,0.9565,0.82,0.9,high_value_loyal,0.0435,0.9565,pro,13569.88,monthly
FAIL_001621,PAY_010789,CUST_0635,SUB_0635,13569.88,2025-11-08,BANK_DECLINED,ISSUER_DECLINE,715,22,1,23,0.9565,0.82,0.9,high_value_loyal,0.0435,0.9565,pro,13569.88,monthly
FAIL_001622,PAY_010798,CUST_0636,SUB_0636,666.71,2024-07-03,CARD_EXPIRED,PAYMENT_METHOD,788,14,12,26,0.5385,0.35,0.45,friction_prone,0.4615,0.5385,pro,666.71,monthly
FAIL_001623,PAY_010800,CUST_0636,SUB_0636,666.71,2024-09-01,NETWORK_ERROR,TECHNICAL,788,14,12,26,0.5385,0.35,0.45,friction_prone,0.4615,0.5385,pro,666.71,monthly
FAIL_001624,PAY_010801,CUST_0636,SUB_0636,666.71,2024-10-01,INSUFFICIENT_FUNDS,CUSTOMER_FINANCIAL,788,14,12,26,0.5385,0.35,0.45,friction_prone,0.4615,0.5385,pro,666.71,monthly
FAIL_001625,PAY_010804,CUST_0636,SUB_0636,666.71,2024-12-30,INSUFFICIENT_FUNDS,CUSTOMER_FINANCIAL,788,14,12,26,0.5385,0.35,0.45,friction_prone,0.4615,0.5385,pro,666.71,monthly
FAIL_001626,PAY_010806,CUST_0636,SUB_0636,666.71,2025-02-28,INSUFFICIENT_FUNDS,CUSTOMER_FINANCIAL,788,14,12,26,0.5385,0.35,0.45,friction_prone,0.4615,0.5385,pro,666.71,monthly
FAIL_001627,PAY_010809,CUST_0636,SUB_0636,666.71,2025-05-29,BANK_DECLINED,ISSUER_DECLINE,788,14,12,26,0.5385,0.35,0.45,friction_prone,0.4615,0.5385,pro,666.71,monthly
FAIL_001628,PAY_010810,CUST_0636,SUB_0636,666.71,2025-06-28,BANK_DECLINED,ISSUER_DECLINE,788,14,12,26,0.5385,0.35,0.45,friction_prone,0.4615,0.5385,pro,666.71,monthly
FAIL_001629,PAY_010812,CUST_0636,SUB_0636,666.71,2025-08-27,INSUFFICIENT_FUNDS,CUSTOMER_FINANCIAL,788,14,12,26,0.5385,0.35,0.45,friction_prone,0.4615,0.5385,pro,666.71,monthly
FAIL_001630,PAY_010814,CUST_0636,SUB_0636,666.71,2025-10-26,BANK_DECLINED,ISSUER_DECLINE,788,14,12,26,0.5385,0.35,0.45,friction_prone,0.4615,0.5385,pro,666.71,monthly
FAIL_001631,PAY_010815,CUST_0636,SUB_0636,666.71,2025-11-25,INSUFFICIENT_FUNDS,CUSTOMER_FINANCIAL,788,14,12,26,0.5385,0.35,0.45,friction_prone,0.4615,0.5385,pro,666.71,monthly
FAIL_001632,PAY_010817,CUST_0636,SUB_0636,666.71,2026-01-24,NETWORK_ERROR,TECHNICAL,788,14,12,26,0.5385,0.35,0.45,friction_prone,0.4615,0.5385,pro,666.71,monthly
FAIL_001633,PAY_010818,CUST_0636,SUB_0636,666.71,2026-02-23,NETWORK_ERROR,TECHNICAL,788,14,12,26,0.5385,0.35,0.45,friction_prone,0.4615,0.5385,pro,666.71,monthly
FAIL_001634,PAY_010819,CUST_0636,SUB_0636,666.71,2026-03-25,CARD_EXPIRED,PAYMENT_METHOD,788,14,12,26,0.5385,0.35,0.45,friction_prone,0.4615,0.5385,pro,666.71,monthly
FAIL_001635,PAY_010820,CUST_0636,SUB_0636,666.71,2026-04-24,LIMIT_EXCEEDED,PAYMENT_LIMIT,788,14,12,26,0.5385,0.35,0.45,friction_prone,0.4615,0.5385,pro,666.71,monthly
FAIL_001636,PAY_010822,CUST_0636,SUB_0636,666.71,2026-06-23,INSUFFICIENT_FUNDS,CUSTOMER_FINANCIAL,788,14,12,26,0.5385,0.35,0.45,friction_prone,0.4615,0.5385,pro,666.71,monthly
FAIL_001637,PAY_010851,CUST_0638,SUB_0638,1633.25,2025-06-08,INSUFFICIENT_FUNDS,CUSTOMER_FINANCIAL,658,17,4,21,0.8095,0.35,0.45,friction_prone,0.1905,0.8095,pro,1633.25,monthly
FAIL_001638,PAY_010859,CUST_0638,SUB_0638,1633.25,2026-02-03,BANK_DECLINED,ISSUER_DECLINE,658,17,4,21,0.8095,0.35,0.45,friction_prone,0.1905,0.8095,pro,1633.25,monthly
FAIL_001639,PAY_010861,CUST_0638,SUB_0638,1633.25,2026-04-04,INSUFFICIENT_FUNDS,CUSTOMER_FINANCIAL,658,17,4,21,0.8095,0.35,0.45,friction_prone,0.1905,0.8095,pro,1633.25,monthly
FAIL_001640,PAY_010866,CUST_0639,SUB_0639,676.5,2026-02-15,BANK_DECLINED,ISSUER_DECLINE,226,4,3,7,0.5714,0.3,0.25,low_engagement,0.4286,0.5714,starter,676.5,monthly
FAIL_001641,PAY_010872,CUST_0640,SUB_0640,1249.65,2024-04-30,INSUFFICIENT_FUNDS,CUSTOMER_FINANCIAL,852,15,13,28,0.5357,0.35,0.45,friction_prone,0.4643,0.5357,growth,1249.65,monthly
FAIL_001642,PAY_010875,CUST_0640,SUB_0640,1249.65,2024-07-29,INSUFFICIENT_FUNDS,CUSTOMER_FINANCIAL,852,15,13,28,0.5357,0.35,0.45,friction_prone,0.4643,0.5357,growth,1249.65,monthly
FAIL_001643,PAY_010878,CUST_0640,SUB_0640,1249.65,2024-10-27,INSUFFICIENT_FUNDS,CUSTOMER_FINANCIAL,852,15,13,28,0.5357,0.35,0.45,friction_prone,0.4643,0.5357,growth,1249.65,monthly
FAIL_001644,PAY_010880,CUST_0640,SUB_0640,1249.65,2024-12-26,INSUFFICIENT_FUNDS,CUSTOMER_FINANCIAL,852,15,13,28,0.5357,0.35,0.45,friction_prone,0.4643,0.5357,growth,1249.65,monthly
FAIL_001645,PAY_010882,CUST_0640,SUB_0640,1249.65,2025-02-24,INSUFFICIENT_FUNDS,CUSTOMER_FINANCIAL,852,15,13,28,0.5357,0.35,0.45,friction_prone,0.4643,0.5357,growth,1249.65,monthly
FAIL_001646,PAY_010883,CUST_0640,SUB_0640,1249.65,2025-03-26,BANK_DECLINED,ISSUER_DECLINE,852,15,13,28,0.5357,0.35,0.45,friction_prone,0.4643,0.5357,growth,1249.65,monthly
FAIL_001647,PAY_010885,CUST_0640,SUB_0640,1249.65,2025-05-25,INSUFFICIENT_FUNDS,CUSTOMER_FINANCIAL,852,15,13,28,0.5357,0.35,0.45,friction_prone,0.4643,0.5357,growth,1249.65,monthly
FAIL_001648,PAY_010887,CUST_0640,SUB_0640,1249.65,2025-07-24,CARD_EXPIRED,PAYMENT_METHOD,852,15,13,28,0.5357,0.35,0.45,friction_prone,0.4643,0.5357,growth,1249.65,monthly
FAIL_001649,PAY_010889,CUST_0640,SUB_0640,1249.65,2025-09-22,INSUFFICIENT_FUNDS,CUSTOMER_FINANCIAL,852,15,13,28,0.5357,0.35,0.45,friction_prone,0.4643,0.5357,growth,1249.65,monthly
FAIL_001650,PAY_010891,CUST_0640,SUB_0640,1249.65,2025-11-21,INSUFFICIENT_FUNDS,CUSTOMER_FINANCIAL,852,15,13,28,0.5357,0.35,0.45,friction_prone,0.4643,0.5357,growth,1249.65,monthly
FAIL_001651,PAY_010892,CUST_0640,SUB_0640,1249.65,2025-12-21,BANK_DECLINED,ISSUER_DECLINE,852,15,13,28,0.5357,0.35,0.45,friction_prone,0.4643,0.5357,growth,1249.65,monthly
FAIL_001652,PAY_010894,CUST_0640,SUB_0640,1249.65,2026-02-19,INSUFFICIENT_FUNDS,CUSTOMER_FINANCIAL,852,15,13,28,0.5357,0.35,0.45,friction_prone,0.4643,0.5357,growth,1249.65,monthly
FAIL_001653,PAY_010896,CUST_0640,SUB_0640,1249.65,2026-04-20,NETWORK_ERROR,TECHNICAL,852,15,13,28,0.5357,0.35,0.45,friction_prone,0.4643,0.5357,growth,1249.65,monthly
FAIL_001654,PAY_010897,CUST_0640,SUB_0640,1249.65,2026-05-20,BANK_DECLINED,ISSUER_DECLINE,852,15,13,28,0.5357,0.35,0.45,friction_prone,0.4643,0.5357,growth,1249.65,monthly
FAIL_001655,PAY_010899,CUST_0640,SUB_0640,1249.65,2026-07-19,BANK_DECLINED,ISSUER_DECLINE,852,15,13,28,0.5357,0.35,0.45,friction_prone,0.4643,0.5357,growth,1249.65,monthly
FAIL_001656,PAY_010914,CUST_0641,SUB_0641,644.44,2026-07-03,BANK_DECLINED,ISSUER_DECLINE,478,12,3,15,0.8,0.3,0.25,low_engagement,0.2,0.8,starter,644.44,monthly
FAIL_001657,PAY_010936,CUST_0642,SUB_0642,1471.22,2026-04-22,INSUFFICIENT_FUNDS,CUSTOMER_FINANCIAL,760,23,2,25,0.92,0.8,0.85,reliable,0.08,0.92,pro,1471.22,monthly
FAIL_001658,PAY_010942,CUST_0643,SUB_0643,1063.34,2026-01-18,INSUFFICIENT_FUNDS,CUSTOMER_FINANCIAL,284,6,3,9,0.6667,0.6,0.6,normal,0.3333,0.6667,growth,1063.34,monthly
FAIL_001659,PAY_010943,CUST_0643,SUB_0643,1063.34,2026-02-17,LIMIT_EXCEEDED,PAYMENT_LIMIT,284,6,3,9,0.6667,0.6,0.6,normal,0.3333,0.6667,growth,1063.34,monthly
FAIL_001660,PAY_010947,CUST_0643,SUB_0643,1063.34,2026-06-17,BANK_DECLINED,ISSUER_DECLINE,284,6,3,9,0.6667,0.6,0.6,normal,0.3333,0.6667,growth,1063.34,monthly
FAIL_001661,PAY_010948,CUST_0643,SUB_0643,1063.34,2026-07-17,LIMIT_EXCEEDED,PAYMENT_LIMIT,284,6,3,9,0.6667,0.6,0.6,normal,0.3333,0.6667,growth,1063.34,monthly
FAIL_001662,PAY_010949,CUST_0644,SUB_0644,289.39,2024-08-13,INSUFFICIENT_FUNDS,CUSTOMER_FINANCIAL,747,20,4,24,0.8333,0.3,0.25,low_engagement,0.1667,0.8333,starter,289.39,monthly
FAIL_001663,PAY_010950,CUST_0644,SUB_0644,289.39,2024-09-12,BANK_DECLINED,ISSUER_DECLINE,747,20,4,24,0.8333,0.3,0.25,low_engagement,0.1667,0.8333,starter,289.39,monthly
FAIL_001664,PAY_010952,CUST_0644,SUB_0644,289.39,2024-11-11,INSUFFICIENT_FUNDS,CUSTOMER_FINANCIAL,747,20,4,24,0.8333,0.3,0.25,low_engagement,0.1667,0.8333,starter,289.39,monthly
FAIL_001665,PAY_010956,CUST_0644,SUB_0644,289.39,2025-03-11,BANK_DECLINED,ISSUER_DECLINE,747,20,4,24,0.8333,0.3,0.25,low_engagement,0.1667,0.8333,starter,289.39,monthly
FAIL_001666,PAY_010957,CUST_0644,SUB_0644,289.39,2025-04-10,AUTHENTICATION_FAILED,CUSTOMER_ACTION,747,20,4,24,0.8333,0.3,0.25,low_engagement,0.1667,0.8333,starter,289.39,monthly
FAIL_001667,PAY_010965,CUST_0644,SUB_0644,289.39,2025-12-06,CARD_EXPIRED,PAYMENT_METHOD,747,20,4,24,0.8333,0.3,0.25,low_engagement,0.1667,0.8333,starter,289.39,monthly
FAIL_001668,PAY_010992,CUST_0646,SUB_0646,232.1,2026-03-01,BANK_DECLINED,ISSUER_DECLINE,182,2,4,6,0.3333,0.3,0.25,low_engagement,0.6667,0.3333,starter,232.1,monthly
FAIL_001669,PAY_010993,CUST_0646,SUB_0646,232.1,2026-03-31,NETWORK_ERROR,TECHNICAL,182,2,4,6,0.3333,0.3,0.25,low_engagement,0.6667,0.3333,starter,232.1,monthly
FAIL_001670,PAY_010994,CUST_0646,SUB_0646,232.1,2026-04-30,AUTHENTICATION_FAILED,CUSTOMER_ACTION,182,2,4,6,0.3333,0.3,0.25,low_engagement,0.6667,0.3333,starter,232.1,monthly
FAIL_001671,PAY_010996,CUST_0646,SUB_0646,232.1,2026-06-29,BANK_DECLINED,ISSUER_DECLINE,182,2,4,6,0.3333,0.3,0.25,low_engagement,0.6667,0.3333,starter,232.1,monthly
FAIL_001672,PAY_010997,CUST_0646,SUB_0646,232.1,2026-07-29,AUTHENTICATION_FAILED,CUSTOMER_ACTION,182,2,4,6,0.3333,0.3,0.25,low_engagement,0.6667,0.3333,starter,232.1,monthly
FAIL_001673,PAY_011001,CUST_0647,SUB_0647,1055.34,2024-03-16,NETWORK_ERROR,TECHNICAL,987,20,12,32,0.625,0.35,0.45,friction_prone,0.375,0.625,pro,1055.34,monthly
FAIL_001674,PAY_011004,CUST_0647,SUB_0647,1055.34,2024-06-14,NETWORK_ERROR,TECHNICAL,987,20,12,32,0.625,0.35,0.45,friction_prone,0.375,0.625,pro,1055.34,monthly
FAIL_001675,PAY_011006,CUST_0647,SUB_0647,1055.34,2024-08-13,INSUFFICIENT_FUNDS,CUSTOMER_FINANCIAL,987,20,12,32,0.625,0.35,0.45,friction_prone,0.375,0.625,pro,1055.34,monthly
FAIL_001676,PAY_011007,CUST_0647,SUB_0647,1055.34,2024-09-12,BANK_DECLINED,ISSUER_DECLINE,987,20,12,32,0.625,0.35,0.45,friction_prone,0.375,0.625,pro,1055.34,monthly
FAIL_001677,PAY_011008,CUST_0647,SUB_0647,1055.34,2024-10-12,BANK_DECLINED,ISSUER_DECLINE,987,20,12,32,0.625,0.35,0.45,friction_prone,0.375,0.625,pro,1055.34,monthly
FAIL_001678,PAY_011014,CUST_0647,SUB_0647,1055.34,2025-04-10,INSUFFICIENT_FUNDS,CUSTOMER_FINANCIAL,987,20,12,32,0.625,0.35,0.45,friction_prone,0.375,0.625,pro,1055.34,monthly
FAIL_001679,PAY_011018,CUST_0647,SUB_0647,1055.34,2025-08-08,BANK_DECLINED,ISSUER_DECLINE,987,20,12,32,0.625,0.35,0.45,friction_prone,0.375,0.625,pro,1055.34,monthly
FAIL_001680,PAY_011020,CUST_0647,SUB_0647,1055.34,2025-10-07,INSUFFICIENT_FUNDS,CUSTOMER_FINANCIAL,987,20,12,32,0.625,0.35,0.45,friction_prone,0.375,0.625,pro,1055.34,monthly
FAIL_001681,PAY_011023,CUST_0647,SUB_0647,1055.34,2026-01-05,BANK_DECLINED,ISSUER_DECLINE,987,20,12,32,0.625,0.35,0.45,friction_prone,0.375,0.625,pro,1055.34,monthly
FAIL_001682,PAY_011024,CUST_0647,SUB_0647,1055.34,2026-02-04,NETWORK_ERROR,TECHNICAL,987,20,12,32,0.625,0.35,0.45,friction_prone,0.375,0.625,pro,1055.34,monthly
FAIL_001683,PAY_011027,CUST_0647,SUB_0647,1055.34,2026-05-05,INSUFFICIENT_FUNDS,CUSTOMER_FINANCIAL,987,20,12,32,0.625,0.35,0.45,friction_prone,0.375,0.625,pro,1055.34,monthly
FAIL_001684,PAY_011029,CUST_0647,SUB_0647,1055.34,2026-07-04,LIMIT_EXCEEDED,PAYMENT_LIMIT,987,20,12,32,0.625,0.35,0.45,friction_prone,0.375,0.625,pro,1055.34,monthly
FAIL_001685,PAY_011037,CUST_0648,SUB_0648,808.49,2025-07-30,CARD_EXPIRED,PAYMENT_METHOD,606,18,2,20,0.9,0.3,0.25,low_engagement,0.1,0.9,starter,808.49,monthly
FAIL_001686,PAY_011052,CUST_0649,SUB_0649,2141.95,2025-04-07,INSUFFICIENT_FUNDS,CUSTOMER_FINANCIAL,570,18,1,19,0.9474,0.8,0.85,reliable,0.0526,0.9474,starter,2141.95,monthly
FAIL_001687,PAY_011069,CUST_0650,SUB_0650,300.09,2024-09-02,LIMIT_EXCEEDED,PAYMENT_LIMIT,727,12,12,24,0.5,0.35,0.45,friction_prone,0.5,0.5,growth,300.09,monthly
FAIL_001688,PAY_011070,CUST_0650,SUB_0650,300.09,2024-10-02,BANK_DECLINED,ISSUER_DECLINE,727,12,12,24,0.5,0.35,0.45,friction_prone,0.5,0.5,growth,300.09,monthly
FAIL_001689,PAY_011074,CUST_0650,SUB_0650,300.09,2025-01-30,CARD_EXPIRED,PAYMENT_METHOD,727,12,12,24,0.5,0.35,0.45,friction_prone,0.5,0.5,growth,300.09,monthly
FAIL_001690,PAY_011075,CUST_0650,SUB_0650,300.09,2025-03-01,INSUFFICIENT_FUNDS,CUSTOMER_FINANCIAL,727,12,12,24,0.5,0.35,0.45,friction_prone,0.5,0.5,growth,300.09,monthly
FAIL_001691,PAY_011080,CUST_0650,SUB_0650,300.09,2025-07-29,AUTHENTICATION_FAILED,CUSTOMER_ACTION,727,12,12,24,0.5,0.35,0.45,friction_prone,0.5,0.5,growth,300.09,monthly
FAIL_001692,PAY_011081,CUST_0650,SUB_0650,300.09,2025-08-28,NETWORK_ERROR,TECHNICAL,727,12,12,24,0.5,0.35,0.45,friction_prone,0.5,0.5,growth,300.09,monthly
FAIL_001693,PAY_011084,CUST_0650,SUB_0650,300.09,2025-11-26,INSUFFICIENT_FUNDS,CUSTOMER_FINANCIAL,727,12,12,24,0.5,0.35,0.45,friction_prone,0.5,0.5,growth,300.09,monthly
FAIL_001694,PAY_011088,CUST_0650,SUB_0650,300.09,2026-03-26,BANK_DECLINED,ISSUER_DECLINE,727,12,12,24,0.5,0.35,0.45,friction_prone,0.5,0.5,growth,300.09,monthly
FAIL_001695,PAY_011089,CUST_0650,SUB_0650,300.09,2026-04-25,BANK_DECLINED,ISSUER_DECLINE,727,12,12,24,0.5,0.35,0.45,friction_prone,0.5,0.5,growth,300.09,monthly
FAIL_001696,PAY_011092,CUST_0650,SUB_0650,300.09,2026-07-24,INSUFFICIENT_FUNDS,CUSTOMER_FINANCIAL,727,12,12,24,0.5,0.35,0.45,friction_prone,0.5,0.5,growth,300.09,monthly
FAIL_001697,PAY_011095,CUST_0651,SUB_0651,1314.12,2026-05-07,INSUFFICIENT_FUNDS,CUSTOMER_FINANCIAL,175,4,1,5,0.8,0.6,0.6,normal,0.2,0.8,starter,1314.12,monthly
FAIL_001698,PAY_011096,CUST_0651,SUB_0651,1314.12,2026-06-06,INSUFFICIENT_FUNDS,CUSTOMER_FINANCIAL,175,4,1,5,0.8,0.6,0.6,normal,0.2,0.8,starter,1314.12,monthly
FAIL_001699,PAY_011103,CUST_0652,SUB_0652,570.52,2026-06-02,BANK_DECLINED,ISSUER_DECLINE,239,4,3,7,0.5714,0.35,0.45,friction_prone,0.4286,0.5714,growth,570.52,monthly
FAIL_001700,PAY_011104,CUST_0652,SUB_0652,570.52,2026-07-02,BANK_DECLINED,ISSUER_DECLINE,239,4,3,7,0.5714,0.35,0.45,friction_prone,0.4286,0.5714,growth,570.52,monthly
FAIL_001701,PAY_011116,CUST_0654,SUB_0654,8671.76,2026-07-23,NETWORK_ERROR,TECHNICAL,98,2,1,3,0.6667,0.82,0.9,high_value_loyal,0.3333,0.6667,pro,8671.76,monthly
FAIL_001702,PAY_011145,CUST_0657,SUB_0657,1695.02,2025-07-23,BANK_DECLINED,ISSUER_DECLINE,883,28,1,29,0.9655,0.8,0.85,reliable,0.0345,0.9655,starter,1695.02,monthly
FAIL_001703,PAY_011188,CUST_0659,SUB_0659,1906.5,2024-08-28,INSUFFICIENT_FUNDS,CUSTOMER_FINANCIAL,732,16,8,24,0.6667,0.35,0.45,friction_prone,0.3333,0.6667,pro,1906.5,monthly
FAIL_001704,PAY_011192,CUST_0659,SUB_0659,1906.5,2024-12-26,BANK_DECLINED,ISSUER_DECLINE,732,16,8,24,0.6667,0.35,0.45,friction_prone,0.3333,0.6667,pro,1906.5,monthly
FAIL_001705,PAY_011195,CUST_0659,SUB_0659,1906.5,2025-03-26,INSUFFICIENT_FUNDS,CUSTOMER_FINANCIAL,732,16,8,24,0.6667,0.35,0.45,friction_prone,0.3333,0.6667,pro,1906.5,monthly
FAIL_001706,PAY_011198,CUST_0659,SUB_0659,1906.5,2025-06-24,LIMIT_EXCEEDED,PAYMENT_LIMIT,732,16,8,24,0.6667,0.35,0.45,friction_prone,0.3333,0.6667,pro,1906.5,monthly
FAIL_001707,PAY_011202,CUST_0659,SUB_0659,1906.5,2025-10-22,NETWORK_ERROR,TECHNICAL,732,16,8,24,0.6667,0.35,0.45,friction_prone,0.3333,0.6667,pro,1906.5,monthly
FAIL_001708,PAY_011203,CUST_0659,SUB_0659,1906.5,2025-11-21,INSUFFICIENT_FUNDS,CUSTOMER_FINANCIAL,732,16,8,24,0.6667,0.35,0.45,friction_prone,0.3333,0.6667,pro,1906.5,monthly
FAIL_001709,PAY_011206,CUST_0659,SUB_0659,1906.5,2026-02-19,INSUFFICIENT_FUNDS,CUSTOMER_FINANCIAL,732,16,8,24,0.6667,0.35,0.45,friction_prone,0.3333,0.6667,pro,1906.5,monthly
FAIL_001710,PAY_011212,CUST_0660,SUB_0660,2082.3,2025-06-15,CARD_EXPIRED,PAYMENT_METHOD,441,12,2,14,0.8571,0.6,0.6,normal,0.1429,0.8571,growth,2082.3,monthly
FAIL_001711,PAY_011213,CUST_0660,SUB_0660,2082.3,2025-07-15,BANK_DECLINED,ISSUER_DECLINE,441,12,2,14,0.8571,0.6,0.6,normal,0.1429,0.8571,growth,2082.3,monthly
FAIL_001712,PAY_011218,CUST_0660,SUB_0660,2082.3,2025-12-12,NETWORK_ERROR,TECHNICAL,441,12,2,14,0.8571,0.6,0.6,normal,0.1429,0.8571,growth,2082.3,monthly
FAIL_001713,PAY_011223,CUST_0660,SUB_0660,2082.3,2026-05-11,INSUFFICIENT_FUNDS,CUSTOMER_FINANCIAL,441,12,2,14,0.8571,0.6,0.6,normal,0.1429,0.8571,growth,2082.3,monthly
FAIL_001714,PAY_011230,CUST_0661,SUB_0661,629.8,2025-04-25,CARD_EXPIRED,PAYMENT_METHOD,612,18,2,20,0.9,0.6,0.6,normal,0.1,0.9,growth,629.8,monthly
FAIL_001715,PAY_011233,CUST_0661,SUB_0661,629.8,2025-07-24,BANK_DECLINED,ISSUER_DECLINE,612,18,2,20,0.9,0.6,0.6,normal,0.1,0.9,growth,629.8,monthly
FAIL_001716,PAY_011239,CUST_0661,SUB_0661,629.8,2026-01-20,NETWORK_ERROR,TECHNICAL,612,18,2,20,0.9,0.6,0.6,normal,0.1,0.9,growth,629.8,monthly
FAIL_001717,PAY_011242,CUST_0661,SUB_0661,629.8,2026-04-20,LIMIT_EXCEEDED,PAYMENT_LIMIT,612,18,2,20,0.9,0.6,0.6,normal,0.1,0.9,growth,629.8,monthly
FAIL_001718,PAY_011268,CUST_0662,SUB_0662,8298.83,2025-10-05,NETWORK_ERROR,TECHNICAL,989,30,2,32,0.9375,0.82,0.9,high_value_loyal,0.0625,0.9375,pro,8298.83,monthly
FAIL_001719,PAY_011270,CUST_0662,SUB_0662,8298.83,2025-12-04,AUTHENTICATION_FAILED,CUSTOMER_ACTION,989,30,2,32,0.9375,0.82,0.9,high_value_loyal,0.0625,0.9375,pro,8298.83,monthly
FAIL_001720,PAY_011278,CUST_0663,SUB_0663,774.01,2025-12-25,NETWORK_ERROR,TECHNICAL,248,7,1,8,0.875,0.6,0.6,normal,0.125,0.875,starter,774.01,monthly
FAIL_001721,PAY_011283,CUST_0663,SUB_0663,774.01,2026-05-24,NETWORK_ERROR,TECHNICAL,248,7,1,8,0.875,0.6,0.6,normal,0.125,0.875,starter,774.01,monthly
FAIL_001722,PAY_011314,CUST_0665,SUB_0665,374.12,2025-08-13,INSUFFICIENT_FUNDS,CUSTOMER_FINANCIAL,382,6,6,12,0.5,0.3,0.25,low_engagement,0.5,0.5,starter,374.12,monthly
FAIL_001723,PAY_011315,CUST_0665,SUB_0665,374.12,2025-09-12,BANK_DECLINED,ISSUER_DECLINE,382,6,6,12,0.5,0.3,0.25,low_engagement,0.5,0.5,starter,374.12,monthly
FAIL_001724,PAY_011318,CUST_0665,SUB_0665,374.12,2025-12-11,LIMIT_EXCEEDED,PAYMENT_LIMIT,382,6,6,12,0.5,0.3,0.25,low_engagement,0.5,0.5,starter,374.12,monthly
FAIL_001725,PAY_011320,CUST_0665,SUB_0665,374.12,2026-02-09,CARD_EXPIRED,PAYMENT_METHOD,382,6,6,12,0.5,0.3,0.25,low_engagement,0.5,0.5,starter,374.12,monthly
FAIL_001726,PAY_011326,CUST_0666,SUB_0666,1090.5,2024-08-02,NETWORK_ERROR,TECHNICAL,758,16,9,25,0.64,0.35,0.45,friction_prone,0.36,0.64,growth,1090.5,monthly
FAIL_001727,PAY_011327,CUST_0666,SUB_0666,1090.5,2024-09-01,BANK_DECLINED,ISSUER_DECLINE,758,16,9,25,0.64,0.35,0.45,friction_prone,0.36,0.64,growth,1090.5,monthly
FAIL_001728,PAY_011330,CUST_0666,SUB_0666,1090.5,2024-11-30,NETWORK_ERROR,TECHNICAL,758,16,9,25,0.64,0.35,0.45,friction_prone,0.36,0.64,growth,1090.5,monthly
FAIL_001729,PAY_011337,CUST_0666,SUB_0666,1090.5,2025-06-28,BANK_DECLINED,ISSUER_DECLINE,758,16,9,25,0.64,0.35,0.45,friction_prone,0.36,0.64,growth,1090.5,monthly
FAIL_001730,PAY_011343,CUST_0666,SUB_0666,1090.5,2025-12-25,INSUFFICIENT_FUNDS,CUSTOMER_FINANCIAL,758,16,9,25,0.64,0.35,0.45,friction_prone,0.36,0.64,growth,1090.5,monthly
FAIL_001731,PAY_011344,CUST_0666,SUB_0666,1090.5,2026-01-24,BANK_DECLINED,ISSUER_DECLINE,758,16,9,25,0.64,0.35,0.45,friction_prone,0.36,0.64,growth,1090.5,monthly
FAIL_001732,PAY_011352,CUST_0667,SUB_0667,651.62,2026-07-29,NETWORK_ERROR,TECHNICAL,62,1,1,2,0.5,0.3,0.25,low_engagement,0.5,0.5,starter,651.62,monthly
FAIL_001733,PAY_011356,CUST_0668,SUB_0668,1279.62,2024-10-07,CARD_EXPIRED,PAYMENT_METHOD,782,25,1,26,0.9615,0.8,0.85,reliable,0.0385,0.9615,pro,1279.62,monthly
FAIL_001734,PAY_011398,CUST_0670,SUB_0670,891.7,2025-10-08,INSUFFICIENT_FUNDS,CUSTOMER_FINANCIAL,626,17,3,20,0.85,0.6,0.6,normal,0.15,0.85,starter,891.7,monthly
FAIL_001735,PAY_011399,CUST_0670,SUB_0670,891.7,2025-11-07,NETWORK_ERROR,TECHNICAL,626,17,3,20,0.85,0.6,0.6,normal,0.15,0.85,starter,891.7,monthly
FAIL_001736,PAY_011417,CUST_0671,SUB_0671,550.66,2025-05-02,INSUFFICIENT_FUNDS,CUSTOMER_FINANCIAL,755,21,4,25,0.84,0.6,0.6,normal,0.16,0.84,starter,550.66,monthly
FAIL_001737,PAY_011439,CUST_0672,SUB_0672,2240.02,2025-11-17,LIMIT_EXCEEDED,PAYMENT_LIMIT,466,13,2,15,0.8667,0.6,0.6,normal,0.1333,0.8667,pro,2240.02,monthly
FAIL_001738,PAY_011448,CUST_0673,SUB_0673,14863.79,2026-07-19,INSUFFICIENT_FUNDS,CUSTOMER_FINANCIAL,42,0,1,1,0.0,0.82,0.9,high_value_loyal,1.0,0.0,pro,14863.79,monthly
FAIL_001739,PAY_011460,CUST_0675,SUB_0675,859.71,2024-06-10,INSUFFICIENT_FUNDS,CUSTOMER_FINANCIAL,811,15,12,27,0.5556,0.35,0.45,friction_prone,0.4444,0.5556,pro,859.71,monthly
FAIL_001740,PAY_011461,CUST_0675,SUB_0675,859.71,2024-07-10,INSUFFICIENT_FUNDS,CUSTOMER_FINANCIAL,811,15,12,27,0.5556,0.35,0.45,friction_prone,0.4444,0.5556,pro,859.71,monthly
FAIL_001741,PAY_011464,CUST_0675,SUB_0675,859.71,2024-10-08,INSUFFICIENT_FUNDS,CUSTOMER_FINANCIAL,811,15,12,27,0.5556,0.35,0.45,friction_prone,0.4444,0.5556,pro,859.71,monthly
FAIL_001742,PAY_011470,CUST_0675,SUB_0675,859.71,2025-04-06,NETWORK_ERROR,TECHNICAL,811,15,12,27,0.5556,0.35,0.45,friction_prone,0.4444,0.5556,pro,859.71,monthly
FAIL_001743,PAY_011472,CUST_0675,SUB_0675,859.71,2025-06-05,BANK_DECLINED,ISSUER_DECLINE,811,15,12,27,0.5556,0.35,0.45,friction_prone,0.4444,0.5556,pro,859.71,monthly
FAIL_001744,PAY_011475,CUST_0675,SUB_0675,859.71,2025-09-03,NETWORK_ERROR,TECHNICAL,811,15,12,27,0.5556,0.35,0.45,friction_prone,0.4444,0.5556,pro,859.71,monthly
FAIL_001745,PAY_011476,CUST_0675,SUB_0675,859.71,2025-10-03,AUTHENTICATION_FAILED,CUSTOMER_ACTION,811,15,12,27,0.5556,0.35,0.45,friction_prone,0.4444,0.5556,pro,859.71,monthly
FAIL_001746,PAY_011483,CUST_0675,SUB_0675,859.71,2026-05-01,CARD_EXPIRED,PAYMENT_METHOD,811,15,12,27,0.5556,0.35,0.45,friction_prone,0.4444,0.5556,pro,859.71,monthly
FAIL_001747,PAY_011484,CUST_0675,SUB_0675,859.71,2026-05-31,NETWORK_ERROR,TECHNICAL,811,15,12,27,0.5556,0.35,0.45,friction_prone,0.4444,0.5556,pro,859.71,monthly
FAIL_001748,PAY_011489,CUST_0676,SUB_0676,208.63,2024-02-04,INSUFFICIENT_FUNDS,CUSTOMER_FINANCIAL,998,27,6,33,0.8182,0.3,0.25,low_engagement,0.1818,0.8182,starter,208.63,monthly
FAIL_001749,PAY_011492,CUST_0676,SUB_0676,208.63,2024-05-04,INSUFFICIENT_FUNDS,CUSTOMER_FINANCIAL,998,27,6,33,0.8182,0.3,0.25,low_engagement,0.1818,0.8182,starter,208.63,monthly
FAIL_001750,PAY_011493,CUST_0676,SUB_0676,208.63,2024-06-03,INSUFFICIENT_FUNDS,CUSTOMER_FINANCIAL,998,27,6,33,0.8182,0.3,0.25,low_engagement,0.1818,0.8182,starter,208.63,monthly
FAIL_001751,PAY_011498,CUST_0676,SUB_0676,208.63,2024-10-31,BANK_DECLINED,ISSUER_DECLINE,998,27,6,33,0.8182,0.3,0.25,low_engagement,0.1818,0.8182,starter,208.63,monthly
FAIL_001752,PAY_011500,CUST_0676,SUB_0676,208.63,2024-12-30,CARD_EXPIRED,PAYMENT_METHOD,998,27,6,33,0.8182,0.3,0.25,low_engagement,0.1818,0.8182,starter,208.63,monthly
FAIL_001753,PAY_011512,CUST_0676,SUB_0676,208.63,2025-12-25,NETWORK_ERROR,TECHNICAL,998,27,6,33,0.8182,0.3,0.25,low_engagement,0.1818,0.8182,starter,208.63,monthly
FAIL_001754,PAY_011515,CUST_0676,SUB_0676,208.63,2026-03-25,BANK_DECLINED,ISSUER_DECLINE,998,27,6,33,0.8182,0.3,0.25,low_engagement,0.1818,0.8182,starter,208.63,monthly
FAIL_001755,PAY_011530,CUST_0679,SUB_0679,1699.94,2024-03-12,INSUFFICIENT_FUNDS,CUSTOMER_FINANCIAL,961,26,6,32,0.8125,0.6,0.6,normal,0.1875,0.8125,starter,1699.94,monthly
FAIL_001756,PAY_011537,CUST_0679,SUB_0679,1699.94,2024-10-08,AUTHENTICATION_FAILED,CUSTOMER_ACTION,961,26,6,32,0.8125,0.6,0.6,normal,0.1875,0.8125,starter,1699.94,monthly
FAIL_001757,PAY_011541,CUST_0679,SUB_0679,1699.94,2025-02-05,INSUFFICIENT_FUNDS,CUSTOMER_FINANCIAL,961,26,6,32,0.8125,0.6,0.6,normal,0.1875,0.8125,starter,1699.94,monthly
FAIL_001758,PAY_011550,CUST_0679,SUB_0679,1699.94,2025-11-02,BANK_DECLINED,ISSUER_DECLINE,961,26,6,32,0.8125,0.6,0.6,normal,0.1875,0.8125,starter,1699.94,monthly
FAIL_001759,PAY_011564,CUST_0680,SUB_0680,1595.24,2024-11-30,NETWORK_ERROR,TECHNICAL,758,16,9,25,0.64,0.35,0.45,friction_prone,0.36,0.64,pro,1595.24,monthly
FAIL_001760,PAY_011569,CUST_0680,SUB_0680,1595.24,2025-04-29,NETWORK_ERROR,TECHNICAL,758,16,9,25,0.64,0.35,0.45,friction_prone,0.36,0.64,pro,1595.24,monthly
FAIL_001761,PAY_011571,CUST_0680,SUB_0680,1595.24,2025-06-28,BANK_DECLINED,ISSUER_DECLINE,758,16,9,25,0.64,0.35,0.45,friction_prone,0.36,0.64,pro,1595.24,monthly
FAIL_001762,PAY_011572,CUST_0680,SUB_0680,1595.24,2025-07-28,NETWORK_ERROR,TECHNICAL,758,16,9,25,0.64,0.35,0.45,friction_prone,0.36,0.64,pro,1595.24,monthly
FAIL_001763,PAY_011574,CUST_0680,SUB_0680,1595.24,2025-09-26,BANK_DECLINED,ISSUER_DECLINE,758,16,9,25,0.64,0.35,0.45,friction_prone,0.36,0.64,pro,1595.24,monthly
FAIL_001764,PAY_011575,CUST_0680,SUB_0680,1595.24,2025-10-26,INSUFFICIENT_FUNDS,CUSTOMER_FINANCIAL,758,16,9,25,0.64,0.35,0.45,friction_prone,0.36,0.64,pro,1595.24,monthly
FAIL_001765,PAY_011577,CUST_0680,SUB_0680,1595.24,2025-12-25,INSUFFICIENT_FUNDS,CUSTOMER_FINANCIAL,758,16,9,25,0.64,0.35,0.45,friction_prone,0.36,0.64,pro,1595.24,monthly
FAIL_001766,PAY_011582,CUST_0680,SUB_0680,1595.24,2026-05-24,BANK_DECLINED,ISSUER_DECLINE,758,16,9,25,0.64,0.35,0.45,friction_prone,0.36,0.64,pro,1595.24,monthly
FAIL_001767,PAY_011583,CUST_0680,SUB_0680,1595.24,2026-06-23,INSUFFICIENT_FUNDS,CUSTOMER_FINANCIAL,758,16,9,25,0.64,0.35,0.45,friction_prone,0.36,0.64,pro,1595.24,monthly
FAIL_001768,PAY_011606,CUST_0682,SUB_0682,15000.0,2025-04-11,LIMIT_EXCEEDED,PAYMENT_LIMIT,806,25,1,26,0.9615,0.82,0.9,high_value_loyal,0.0385,0.9615,pro,15000.0,monthly
FAIL_001769,PAY_011614,CUST_0682,SUB_0682,15000.0,2025-12-07,BANK_DECLINED,ISSUER_DECLINE,806,25,1,26,0.9615,0.82,0.9,high_value_loyal,0.0385,0.9615,pro,15000.0,monthly
FAIL_001770,PAY_011669,CUST_0685,SUB_0685,548.13,2025-05-14,INSUFFICIENT_FUNDS,CUSTOMER_FINANCIAL,533,15,2,17,0.8824,0.3,0.25,low_engagement,0.1176,0.8824,growth,548.13,monthly
FAIL_001771,PAY_011684,CUST_0686,SUB_0686,752.05,2025-06-24,INSUFFICIENT_FUNDS,CUSTOMER_FINANCIAL,432,11,3,14,0.7857,0.35,0.45,friction_prone,0.2143,0.7857,growth,752.05,monthly
FAIL_001772,PAY_011694,CUST_0686,SUB_0686,752.05,2026-04-20,NETWORK_ERROR,TECHNICAL,432,11,3,14,0.7857,0.35,0.45,friction_prone,0.2143,0.7857,growth,752.05,monthly
FAIL_001773,PAY_011695,CUST_0686,SUB_0686,752.05,2026-05-20,INSUFFICIENT_FUNDS,CUSTOMER_FINANCIAL,432,11,3,14,0.7857,0.35,0.45,friction_prone,0.2143,0.7857,growth,752.05,monthly
FAIL_001774,PAY_011701,CUST_0687,SUB_0687,345.77,2024-05-05,INSUFFICIENT_FUNDS,CUSTOMER_FINANCIAL,937,21,10,31,0.6774,0.6,0.6,normal,0.3226,0.6774,growth,345.77,monthly
FAIL_001775,PAY_011703,CUST_0687,SUB_0687,345.77,2024-07-04,LIMIT_EXCEEDED,PAYMENT_LIMIT,937,21,10,31,0.6774,0.6,0.6,normal,0.3226,0.6774,growth,345.77,monthly
FAIL_001776,PAY_011705,CUST_0687,SUB_0687,345.77,2024-09-02,CARD_EXPIRED,PAYMENT_METHOD,937,21,10,31,0.6774,0.6,0.6,normal,0.3226,0.6774,growth,345.77,monthly
FAIL_001777,PAY_011706,CUST_0687,SUB_0687,345.77,2024-10-02,INSUFFICIENT_FUNDS,CUSTOMER_FINANCIAL,937,21,10,31,0.6774,0.6,0.6,normal,0.3226,0.6774,growth,345.77,monthly
FAIL_001778,PAY_011708,CUST_0687,SUB_0687,345.77,2024-12-01,INSUFFICIENT_FUNDS,CUSTOMER_FINANCIAL,937,21,10,31,0.6774,0.6,0.6,normal,0.3226,0.6774,growth,345.77,monthly
FAIL_001779,PAY_011710,CUST_0687,SUB_0687,345.77,2025-01-30,NETWORK_ERROR,TECHNICAL,937,21,10,31,0.6774,0.6,0.6,normal,0.3226,0.6774,growth,345.77,monthly
FAIL_001780,PAY_011715,CUST_0687,SUB_0687,345.77,2025-06-29,BANK_DECLINED,ISSUER_DECLINE,937,21,10,31,0.6774,0.6,0.6,normal,0.3226,0.6774,growth,345.77,monthly
FAIL_001781,PAY_011724,CUST_0687,SUB_0687,345.77,2026-03-26,LIMIT_EXCEEDED,PAYMENT_LIMIT,937,21,10,31,0.6774,0.6,0.6,normal,0.3226,0.6774,growth,345.77,monthly
FAIL_001782,PAY_011725,CUST_0687,SUB_0687,345.77,2026-04-25,CARD_EXPIRED,PAYMENT_METHOD,937,21,10,31,0.6774,0.6,0.6,normal,0.3226,0.6774,growth,345.77,monthly
FAIL_001783,PAY_011727,CUST_0687,SUB_0687,345.77,2026-06-24,LIMIT_EXCEEDED,PAYMENT_LIMIT,937,21,10,31,0.6774,0.6,0.6,normal,0.3226,0.6774,growth,345.77,monthly
FAIL_001784,PAY_011728,CUST_0687,SUB_0687,345.77,2026-07-24,CARD_EXPIRED,PAYMENT_METHOD,937,21,10,31,0.6774,0.6,0.6,normal,0.3226,0.6774,growth,345.77,monthly
FAIL_001785,PAY_011734,CUST_0688,SUB_0688,703.54,2025-09-29,INSUFFICIENT_FUNDS,CUSTOMER_FINANCIAL,485,12,4,16,0.75,0.35,0.45,friction_prone,0.25,0.75,growth,703.54,monthly
FAIL_001786,PAY_011735,CUST_0688,SUB_0688,703.54,2025-10-29,INSUFFICIENT_FUNDS,CUSTOMER_FINANCIAL,485,12,4,16,0.75,0.35,0.45,friction_prone,0.25,0.75,growth,703.54,monthly
FAIL_001787,PAY_011737,CUST_0688,SUB_0688,703.54,2025-12-28,NETWORK_ERROR,TECHNICAL,485,12,4,16,0.75,0.35,0.45,friction_prone,0.25,0.75,growth,703.54,monthly
FAIL_001788,PAY_011739,CUST_0688,SUB_0688,703.54,2026-02-26,INSUFFICIENT_FUNDS,CUSTOMER_FINANCIAL,485,12,4,16,0.75,0.35,0.45,friction_prone,0.25,0.75,growth,703.54,monthly
FAIL_001789,PAY_011762,CUST_0689,SUB_0689,1779.03,2025-05-26,BANK_DECLINED,ISSUER_DECLINE,971,30,2,32,0.9375,0.8,0.85,reliable,0.0625,0.9375,growth,1779.03,monthly
FAIL_001790,PAY_011765,CUST_0689,SUB_0689,1779.03,2025-08-24,INSUFFICIENT_FUNDS,CUSTOMER_FINANCIAL,971,30,2,32,0.9375,0.8,0.85,reliable,0.0625,0.9375,growth,1779.03,monthly
FAIL_001791,PAY_011781,CUST_0690,SUB_0690,1914.49,2026-04-02,BANK_DECLINED,ISSUER_DECLINE,270,7,2,9,0.7778,0.6,0.6,normal,0.2222,0.7778,growth,1914.49,monthly
FAIL_001792,PAY_011785,CUST_0690,SUB_0690,1914.49,2026-07-31,INSUFFICIENT_FUNDS,CUSTOMER_FINANCIAL,270,7,2,9,0.7778,0.6,0.6,normal,0.2222,0.7778,growth,1914.49,monthly
FAIL_001793,PAY_011796,CUST_0692,SUB_0692,8785.82,2026-02-03,NETWORK_ERROR,TECHNICAL,208,5,1,6,0.8333,0.82,0.9,high_value_loyal,0.1667,0.8333,pro,8785.82,monthly
FAIL_001794,PAY_011800,CUST_0692,SUB_0692,8785.82,2026-06-03,LIMIT_EXCEEDED,PAYMENT_LIMIT,208,5,1,6,0.8333,0.82,0.9,high_value_loyal,0.1667,0.8333,pro,8785.82,monthly
FAIL_001795,PAY_011806,CUST_0693,SUB_0693,1009.84,2025-10-07,CARD_EXPIRED,PAYMENT_METHOD,447,11,3,14,0.7857,0.3,0.25,low_engagement,0.2143,0.7857,growth,1009.84,monthly
FAIL_001796,PAY_011808,CUST_0693,SUB_0693,1009.84,2025-12-06,INSUFFICIENT_FUNDS,CUSTOMER_FINANCIAL,447,11,3,14,0.7857,0.3,0.25,low_engagement,0.2143,0.7857,growth,1009.84,monthly
FAIL_001797,PAY_011815,CUST_0693,SUB_0693,1009.84,2026-07-04,NETWORK_ERROR,TECHNICAL,447,11,3,14,0.7857,0.3,0.25,low_engagement,0.2143,0.7857,growth,1009.84,monthly
FAIL_001798,PAY_011818,CUST_0694,SUB_0694,1377.46,2025-03-25,BANK_DECLINED,ISSUER_DECLINE,583,9,10,19,0.4737,0.35,0.45,friction_prone,0.5263,0.4737,pro,1377.46,monthly
FAIL_001799,PAY_011819,CUST_0694,SUB_0694,1377.46,2025-04-24,INSUFFICIENT_FUNDS,CUSTOMER_FINANCIAL,583,9,10,19,0.4737,0.35,0.45,friction_prone,0.5263,0.4737,pro,1377.46,monthly
FAIL_001800,PAY_011821,CUST_0694,SUB_0694,1377.46,2025-06-23,NETWORK_ERROR,TECHNICAL,583,9,10,19,0.4737,0.35,0.45,friction_prone,0.5263,0.4737,pro,1377.46,monthly
FAIL_001801,PAY_011822,CUST_0694,SUB_0694,1377.46,2025-07-23,BANK_DECLINED,ISSUER_DECLINE,583,9,10,19,0.4737,0.35,0.45,friction_prone,0.5263,0.4737,pro,1377.46,monthly
FAIL_001802,PAY_011823,CUST_0694,SUB_0694,1377.46,2025-08-22,BANK_DECLINED,ISSUER_DECLINE,583,9,10,19,0.4737,0.35,0.45,friction_prone,0.5263,0.4737,pro,1377.46,monthly
FAIL_001803,PAY_011826,CUST_0694,SUB_0694,1377.46,2025-11-20,INSUFFICIENT_FUNDS,CUSTOMER_FINANCIAL,583,9,10,19,0.4737,0.35,0.45,friction_prone,0.5263,0.4737,pro,1377.46,monthly
FAIL_001804,PAY_011827,CUST_0694,SUB_0694,1377.46,2025-12-20,BANK_DECLINED,ISSUER_DECLINE,583,9,10,19,0.4737,0.35,0.45,friction_prone,0.5263,0.4737,pro,1377.46,monthly
FAIL_001805,PAY_011830,CUST_0694,SUB_0694,1377.46,2026-03-20,NETWORK_ERROR,TECHNICAL,583,9,10,19,0.4737,0.35,0.45,friction_prone,0.5263,0.4737,pro,1377.46,monthly
FAIL_001806,PAY_011831,CUST_0694,SUB_0694,1377.46,2026-04-19,INSUFFICIENT_FUNDS,CUSTOMER_FINANCIAL,583,9,10,19,0.4737,0.35,0.45,friction_prone,0.5263,0.4737,pro,1377.46,monthly
FAIL_001807,PAY_011833,CUST_0694,SUB_0694,1377.46,2026-06-18,NETWORK_ERROR,TECHNICAL,583,9,10,19,0.4737,0.35,0.45,friction_prone,0.5263,0.4737,pro,1377.46,monthly
FAIL_001808,PAY_011835,CUST_0695,SUB_0695,11278.62,2026-04-03,INSUFFICIENT_FUNDS,CUSTOMER_FINANCIAL,149,3,1,4,0.75,0.82,0.9,high_value_loyal,0.25,0.75,pro,11278.62,monthly
FAIL_001809,PAY_011845,CUST_0696,SUB_0696,15000.0,2026-06-17,NETWORK_ERROR,TECHNICAL,254,7,1,8,0.875,0.82,0.9,high_value_loyal,0.125,0.875,pro,15000.0,monthly
FAIL_001810,PAY_011855,CUST_0697,SUB_0697,671.72,2025-03-25,AUTHENTICATION_FAILED,CUSTOMER_ACTION,763,23,2,25,0.92,0.6,0.6,normal,0.08,0.92,starter,671.72,monthly
FAIL_001811,PAY_011860,CUST_0697,SUB_0697,671.72,2025-08-22,BANK_DECLINED,ISSUER_DECLINE,763,23,2,25,0.92,0.6,0.6,normal,0.08,0.92,starter,671.72,monthly
FAIL_001812,PAY_011861,CUST_0697,SUB_0697,671.72,2025-09-21,LIMIT_EXCEEDED,PAYMENT_LIMIT,763,23,2,25,0.92,0.6,0.6,normal,0.08,0.92,starter,671.72,monthly
FAIL_001813,PAY_011872,CUST_0698,SUB_0698,636.44,2025-06-29,AUTHENTICATION_FAILED,CUSTOMER_ACTION,427,10,4,14,0.7143,0.35,0.45,friction_prone,0.2857,0.7143,pro,636.44,monthly
FAIL_001814,PAY_011875,CUST_0698,SUB_0698,636.44,2025-09-27,BANK_DECLINED,ISSUER_DECLINE,427,10,4,14,0.7143,0.35,0.45,friction_prone,0.2857,0.7143,pro,636.44,monthly
FAIL_001815,PAY_011882,CUST_0698,SUB_0698,636.44,2026-04-25,INSUFFICIENT_FUNDS,CUSTOMER_FINANCIAL,427,10,4,14,0.7143,0.35,0.45,friction_prone,0.2857,0.7143,pro,636.44,monthly
FAIL_001816,PAY_011883,CUST_0698,SUB_0698,636.44,2026-05-25,LIMIT_EXCEEDED,PAYMENT_LIMIT,427,10,4,14,0.7143,0.35,0.45,friction_prone,0.2857,0.7143,pro,636.44,monthly
FAIL_001817,PAY_011885,CUST_0698,SUB_0698,636.44,2026-07-24,INSUFFICIENT_FUNDS,CUSTOMER_FINANCIAL,427,10,4,14,0.7143,0.35,0.45,friction_prone,0.2857,0.7143,pro,636.44,monthly
FAIL_001818,PAY_011889,CUST_0699,SUB_0699,5610.27,2024-11-23,NETWORK_ERROR,TECHNICAL,735,21,3,24,0.875,0.82,0.9,high_value_loyal,0.125,0.875,pro,5610.27,monthly
FAIL_001819,PAY_011890,CUST_0699,SUB_0699,5610.27,2024-12-23,LIMIT_EXCEEDED,PAYMENT_LIMIT,735,21,3,24,0.875,0.82,0.9,high_value_loyal,0.125,0.875,pro,5610.27,monthly
FAIL_001820,PAY_011892,CUST_0699,SUB_0699,5610.27,2025-02-21,INSUFFICIENT_FUNDS,CUSTOMER_FINANCIAL,735,21,3,24,0.875,0.82,0.9,high_value_loyal,0.125,0.875,pro,5610.27,monthly
FAIL_001821,PAY_011893,CUST_0699,SUB_0699,5610.27,2025-03-23,NETWORK_ERROR,TECHNICAL,735,21,3,24,0.875,0.82,0.9,high_value_loyal,0.125,0.875,pro,5610.27,monthly
FAIL_001822,PAY_011894,CUST_0699,SUB_0699,5610.27,2025-04-22,NETWORK_ERROR,TECHNICAL,735,21,3,24,0.875,0.82,0.9,high_value_loyal,0.125,0.875,pro,5610.27,monthly
FAIL_001823,PAY_011897,CUST_0699,SUB_0699,5610.27,2025-07-21,CARD_EXPIRED,PAYMENT_METHOD,735,21,3,24,0.875,0.82,0.9,high_value_loyal,0.125,0.875,pro,5610.27,monthly
FAIL_001824,PAY_011902,CUST_0699,SUB_0699,5610.27,2025-12-18,LIMIT_EXCEEDED,PAYMENT_LIMIT,735,21,3,24,0.875,0.82,0.9,high_value_loyal,0.125,0.875,pro,5610.27,monthly
FAIL_001825,PAY_011904,CUST_0699,SUB_0699,5610.27,2026-02-16,LIMIT_EXCEEDED,PAYMENT_LIMIT,735,21,3,24,0.875,0.82,0.9,high_value_loyal,0.125,0.875,pro,5610.27,monthly
FAIL_001826,PAY_011941,CUST_0702,SUB_0702,618.03,2024-11-27,INSUFFICIENT_FUNDS,CUSTOMER_FINANCIAL,821,23,4,27,0.8519,0.6,0.6,normal,0.1481,0.8519,growth,618.03,monthly
FAIL_001827,PAY_011942,CUST_0702,SUB_0702,618.03,2024-12-27,AUTHENTICATION_FAILED,CUSTOMER_ACTION,821,23,4,27,0.8519,0.6,0.6,normal,0.1481,0.8519,growth,618.03,monthly
FAIL_001828,PAY_011945,CUST_0702,SUB_0702,618.03,2025-03-27,INSUFFICIENT_FUNDS,CUSTOMER_FINANCIAL,821,23,4,27,0.8519,0.6,0.6,normal,0.1481,0.8519,growth,618.03,monthly
FAIL_001829,PAY_011947,CUST_0702,SUB_0702,618.03,2025-05-26,AUTHENTICATION_FAILED,CUSTOMER_ACTION,821,23,4,27,0.8519,0.6,0.6,normal,0.1481,0.8519,growth,618.03,monthly
FAIL_001830,PAY_011951,CUST_0702,SUB_0702,618.03,2025-09-23,LIMIT_EXCEEDED,PAYMENT_LIMIT,821,23,4,27,0.8519,0.6,0.6,normal,0.1481,0.8519,growth,618.03,monthly
FAIL_001831,PAY_011957,CUST_0702,SUB_0702,618.03,2026-03-22,BANK_DECLINED,ISSUER_DECLINE,821,23,4,27,0.8519,0.6,0.6,normal,0.1481,0.8519,growth,618.03,monthly
FAIL_001832,PAY_011961,CUST_0702,SUB_0702,618.03,2026-07-20,BANK_DECLINED,ISSUER_DECLINE,821,23,4,27,0.8519,0.6,0.6,normal,0.1481,0.8519,growth,618.03,monthly
FAIL_001833,PAY_011963,CUST_0703,SUB_0703,360.66,2024-03-15,AUTHENTICATION_FAILED,CUSTOMER_ACTION,928,22,8,30,0.7333,0.35,0.45,friction_prone,0.2667,0.7333,starter,360.66,monthly
FAIL_001834,PAY_011964,CUST_0703,SUB_0703,360.66,2024-04-14,LIMIT_EXCEEDED,PAYMENT_LIMIT,928,22,8,30,0.7333,0.35,0.45,friction_prone,0.2667,0.7333,starter,360.66,monthly
FAIL_001835,PAY_011967,CUST_0703,SUB_0703,360.66,2024-07-13,AUTHENTICATION_FAILED,CUSTOMER_ACTION,928,22,8,30,0.7333,0.35,0.45,friction_prone,0.2667,0.7333,starter,360.66,monthly
FAIL_001836,PAY_011974,CUST_0703,SUB_0703,360.66,2025-02-08,AUTHENTICATION_FAILED,CUSTOMER_ACTION,928,22,8,30,0.7333,0.35,0.45,friction_prone,0.2667,0.7333,starter,360.66,monthly
FAIL_001837,PAY_011975,CUST_0703,SUB_0703,360.66,2025-03-10,INSUFFICIENT_FUNDS,CUSTOMER_FINANCIAL,928,22,8,30,0.7333,0.35,0.45,friction_prone,0.2667,0.7333,starter,360.66,monthly
FAIL_001838,PAY_011978,CUST_0703,SUB_0703,360.66,2025-06-08,BANK_DECLINED,ISSUER_DECLINE,928,22,8,30,0.7333,0.35,0.45,friction_prone,0.2667,0.7333,starter,360.66,monthly
FAIL_001839,PAY_011984,CUST_0703,SUB_0703,360.66,2025-12-05,INSUFFICIENT_FUNDS,CUSTOMER_FINANCIAL,928,22,8,30,0.7333,0.35,0.45,friction_prone,0.2667,0.7333,starter,360.66,monthly
FAIL_001840,PAY_011987,CUST_0703,SUB_0703,360.66,2026-03-05,LIMIT_EXCEEDED,PAYMENT_LIMIT,928,22,8,30,0.7333,0.35,0.45,friction_prone,0.2667,0.7333,starter,360.66,monthly
FAIL_001841,PAY_011990,CUST_0703,SUB_0703,360.66,2026-06-03,INSUFFICIENT_FUNDS,CUSTOMER_FINANCIAL,928,22,8,30,0.7333,0.35,0.45,friction_prone,0.2667,0.7333,starter,360.66,monthly
FAIL_001842,PAY_011994,CUST_0704,SUB_0704,685.76,2024-03-01,LIMIT_EXCEEDED,PAYMENT_LIMIT,972,24,8,32,0.75,0.35,0.45,friction_prone,0.25,0.75,starter,685.76,monthly
FAIL_001843,PAY_011995,CUST_0704,SUB_0704,685.76,2024-03-31,BANK_DECLINED,ISSUER_DECLINE,972,24,8,32,0.75,0.35,0.45,friction_prone,0.25,0.75,starter,685.76,monthly
FAIL_001844,PAY_011998,CUST_0704,SUB_0704,685.76,2024-06-29,BANK_DECLINED,ISSUER_DECLINE,972,24,8,32,0.75,0.35,0.45,friction_prone,0.25,0.75,starter,685.76,monthly
FAIL_001845,PAY_012001,CUST_0704,SUB_0704,685.76,2024-09-27,AUTHENTICATION_FAILED,CUSTOMER_ACTION,972,24,8,32,0.75,0.35,0.45,friction_prone,0.25,0.75,starter,685.76,monthly
FAIL_001846,PAY_012006,CUST_0704,SUB_0704,685.76,2025-02-24,CARD_EXPIRED,PAYMENT_METHOD,972,24,8,32,0.75,0.35,0.45,friction_prone,0.25,0.75,starter,685.76,monthly
FAIL_001847,PAY_012007,CUST_0704,SUB_0704,685.76,2025-03-26,BANK_DECLINED,ISSUER_DECLINE,972,24,8,32,0.75,0.35,0.45,friction_prone,0.25,0.75,starter,685.76,monthly
FAIL_001848,PAY_012010,CUST_0704,SUB_0704,685.76,2025-06-24,INSUFFICIENT_FUNDS,CUSTOMER_FINANCIAL,972,24,8,32,0.75,0.35,0.45,friction_prone,0.25,0.75,starter,685.76,monthly
FAIL_001849,PAY_012011,CUST_0704,SUB_0704,685.76,2025-07-24,INSUFFICIENT_FUNDS,CUSTOMER_FINANCIAL,972,24,8,32,0.75,0.35,0.45,friction_prone,0.25,0.75,starter,685.76,monthly
FAIL_001850,PAY_012013,CUST_0704,SUB_0704,685.76,2025-09-22,INSUFFICIENT_FUNDS,CUSTOMER_FINANCIAL,972,24,8,32,0.75,0.35,0.45,friction_prone,0.25,0.75,starter,685.76,monthly
FAIL_001851,PAY_012018,CUST_0704,SUB_0704,685.76,2026-02-19,BANK_DECLINED,ISSUER_DECLINE,972,24,8,32,0.75,0.35,0.45,friction_prone,0.25,0.75,starter,685.76,monthly
FAIL_001852,PAY_012020,CUST_0704,SUB_0704,685.76,2026-04-20,INSUFFICIENT_FUNDS,CUSTOMER_FINANCIAL,972,24,8,32,0.75,0.35,0.45,friction_prone,0.25,0.75,starter,685.76,monthly
FAIL_001853,PAY_012021,CUST_0704,SUB_0704,685.76,2026-05-20,INSUFFICIENT_FUNDS,CUSTOMER_FINANCIAL,972,24,8,32,0.75,0.35,0.45,friction_prone,0.25,0.75,starter,685.76,monthly
FAIL_001854,PAY_012023,CUST_0704,SUB_0704,685.76,2026-07-19,NETWORK_ERROR,TECHNICAL,972,24,8,32,0.75,0.35,0.45,friction_prone,0.25,0.75,starter,685.76,monthly
FAIL_001855,PAY_012025,CUST_0705,SUB_0705,937.29,2024-04-26,CARD_EXPIRED,PAYMENT_METHOD,886,22,7,29,0.7586,0.3,0.25,low_engagement,0.2414,0.7586,growth,937.29,monthly
FAIL_001856,PAY_012027,CUST_0705,SUB_0705,937.29,2024-06-25,NETWORK_ERROR,TECHNICAL,886,22,7,29,0.7586,0.3,0.25,low_engagement,0.2414,0.7586,growth,937.29,monthly
FAIL_001857,PAY_012032,CUST_0705,SUB_0705,937.29,2024-11-22,CARD_EXPIRED,PAYMENT_METHOD,886,22,7,29,0.7586,0.3,0.25,low_engagement,0.2414,0.7586,growth,937.29,monthly
FAIL_001858,PAY_012034,CUST_0705,SUB_0705,937.29,2025-01-21,INSUFFICIENT_FUNDS,CUSTOMER_FINANCIAL,886,22,7,29,0.7586,0.3,0.25,low_engagement,0.2414,0.7586,growth,937.29,monthly
FAIL_001859,PAY_012036,CUST_0705,SUB_0705,937.29,2025-03-22,AUTHENTICATION_FAILED,CUSTOMER_ACTION,886,22,7,29,0.7586,0.3,0.25,low_engagement,0.2414,0.7586,growth,937.29,monthly
FAIL_001860,PAY_012041,CUST_0705,SUB_0705,937.29,2025-08-19,AUTHENTICATION_FAILED,CUSTOMER_ACTION,886,22,7,29,0.7586,0.3,0.25,low_engagement,0.2414,0.7586,growth,937.29,monthly
FAIL_001861,PAY_012042,CUST_0705,SUB_0705,937.29,2025-09-18,AUTHENTICATION_FAILED,CUSTOMER_ACTION,886,22,7,29,0.7586,0.3,0.25,low_engagement,0.2414,0.7586,growth,937.29,monthly
FAIL_001862,PAY_012043,CUST_0705,SUB_0705,937.29,2025-10-18,NETWORK_ERROR,TECHNICAL,886,22,7,29,0.7586,0.3,0.25,low_engagement,0.2414,0.7586,growth,937.29,monthly
FAIL_001863,PAY_012047,CUST_0705,SUB_0705,937.29,2026-02-15,INSUFFICIENT_FUNDS,CUSTOMER_FINANCIAL,886,22,7,29,0.7586,0.3,0.25,low_engagement,0.2414,0.7586,growth,937.29,monthly
FAIL_001864,PAY_012049,CUST_0705,SUB_0705,937.29,2026-04-16,CARD_EXPIRED,PAYMENT_METHOD,886,22,7,29,0.7586,0.3,0.25,low_engagement,0.2414,0.7586,growth,937.29,monthly
FAIL_001865,PAY_012063,CUST_0706,SUB_0706,12766.65,2026-04-27,INSUFFICIENT_FUNDS,CUSTOMER_FINANCIAL,425,13,1,14,0.9286,0.82,0.9,high_value_loyal,0.0714,0.9286,pro,12766.65,monthly
FAIL_001866,PAY_012067,CUST_0707,SUB_0707,933.74,2023-12-18,INSUFFICIENT_FUNDS,CUSTOMER_FINANCIAL,986,22,10,32,0.6875,0.35,0.45,friction_prone,0.3125,0.6875,growth,933.74,monthly
FAIL_001867,PAY_012068,CUST_0707,SUB_0707,933.74,2024-01-17,INSUFFICIENT_FUNDS,CUSTOMER_FINANCIAL,986,22,10,32,0.6875,0.35,0.45,friction_prone,0.3125,0.6875,growth,933.74,monthly
FAIL_001868,PAY_012070,CUST_0707,SUB_0707,933.74,2024-03-17,INSUFFICIENT_FUNDS,CUSTOMER_FINANCIAL,986,22,10,32,0.6875,0.35,0.45,friction_prone,0.3125,0.6875,growth,933.74,monthly
FAIL_001869,PAY_012073,CUST_0707,SUB_0707,933.74,2024-06-15,INSUFFICIENT_FUNDS,CUSTOMER_FINANCIAL,986,22,10,32,0.6875,0.35,0.45,friction_prone,0.3125,0.6875,growth,933.74,monthly
FAIL_001870,PAY_012077,CUST_0707,SUB_0707,933.74,2024-10-13,INSUFFICIENT_FUNDS,CUSTOMER_FINANCIAL,986,22,10,32,0.6875,0.35,0.45,friction_prone,0.3125,0.6875,growth,933.74,monthly
FAIL_001871,PAY_012080,CUST_0707,SUB_0707,933.74,2025-01-11,NETWORK_ERROR,TECHNICAL,986,22,10,32,0.6875,0.35,0.45,friction_prone,0.3125,0.6875,growth,933.74,monthly
FAIL_001872,PAY_012083,CUST_0707,SUB_0707,933.74,2025-04-11,LIMIT_EXCEEDED,PAYMENT_LIMIT,986,22,10,32,0.6875,0.35,0.45,friction_prone,0.3125,0.6875,growth,933.74,monthly
FAIL_001873,PAY_012085,CUST_0707,SUB_0707,933.74,2025-06-10,INSUFFICIENT_FUNDS,CUSTOMER_FINANCIAL,986,22,10,32,0.6875,0.35,0.45,friction_prone,0.3125,0.6875,growth,933.74,monthly
FAIL_001874,PAY_012086,CUST_0707,SUB_0707,933.74,2025-07-10,NETWORK_ERROR,TECHNICAL,986,22,10,32,0.6875,0.35,0.45,friction_prone,0.3125,0.6875,growth,933.74,monthly
FAIL_001875,PAY_012087,CUST_0707,SUB_0707,933.74,2025-08-09,INSUFFICIENT_FUNDS,CUSTOMER_FINANCIAL,986,22,10,32,0.6875,0.35,0.45,friction_prone,0.3125,0.6875,growth,933.74,monthly
FAIL_001876,PAY_012091,CUST_0707,SUB_0707,933.74,2025-12-07,BANK_DECLINED,ISSUER_DECLINE,986,22,10,32,0.6875,0.35,0.45,friction_prone,0.3125,0.6875,growth,933.74,monthly
FAIL_001877,PAY_012098,CUST_0707,SUB_0707,933.74,2026-07-05,NETWORK_ERROR,TECHNICAL,986,22,10,32,0.6875,0.35,0.45,friction_prone,0.3125,0.6875,growth,933.74,monthly
FAIL_001878,PAY_012099,CUST_0708,SUB_0708,1097.17,2024-02-04,INSUFFICIENT_FUNDS,CUSTOMER_FINANCIAL,938,25,6,31,0.8065,0.6,0.6,normal,0.1935,0.8065,growth,1097.17,monthly
FAIL_001879,PAY_012108,CUST_0708,SUB_0708,1097.17,2024-10-31,INSUFFICIENT_FUNDS,CUSTOMER_FINANCIAL,938,25,6,31,0.8065,0.6,0.6,normal,0.1935,0.8065,growth,1097.17,monthly
FAIL_001880,PAY_012113,CUST_0708,SUB_0708,1097.17,2025-03-30,INSUFFICIENT_FUNDS,CUSTOMER_FINANCIAL,938,25,6,31,0.8065,0.6,0.6,normal,0.1935,0.8065,growth,1097.17,monthly
FAIL_001881,PAY_012116,CUST_0708,SUB_0708,1097.17,2025-06-28,BANK_DECLINED,ISSUER_DECLINE,938,25,6,31,0.8065,0.6,0.6,normal,0.1935,0.8065,growth,1097.17,monthly
FAIL_001882,PAY_012117,CUST_0708,SUB_0708,1097.17,2025-07-28,BANK_DECLINED,ISSUER_DECLINE,938,25,6,31,0.8065,0.6,0.6,normal,0.1935,0.8065,growth,1097.17,monthly
FAIL_001883,PAY_012120,CUST_0708,SUB_0708,1097.17,2025-10-26,AUTHENTICATION_FAILED,CUSTOMER_ACTION,938,25,6,31,0.8065,0.6,0.6,normal,0.1935,0.8065,growth,1097.17,monthly
FAIL_001884,PAY_012124,CUST_0708,SUB_0708,1097.17,2026-02-23,NETWORK_ERROR,TECHNICAL,938,25,6,31,0.8065,0.6,0.6,normal,0.1935,0.8065,growth,1097.17,monthly
FAIL_001885,PAY_012125,CUST_0708,SUB_0708,1097.17,2026-03-25,INSUFFICIENT_FUNDS,CUSTOMER_FINANCIAL,938,25,6,31,0.8065,0.6,0.6,normal,0.1935,0.8065,growth,1097.17,monthly
FAIL_001886,PAY_012128,CUST_0708,SUB_0708,1097.17,2026-06-23,INSUFFICIENT_FUNDS,CUSTOMER_FINANCIAL,938,25,6,31,0.8065,0.6,0.6,normal,0.1935,0.8065,growth,1097.17,monthly
FAIL_001887,PAY_012135,CUST_0710,SUB_0710,387.53,2026-01-28,AUTHENTICATION_FAILED,CUSTOMER_ACTION,304,9,1,10,0.9,0.3,0.25,low_engagement,0.1,0.9,starter,387.53,monthly
FAIL_001888,PAY_012153,CUST_0712,SUB_0712,1746.84,2024-06-26,INSUFFICIENT_FUNDS,CUSTOMER_FINANCIAL,855,23,5,28,0.8214,0.6,0.6,normal,0.1786,0.8214,pro,1746.84,monthly
FAIL_001889,PAY_012159,CUST_0712,SUB_0712,1746.84,2024-12-23,NETWORK_ERROR,TECHNICAL,855,23,5,28,0.8214,0.6,0.6,normal,0.1786,0.8214,pro,1746.84,monthly
FAIL_001890,PAY_012165,CUST_0712,SUB_0712,1746.84,2025-06-21,INSUFFICIENT_FUNDS,CUSTOMER_FINANCIAL,855,23,5,28,0.8214,0.6,0.6,normal,0.1786,0.8214,pro,1746.84,monthly
FAIL_001891,PAY_012170,CUST_0712,SUB_0712,1746.84,2025-11-18,INSUFFICIENT_FUNDS,CUSTOMER_FINANCIAL,855,23,5,28,0.8214,0.6,0.6,normal,0.1786,0.8214,pro,1746.84,monthly
FAIL_001892,PAY_012171,CUST_0712,SUB_0712,1746.84,2025-12-18,INSUFFICIENT_FUNDS,CUSTOMER_FINANCIAL,855,23,5,28,0.8214,0.6,0.6,normal,0.1786,0.8214,pro,1746.84,monthly
FAIL_001893,PAY_012178,CUST_0712,SUB_0712,1746.84,2026-07-16,NETWORK_ERROR,TECHNICAL,855,23,5,28,0.8214,0.6,0.6,normal,0.1786,0.8214,pro,1746.84,monthly
FAIL_001894,PAY_012179,CUST_0713,SUB_0713,200.0,2024-06-23,NETWORK_ERROR,TECHNICAL,798,22,4,26,0.8462,0.3,0.25,low_engagement,0.1538,0.8462,starter,200.0,monthly
FAIL_001895,PAY_012189,CUST_0713,SUB_0713,200.0,2025-04-19,BANK_DECLINED,ISSUER_DECLINE,798,22,4,26,0.8462,0.3,0.25,low_engagement,0.1538,0.8462,starter,200.0,monthly
FAIL_001896,PAY_012203,CUST_0713,SUB_0713,200.0,2026-06-13,NETWORK_ERROR,TECHNICAL,798,22,4,26,0.8462,0.3,0.25,low_engagement,0.1538,0.8462,starter,200.0,monthly
FAIL_001897,PAY_012214,CUST_0715,SUB_0715,805.01,2025-05-10,BANK_DECLINED,ISSUER_DECLINE,477,13,2,15,0.8667,0.8,0.85,reliable,0.1333,0.8667,starter,805.01,monthly
FAIL_001898,PAY_012219,CUST_0715,SUB_0715,805.01,2025-10-07,NETWORK_ERROR,TECHNICAL,477,13,2,15,0.8667,0.8,0.85,reliable,0.1333,0.8667,starter,805.01,monthly
FAIL_001899,PAY_012226,CUST_0715,SUB_0715,805.01,2026-05-05,NETWORK_ERROR,TECHNICAL,477,13,2,15,0.8667,0.8,0.85,reliable,0.1333,0.8667,starter,805.01,monthly
FAIL_001900,PAY_012230,CUST_0716,SUB_0716,1897.02,2024-12-08,INSUFFICIENT_FUNDS,CUSTOMER_FINANCIAL,660,21,1,22,0.9545,0.8,0.85,reliable,0.0455,0.9545,pro,1897.02,monthly
FAIL_001901,PAY_012238,CUST_0716,SUB_0716,1897.02,2025-08-05,INSUFFICIENT_FUNDS,CUSTOMER_FINANCIAL,660,21,1,22,0.9545,0.8,0.85,reliable,0.0455,0.9545,pro,1897.02,monthly
FAIL_001902,PAY_012253,CUST_0718,SUB_0718,799.44,2024-08-31,CARD_EXPIRED,PAYMENT_METHOD,759,20,5,25,0.8,0.3,0.25,low_engagement,0.2,0.8,starter,799.44,monthly
FAIL_001903,PAY_012257,CUST_0718,SUB_0718,799.44,2024-12-29,AUTHENTICATION_FAILED,CUSTOMER_ACTION,759,20,5,25,0.8,0.3,0.25,low_engagement,0.2,0.8,starter,799.44,monthly
FAIL_001904,PAY_012258,CUST_0718,SUB_0718,799.44,2025-01-28,INSUFFICIENT_FUNDS,CUSTOMER_FINANCIAL,759,20,5,25,0.8,0.3,0.25,low_engagement,0.2,0.8,starter,799.44,monthly
FAIL_001905,PAY_012259,CUST_0718,SUB_0718,799.44,2025-02-27,BANK_DECLINED,ISSUER_DECLINE,759,20,5,25,0.8,0.3,0.25,low_engagement,0.2,0.8,starter,799.44,monthly
FAIL_001906,PAY_012265,CUST_0718,SUB_0718,799.44,2025-08-26,CARD_EXPIRED,PAYMENT_METHOD,759,20,5,25,0.8,0.3,0.25,low_engagement,0.2,0.8,starter,799.44,monthly
FAIL_001907,PAY_012268,CUST_0718,SUB_0718,799.44,2025-11-24,INSUFFICIENT_FUNDS,CUSTOMER_FINANCIAL,759,20,5,25,0.8,0.3,0.25,low_engagement,0.2,0.8,starter,799.44,monthly
FAIL_001908,PAY_012269,CUST_0718,SUB_0718,799.44,2025-12-24,NETWORK_ERROR,TECHNICAL,759,20,5,25,0.8,0.3,0.25,low_engagement,0.2,0.8,starter,799.44,monthly
FAIL_001909,PAY_012270,CUST_0718,SUB_0718,799.44,2026-01-23,INSUFFICIENT_FUNDS,CUSTOMER_FINANCIAL,759,20,5,25,0.8,0.3,0.25,low_engagement,0.2,0.8,starter,799.44,monthly
FAIL_001910,PAY_012271,CUST_0718,SUB_0718,799.44,2026-02-22,NETWORK_ERROR,TECHNICAL,759,20,5,25,0.8,0.3,0.25,low_engagement,0.2,0.8,starter,799.44,monthly
FAIL_001911,PAY_012284,CUST_0719,SUB_0719,984.04,2025-11-10,BANK_DECLINED,ISSUER_DECLINE,503,14,2,16,0.875,0.35,0.45,friction_prone,0.125,0.875,starter,984.04,monthly
FAIL_001912,PAY_012285,CUST_0719,SUB_0719,984.04,2025-12-10,BANK_DECLINED,ISSUER_DECLINE,503,14,2,16,0.875,0.35,0.45,friction_prone,0.125,0.875,starter,984.04,monthly
FAIL_001913,PAY_012287,CUST_0719,SUB_0719,984.04,2026-02-08,INSUFFICIENT_FUNDS,CUSTOMER_FINANCIAL,503,14,2,16,0.875,0.35,0.45,friction_prone,0.125,0.875,starter,984.04,monthly
FAIL_001914,PAY_012303,CUST_0720,SUB_0720,566.77,2025-03-13,INSUFFICIENT_FUNDS,CUSTOMER_FINANCIAL,835,20,7,27,0.7407,0.35,0.45,friction_prone,0.2593,0.7407,starter,566.77,monthly
FAIL_001915,PAY_012312,CUST_0720,SUB_0720,566.77,2025-12-08,BANK_DECLINED,ISSUER_DECLINE,835,20,7,27,0.7407,0.35,0.45,friction_prone,0.2593,0.7407,starter,566.77,monthly
FAIL_001916,PAY_012313,CUST_0720,SUB_0720,566.77,2026-01-07,INSUFFICIENT_FUNDS,CUSTOMER_FINANCIAL,835,20,7,27,0.7407,0.35,0.45,friction_prone,0.2593,0.7407,starter,566.77,monthly
FAIL_001917,PAY_012314,CUST_0720,SUB_0720,566.77,2026-02-06,INSUFFICIENT_FUNDS,CUSTOMER_FINANCIAL,835,20,7,27,0.7407,0.35,0.45,friction_prone,0.2593,0.7407,starter,566.77,monthly
FAIL_001918,PAY_012318,CUST_0720,SUB_0720,566.77,2026-06-06,BANK_DECLINED,ISSUER_DECLINE,835,20,7,27,0.7407,0.35,0.45,friction_prone,0.2593,0.7407,starter,566.77,monthly
FAIL_001919,PAY_012329,CUST_0722,SUB_0722,1554.01,2023-12-04,INSUFFICIENT_FUNDS,CUSTOMER_FINANCIAL,1000,29,4,33,0.8788,0.6,0.6,normal,0.1212,0.8788,starter,1554.01,monthly
FAIL_001920,PAY_012338,CUST_0722,SUB_0722,1554.01,2024-08-30,BANK_DECLINED,ISSUER_DECLINE,1000,29,4,33,0.8788,0.6,0.6,normal,0.1212,0.8788,starter,1554.01,monthly
FAIL_001921,PAY_012340,CUST_0722,SUB_0722,1554.01,2024-10-29,CARD_EXPIRED,PAYMENT_METHOD,1000,29,4,33,0.8788,0.6,0.6,normal,0.1212,0.8788,starter,1554.01,monthly
FAIL_001922,PAY_012341,CUST_0722,SUB_0722,1554.01,2024-11-28,BANK_DECLINED,ISSUER_DECLINE,1000,29,4,33,0.8788,0.6,0.6,normal,0.1212,0.8788,starter,1554.01,monthly
FAIL_001923,PAY_012348,CUST_0722,SUB_0722,1554.01,2025-06-26,BANK_DECLINED,ISSUER_DECLINE,1000,29,4,33,0.8788,0.6,0.6,normal,0.1212,0.8788,starter,1554.01,monthly
FAIL_001924,PAY_012351,CUST_0722,SUB_0722,1554.01,2025-09-24,BANK_DECLINED,ISSUER_DECLINE,1000,29,4,33,0.8788,0.6,0.6,normal,0.1212,0.8788,starter,1554.01,monthly
FAIL_001925,PAY_012356,CUST_0722,SUB_0722,1554.01,2026-02-21,INSUFFICIENT_FUNDS,CUSTOMER_FINANCIAL,1000,29,4,33,0.8788,0.6,0.6,normal,0.1212,0.8788,starter,1554.01,monthly
FAIL_001926,PAY_012357,CUST_0722,SUB_0722,1554.01,2026-03-23,BANK_DECLINED,ISSUER_DECLINE,1000,29,4,33,0.8788,0.6,0.6,normal,0.1212,0.8788,starter,1554.01,monthly
FAIL_001927,PAY_012365,CUST_0723,SUB_0723,720.89,2025-03-09,AUTHENTICATION_FAILED,CUSTOMER_ACTION,629,17,3,20,0.85,0.3,0.25,low_engagement,0.15,0.85,growth,720.89,monthly
FAIL_001928,PAY_012368,CUST_0723,SUB_0723,720.89,2025-06-07,CARD_EXPIRED,PAYMENT_METHOD,629,17,3,20,0.85,0.3,0.25,low_engagement,0.15,0.85,growth,720.89,monthly
FAIL_001929,PAY_012371,CUST_0723,SUB_0723,720.89,2025-09-05,BANK_DECLINED,ISSUER_DECLINE,629,17,3,20,0.85,0.3,0.25,low_engagement,0.15,0.85,growth,720.89,monthly
FAIL_001930,PAY_012378,CUST_0723,SUB_0723,720.89,2026-04-03,AUTHENTICATION_FAILED,CUSTOMER_ACTION,629,17,3,20,0.85,0.3,0.25,low_engagement,0.15,0.85,growth,720.89,monthly
FAIL_001931,PAY_012390,CUST_0725,SUB_0725,1331.22,2025-11-25,NETWORK_ERROR,TECHNICAL,458,12,3,15,0.8,0.6,0.6,normal,0.2,0.8,starter,1331.22,monthly
FAIL_001932,PAY_012394,CUST_0725,SUB_0725,1331.22,2026-03-25,BANK_DECLINED,ISSUER_DECLINE,458,12,3,15,0.8,0.6,0.6,normal,0.2,0.8,starter,1331.22,monthly
FAIL_001933,PAY_012397,CUST_0725,SUB_0725,1331.22,2026-06-23,INSUFFICIENT_FUNDS,CUSTOMER_FINANCIAL,458,12,3,15,0.8,0.6,0.6,normal,0.2,0.8,starter,1331.22,monthly
FAIL_001934,PAY_012414,CUST_0728,SUB_0728,1036.92,2024-06-26,INSUFFICIENT_FUNDS,CUSTOMER_FINANCIAL,855,20,8,28,0.7143,0.35,0.45,friction_prone,0.2857,0.7143,starter,1036.92,monthly
FAIL_001935,PAY_012416,CUST_0728,SUB_0728,1036.92,2024-08-25,INSUFFICIENT_FUNDS,CUSTOMER_FINANCIAL,855,20,8,28,0.7143,0.35,0.45,friction_prone,0.2857,0.7143,starter,1036.92,monthly
FAIL_001936,PAY_012417,CUST_0728,SUB_0728,1036.92,2024-09-24,LIMIT_EXCEEDED,PAYMENT_LIMIT,855,20,8,28,0.7143,0.35,0.45,friction_prone,0.2857,0.7143,starter,1036.92,monthly
FAIL_001937,PAY_012424,CUST_0728,SUB_0728,1036.92,2025-04-22,AUTHENTICATION_FAILED,CUSTOMER_ACTION,855,20,8,28,0.7143,0.35,0.45,friction_prone,0.2857,0.7143,starter,1036.92,monthly
FAIL_001938,PAY_012425,CUST_0728,SUB_0728,1036.92,2025-05-22,INSUFFICIENT_FUNDS,CUSTOMER_FINANCIAL,855,20,8,28,0.7143,0.35,0.45,friction_prone,0.2857,0.7143,starter,1036.92,monthly
FAIL_001939,PAY_012430,CUST_0728,SUB_0728,1036.92,2025-10-19,AUTHENTICATION_FAILED,CUSTOMER_ACTION,855,20,8,28,0.7143,0.35,0.45,friction_prone,0.2857,0.7143,starter,1036.92,monthly
FAIL_001940,PAY_012432,CUST_0728,SUB_0728,1036.92,2025-12-18,INSUFFICIENT_FUNDS,CUSTOMER_FINANCIAL,855,20,8,28,0.7143,0.35,0.45,friction_prone,0.2857,0.7143,starter,1036.92,monthly
FAIL_001941,PAY_012433,CUST_0728,SUB_0728,1036.92,2026-01-17,BANK_DECLINED,ISSUER_DECLINE,855,20,8,28,0.7143,0.35,0.45,friction_prone,0.2857,0.7143,starter,1036.92,monthly
FAIL_001942,PAY_012451,CUST_0729,SUB_0729,11458.05,2024-11-18,AUTHENTICATION_FAILED,CUSTOMER_ACTION,980,29,3,32,0.9062,0.82,0.9,high_value_loyal,0.0938,0.9062,pro,11458.05,monthly
FAIL_001943,PAY_012458,CUST_0729,SUB_0729,11458.05,2025-06-16,AUTHENTICATION_FAILED,CUSTOMER_ACTION,980,29,3,32,0.9062,0.82,0.9,high_value_loyal,0.0938,0.9062,pro,11458.05,monthly
FAIL_001944,PAY_012474,CUST_0731,SUB_0731,1784.87,2024-03-20,LIMIT_EXCEEDED,PAYMENT_LIMIT,893,23,6,29,0.7931,0.35,0.45,friction_prone,0.2069,0.7931,growth,1784.87,monthly
FAIL_001945,PAY_012483,CUST_0731,SUB_0731,1784.87,2024-12-15,BANK_DECLINED,ISSUER_DECLINE,893,23,6,29,0.7931,0.35,0.45,friction_prone,0.2069,0.7931,growth,1784.87,monthly
FAIL_001946,PAY_012485,CUST_0731,SUB_0731,1784.87,2025-02-13,BANK_DECLINED,ISSUER_DECLINE,893,23,6,29,0.7931,0.35,0.45,friction_prone,0.2069,0.7931,growth,1784.87,monthly
FAIL_001947,PAY_012492,CUST_0731,SUB_0731,1784.87,2025-09-11,LIMIT_EXCEEDED,PAYMENT_LIMIT,893,23,6,29,0.7931,0.35,0.45,friction_prone,0.2069,0.7931,growth,1784.87,monthly
FAIL_001948,PAY_012493,CUST_0731,SUB_0731,1784.87,2025-10-11,INSUFFICIENT_FUNDS,CUSTOMER_FINANCIAL,893,23,6,29,0.7931,0.35,0.45,friction_prone,0.2069,0.7931,growth,1784.87,monthly
FAIL_001949,PAY_012494,CUST_0731,SUB_0731,1784.87,2025-11-10,CARD_EXPIRED,PAYMENT_METHOD,893,23,6,29,0.7931,0.35,0.45,friction_prone,0.2069,0.7931,growth,1784.87,monthly
FAIL_001950,PAY_012497,CUST_0731,SUB_0731,1784.87,2026-02-08,AUTHENTICATION_FAILED,CUSTOMER_ACTION,893,23,6,29,0.7931,0.35,0.45,friction_prone,0.2069,0.7931,growth,1784.87,monthly
FAIL_001951,PAY_012504,CUST_0732,SUB_0732,1339.11,2024-09-24,BANK_DECLINED,ISSUER_DECLINE,735,20,4,24,0.8333,0.6,0.6,normal,0.1667,0.8333,starter,1339.11,monthly
FAIL_001952,PAY_012506,CUST_0732,SUB_0732,1339.11,2024-11-23,NETWORK_ERROR,TECHNICAL,735,20,4,24,0.8333,0.6,0.6,normal,0.1667,0.8333,starter,1339.11,monthly
FAIL_001953,PAY_012520,CUST_0732,SUB_0732,1339.11,2026-01-17,NETWORK_ERROR,TECHNICAL,735,20,4,24,0.8333,0.6,0.6,normal,0.1667,0.8333,starter,1339.11,monthly
FAIL_001954,PAY_012523,CUST_0732,SUB_0732,1339.11,2026-04-17,BANK_DECLINED,ISSUER_DECLINE,735,20,4,24,0.8333,0.6,0.6,normal,0.1667,0.8333,starter,1339.11,monthly
FAIL_001955,PAY_012560,CUST_0735,SUB_0735,8242.49,2026-04-27,NETWORK_ERROR,TECHNICAL,125,3,1,4,0.75,0.82,0.9,high_value_loyal,0.25,0.75,pro,8242.49,monthly
FAIL_001956,PAY_012563,CUST_0735,SUB_0735,8242.49,2026-07-26,BANK_DECLINED,ISSUER_DECLINE,125,3,1,4,0.75,0.82,0.9,high_value_loyal,0.25,0.75,pro,8242.49,monthly
FAIL_001957,PAY_012578,CUST_0736,SUB_0736,573.26,2026-01-14,INSUFFICIENT_FUNDS,CUSTOMER_FINANCIAL,648,19,2,21,0.9048,0.3,0.25,low_engagement,0.0952,0.9048,starter,573.26,monthly
FAIL_001958,PAY_012586,CUST_0737,SUB_0737,997.2,2024-01-25,NETWORK_ERROR,TECHNICAL,978,25,7,32,0.7812,0.3,0.25,low_engagement,0.2188,0.7812,starter,997.2,monthly
FAIL_001959,PAY_012594,CUST_0737,SUB_0737,997.2,2024-09-21,NETWORK_ERROR,TECHNICAL,978,25,7,32,0.7812,0.3,0.25,low_engagement,0.2188,0.7812,starter,997.2,monthly
FAIL_001960,PAY_012596,CUST_0737,SUB_0737,997.2,2024-11-20,CARD_EXPIRED,PAYMENT_METHOD,978,25,7,32,0.7812,0.3,0.25,low_engagement,0.2188,0.7812,starter,997.2,monthly
FAIL_001961,PAY_012597,CUST_0737,SUB_0737,997.2,2024-12-20,INSUFFICIENT_FUNDS,CUSTOMER_FINANCIAL,978,25,7,32,0.7812,0.3,0.25,low_engagement,0.2188,0.7812,starter,997.2,monthly
FAIL_001962,PAY_012608,CUST_0737,SUB_0737,997.2,2025-11-15,INSUFFICIENT_FUNDS,CUSTOMER_FINANCIAL,978,25,7,32,0.7812,0.3,0.25,low_engagement,0.2188,0.7812,starter,997.2,monthly
FAIL_001963,PAY_012609,CUST_0737,SUB_0737,997.2,2025-12-15,INSUFFICIENT_FUNDS,CUSTOMER_FINANCIAL,978,25,7,32,0.7812,0.3,0.25,low_engagement,0.2188,0.7812,starter,997.2,monthly
FAIL_001964,PAY_012612,CUST_0737,SUB_0737,997.2,2026-03-15,BANK_DECLINED,ISSUER_DECLINE,978,25,7,32,0.7812,0.3,0.25,low_engagement,0.2188,0.7812,starter,997.2,monthly
FAIL_001965,PAY_012613,CUST_0737,SUB_0737,997.2,2026-04-14,CARD_EXPIRED,PAYMENT_METHOD,978,25,7,32,0.7812,0.3,0.25,low_engagement,0.2188,0.7812,starter,997.2,monthly
FAIL_001966,PAY_012614,CUST_0737,SUB_0737,997.2,2026-05-14,NETWORK_ERROR,TECHNICAL,978,25,7,32,0.7812,0.3,0.25,low_engagement,0.2188,0.7812,starter,997.2,monthly
FAIL_001967,PAY_012616,CUST_0737,SUB_0737,997.2,2026-07-13,NETWORK_ERROR,TECHNICAL,978,25,7,32,0.7812,0.3,0.25,low_engagement,0.2188,0.7812,starter,997.2,monthly
FAIL_001968,PAY_012617,CUST_0738,SUB_0738,15000.0,2025-11-29,LIMIT_EXCEEDED,PAYMENT_LIMIT,274,8,1,9,0.8889,0.82,0.9,high_value_loyal,0.1111,0.8889,pro,15000.0,monthly
FAIL_001969,PAY_012624,CUST_0738,SUB_0738,15000.0,2026-06-27,INSUFFICIENT_FUNDS,CUSTOMER_FINANCIAL,274,8,1,9,0.8889,0.82,0.9,high_value_loyal,0.1111,0.8889,pro,15000.0,monthly
FAIL_001970,PAY_012627,CUST_0739,SUB_0739,325.73,2024-07-04,INSUFFICIENT_FUNDS,CUSTOMER_FINANCIAL,817,22,5,27,0.8148,0.35,0.45,friction_prone,0.1852,0.8148,starter,325.73,monthly
FAIL_001971,PAY_012630,CUST_0739,SUB_0739,325.73,2024-10-02,INSUFFICIENT_FUNDS,CUSTOMER_FINANCIAL,817,22,5,27,0.8148,0.35,0.45,friction_prone,0.1852,0.8148,starter,325.73,monthly
FAIL_001972,PAY_012635,CUST_0739,SUB_0739,325.73,2025-03-01,AUTHENTICATION_FAILED,CUSTOMER_ACTION,817,22,5,27,0.8148,0.35,0.45,friction_prone,0.1852,0.8148,starter,325.73,monthly
FAIL_001973,PAY_012638,CUST_0739,SUB_0739,325.73,2025-05-30,NETWORK_ERROR,TECHNICAL,817,22,5,27,0.8148,0.35,0.45,friction_prone,0.1852,0.8148,starter,325.73,monthly
FAIL_001974,PAY_012642,CUST_0739,SUB_0739,325.73,2025-09-27,INSUFFICIENT_FUNDS,CUSTOMER_FINANCIAL,817,22,5,27,0.8148,0.35,0.45,friction_prone,0.1852,0.8148,starter,325.73,monthly
FAIL_001975,PAY_012644,CUST_0739,SUB_0739,325.73,2025-11-26,CARD_EXPIRED,PAYMENT_METHOD,817,22,5,27,0.8148,0.35,0.45,friction_prone,0.1852,0.8148,starter,325.73,monthly
FAIL_001976,PAY_012655,CUST_0740,SUB_0740,544.61,2025-11-17,BANK_DECLINED,ISSUER_DECLINE,346,6,5,11,0.5455,0.35,0.45,friction_prone,0.4545,0.5455,starter,544.61,monthly
FAIL_001977,PAY_012657,CUST_0740,SUB_0740,544.61,2026-01-16,NETWORK_ERROR,TECHNICAL,346,6,5,11,0.5455,0.35,0.45,friction_prone,0.4545,0.5455,starter,544.61,monthly
FAIL_001978,PAY_012658,CUST_0740,SUB_0740,544.61,2026-02-15,AUTHENTICATION_FAILED,CUSTOMER_ACTION,346,6,5,11,0.5455,0.35,0.45,friction_prone,0.4545,0.5455,starter,544.61,monthly
FAIL_001979,PAY_012659,CUST_0740,SUB_0740,544.61,2026-03-17,INSUFFICIENT_FUNDS,CUSTOMER_FINANCIAL,346,6,5,11,0.5455,0.35,0.45,friction_prone,0.4545,0.5455,starter,544.61,monthly
FAIL_001980,PAY_012662,CUST_0740,SUB_0740,544.61,2026-06-15,INSUFFICIENT_FUNDS,CUSTOMER_FINANCIAL,346,6,5,11,0.5455,0.35,0.45,friction_prone,0.4545,0.5455,starter,544.61,monthly
FAIL_001981,PAY_012669,CUST_0742,SUB_0742,13545.86,2025-03-25,INSUFFICIENT_FUNDS,CUSTOMER_FINANCIAL,553,15,3,18,0.8333,0.82,0.9,high_value_loyal,0.1667,0.8333,pro,13545.86,monthly
FAIL_001982,PAY_012673,CUST_0742,SUB_0742,13545.86,2025-07-23,INSUFFICIENT_FUNDS,CUSTOMER_FINANCIAL,553,15,3,18,0.8333,0.82,0.9,high_value_loyal,0.1667,0.8333,pro,13545.86,monthly
FAIL_001983,PAY_012678,CUST_0742,SUB_0742,13545.86,2025-12-20,NETWORK_ERROR,TECHNICAL,553,15,3,18,0.8333,0.82,0.9,high_value_loyal,0.1667,0.8333,pro,13545.86,monthly
FAIL_001984,PAY_012679,CUST_0742,SUB_0742,13545.86,2026-01-19,CARD_EXPIRED,PAYMENT_METHOD,553,15,3,18,0.8333,0.82,0.9,high_value_loyal,0.1667,0.8333,pro,13545.86,monthly
FAIL_001985,PAY_012686,CUST_0743,SUB_0743,1245.07,2026-01-14,INSUFFICIENT_FUNDS,CUSTOMER_FINANCIAL,228,4,3,7,0.5714,0.3,0.25,low_engagement,0.4286,0.5714,growth,1245.07,monthly
FAIL_001986,PAY_012691,CUST_0743,SUB_0743,1245.07,2026-06-13,CARD_EXPIRED,PAYMENT_METHOD,228,4,3,7,0.5714,0.3,0.25,low_engagement,0.4286,0.5714,growth,1245.07,monthly
FAIL_001987,PAY_012692,CUST_0743,SUB_0743,1245.07,2026-07-13,BANK_DECLINED,ISSUER_DECLINE,228,4,3,7,0.5714,0.3,0.25,low_engagement,0.4286,0.5714,growth,1245.07,monthly
FAIL_001988,PAY_012693,CUST_0744,SUB_0744,200.0,2024-05-28,INSUFFICIENT_FUNDS,CUSTOMER_FINANCIAL,824,19,8,27,0.7037,0.3,0.25,low_engagement,0.2963,0.7037,starter,200.0,monthly
FAIL_001989,PAY_012696,CUST_0744,SUB_0744,200.0,2024-08-26,INSUFFICIENT_FUNDS,CUSTOMER_FINANCIAL,824,19,8,27,0.7037,0.3,0.25,low_engagement,0.2963,0.7037,starter,200.0,monthly
FAIL_001990,PAY_012697,CUST_0744,SUB_0744,200.0,2024-09-25,AUTHENTICATION_FAILED,CUSTOMER_ACTION,824,19,8,27,0.7037,0.3,0.25,low_engagement,0.2963,0.7037,starter,200.0,monthly
FAIL_001991,PAY_012701,CUST_0744,SUB_0744,200.0,2025-01-23,INSUFFICIENT_FUNDS,CUSTOMER_FINANCIAL,824,19,8,27,0.7037,0.3,0.25,low_engagement,0.2963,0.7037,starter,200.0,monthly
FAIL_001992,PAY_012703,CUST_0744,SUB_0744,200.0,2025-03-24,NETWORK_ERROR,TECHNICAL,824,19,8,27,0.7037,0.3,0.25,low_engagement,0.2963,0.7037,starter,200.0,monthly
FAIL_001993,PAY_012704,CUST_0744,SUB_0744,200.0,2025-04-23,INSUFFICIENT_FUNDS,CUSTOMER_FINANCIAL,824,19,8,27,0.7037,0.3,0.25,low_engagement,0.2963,0.7037,starter,200.0,monthly
FAIL_001994,PAY_012707,CUST_0744,SUB_0744,200.0,2025-07-22,AUTHENTICATION_FAILED,CUSTOMER_ACTION,824,19,8,27,0.7037,0.3,0.25,low_engagement,0.2963,0.7037,starter,200.0,monthly
FAIL_001995,PAY_012709,CUST_0744,SUB_0744,200.0,2025-09-20,CARD_EXPIRED,PAYMENT_METHOD,824,19,8,27,0.7037,0.3,0.25,low_engagement,0.2963,0.7037,starter,200.0,monthly
FAIL_001996,PAY_012712,CUST_0744,SUB_0744,200.0,2025-12-19,BANK_DECLINED,ISSUER_DECLINE,824,19,8,27,0.7037,0.3,0.25,low_engagement,0.2963,0.7037,starter,200.0,monthly
FAIL_001997,PAY_012714,CUST_0744,SUB_0744,200.0,2026-02-17,NETWORK_ERROR,TECHNICAL,824,19,8,27,0.7037,0.3,0.25,low_engagement,0.2963,0.7037,starter,200.0,monthly
FAIL_001998,PAY_012722,CUST_0745,SUB_0745,2286.0,2024-05-19,NETWORK_ERROR,TECHNICAL,893,24,5,29,0.8276,0.6,0.6,normal,0.1724,0.8276,growth,2286.0,monthly
FAIL_001999,PAY_012727,CUST_0745,SUB_0745,2286.0,2024-10-16,INSUFFICIENT_FUNDS,CUSTOMER_FINANCIAL,893,24,5,29,0.8276,0.6,0.6,normal,0.1724,0.8276,growth,2286.0,monthly
FAIL_002000,PAY_012735,CUST_0745,SUB_0745,2286.0,2025-06-13,INSUFFICIENT_FUNDS,CUSTOMER_FINANCIAL,893,24,5,29,0.8276,0.6,0.6,normal,0.1724,0.8276,growth,2286.0,monthly
FAIL_002001,PAY_012741,CUST_0745,SUB_0745,2286.0,2025-12-10,INSUFFICIENT_FUNDS,CUSTOMER_FINANCIAL,893,24,5,29,0.8276,0.6,0.6,normal,0.1724,0.8276,growth,2286.0,monthly
FAIL_002002,PAY_012749,CUST_0746,SUB_0746,450.36,2025-06-10,BANK_DECLINED,ISSUER_DECLINE,446,8,6,14,0.5714,0.35,0.45,friction_prone,0.4286,0.5714,starter,450.36,monthly
FAIL_002003,PAY_012750,CUST_0746,SUB_0746,450.36,2025-07-10,INSUFFICIENT_FUNDS,CUSTOMER_FINANCIAL,446,8,6,14,0.5714,0.35,0.45,friction_prone,0.4286,0.5714,starter,450.36,monthly
FAIL_002004,PAY_012752,CUST_0746,SUB_0746,450.36,2025-09-08,INSUFFICIENT_FUNDS,CUSTOMER_FINANCIAL,446,8,6,14,0.5714,0.35,0.45,friction_prone,0.4286,0.5714,starter,450.36,monthly
FAIL_002005,PAY_012753,CUST_0746,SUB_0746,450.36,2025-10-08,INSUFFICIENT_FUNDS,CUSTOMER_FINANCIAL,446,8,6,14,0.5714,0.35,0.45,friction_prone,0.4286,0.5714,starter,450.36,monthly
FAIL_002006,PAY_012755,CUST_0746,SUB_0746,450.36,2025-12-07,LIMIT_EXCEEDED,PAYMENT_LIMIT,446,8,6,14,0.5714,0.35,0.45,friction_prone,0.4286,0.5714,starter,450.36,monthly
FAIL_002007,PAY_012759,CUST_0746,SUB_0746,450.36,2026-04-06,AUTHENTICATION_FAILED,CUSTOMER_ACTION,446,8,6,14,0.5714,0.35,0.45,friction_prone,0.4286,0.5714,starter,450.36,monthly
FAIL_002008,PAY_012760,CUST_0746,SUB_0746,450.36,2026-05-06,AUTHENTICATION_FAILED,CUSTOMER_ACTION,446,8,6,14,0.5714,0.35,0.45,friction_prone,0.4286,0.5714,starter,450.36,monthly
FAIL_002009,PAY_012761,CUST_0746,SUB_0746,450.36,2026-06-05,BANK_DECLINED,ISSUER_DECLINE,446,8,6,14,0.5714,0.35,0.45,friction_prone,0.4286,0.5714,starter,450.36,monthly
FAIL_002010,PAY_012763,CUST_0747,SUB_0747,795.67,2024-05-03,BANK_DECLINED,ISSUER_DECLINE,849,19,9,28,0.6786,0.3,0.25,low_engagement,0.3214,0.6786,growth,795.67,monthly
FAIL_002011,PAY_012764,CUST_0747,SUB_0747,795.67,2024-06-02,BANK_DECLINED,ISSUER_DECLINE,849,19,9,28,0.6786,0.3,0.25,low_engagement,0.3214,0.6786,growth,795.67,monthly
FAIL_002012,PAY_012766,CUST_0747,SUB_0747,795.67,2024-08-01,LIMIT_EXCEEDED,PAYMENT_LIMIT,849,19,9,28,0.6786,0.3,0.25,low_engagement,0.3214,0.6786,growth,795.67,monthly
FAIL_002013,PAY_012769,CUST_0747,SUB_0747,795.67,2024-10-30,AUTHENTICATION_FAILED,CUSTOMER_ACTION,849,19,9,28,0.6786,0.3,0.25,low_engagement,0.3214,0.6786,growth,795.67,monthly
FAIL_002014,PAY_012771,CUST_0747,SUB_0747,795.67,2024-12-29,CARD_EXPIRED,PAYMENT_METHOD,849,19,9,28,0.6786,0.3,0.25,low_engagement,0.3214,0.6786,growth,795.67,monthly
FAIL_002015,PAY_012775,CUST_0747,SUB_0747,795.67,2025-04-28,CARD_EXPIRED,PAYMENT_METHOD,849,19,9,28,0.6786,0.3,0.25,low_engagement,0.3214,0.6786,growth,795.67,monthly
FAIL_002016,PAY_012777,CUST_0747,SUB_0747,795.67,2025-06-27,BANK_DECLINED,ISSUER_DECLINE,849,19,9,28,0.6786,0.3,0.25,low_engagement,0.3214,0.6786,growth,795.67,monthly
FAIL_002017,PAY_012780,CUST_0747,SUB_0747,795.67,2025-09-25,BANK_DECLINED,ISSUER_DECLINE,849,19,9,28,0.6786,0.3,0.25,low_engagement,0.3214,0.6786,growth,795.67,monthly
FAIL_002018,PAY_012782,CUST_0747,SUB_0747,795.67,2025-11-24,INSUFFICIENT_FUNDS,CUSTOMER_FINANCIAL,849,19,9,28,0.6786,0.3,0.25,low_engagement,0.3214,0.6786,growth,795.67,monthly
FAIL_002019,PAY_012789,CUST_0747,SUB_0747,795.67,2026-06-22,BANK_DECLINED,ISSUER_DECLINE,849,19,9,28,0.6786,0.3,0.25,low_engagement,0.3214,0.6786,growth,795.67,monthly
FAIL_002020,PAY_012790,CUST_0747,SUB_0747,795.67,2026-07-22,CARD_EXPIRED,PAYMENT_METHOD,849,19,9,28,0.6786,0.3,0.25,low_engagement,0.3214,0.6786,growth,795.67,monthly
FAIL_002021,PAY_012791,CUST_0748,SUB_0748,200.0,2026-04-13,BANK_DECLINED,ISSUER_DECLINE,139,3,1,4,0.75,0.3,0.25,low_engagement,0.25,0.75,starter,200.0,monthly
FAIL_002022,PAY_012793,CUST_0748,SUB_0748,200.0,2026-06-12,AUTHENTICATION_FAILED,CUSTOMER_ACTION,139,3,1,4,0.75,0.3,0.25,low_engagement,0.25,0.75,starter,200.0,monthly
FAIL_002023,PAY_012796,CUST_0749,SUB_0749,505.43,2026-03-11,INSUFFICIENT_FUNDS,CUSTOMER_FINANCIAL,202,3,3,6,0.5,0.35,0.45,friction_prone,0.5,0.5,growth,505.43,monthly
FAIL_002024,PAY_012801,CUST_0750,SUB_0750,1696.9,2024-07-06,NETWORK_ERROR,TECHNICAL,785,21,5,26,0.8077,0.6,0.6,normal,0.1923,0.8077,growth,1696.9,monthly
FAIL_002025,PAY_012817,CUST_0750,SUB_0750,1696.9,2025-10-29,CARD_EXPIRED,PAYMENT_METHOD,785,21,5,26,0.8077,0.6,0.6,normal,0.1923,0.8077,growth,1696.9,monthly
FAIL_002026,PAY_012823,CUST_0750,SUB_0750,1696.9,2026-04-27,AUTHENTICATION_FAILED,CUSTOMER_ACTION,785,21,5,26,0.8077,0.6,0.6,normal,0.1923,0.8077,growth,1696.9,monthly
FAIL_002027,PAY_012825,CUST_0750,SUB_0750,1696.9,2026-06-26,BANK_DECLINED,ISSUER_DECLINE,785,21,5,26,0.8077,0.6,0.6,normal,0.1923,0.8077,growth,1696.9,monthly
FAIL_002028,PAY_012833,CUST_0752,SUB_0752,200.0,2026-05-30,LIMIT_EXCEEDED,PAYMENT_LIMIT,152,4,1,5,0.8,0.3,0.25,low_engagement,0.2,0.8,starter,200.0,monthly
FAIL_002029,PAY_012834,CUST_0752,SUB_0752,200.0,2026-06-29,NETWORK_ERROR,TECHNICAL,152,4,1,5,0.8,0.3,0.25,low_engagement,0.2,0.8,starter,200.0,monthly
FAIL_002030,PAY_012849,CUST_0753,SUB_0753,2223.6,2025-09-24,INSUFFICIENT_FUNDS,CUSTOMER_FINANCIAL,730,22,2,24,0.9167,0.8,0.85,reliable,0.0833,0.9167,pro,2223.6,monthly
FAIL_002031,PAY_012859,CUST_0753,SUB_0753,2223.6,2026-07-21,INSUFFICIENT_FUNDS,CUSTOMER_FINANCIAL,730,22,2,24,0.9167,0.8,0.85,reliable,0.0833,0.9167,pro,2223.6,monthly
FAIL_002032,PAY_012868,CUST_0754,SUB_0754,6221.88,2025-11-13,INSUFFICIENT_FUNDS,CUSTOMER_FINANCIAL,530,16,1,17,0.9412,0.82,0.9,high_value_loyal,0.0588,0.9412,pro,6221.88,monthly
FAIL_002033,PAY_012883,CUST_0755,SUB_0755,1278.96,2025-10-19,CARD_EXPIRED,PAYMENT_METHOD,495,14,2,16,0.875,0.3,0.25,low_engagement,0.125,0.875,growth,1278.96,monthly
FAIL_002034,PAY_012884,CUST_0755,SUB_0755,1278.96,2025-11-18,AUTHENTICATION_FAILED,CUSTOMER_ACTION,495,14,2,16,0.875,0.3,0.25,low_engagement,0.125,0.875,growth,1278.96,monthly
FAIL_002035,PAY_012901,CUST_0757,SUB_0757,1032.33,2024-09-01,AUTHENTICATION_FAILED,CUSTOMER_ACTION,848,19,9,28,0.6786,0.3,0.25,low_engagement,0.3214,0.6786,growth,1032.33,monthly
FAIL_002036,PAY_012904,CUST_0757,SUB_0757,1032.33,2024-11-30,INSUFFICIENT_FUNDS,CUSTOMER_FINANCIAL,848,19,9,28,0.6786,0.3,0.25,low_engagement,0.3214,0.6786,growth,1032.33,monthly
FAIL_002037,PAY_012906,CUST_0757,SUB_0757,1032.33,2025-01-29,CARD_EXPIRED,PAYMENT_METHOD,848,19,9,28,0.6786,0.3,0.25,low_engagement,0.3214,0.6786,growth,1032.33,monthly
FAIL_002038,PAY_012909,CUST_0757,SUB_0757,1032.33,2025-04-29,INSUFFICIENT_FUNDS,CUSTOMER_FINANCIAL,848,19,9,28,0.6786,0.3,0.25,low_engagement,0.3214,0.6786,growth,1032.33,monthly
FAIL_002039,PAY_012910,CUST_0757,SUB_0757,1032.33,2025-05-29,INSUFFICIENT_FUNDS,CUSTOMER_FINANCIAL,848,19,9,28,0.6786,0.3,0.25,low_engagement,0.3214,0.6786,growth,1032.33,monthly
FAIL_002040,PAY_012912,CUST_0757,SUB_0757,1032.33,2025-07-28,CARD_EXPIRED,PAYMENT_METHOD,848,19,9,28,0.6786,0.3,0.25,low_engagement,0.3214,0.6786,growth,1032.33,monthly
FAIL_002041,PAY_012914,CUST_0757,SUB_0757,1032.33,2025-09-26,NETWORK_ERROR,TECHNICAL,848,19,9,28,0.6786,0.3,0.25,low_engagement,0.3214,0.6786,growth,1032.33,monthly
FAIL_002042,PAY_012916,CUST_0757,SUB_0757,1032.33,2025-11-25,AUTHENTICATION_FAILED,CUSTOMER_ACTION,848,19,9,28,0.6786,0.3,0.25,low_engagement,0.3214,0.6786,growth,1032.33,monthly
FAIL_002043,PAY_012922,CUST_0757,SUB_0757,1032.33,2026-05-24,INSUFFICIENT_FUNDS,CUSTOMER_FINANCIAL,848,19,9,28,0.6786,0.3,0.25,low_engagement,0.3214,0.6786,growth,1032.33,monthly
FAIL_002044,PAY_012925,CUST_0758,SUB_0758,372.35,2024-12-08,NETWORK_ERROR,TECHNICAL,630,19,2,21,0.9048,0.35,0.45,friction_prone,0.0952,0.9048,pro,372.35,monthly
FAIL_002045,PAY_012938,CUST_0758,SUB_0758,372.35,2026-01-02,NETWORK_ERROR,TECHNICAL,630,19,2,21,0.9048,0.35,0.45,friction_prone,0.0952,0.9048,pro,372.35,monthly
FAIL_002046,PAY_012950,CUST_0759,SUB_0759,681.91,2025-08-07,BANK_DECLINED,ISSUER_DECLINE,508,11,5,16,0.6875,0.6,0.6,normal,0.3125,0.6875,growth,681.91,monthly
FAIL_002047,PAY_012955,CUST_0759,SUB_0759,681.91,2026-01-04,BANK_DECLINED,ISSUER_DECLINE,508,11,5,16,0.6875,0.6,0.6,normal,0.3125,0.6875,growth,681.91,monthly
FAIL_002048,PAY_012957,CUST_0759,SUB_0759,681.91,2026-03-05,AUTHENTICATION_FAILED,CUSTOMER_ACTION,508,11,5,16,0.6875,0.6,0.6,normal,0.3125,0.6875,growth,681.91,monthly
FAIL_002049,PAY_012980,CUST_0761,SUB_0761,5726.73,2024-10-13,BANK_DECLINED,ISSUER_DECLINE,866,25,3,28,0.8929,0.82,0.9,high_value_loyal,0.1071,0.8929,pro,5726.73,monthly
FAIL_002050,PAY_013035,CUST_0763,SUB_0763,580.18,2024-09-19,LIMIT_EXCEEDED,PAYMENT_LIMIT,950,23,8,31,0.7419,0.3,0.25,low_engagement,0.2581,0.7419,starter,580.18,monthly
FAIL_002051,PAY_013036,CUST_0763,SUB_0763,580.18,2024-10-19,INSUFFICIENT_FUNDS,CUSTOMER_FINANCIAL,950,23,8,31,0.7419,0.3,0.25,low_engagement,0.2581,0.7419,starter,580.18,monthly
FAIL_002052,PAY_013037,CUST_0763,SUB_0763,580.18,2024-11-18,AUTHENTICATION_FAILED,CUSTOMER_ACTION,950,23,8,31,0.7419,0.3,0.25,low_engagement,0.2581,0.7419,starter,580.18,monthly
FAIL_002053,PAY_013040,CUST_0763,SUB_0763,580.18,2025-02-16,LIMIT_EXCEEDED,PAYMENT_LIMIT,950,23,8,31,0.7419,0.3,0.25,low_engagement,0.2581,0.7419,starter,580.18,monthly
FAIL_002054,PAY_013041,CUST_0763,SUB_0763,580.18,2025-03-18,INSUFFICIENT_FUNDS,CUSTOMER_FINANCIAL,950,23,8,31,0.7419,0.3,0.25,low_engagement,0.2581,0.7419,starter,580.18,monthly
FAIL_002055,PAY_013043,CUST_0763,SUB_0763,580.18,2025-05-17,LIMIT_EXCEEDED,PAYMENT_LIMIT,950,23,8,31,0.7419,0.3,0.25,low_engagement,0.2581,0.7419,starter,580.18,monthly
FAIL_002056,PAY_013044,CUST_0763,SUB_0763,580.18,2025-06-16,BANK_DECLINED,ISSUER_DECLINE,950,23,8,31,0.7419,0.3,0.25,low_engagement,0.2581,0.7419,starter,580.18,monthly
FAIL_002057,PAY_013049,CUST_0763,SUB_0763,580.18,2025-11-13,INSUFFICIENT_FUNDS,CUSTOMER_FINANCIAL,950,23,8,31,0.7419,0.3,0.25,low_engagement,0.2581,0.7419,starter,580.18,monthly
FAIL_002058,PAY_013062,CUST_0764,SUB_0764,880.92,2024-11-29,NETWORK_ERROR,TECHNICAL,759,21,4,25,0.84,0.3,0.25,low_engagement,0.16,0.84,growth,880.92,monthly
FAIL_002059,PAY_013067,CUST_0764,SUB_0764,880.92,2025-04-28,INSUFFICIENT_FUNDS,CUSTOMER_FINANCIAL,759,21,4,25,0.84,0.3,0.25,low_engagement,0.16,0.84,growth,880.92,monthly
FAIL_002060,PAY_013078,CUST_0764,SUB_0764,880.92,2026-03-24,AUTHENTICATION_FAILED,CUSTOMER_ACTION,759,21,4,25,0.84,0.3,0.25,low_engagement,0.16,0.84,growth,880.92,monthly
FAIL_002061,PAY_013082,CUST_0764,SUB_0764,880.92,2026-07-22,NETWORK_ERROR,TECHNICAL,759,21,4,25,0.84,0.3,0.25,low_engagement,0.16,0.84,growth,880.92,monthly
FAIL_002062,PAY_013086,CUST_0766,SUB_0766,1882.53,2025-04-16,NETWORK_ERROR,TECHNICAL,501,9,7,16,0.5625,0.35,0.45,friction_prone,0.4375,0.5625,pro,1882.53,monthly
FAIL_002063,PAY_013092,CUST_0766,SUB_0766,1882.53,2025-10-13,INSUFFICIENT_FUNDS,CUSTOMER_FINANCIAL,501,9,7,16,0.5625,0.35,0.45,friction_prone,0.4375,0.5625,pro,1882.53,monthly
FAIL_002064,PAY_013093,CUST_0766,SUB_0766,1882.53,2025-11-12,BANK_DECLINED,ISSUER_DECLINE,501,9,7,16,0.5625,0.35,0.45,friction_prone,0.4375,0.5625,pro,1882.53,monthly
FAIL_002065,PAY_013094,CUST_0766,SUB_0766,1882.53,2025-12-12,INSUFFICIENT_FUNDS,CUSTOMER_FINANCIAL,501,9,7,16,0.5625,0.35,0.45,friction_prone,0.4375,0.5625,pro,1882.53,monthly
FAIL_002066,PAY_013096,CUST_0766,SUB_0766,1882.53,2026-02-10,INSUFFICIENT_FUNDS,CUSTOMER_FINANCIAL,501,9,7,16,0.5625,0.35,0.45,friction_prone,0.4375,0.5625,pro,1882.53,monthly
FAIL_002067,PAY_013097,CUST_0766,SUB_0766,1882.53,2026-03-12,BANK_DECLINED,ISSUER_DECLINE,501,9,7,16,0.5625,0.35,0.45,friction_prone,0.4375,0.5625,pro,1882.53,monthly
FAIL_002068,PAY_013098,CUST_0766,SUB_0766,1882.53,2026-04-11,BANK_DECLINED,ISSUER_DECLINE,501,9,7,16,0.5625,0.35,0.45,friction_prone,0.4375,0.5625,pro,1882.53,monthly
FAIL_002069,PAY_013099,CUST_0766,SUB_0766,1882.53,2026-05-11,INSUFFICIENT_FUNDS,CUSTOMER_FINANCIAL,501,9,7,16,0.5625,0.35,0.45,friction_prone,0.4375,0.5625,pro,1882.53,monthly
FAIL_002070,PAY_013100,CUST_0766,SUB_0766,1882.53,2026-06-10,LIMIT_EXCEEDED,PAYMENT_LIMIT,501,9,7,16,0.5625,0.35,0.45,friction_prone,0.4375,0.5625,pro,1882.53,monthly
FAIL_002071,PAY_013148,CUST_0769,SUB_0769,1716.97,2025-12-01,BANK_DECLINED,ISSUER_DECLINE,572,16,3,19,0.8421,0.35,0.45,friction_prone,0.1579,0.8421,growth,1716.97,monthly
FAIL_002072,PAY_013156,CUST_0769,SUB_0769,1716.97,2026-07-29,CARD_EXPIRED,PAYMENT_METHOD,572,16,3,19,0.8421,0.35,0.45,friction_prone,0.1579,0.8421,growth,1716.97,monthly
FAIL_002073,PAY_013157,CUST_0770,SUB_0770,601.44,2025-04-16,AUTHENTICATION_FAILED,CUSTOMER_ACTION,501,12,4,16,0.75,0.3,0.25,low_engagement,0.25,0.75,starter,601.44,monthly
FAIL_002074,PAY_013160,CUST_0770,SUB_0770,601.44,2025-07-15,BANK_DECLINED,ISSUER_DECLINE,501,12,4,16,0.75,0.3,0.25,low_engagement,0.25,0.75,starter,601.44,monthly
FAIL_002075,PAY_013163,CUST_0770,SUB_0770,601.44,2025-10-13,BANK_DECLINED,ISSUER_DECLINE,501,12,4,16,0.75,0.3,0.25,low_engagement,0.25,0.75,starter,601.44,monthly
FAIL_002076,PAY_013167,CUST_0770,SUB_0770,601.44,2026-02-10,NETWORK_ERROR,TECHNICAL,501,12,4,16,0.75,0.3,0.25,low_engagement,0.25,0.75,starter,601.44,monthly
FAIL_002077,PAY_013172,CUST_0770,SUB_0770,601.44,2026-07-10,INSUFFICIENT_FUNDS,CUSTOMER_FINANCIAL,501,12,4,16,0.75,0.3,0.25,low_engagement,0.25,0.75,starter,601.44,monthly
FAIL_002078,PAY_013235,CUST_0774,SUB_0774,281.45,2024-09-15,INSUFFICIENT_FUNDS,CUSTOMER_FINANCIAL,744,18,6,24,0.75,0.3,0.25,low_engagement,0.25,0.75,starter,281.45,monthly
FAIL_002079,PAY_013253,CUST_0774,SUB_0774,281.45,2026-03-09,INSUFFICIENT_FUNDS,CUSTOMER_FINANCIAL,744,18,6,24,0.75,0.3,0.25,low_engagement,0.25,0.75,starter,281.45,monthly
FAIL_002080,PAY_013265,CUST_0777,SUB_0777,772.21,2024-11-22,LIMIT_EXCEEDED,PAYMENT_LIMIT,676,18,4,22,0.8182,0.8,0.85,reliable,0.1818,0.8182,starter,772.21,monthly
FAIL_002081,PAY_013271,CUST_0777,SUB_0777,772.21,2025-05-21,NETWORK_ERROR,TECHNICAL,676,18,4,22,0.8182,0.8,0.85,reliable,0.1818,0.8182,starter,772.21,monthly
FAIL_002082,PAY_013275,CUST_0777,SUB_0777,772.21,2025-09-18,BANK_DECLINED,ISSUER_DECLINE,676,18,4,22,0.8182,0.8,0.85,reliable,0.1818,0.8182,starter,772.21,monthly
FAIL_002083,PAY_013279,CUST_0777,SUB_0777,772.21,2026-01-16,INSUFFICIENT_FUNDS,CUSTOMER_FINANCIAL,676,18,4,22,0.8182,0.8,0.85,reliable,0.1818,0.8182,starter,772.21,monthly
FAIL_002084,PAY_013284,CUST_0777,SUB_0777,772.21,2026-06-15,INSUFFICIENT_FUNDS,CUSTOMER_FINANCIAL,676,18,4,22,0.8182,0.8,0.85,reliable,0.1818,0.8182,starter,772.21,monthly
FAIL_002085,PAY_013286,CUST_0778,SUB_0778,1859.33,2024-04-12,BANK_DECLINED,ISSUER_DECLINE,870,23,6,29,0.7931,0.6,0.6,normal,0.2069,0.7931,growth,1859.33,monthly
FAIL_002086,PAY_013292,CUST_0778,SUB_0778,1859.33,2024-10-09,CARD_EXPIRED,PAYMENT_METHOD,870,23,6,29,0.7931,0.6,0.6,normal,0.2069,0.7931,growth,1859.33,monthly
FAIL_002087,PAY_013298,CUST_0778,SUB_0778,1859.33,2025-04-07,BANK_DECLINED,ISSUER_DECLINE,870,23,6,29,0.7931,0.6,0.6,normal,0.2069,0.7931,growth,1859.33,monthly
FAIL_002088,PAY_013305,CUST_0778,SUB_0778,1859.33,2025-11-03,NETWORK_ERROR,TECHNICAL,870,23,6,29,0.7931,0.6,0.6,normal,0.2069,0.7931,growth,1859.33,monthly
FAIL_002089,PAY_013310,CUST_0778,SUB_0778,1859.33,2026-04-02,NETWORK_ERROR,TECHNICAL,870,23,6,29,0.7931,0.6,0.6,normal,0.2069,0.7931,growth,1859.33,monthly
FAIL_002090,PAY_013311,CUST_0778,SUB_0778,1859.33,2026-05-02,INSUFFICIENT_FUNDS,CUSTOMER_FINANCIAL,870,23,6,29,0.7931,0.6,0.6,normal,0.2069,0.7931,growth,1859.33,monthly
FAIL_002091,PAY_013317,CUST_0779,SUB_0779,223.4,2025-12-10,AUTHENTICATION_FAILED,CUSTOMER_ACTION,323,8,2,10,0.8,0.3,0.25,low_engagement,0.2,0.8,starter,223.4,monthly
FAIL_002092,PAY_013321,CUST_0779,SUB_0779,223.4,2026-04-09,LIMIT_EXCEEDED,PAYMENT_LIMIT,323,8,2,10,0.8,0.3,0.25,low_engagement,0.2,0.8,starter,223.4,monthly
FAIL_002093,PAY_013325,CUST_0780,SUB_0780,2075.84,2024-11-17,NETWORK_ERROR,TECHNICAL,651,18,3,21,0.8571,0.6,0.6,normal,0.1429,0.8571,growth,2075.84,monthly
FAIL_002094,PAY_013341,CUST_0780,SUB_0780,2075.84,2026-03-12,BANK_DECLINED,ISSUER_DECLINE,651,18,3,21,0.8571,0.6,0.6,normal,0.1429,0.8571,growth,2075.84,monthly
FAIL_002095,PAY_013344,CUST_0780,SUB_0780,2075.84,2026-06-10,INSUFFICIENT_FUNDS,CUSTOMER_FINANCIAL,651,18,3,21,0.8571,0.6,0.6,normal,0.1429,0.8571,growth,2075.84,monthly
FAIL_002096,PAY_013345,CUST_0780,SUB_0780,2075.84,2026-07-10,CARD_EXPIRED,PAYMENT_METHOD,651,18,3,21,0.8571,0.6,0.6,normal,0.1429,0.8571,growth,2075.84,monthly
FAIL_002097,PAY_013352,CUST_0781,SUB_0781,1082.52,2025-08-14,INSUFFICIENT_FUNDS,CUSTOMER_FINANCIAL,561,17,1,18,0.9444,0.8,0.85,reliable,0.0556,0.9444,starter,1082.52,monthly
FAIL_002098,PAY_013371,CUST_0783,SUB_0783,819.14,2026-05-11,CARD_EXPIRED,PAYMENT_METHOD,141,3,1,4,0.75,0.3,0.25,low_engagement,0.25,0.75,starter,819.14,monthly
FAIL_002099,PAY_013373,CUST_0783,SUB_0783,819.14,2026-07-10,BANK_DECLINED,ISSUER_DECLINE,141,3,1,4,0.75,0.3,0.25,low_engagement,0.25,0.75,starter,819.14,monthly
FAIL_002100,PAY_013390,CUST_0784,SUB_0784,2351.87,2026-02-25,AUTHENTICATION_FAILED,CUSTOMER_ACTION,666,20,2,22,0.9091,0.6,0.6,normal,0.0909,0.9091,pro,2351.87,monthly
FAIL_002101,PAY_013400,CUST_0785,SUB_0785,1990.77,2025-08-23,BANK_DECLINED,ISSUER_DECLINE,492,11,5,16,0.6875,0.35,0.45,friction_prone,0.3125,0.6875,pro,1990.77,monthly
FAIL_002102,PAY_013401,CUST_0785,SUB_0785,1990.77,2025-09-22,BANK_DECLINED,ISSUER_DECLINE,492,11,5,16,0.6875,0.35,0.45,friction_prone,0.3125,0.6875,pro,1990.77,monthly
FAIL_002103,PAY_013404,CUST_0785,SUB_0785,1990.77,2025-12-21,INSUFFICIENT_FUNDS,CUSTOMER_FINANCIAL,492,11,5,16,0.6875,0.35,0.45,friction_prone,0.3125,0.6875,pro,1990.77,monthly
FAIL_002104,PAY_013407,CUST_0785,SUB_0785,1990.77,2026-03-21,INSUFFICIENT_FUNDS,CUSTOMER_FINANCIAL,492,11,5,16,0.6875,0.35,0.45,friction_prone,0.3125,0.6875,pro,1990.77,monthly
FAIL_002105,PAY_013408,CUST_0785,SUB_0785,1990.77,2026-04-20,CARD_EXPIRED,PAYMENT_METHOD,492,11,5,16,0.6875,0.35,0.45,friction_prone,0.3125,0.6875,pro,1990.77,monthly
FAIL_002106,PAY_013411,CUST_0785,SUB_0785,1990.77,2026-07-19,LIMIT_EXCEEDED,PAYMENT_LIMIT,492,11,5,16,0.6875,0.35,0.45,friction_prone,0.3125,0.6875,pro,1990.77,monthly
FAIL_002107,PAY_013412,CUST_0786,SUB_0786,313.47,2023-12-09,CARD_EXPIRED,PAYMENT_METHOD,995,26,7,33,0.7879,0.3,0.25,low_engagement,0.2121,0.7879,starter,313.47,monthly
FAIL_002108,PAY_013423,CUST_0786,SUB_0786,313.47,2024-11-03,CARD_EXPIRED,PAYMENT_METHOD,995,26,7,33,0.7879,0.3,0.25,low_engagement,0.2121,0.7879,starter,313.47,monthly
FAIL_002109,PAY_013429,CUST_0786,SUB_0786,313.47,2025-05-02,BANK_DECLINED,ISSUER_DECLINE,995,26,7,33,0.7879,0.3,0.25,low_engagement,0.2121,0.7879,starter,313.47,monthly
FAIL_002110,PAY_013430,CUST_0786,SUB_0786,313.47,2025-06-01,AUTHENTICATION_FAILED,CUSTOMER_ACTION,995,26,7,33,0.7879,0.3,0.25,low_engagement,0.2121,0.7879,starter,313.47,monthly
FAIL_002111,PAY_013435,CUST_0786,SUB_0786,313.47,2025-10-29,INSUFFICIENT_FUNDS,CUSTOMER_FINANCIAL,995,26,7,33,0.7879,0.3,0.25,low_engagement,0.2121,0.7879,starter,313.47,monthly
FAIL_002112,PAY_013438,CUST_0786,SUB_0786,313.47,2026-01-27,CARD_EXPIRED,PAYMENT_METHOD,995,26,7,33,0.7879,0.3,0.25,low_engagement,0.2121,0.7879,starter,313.47,monthly
FAIL_002113,PAY_013441,CUST_0786,SUB_0786,313.47,2026-04-27,INSUFFICIENT_FUNDS,CUSTOMER_FINANCIAL,995,26,7,33,0.7879,0.3,0.25,low_engagement,0.2121,0.7879,starter,313.47,monthly
FAIL_002114,PAY_013457,CUST_0787,SUB_0787,1715.08,2025-05-23,BANK_DECLINED,ISSUER_DECLINE,824,20,7,27,0.7407,0.6,0.6,normal,0.2593,0.7407,growth,1715.08,monthly
FAIL_002115,PAY_013458,CUST_0787,SUB_0787,1715.08,2025-06-22,BANK_DECLINED,ISSUER_DECLINE,824,20,7,27,0.7407,0.6,0.6,normal,0.2593,0.7407,growth,1715.08,monthly
FAIL_002116,PAY_013462,CUST_0787,SUB_0787,1715.08,2025-10-20,NETWORK_ERROR,TECHNICAL,824,20,7,27,0.7407,0.6,0.6,normal,0.2593,0.7407,growth,1715.08,monthly
FAIL_002117,PAY_013468,CUST_0787,SUB_0787,1715.08,2026-04-18,NETWORK_ERROR,TECHNICAL,824,20,7,27,0.7407,0.6,0.6,normal,0.2593,0.7407,growth,1715.08,monthly
FAIL_002118,PAY_013469,CUST_0787,SUB_0787,1715.08,2026-05-18,NETWORK_ERROR,TECHNICAL,824,20,7,27,0.7407,0.6,0.6,normal,0.2593,0.7407,growth,1715.08,monthly
FAIL_002119,PAY_013471,CUST_0787,SUB_0787,1715.08,2026-07-17,BANK_DECLINED,ISSUER_DECLINE,824,20,7,27,0.7407,0.6,0.6,normal,0.2593,0.7407,growth,1715.08,monthly
FAIL_002120,PAY_013497,CUST_0788,SUB_0788,1672.99,2026-04-16,BANK_DECLINED,ISSUER_DECLINE,886,28,1,29,0.9655,0.8,0.85,reliable,0.0345,0.9655,pro,1672.99,monthly
FAIL_002121,PAY_013499,CUST_0788,SUB_0788,1672.99,2026-06-15,INSUFFICIENT_FUNDS,CUSTOMER_FINANCIAL,886,28,1,29,0.9655,0.8,0.85,reliable,0.0345,0.9655,pro,1672.99,monthly
FAIL_002122,PAY_013502,CUST_0789,SUB_0789,694.22,2024-05-26,BANK_DECLINED,ISSUER_DECLINE,856,24,4,28,0.8571,0.6,0.6,normal,0.1429,0.8571,pro,694.22,monthly
FAIL_002123,PAY_013503,CUST_0789,SUB_0789,694.22,2024-06-25,INSUFFICIENT_FUNDS,CUSTOMER_FINANCIAL,856,24,4,28,0.8571,0.6,0.6,normal,0.1429,0.8571,pro,694.22,monthly
FAIL_002124,PAY_013505,CUST_0789,SUB_0789,694.22,2024-08-24,BANK_DECLINED,ISSUER_DECLINE,856,24,4,28,0.8571,0.6,0.6,normal,0.1429,0.8571,pro,694.22,monthly
FAIL_002125,PAY_013512,CUST_0789,SUB_0789,694.22,2025-03-22,INSUFFICIENT_FUNDS,CUSTOMER_FINANCIAL,856,24,4,28,0.8571,0.6,0.6,normal,0.1429,0.8571,pro,694.22,monthly
FAIL_002126,PAY_013526,CUST_0789,SUB_0789,694.22,2026-05-16,LIMIT_EXCEEDED,PAYMENT_LIMIT,856,24,4,28,0.8571,0.6,0.6,normal,0.1429,0.8571,pro,694.22,monthly
FAIL_002127,PAY_013553,CUST_0791,SUB_0791,368.47,2025-11-27,INSUFFICIENT_FUNDS,CUSTOMER_FINANCIAL,306,8,2,10,0.8,0.35,0.45,friction_prone,0.2,0.8,starter,368.47,monthly
FAIL_002128,PAY_013557,CUST_0791,SUB_0791,368.47,2026-03-27,CARD_EXPIRED,PAYMENT_METHOD,306,8,2,10,0.8,0.35,0.45,friction_prone,0.2,0.8,starter,368.47,monthly
FAIL_002129,PAY_013604,CUST_0794,SUB_0794,13890.45,2026-04-29,CARD_EXPIRED,PAYMENT_METHOD,273,7,2,9,0.7778,0.82,0.9,high_value_loyal,0.2222,0.7778,pro,13890.45,monthly
FAIL_002130,PAY_013614,CUST_0795,SUB_0795,408.24,2026-03-30,AUTHENTICATION_FAILED,CUSTOMER_ACTION,333,9,2,11,0.8182,0.3,0.25,low_engagement,0.1818,0.8182,starter,408.24,monthly
FAIL_002131,PAY_013631,CUST_0797,SUB_0797,802.81,2024-04-05,AUTHENTICATION_FAILED,CUSTOMER_ACTION,967,29,3,32,0.9062,0.6,0.6,normal,0.0938,0.9062,starter,802.81,monthly
FAIL_002132,PAY_013636,CUST_0797,SUB_0797,802.81,2024-09-02,INSUFFICIENT_FUNDS,CUSTOMER_FINANCIAL,967,29,3,32,0.9062,0.6,0.6,normal,0.0938,0.9062,starter,802.81,monthly
FAIL_002133,PAY_013641,CUST_0797,SUB_0797,802.81,2025-01-30,INSUFFICIENT_FUNDS,CUSTOMER_FINANCIAL,967,29,3,32,0.9062,0.6,0.6,normal,0.0938,0.9062,starter,802.81,monthly
FAIL_002134,PAY_013650,CUST_0797,SUB_0797,802.81,2025-10-27,INSUFFICIENT_FUNDS,CUSTOMER_FINANCIAL,967,29,3,32,0.9062,0.6,0.6,normal,0.0938,0.9062,starter,802.81,monthly
FAIL_002135,PAY_013651,CUST_0797,SUB_0797,802.81,2025-11-26,INSUFFICIENT_FUNDS,CUSTOMER_FINANCIAL,967,29,3,32,0.9062,0.6,0.6,normal,0.0938,0.9062,starter,802.81,monthly
FAIL_002136,PAY_013654,CUST_0797,SUB_0797,802.81,2026-02-24,BANK_DECLINED,ISSUER_DECLINE,967,29,3,32,0.9062,0.6,0.6,normal,0.0938,0.9062,starter,802.81,monthly
FAIL_002137,PAY_013662,CUST_0798,SUB_0798,712.38,2025-03-21,AUTHENTICATION_FAILED,CUSTOMER_ACTION,587,15,4,19,0.7895,0.3,0.25,low_engagement,0.2105,0.7895,starter,712.38,monthly
FAIL_002138,PAY_013669,CUST_0798,SUB_0798,712.38,2025-10-17,INSUFFICIENT_FUNDS,CUSTOMER_FINANCIAL,587,15,4,19,0.7895,0.3,0.25,low_engagement,0.2105,0.7895,starter,712.38,monthly
FAIL_002139,PAY_013672,CUST_0798,SUB_0798,712.38,2026-01-15,BANK_DECLINED,ISSUER_DECLINE,587,15,4,19,0.7895,0.3,0.25,low_engagement,0.2105,0.7895,starter,712.38,monthly
FAIL_002140,PAY_013682,CUST_0799,SUB_0799,1078.38,2025-11-28,INSUFFICIENT_FUNDS,CUSTOMER_FINANCIAL,365,9,3,12,0.75,0.35,0.45,friction_prone,0.25,0.75,starter,1078.38,monthly
FAIL_002141,PAY_013683,CUST_0799,SUB_0799,1078.38,2025-12-28,BANK_DECLINED,ISSUER_DECLINE,365,9,3,12,0.75,0.35,0.45,friction_prone,0.25,0.75,starter,1078.38,monthly
FAIL_002142,PAY_013691,CUST_0800,SUB_0800,1826.29,2026-05-18,BANK_DECLINED,ISSUER_DECLINE,104,2,1,3,0.6667,0.6,0.6,normal,0.3333,0.6667,pro,1826.29,monthly
FAIL_002143,PAY_013702,CUST_0802,SUB_0802,200.0,2026-06-01,LIMIT_EXCEEDED,PAYMENT_LIMIT,270,8,1,9,0.8889,0.35,0.45,friction_prone,0.1111,0.8889,starter,200.0,monthly
FAIL_002144,PAY_013703,CUST_0802,SUB_0802,200.0,2026-07-01,INSUFFICIENT_FUNDS,CUSTOMER_FINANCIAL,270,8,1,9,0.8889,0.35,0.45,friction_prone,0.1111,0.8889,starter,200.0,monthly
FAIL_002145,PAY_013728,CUST_0803,SUB_0803,414.82,2026-07-13,CARD_EXPIRED,PAYMENT_METHOD,738,20,4,24,0.8333,0.3,0.25,low_engagement,0.1667,0.8333,growth,414.82,monthly
FAIL_002146,PAY_013740,CUST_0804,SUB_0804,1094.39,2024-12-22,CARD_EXPIRED,PAYMENT_METHOD,946,27,4,31,0.871,0.6,0.6,normal,0.129,0.871,growth,1094.39,monthly
FAIL_002147,PAY_013744,CUST_0804,SUB_0804,1094.39,2025-04-21,NETWORK_ERROR,TECHNICAL,946,27,4,31,0.871,0.6,0.6,normal,0.129,0.871,growth,1094.39,monthly
FAIL_002148,PAY_013745,CUST_0804,SUB_0804,1094.39,2025-05-21,AUTHENTICATION_FAILED,CUSTOMER_ACTION,946,27,4,31,0.871,0.6,0.6,normal,0.129,0.871,growth,1094.39,monthly
FAIL_002149,PAY_013746,CUST_0804,SUB_0804,1094.39,2025-06-20,CARD_EXPIRED,PAYMENT_METHOD,946,27,4,31,0.871,0.6,0.6,normal,0.129,0.871,growth,1094.39,monthly
FAIL_002150,PAY_013757,CUST_0804,SUB_0804,1094.39,2026-05-16,INSUFFICIENT_FUNDS,CUSTOMER_FINANCIAL,946,27,4,31,0.871,0.6,0.6,normal,0.129,0.871,growth,1094.39,monthly
FAIL_002151,PAY_013762,CUST_0805,SUB_0805,884.78,2024-10-31,BANK_DECLINED,ISSUER_DECLINE,728,21,3,24,0.875,0.6,0.6,normal,0.125,0.875,starter,884.78,monthly
FAIL_002152,PAY_013764,CUST_0805,SUB_0805,884.78,2024-12-30,BANK_DECLINED,ISSUER_DECLINE,728,21,3,24,0.875,0.6,0.6,normal,0.125,0.875,starter,884.78,monthly
FAIL_002153,PAY_013784,CUST_0806,SUB_0806,778.26,2025-10-03,INSUFFICIENT_FUNDS,CUSTOMER_FINANCIAL,331,6,5,11,0.5455,0.3,0.25,low_engagement,0.4545,0.5455,starter,778.26,monthly
FAIL_002154,PAY_013785,CUST_0806,SUB_0806,778.26,2025-11-02,INSUFFICIENT_FUNDS,CUSTOMER_FINANCIAL,331,6,5,11,0.5455,0.3,0.25,low_engagement,0.4545,0.5455,starter,778.26,monthly
FAIL_002155,PAY_013786,CUST_0806,SUB_0806,778.26,2025-12-02,INSUFFICIENT_FUNDS,CUSTOMER_FINANCIAL,331,6,5,11,0.5455,0.3,0.25,low_engagement,0.4545,0.5455,starter,778.26,monthly
FAIL_002156,PAY_013788,CUST_0806,SUB_0806,778.26,2026-01-31,BANK_DECLINED,ISSUER_DECLINE,331,6,5,11,0.5455,0.3,0.25,low_engagement,0.4545,0.5455,starter,778.26,monthly
FAIL_002157,PAY_013789,CUST_0806,SUB_0806,778.26,2026-03-02,BANK_DECLINED,ISSUER_DECLINE,331,6,5,11,0.5455,0.3,0.25,low_engagement,0.4545,0.5455,starter,778.26,monthly
FAIL_002158,PAY_013791,CUST_0806,SUB_0806,778.26,2026-05-01,CARD_EXPIRED,PAYMENT_METHOD,331,6,5,11,0.5455,0.3,0.25,low_engagement,0.4545,0.5455,starter,778.26,monthly
FAIL_002159,PAY_013793,CUST_0806,SUB_0806,778.26,2026-06-30,NETWORK_ERROR,TECHNICAL,331,6,5,11,0.5455,0.3,0.25,low_engagement,0.4545,0.5455,starter,778.26,monthly
FAIL_002160,PAY_013796,CUST_0807,SUB_0807,200.0,2024-01-17,AUTHENTICATION_FAILED,CUSTOMER_ACTION,986,23,9,32,0.7188,0.3,0.25,low_engagement,0.2812,0.7188,starter,200.0,monthly
FAIL_002161,PAY_013802,CUST_0807,SUB_0807,200.0,2024-07-15,INSUFFICIENT_FUNDS,CUSTOMER_FINANCIAL,986,23,9,32,0.7188,0.3,0.25,low_engagement,0.2812,0.7188,starter,200.0,monthly
FAIL_002162,PAY_013806,CUST_0807,SUB_0807,200.0,2024-11-12,NETWORK_ERROR,TECHNICAL,986,23,9,32,0.7188,0.3,0.25,low_engagement,0.2812,0.7188,starter,200.0,monthly
FAIL_002163,PAY_013810,CUST_0807,SUB_0807,200.0,2025-03-12,INSUFFICIENT_FUNDS,CUSTOMER_FINANCIAL,986,23,9,32,0.7188,0.3,0.25,low_engagement,0.2812,0.7188,starter,200.0,monthly
FAIL_002164,PAY_013813,CUST_0807,SUB_0807,200.0,2025-06-10,INSUFFICIENT_FUNDS,CUSTOMER_FINANCIAL,986,23,9,32,0.7188,0.3,0.25,low_engagement,0.2812,0.7188,starter,200.0,monthly
FAIL_002165,PAY_013818,CUST_0807,SUB_0807,200.0,2025-11-07,AUTHENTICATION_FAILED,CUSTOMER_ACTION,986,23,9,32,0.7188,0.3,0.25,low_engagement,0.2812,0.7188,starter,200.0,monthly
FAIL_002166,PAY_013819,CUST_0807,SUB_0807,200.0,2025-12-07,AUTHENTICATION_FAILED,CUSTOMER_ACTION,986,23,9,32,0.7188,0.3,0.25,low_engagement,0.2812,0.7188,starter,200.0,monthly
FAIL_002167,PAY_013823,CUST_0807,SUB_0807,200.0,2026-04-06,BANK_DECLINED,ISSUER_DECLINE,986,23,9,32,0.7188,0.3,0.25,low_engagement,0.2812,0.7188,starter,200.0,monthly
FAIL_002168,PAY_013825,CUST_0807,SUB_0807,200.0,2026-06-05,INSUFFICIENT_FUNDS,CUSTOMER_FINANCIAL,986,23,9,32,0.7188,0.3,0.25,low_engagement,0.2812,0.7188,starter,200.0,monthly
FAIL_002169,PAY_013826,CUST_0807,SUB_0807,200.0,2026-07-05,INSUFFICIENT_FUNDS,CUSTOMER_FINANCIAL,986,23,9,32,0.7188,0.3,0.25,low_engagement,0.2812,0.7188,starter,200.0,monthly
FAIL_002170,PAY_013827,CUST_0808,SUB_0808,642.76,2025-09-06,AUTHENTICATION_FAILED,CUSTOMER_ACTION,358,8,3,11,0.7273,0.3,0.25,low_engagement,0.2727,0.7273,starter,642.76,monthly
FAIL_002171,PAY_013830,CUST_0808,SUB_0808,642.76,2025-12-05,AUTHENTICATION_FAILED,CUSTOMER_ACTION,358,8,3,11,0.7273,0.3,0.25,low_engagement,0.2727,0.7273,starter,642.76,monthly
FAIL_002172,PAY_013831,CUST_0808,SUB_0808,642.76,2026-01-04,NETWORK_ERROR,TECHNICAL,358,8,3,11,0.7273,0.3,0.25,low_engagement,0.2727,0.7273,starter,642.76,monthly
FAIL_002173,PAY_013836,CUST_0808,SUB_0808,642.76,2026-06-03,INSUFFICIENT_FUNDS,CUSTOMER_FINANCIAL,358,8,3,11,0.7273,0.3,0.25,low_engagement,0.2727,0.7273,starter,642.76,monthly
FAIL_002174,PAY_013847,CUST_0809,SUB_0809,1243.67,2024-10-04,AUTHENTICATION_FAILED,CUSTOMER_ACTION,965,31,1,32,0.9688,0.8,0.85,reliable,0.0312,0.9688,pro,1243.67,monthly
FAIL_002175,PAY_013848,CUST_0809,SUB_0809,1243.67,2024-11-03,INSUFFICIENT_FUNDS,CUSTOMER_FINANCIAL,965,31,1,32,0.9688,0.8,0.85,reliable,0.0312,0.9688,pro,1243.67,monthly
FAIL_002176,PAY_013872,CUST_0810,SUB_0810,1736.57,2024-08-02,LIMIT_EXCEEDED,PAYMENT_LIMIT,818,20,7,27,0.7407,0.35,0.45,friction_prone,0.2593,0.7407,growth,1736.57,monthly
FAIL_002177,PAY_013874,CUST_0810,SUB_0810,1736.57,2024-10-01,BANK_DECLINED,ISSUER_DECLINE,818,20,7,27,0.7407,0.35,0.45,friction_prone,0.2593,0.7407,growth,1736.57,monthly
FAIL_002178,PAY_013878,CUST_0810,SUB_0810,1736.57,2025-01-29,NETWORK_ERROR,TECHNICAL,818,20,7,27,0.7407,0.35,0.45,friction_prone,0.2593,0.7407,growth,1736.57,monthly
FAIL_002179,PAY_013881,CUST_0810,SUB_0810,1736.57,2025-04-29,NETWORK_ERROR,TECHNICAL,818,20,7,27,0.7407,0.35,0.45,friction_prone,0.2593,0.7407,growth,1736.57,monthly
FAIL_002180,PAY_013883,CUST_0810,SUB_0810,1736.57,2025-06-28,BANK_DECLINED,ISSUER_DECLINE,818,20,7,27,0.7407,0.35,0.45,friction_prone,0.2593,0.7407,growth,1736.57,monthly
FAIL_002181,PAY_013886,CUST_0810,SUB_0810,1736.57,2025-09-26,INSUFFICIENT_FUNDS,CUSTOMER_FINANCIAL,818,20,7,27,0.7407,0.35,0.45,friction_prone,0.2593,0.7407,growth,1736.57,monthly
FAIL_002182,PAY_013895,CUST_0810,SUB_0810,1736.57,2026-06-23,INSUFFICIENT_FUNDS,CUSTOMER_FINANCIAL,818,20,7,27,0.7407,0.35,0.45,friction_prone,0.2593,0.7407,growth,1736.57,monthly
FAIL_002183,PAY_013900,CUST_0811,SUB_0811,417.48,2025-08-30,INSUFFICIENT_FUNDS,CUSTOMER_FINANCIAL,455,12,3,15,0.8,0.3,0.25,low_engagement,0.2,0.8,starter,417.48,monthly
FAIL_002184,PAY_013901,CUST_0811,SUB_0811,417.48,2025-09-29,AUTHENTICATION_FAILED,CUSTOMER_ACTION,455,12,3,15,0.8,0.3,0.25,low_engagement,0.2,0.8,starter,417.48,monthly
FAIL_002185,PAY_013903,CUST_0811,SUB_0811,417.48,2025-11-28,BANK_DECLINED,ISSUER_DECLINE,455,12,3,15,0.8,0.3,0.25,low_engagement,0.2,0.8,starter,417.48,monthly
FAIL_002186,PAY_013907,CUST_0811,SUB_0811,417.48,2026-03-28,AUTHENTICATION_FAILED,CUSTOMER_ACTION,455,12,3,15,0.8,0.3,0.25,low_engagement,0.2,0.8,starter,417.48,monthly
FAIL_002187,PAY_013910,CUST_0811,SUB_0811,417.48,2026-06-26,BANK_DECLINED,ISSUER_DECLINE,455,12,3,15,0.8,0.3,0.25,low_engagement,0.2,0.8,starter,417.48,monthly
FAIL_002188,PAY_013912,CUST_0812,SUB_0812,926.3,2025-10-10,CARD_EXPIRED,PAYMENT_METHOD,324,5,5,10,0.5,0.3,0.25,low_engagement,0.5,0.5,starter,926.3,monthly
FAIL_002189,PAY_013914,CUST_0812,SUB_0812,926.3,2025-12-09,INSUFFICIENT_FUNDS,CUSTOMER_FINANCIAL,324,5,5,10,0.5,0.3,0.25,low_engagement,0.5,0.5,starter,926.3,monthly
FAIL_002190,PAY_013917,CUST_0812,SUB_0812,926.3,2026-03-09,LIMIT_EXCEEDED,PAYMENT_LIMIT,324,5,5,10,0.5,0.3,0.25,low_engagement,0.5,0.5,starter,926.3,monthly
FAIL_002191,PAY_013918,CUST_0812,SUB_0812,926.3,2026-04-08,CARD_EXPIRED,PAYMENT_METHOD,324,5,5,10,0.5,0.3,0.25,low_engagement,0.5,0.5,starter,926.3,monthly
FAIL_002192,PAY_013919,CUST_0812,SUB_0812,926.3,2026-05-08,NETWORK_ERROR,TECHNICAL,324,5,5,10,0.5,0.3,0.25,low_engagement,0.5,0.5,starter,926.3,monthly
FAIL_002193,PAY_013920,CUST_0812,SUB_0812,926.3,2026-06-07,LIMIT_EXCEEDED,PAYMENT_LIMIT,324,5,5,10,0.5,0.3,0.25,low_engagement,0.5,0.5,starter,926.3,monthly
FAIL_002194,PAY_013924,CUST_0814,SUB_0814,1173.58,2024-10-07,INSUFFICIENT_FUNDS,CUSTOMER_FINANCIAL,692,20,3,23,0.8696,0.3,0.25,low_engagement,0.1304,0.8696,growth,1173.58,monthly
FAIL_002195,PAY_013949,CUST_0815,SUB_0815,14666.4,2026-05-05,BANK_DECLINED,ISSUER_DECLINE,177,4,1,5,0.8,0.82,0.9,high_value_loyal,0.2,0.8,pro,14666.4,monthly
FAIL_002196,PAY_013951,CUST_0815,SUB_0815,14666.4,2026-07-04,LIMIT_EXCEEDED,PAYMENT_LIMIT,177,4,1,5,0.8,0.82,0.9,high_value_loyal,0.2,0.8,pro,14666.4,monthly
FAIL_002197,PAY_013971,CUST_0816,SUB_0816,9124.45,2026-02-15,BANK_DECLINED,ISSUER_DECLINE,766,23,2,25,0.92,0.82,0.9,high_value_loyal,0.08,0.92,pro,9124.45,monthly
FAIL_002198,PAY_013974,CUST_0816,SUB_0816,9124.45,2026-05-16,AUTHENTICATION_FAILED,CUSTOMER_ACTION,766,23,2,25,0.92,0.82,0.9,high_value_loyal,0.08,0.92,pro,9124.45,monthly
FAIL_002199,PAY_014027,CUST_0819,SUB_0819,1986.45,2026-03-03,LIMIT_EXCEEDED,PAYMENT_LIMIT,690,20,3,23,0.8696,0.8,0.85,reliable,0.1304,0.8696,growth,1986.45,monthly
FAIL_002200,PAY_014028,CUST_0819,SUB_0819,1986.45,2026-04-02,BANK_DECLINED,ISSUER_DECLINE,690,20,3,23,0.8696,0.8,0.85,reliable,0.1304,0.8696,growth,1986.45,monthly
FAIL_002201,PAY_014032,CUST_0819,SUB_0819,1986.45,2026-07-31,CARD_EXPIRED,PAYMENT_METHOD,690,20,3,23,0.8696,0.8,0.85,reliable,0.1304,0.8696,growth,1986.45,monthly
FAIL_002202,PAY_014046,CUST_0820,SUB_0820,259.64,2026-02-05,INSUFFICIENT_FUNDS,CUSTOMER_FINANCIAL,596,17,2,19,0.8947,0.6,0.6,normal,0.1053,0.8947,starter,259.64,monthly
FAIL_002203,PAY_014047,CUST_0820,SUB_0820,259.64,2026-03-07,INSUFFICIENT_FUNDS,CUSTOMER_FINANCIAL,596,17,2,19,0.8947,0.6,0.6,normal,0.1053,0.8947,starter,259.64,monthly
FAIL_002204,PAY_014057,CUST_0821,SUB_0821,235.88,2026-01-22,LIMIT_EXCEEDED,PAYMENT_LIMIT,370,9,3,12,0.75,0.3,0.25,low_engagement,0.25,0.75,starter,235.88,monthly
FAIL_002205,PAY_014062,CUST_0821,SUB_0821,235.88,2026-06-21,BANK_DECLINED,ISSUER_DECLINE,370,9,3,12,0.75,0.3,0.25,low_engagement,0.25,0.75,starter,235.88,monthly
FAIL_002206,PAY_014079,CUST_0823,SUB_0823,10550.69,2025-06-09,BANK_DECLINED,ISSUER_DECLINE,807,25,1,26,0.9615,0.82,0.9,high_value_loyal,0.0385,0.9615,pro,10550.69,monthly
FAIL_002207,PAY_014085,CUST_0823,SUB_0823,10550.69,2025-12-06,LIMIT_EXCEEDED,PAYMENT_LIMIT,807,25,1,26,0.9615,0.82,0.9,high_value_loyal,0.0385,0.9615,pro,10550.69,monthly
FAIL_002208,PAY_014093,CUST_0824,SUB_0824,311.11,2025-02-28,BANK_DECLINED,ISSUER_DECLINE,548,10,8,18,0.5556,0.3,0.25,low_engagement,0.4444,0.5556,starter,311.11,monthly
FAIL_002209,PAY_014096,CUST_0824,SUB_0824,311.11,2025-05-29,CARD_EXPIRED,PAYMENT_METHOD,548,10,8,18,0.5556,0.3,0.25,low_engagement,0.4444,0.5556,starter,311.11,monthly
FAIL_002210,PAY_014098,CUST_0824,SUB_0824,311.11,2025-07-28,CARD_EXPIRED,PAYMENT_METHOD,548,10,8,18,0.5556,0.3,0.25,low_engagement,0.4444,0.5556,starter,311.11,monthly
FAIL_002211,PAY_014099,CUST_0824,SUB_0824,311.11,2025-08-27,INSUFFICIENT_FUNDS,CUSTOMER_FINANCIAL,548,10,8,18,0.5556,0.3,0.25,low_engagement,0.4444,0.5556,starter,311.11,monthly
FAIL_002212,PAY_014101,CUST_0824,SUB_0824,311.11,2025-10-26,NETWORK_ERROR,TECHNICAL,548,10,8,18,0.5556,0.3,0.25,low_engagement,0.4444,0.5556,starter,311.11,monthly
FAIL_002213,PAY_014105,CUST_0824,SUB_0824,311.11,2026-02-23,AUTHENTICATION_FAILED,CUSTOMER_ACTION,548,10,8,18,0.5556,0.3,0.25,low_engagement,0.4444,0.5556,starter,311.11,monthly
FAIL_002214,PAY_014110,CUST_0824,SUB_0824,311.11,2026-07-23,CARD_EXPIRED,PAYMENT_METHOD,548,10,8,18,0.5556,0.3,0.25,low_engagement,0.4444,0.5556,starter,311.11,monthly
FAIL_002215,PAY_014117,CUST_0825,SUB_0825,8971.98,2025-04-07,INSUFFICIENT_FUNDS,CUSTOMER_FINANCIAL,690,21,2,23,0.913,0.82,0.9,high_value_loyal,0.087,0.913,growth,8971.98,monthly
FAIL_002216,PAY_014118,CUST_0825,SUB_0825,8971.98,2025-05-07,INSUFFICIENT_FUNDS,CUSTOMER_FINANCIAL,690,21,2,23,0.913,0.82,0.9,high_value_loyal,0.087,0.913,growth,8971.98,monthly
FAIL_002217,PAY_014133,CUST_0825,SUB_0825,8971.98,2026-07-31,CARD_EXPIRED,PAYMENT_METHOD,690,21,2,23,0.913,0.82,0.9,high_value_loyal,0.087,0.913,growth,8971.98,monthly
FAIL_002218,PAY_014137,CUST_0827,SUB_0827,768.09,2025-07-01,CARD_EXPIRED,PAYMENT_METHOD,455,11,4,15,0.7333,0.3,0.25,low_engagement,0.2667,0.7333,starter,768.09,monthly
FAIL_002219,PAY_014138,CUST_0827,SUB_0827,768.09,2025-07-31,CARD_EXPIRED,PAYMENT_METHOD,455,11,4,15,0.7333,0.3,0.25,low_engagement,0.2667,0.7333,starter,768.09,monthly
FAIL_002220,PAY_014139,CUST_0827,SUB_0827,768.09,2025-08-30,BANK_DECLINED,ISSUER_DECLINE,455,11,4,15,0.7333,0.3,0.25,low_engagement,0.2667,0.7333,starter,768.09,monthly
FAIL_002221,PAY_014145,CUST_0827,SUB_0827,768.09,2026-02-26,INSUFFICIENT_FUNDS,CUSTOMER_FINANCIAL,455,11,4,15,0.7333,0.3,0.25,low_engagement,0.2667,0.7333,starter,768.09,monthly
FAIL_002222,PAY_014146,CUST_0827,SUB_0827,768.09,2026-03-28,INSUFFICIENT_FUNDS,CUSTOMER_FINANCIAL,455,11,4,15,0.7333,0.3,0.25,low_engagement,0.2667,0.7333,starter,768.09,monthly
FAIL_002223,PAY_014150,CUST_0827,SUB_0827,768.09,2026-07-26,BANK_DECLINED,ISSUER_DECLINE,455,11,4,15,0.7333,0.3,0.25,low_engagement,0.2667,0.7333,starter,768.09,monthly
FAIL_002224,PAY_014160,CUST_0830,SUB_0830,636.05,2024-10-21,BANK_DECLINED,ISSUER_DECLINE,768,23,2,25,0.92,0.3,0.25,low_engagement,0.08,0.92,starter,636.05,monthly
FAIL_002225,PAY_014173,CUST_0830,SUB_0830,636.05,2025-11-15,INSUFFICIENT_FUNDS,CUSTOMER_FINANCIAL,768,23,2,25,0.92,0.3,0.25,low_engagement,0.08,0.92,starter,636.05,monthly
FAIL_002226,PAY_014174,CUST_0830,SUB_0830,636.05,2025-12-15,INSUFFICIENT_FUNDS,CUSTOMER_FINANCIAL,768,23,2,25,0.92,0.3,0.25,low_engagement,0.08,0.92,starter,636.05,monthly
FAIL_002227,PAY_014178,CUST_0830,SUB_0830,636.05,2026-04-14,INSUFFICIENT_FUNDS,CUSTOMER_FINANCIAL,768,23,2,25,0.92,0.3,0.25,low_engagement,0.08,0.92,starter,636.05,monthly
FAIL_002228,PAY_014187,CUST_0831,SUB_0831,5317.8,2025-03-28,BANK_DECLINED,ISSUER_DECLINE,670,20,2,22,0.9091,0.82,0.9,high_value_loyal,0.0909,0.9091,growth,5317.8,monthly
FAIL_002229,PAY_014200,CUST_0831,SUB_0831,5317.8,2026-04-22,NETWORK_ERROR,TECHNICAL,670,20,2,22,0.9091,0.82,0.9,high_value_loyal,0.0909,0.9091,growth,5317.8,monthly
FAIL_002230,PAY_014213,CUST_0832,SUB_0832,2452.06,2025-02-19,BANK_DECLINED,ISSUER_DECLINE,827,21,6,27,0.7778,0.6,0.6,normal,0.2222,0.7778,pro,2452.06,monthly
FAIL_002231,PAY_014216,CUST_0832,SUB_0832,2452.06,2025-05-20,INSUFFICIENT_FUNDS,CUSTOMER_FINANCIAL,827,21,6,27,0.7778,0.6,0.6,normal,0.2222,0.7778,pro,2452.06,monthly
FAIL_002232,PAY_014217,CUST_0832,SUB_0832,2452.06,2025-06-19,BANK_DECLINED,ISSUER_DECLINE,827,21,6,27,0.7778,0.6,0.6,normal,0.2222,0.7778,pro,2452.06,monthly
FAIL_002233,PAY_014219,CUST_0832,SUB_0832,2452.06,2025-08-18,INSUFFICIENT_FUNDS,CUSTOMER_FINANCIAL,827,21,6,27,0.7778,0.6,0.6,normal,0.2222,0.7778,pro,2452.06,monthly
FAIL_002234,PAY_014224,CUST_0832,SUB_0832,2452.06,2026-01-15,BANK_DECLINED,ISSUER_DECLINE,827,21,6,27,0.7778,0.6,0.6,normal,0.2222,0.7778,pro,2452.06,monthly
FAIL_002235,PAY_014227,CUST_0832,SUB_0832,2452.06,2026-04-15,INSUFFICIENT_FUNDS,CUSTOMER_FINANCIAL,827,21,6,27,0.7778,0.6,0.6,normal,0.2222,0.7778,pro,2452.06,monthly
FAIL_002236,PAY_014230,CUST_0832,SUB_0832,2452.06,2026-07-14,BANK_DECLINED,ISSUER_DECLINE,827,21,6,27,0.7778,0.6,0.6,normal,0.2222,0.7778,pro,2452.06,monthly
FAIL_002237,PAY_014241,CUST_0835,SUB_0835,846.73,2024-08-30,INSUFFICIENT_FUNDS,CUSTOMER_FINANCIAL,910,24,6,30,0.8,0.6,0.6,normal,0.2,0.8,growth,846.73,monthly
FAIL_002238,PAY_014244,CUST_0835,SUB_0835,846.73,2024-11-28,BANK_DECLINED,ISSUER_DECLINE,910,24,6,30,0.8,0.6,0.6,normal,0.2,0.8,growth,846.73,monthly
FAIL_002239,PAY_014250,CUST_0835,SUB_0835,846.73,2025-05-27,INSUFFICIENT_FUNDS,CUSTOMER_FINANCIAL,910,24,6,30,0.8,0.6,0.6,normal,0.2,0.8,growth,846.73,monthly
FAIL_002240,PAY_014265,CUST_0836,SUB_0836,468.26,2025-03-27,AUTHENTICATION_FAILED,CUSTOMER_ACTION,521,12,5,17,0.7059,0.35,0.45,friction_prone,0.2941,0.7059,pro,468.26,monthly
FAIL_002241,PAY_014269,CUST_0836,SUB_0836,468.26,2025-07-25,AUTHENTICATION_FAILED,CUSTOMER_ACTION,521,12,5,17,0.7059,0.35,0.45,friction_prone,0.2941,0.7059,pro,468.26,monthly
FAIL_002242,PAY_014271,CUST_0836,SUB_0836,468.26,2025-09-23,LIMIT_EXCEEDED,PAYMENT_LIMIT,521,12,5,17,0.7059,0.35,0.45,friction_prone,0.2941,0.7059,pro,468.26,monthly
FAIL_002243,PAY_014272,CUST_0836,SUB_0836,468.26,2025-10-23,BANK_DECLINED,ISSUER_DECLINE,521,12,5,17,0.7059,0.35,0.45,friction_prone,0.2941,0.7059,pro,468.26,monthly
FAIL_002244,PAY_014274,CUST_0836,SUB_0836,468.26,2025-12-22,INSUFFICIENT_FUNDS,CUSTOMER_FINANCIAL,521,12,5,17,0.7059,0.35,0.45,friction_prone,0.2941,0.7059,pro,468.26,monthly
FAIL_002245,PAY_014278,CUST_0836,SUB_0836,468.26,2026-04-21,INSUFFICIENT_FUNDS,CUSTOMER_FINANCIAL,521,12,5,17,0.7059,0.35,0.45,friction_prone,0.2941,0.7059,pro,468.26,monthly
FAIL_002246,PAY_014279,CUST_0836,SUB_0836,468.26,2026-05-21,INSUFFICIENT_FUNDS,CUSTOMER_FINANCIAL,521,12,5,17,0.7059,0.35,0.45,friction_prone,0.2941,0.7059,pro,468.26,monthly
FAIL_002247,PAY_014290,CUST_0838,SUB_0838,367.08,2025-01-31,INSUFFICIENT_FUNDS,CUSTOMER_FINANCIAL,636,19,2,21,0.9048,0.6,0.6,normal,0.0952,0.9048,growth,367.08,monthly
FAIL_002248,PAY_014298,CUST_0838,SUB_0838,367.08,2025-09-28,BANK_DECLINED,ISSUER_DECLINE,636,19,2,21,0.9048,0.6,0.6,normal,0.0952,0.9048,growth,367.08,monthly
FAIL_002249,PAY_014309,CUST_0839,SUB_0839,1630.84,2024-12-30,INSUFFICIENT_FUNDS,CUSTOMER_FINANCIAL,608,19,1,20,0.95,0.8,0.85,reliable,0.05,0.95,starter,1630.84,monthly
FAIL_002250,PAY_014315,CUST_0839,SUB_0839,1630.84,2025-06-28,BANK_DECLINED,ISSUER_DECLINE,608,19,1,20,0.95,0.8,0.85,reliable,0.05,0.95,starter,1630.84,monthly
FAIL_002251,PAY_014362,CUST_0841,SUB_0841,609.78,2025-04-20,BANK_DECLINED,ISSUER_DECLINE,617,13,7,20,0.65,0.35,0.45,friction_prone,0.35,0.65,pro,609.78,monthly
FAIL_002252,PAY_014363,CUST_0841,SUB_0841,609.78,2025-05-20,BANK_DECLINED,ISSUER_DECLINE,617,13,7,20,0.65,0.35,0.45,friction_prone,0.35,0.65,pro,609.78,monthly
FAIL_002253,PAY_014364,CUST_0841,SUB_0841,609.78,2025-06-19,INSUFFICIENT_FUNDS,CUSTOMER_FINANCIAL,617,13,7,20,0.65,0.35,0.45,friction_prone,0.35,0.65,pro,609.78,monthly
FAIL_002254,PAY_014369,CUST_0841,SUB_0841,609.78,2025-11-16,INSUFFICIENT_FUNDS,CUSTOMER_FINANCIAL,617,13,7,20,0.65,0.35,0.45,friction_prone,0.35,0.65,pro,609.78,monthly
FAIL_002255,PAY_014372,CUST_0841,SUB_0841,609.78,2026-02-14,INSUFFICIENT_FUNDS,CUSTOMER_FINANCIAL,617,13,7,20,0.65,0.35,0.45,friction_prone,0.35,0.65,pro,609.78,monthly
FAIL_002256,PAY_014380,CUST_0842,SUB_0842,5745.9,2025-09-03,NETWORK_ERROR,TECHNICAL,421,12,2,14,0.8571,0.82,0.9,high_value_loyal,0.1429,0.8571,pro,5745.9,monthly
FAIL_002257,PAY_014385,CUST_0842,SUB_0842,5745.9,2026-01-31,NETWORK_ERROR,TECHNICAL,421,12,2,14,0.8571,0.82,0.9,high_value_loyal,0.1429,0.8571,pro,5745.9,monthly
FAIL_002258,PAY_014387,CUST_0842,SUB_0842,5745.9,2026-04-01,INSUFFICIENT_FUNDS,CUSTOMER_FINANCIAL,421,12,2,14,0.8571,0.82,0.9,high_value_loyal,0.1429,0.8571,pro,5745.9,monthly
FAIL_002259,PAY_014390,CUST_0842,SUB_0842,5745.9,2026-06-30,INSUFFICIENT_FUNDS,CUSTOMER_FINANCIAL,421,12,2,14,0.8571,0.82,0.9,high_value_loyal,0.1429,0.8571,pro,5745.9,monthly
FAIL_002260,PAY_014391,CUST_0842,SUB_0842,5745.9,2026-07-30,BANK_DECLINED,ISSUER_DECLINE,421,12,2,14,0.8571,0.82,0.9,high_value_loyal,0.1429,0.8571,pro,5745.9,monthly
FAIL_002261,PAY_014392,CUST_0843,SUB_0843,638.25,2024-09-14,LIMIT_EXCEEDED,PAYMENT_LIMIT,715,15,8,23,0.6522,0.3,0.25,low_engagement,0.3478,0.6522,starter,638.25,monthly
FAIL_002262,PAY_014394,CUST_0843,SUB_0843,638.25,2024-11-13,BANK_DECLINED,ISSUER_DECLINE,715,15,8,23,0.6522,0.3,0.25,low_engagement,0.3478,0.6522,starter,638.25,monthly
FAIL_002263,PAY_014395,CUST_0843,SUB_0843,638.25,2024-12-13,NETWORK_ERROR,TECHNICAL,715,15,8,23,0.6522,0.3,0.25,low_engagement,0.3478,0.6522,starter,638.25,monthly
FAIL_002264,PAY_014397,CUST_0843,SUB_0843,638.25,2025-02-11,AUTHENTICATION_FAILED,CUSTOMER_ACTION,715,15,8,23,0.6522,0.3,0.25,low_engagement,0.3478,0.6522,starter,638.25,monthly
FAIL_002265,PAY_014399,CUST_0843,SUB_0843,638.25,2025-04-12,BANK_DECLINED,ISSUER_DECLINE,715,15,8,23,0.6522,0.3,0.25,low_engagement,0.3478,0.6522,starter,638.25,monthly
FAIL_002266,PAY_014401,CUST_0843,SUB_0843,638.25,2025-06-11,BANK_DECLINED,ISSUER_DECLINE,715,15,8,23,0.6522,0.3,0.25,low_engagement,0.3478,0.6522,starter,638.25,monthly
FAIL_002267,PAY_014408,CUST_0843,SUB_0843,638.25,2026-01-07,AUTHENTICATION_FAILED,CUSTOMER_ACTION,715,15,8,23,0.6522,0.3,0.25,low_engagement,0.3478,0.6522,starter,638.25,monthly
FAIL_002268,PAY_014410,CUST_0843,SUB_0843,638.25,2026-03-08,AUTHENTICATION_FAILED,CUSTOMER_ACTION,715,15,8,23,0.6522,0.3,0.25,low_engagement,0.3478,0.6522,starter,638.25,monthly
FAIL_002269,PAY_014413,CUST_0843,SUB_0843,638.25,2026-06-06,LIMIT_EXCEEDED,PAYMENT_LIMIT,715,15,8,23,0.6522,0.3,0.25,low_engagement,0.3478,0.6522,starter,638.25,monthly
FAIL_002270,PAY_014414,CUST_0843,SUB_0843,638.25,2026-07-06,INSUFFICIENT_FUNDS,CUSTOMER_FINANCIAL,715,15,8,23,0.6522,0.3,0.25,low_engagement,0.3478,0.6522,starter,638.25,monthly
FAIL_002271,PAY_014415,CUST_0844,SUB_0844,471.41,2026-04-25,INSUFFICIENT_FUNDS,CUSTOMER_FINANCIAL,127,1,3,4,0.25,0.35,0.45,friction_prone,0.75,0.25,pro,471.41,monthly
FAIL_002272,PAY_014416,CUST_0844,SUB_0844,471.41,2026-05-25,LIMIT_EXCEEDED,PAYMENT_LIMIT,127,1,3,4,0.25,0.35,0.45,friction_prone,0.75,0.25,pro,471.41,monthly
FAIL_002273,PAY_014417,CUST_0844,SUB_0844,471.41,2026-06-24,INSUFFICIENT_FUNDS,CUSTOMER_FINANCIAL,127,1,3,4,0.25,0.35,0.45,friction_prone,0.75,0.25,pro,471.41,monthly
FAIL_002274,PAY_014418,CUST_0844,SUB_0844,471.41,2026-07-24,INSUFFICIENT_FUNDS,CUSTOMER_FINANCIAL,127,1,3,4,0.25,0.35,0.45,friction_prone,0.75,0.25,pro,471.41,monthly
FAIL_002275,PAY_014419,CUST_0845,SUB_0845,1868.13,2025-07-18,LIMIT_EXCEEDED,PAYMENT_LIMIT,408,10,3,13,0.7692,0.6,0.6,normal,0.2308,0.7692,growth,1868.13,monthly
FAIL_002276,PAY_014421,CUST_0845,SUB_0845,1868.13,2025-09-16,LIMIT_EXCEEDED,PAYMENT_LIMIT,408,10,3,13,0.7692,0.6,0.6,normal,0.2308,0.7692,growth,1868.13,monthly
FAIL_002277,PAY_014430,CUST_0845,SUB_0845,1868.13,2026-06-13,INSUFFICIENT_FUNDS,CUSTOMER_FINANCIAL,408,10,3,13,0.7692,0.6,0.6,normal,0.2308,0.7692,growth,1868.13,monthly
FAIL_002278,PAY_014432,CUST_0846,SUB_0846,518.72,2025-10-08,CARD_EXPIRED,PAYMENT_METHOD,326,4,6,10,0.4,0.3,0.25,low_engagement,0.6,0.4,starter,518.72,monthly
FAIL_002279,PAY_014434,CUST_0846,SUB_0846,518.72,2025-12-07,BANK_DECLINED,ISSUER_DECLINE,326,4,6,10,0.4,0.3,0.25,low_engagement,0.6,0.4,starter,518.72,monthly
FAIL_002280,PAY_014435,CUST_0846,SUB_0846,518.72,2026-01-06,NETWORK_ERROR,TECHNICAL,326,4,6,10,0.4,0.3,0.25,low_engagement,0.6,0.4,starter,518.72,monthly
FAIL_002281,PAY_014437,CUST_0846,SUB_0846,518.72,2026-03-07,INSUFFICIENT_FUNDS,CUSTOMER_FINANCIAL,326,4,6,10,0.4,0.3,0.25,low_engagement,0.6,0.4,starter,518.72,monthly
FAIL_002282,PAY_014438,CUST_0846,SUB_0846,518.72,2026-04-06,BANK_DECLINED,ISSUER_DECLINE,326,4,6,10,0.4,0.3,0.25,low_engagement,0.6,0.4,starter,518.72,monthly
FAIL_002283,PAY_014439,CUST_0846,SUB_0846,518.72,2026-05-06,AUTHENTICATION_FAILED,CUSTOMER_ACTION,326,4,6,10,0.4,0.3,0.25,low_engagement,0.6,0.4,starter,518.72,monthly
FAIL_002284,PAY_014441,CUST_0846,SUB_0846,518.72,2026-07-05,BANK_DECLINED,ISSUER_DECLINE,326,4,6,10,0.4,0.3,0.25,low_engagement,0.6,0.4,starter,518.72,monthly
FAIL_002285,PAY_014445,CUST_0847,SUB_0847,2483.09,2025-05-13,INSUFFICIENT_FUNDS,CUSTOMER_FINANCIAL,564,14,4,18,0.7778,0.35,0.45,friction_prone,0.2222,0.7778,pro,2483.09,monthly
FAIL_002286,PAY_014447,CUST_0847,SUB_0847,2483.09,2025-07-12,BANK_DECLINED,ISSUER_DECLINE,564,14,4,18,0.7778,0.35,0.45,friction_prone,0.2222,0.7778,pro,2483.09,monthly
FAIL_002287,PAY_014449,CUST_0847,SUB_0847,2483.09,2025-09-10,BANK_DECLINED,ISSUER_DECLINE,564,14,4,18,0.7778,0.35,0.45,friction_prone,0.2222,0.7778,pro,2483.09,monthly
FAIL_002288,PAY_014450,CUST_0847,SUB_0847,2483.09,2025-10-10,BANK_DECLINED,ISSUER_DECLINE,564,14,4,18,0.7778,0.35,0.45,friction_prone,0.2222,0.7778,pro,2483.09,monthly
FAIL_002289,PAY_014452,CUST_0847,SUB_0847,2483.09,2025-12-09,NETWORK_ERROR,TECHNICAL,564,14,4,18,0.7778,0.35,0.45,friction_prone,0.2222,0.7778,pro,2483.09,monthly
FAIL_002290,PAY_014458,CUST_0847,SUB_0847,2483.09,2026-06-07,BANK_DECLINED,ISSUER_DECLINE,564,14,4,18,0.7778,0.35,0.45,friction_prone,0.2222,0.7778,pro,2483.09,monthly
FAIL_002291,PAY_014463,CUST_0848,SUB_0848,9033.52,2026-07-28,LIMIT_EXCEEDED,PAYMENT_LIMIT,123,3,1,4,0.75,0.82,0.9,high_value_loyal,0.25,0.75,pro,9033.52,monthly
FAIL_002292,PAY_014464,CUST_0849,SUB_0849,951.12,2025-10-28,BANK_DECLINED,ISSUER_DECLINE,306,6,4,10,0.6,0.3,0.25,low_engagement,0.4,0.6,growth,951.12,monthly
FAIL_002293,PAY_014465,CUST_0849,SUB_0849,951.12,2025-11-27,CARD_EXPIRED,PAYMENT_METHOD,306,6,4,10,0.6,0.3,0.25,low_engagement,0.4,0.6,growth,951.12,monthly
FAIL_002294,PAY_014467,CUST_0849,SUB_0849,951.12,2026-01-26,BANK_DECLINED,ISSUER_DECLINE,306,6,4,10,0.6,0.3,0.25,low_engagement,0.4,0.6,growth,951.12,monthly
FAIL_002295,PAY_014468,CUST_0849,SUB_0849,951.12,2026-02-25,INSUFFICIENT_FUNDS,CUSTOMER_FINANCIAL,306,6,4,10,0.6,0.3,0.25,low_engagement,0.4,0.6,growth,951.12,monthly
FAIL_002296,PAY_014469,CUST_0849,SUB_0849,951.12,2026-03-27,CARD_EXPIRED,PAYMENT_METHOD,306,6,4,10,0.6,0.3,0.25,low_engagement,0.4,0.6,growth,951.12,monthly
FAIL_002297,PAY_014485,CUST_0851,SUB_0851,741.13,2025-04-18,CARD_EXPIRED,PAYMENT_METHOD,529,12,5,17,0.7059,0.6,0.6,normal,0.2941,0.7059,starter,741.13,monthly
FAIL_002298,PAY_014489,CUST_0851,SUB_0851,741.13,2025-08-16,CARD_EXPIRED,PAYMENT_METHOD,529,12,5,17,0.7059,0.6,0.6,normal,0.2941,0.7059,starter,741.13,monthly
FAIL_002299,PAY_014496,CUST_0851,SUB_0851,741.13,2026-03-14,BANK_DECLINED,ISSUER_DECLINE,529,12,5,17,0.7059,0.6,0.6,normal,0.2941,0.7059,starter,741.13,monthly
FAIL_002300,PAY_014497,CUST_0851,SUB_0851,741.13,2026-04-13,BANK_DECLINED,ISSUER_DECLINE,529,12,5,17,0.7059,0.6,0.6,normal,0.2941,0.7059,starter,741.13,monthly
FAIL_002301,PAY_014499,CUST_0851,SUB_0851,741.13,2026-06-12,NETWORK_ERROR,TECHNICAL,529,12,5,17,0.7059,0.6,0.6,normal,0.2941,0.7059,starter,741.13,monthly
FAIL_002302,PAY_014500,CUST_0851,SUB_0851,741.13,2026-07-12,INSUFFICIENT_FUNDS,CUSTOMER_FINANCIAL,529,12,5,17,0.7059,0.6,0.6,normal,0.2941,0.7059,starter,741.13,monthly
FAIL_002303,PAY_014521,CUST_0853,SUB_0853,256.05,2025-01-09,CARD_EXPIRED,PAYMENT_METHOD,808,20,6,26,0.7692,0.3,0.25,low_engagement,0.2308,0.7692,starter,256.05,monthly
FAIL_002304,PAY_014523,CUST_0853,SUB_0853,256.05,2025-03-10,CARD_EXPIRED,PAYMENT_METHOD,808,20,6,26,0.7692,0.3,0.25,low_engagement,0.2308,0.7692,starter,256.05,monthly
FAIL_002305,PAY_014525,CUST_0853,SUB_0853,256.05,2025-05-09,CARD_EXPIRED,PAYMENT_METHOD,808,20,6,26,0.7692,0.3,0.25,low_engagement,0.2308,0.7692,starter,256.05,monthly
FAIL_002306,PAY_014529,CUST_0853,SUB_0853,256.05,2025-09-06,INSUFFICIENT_FUNDS,CUSTOMER_FINANCIAL,808,20,6,26,0.7692,0.3,0.25,low_engagement,0.2308,0.7692,starter,256.05,monthly
FAIL_002307,PAY_014535,CUST_0853,SUB_0853,256.05,2026-03-05,LIMIT_EXCEEDED,PAYMENT_LIMIT,808,20,6,26,0.7692,0.3,0.25,low_engagement,0.2308,0.7692,starter,256.05,monthly
FAIL_002308,PAY_014539,CUST_0853,SUB_0853,256.05,2026-07-03,BANK_DECLINED,ISSUER_DECLINE,808,20,6,26,0.7692,0.3,0.25,low_engagement,0.2308,0.7692,starter,256.05,monthly
FAIL_002309,PAY_014540,CUST_0854,SUB_0854,272.78,2024-01-26,BANK_DECLINED,ISSUER_DECLINE,947,24,7,31,0.7742,0.3,0.25,low_engagement,0.2258,0.7742,starter,272.78,monthly
FAIL_002310,PAY_014541,CUST_0854,SUB_0854,272.78,2024-02-25,NETWORK_ERROR,TECHNICAL,947,24,7,31,0.7742,0.3,0.25,low_engagement,0.2258,0.7742,starter,272.78,monthly
FAIL_002311,PAY_014548,CUST_0854,SUB_0854,272.78,2024-09-22,AUTHENTICATION_FAILED,CUSTOMER_ACTION,947,24,7,31,0.7742,0.3,0.25,low_engagement,0.2258,0.7742,starter,272.78,monthly
FAIL_002312,PAY_014553,CUST_0854,SUB_0854,272.78,2025-02-19,CARD_EXPIRED,PAYMENT_METHOD,947,24,7,31,0.7742,0.3,0.25,low_engagement,0.2258,0.7742,starter,272.78,monthly
FAIL_002313,PAY_014558,CUST_0854,SUB_0854,272.78,2025-07-19,NETWORK_ERROR,TECHNICAL,947,24,7,31,0.7742,0.3,0.25,low_engagement,0.2258,0.7742,starter,272.78,monthly
FAIL_002314,PAY_014561,CUST_0854,SUB_0854,272.78,2025-10-17,CARD_EXPIRED,PAYMENT_METHOD,947,24,7,31,0.7742,0.3,0.25,low_engagement,0.2258,0.7742,starter,272.78,monthly
FAIL_002315,PAY_014562,CUST_0854,SUB_0854,272.78,2025-11-16,BANK_DECLINED,ISSUER_DECLINE,947,24,7,31,0.7742,0.3,0.25,low_engagement,0.2258,0.7742,starter,272.78,monthly
FAIL_002316,PAY_014565,CUST_0854,SUB_0854,272.78,2026-02-14,AUTHENTICATION_FAILED,CUSTOMER_ACTION,947,24,7,31,0.7742,0.3,0.25,low_engagement,0.2258,0.7742,starter,272.78,monthly
FAIL_002317,PAY_014574,CUST_0855,SUB_0855,904.36,2026-01-22,BANK_DECLINED,ISSUER_DECLINE,310,6,4,10,0.6,0.35,0.45,friction_prone,0.4,0.6,growth,904.36,monthly
FAIL_002318,PAY_014577,CUST_0855,SUB_0855,904.36,2026-04-22,BANK_DECLINED,ISSUER_DECLINE,310,6,4,10,0.6,0.35,0.45,friction_prone,0.4,0.6,growth,904.36,monthly
FAIL_002319,PAY_014579,CUST_0855,SUB_0855,904.36,2026-06-21,INSUFFICIENT_FUNDS,CUSTOMER_FINANCIAL,310,6,4,10,0.6,0.35,0.45,friction_prone,0.4,0.6,growth,904.36,monthly
FAIL_002320,PAY_014580,CUST_0855,SUB_0855,904.36,2026-07-21,NETWORK_ERROR,TECHNICAL,310,6,4,10,0.6,0.35,0.45,friction_prone,0.4,0.6,growth,904.36,monthly
FAIL_002321,PAY_014590,CUST_0856,SUB_0856,598.61,2025-10-23,CARD_EXPIRED,PAYMENT_METHOD,581,16,3,19,0.8421,0.3,0.25,low_engagement,0.1579,0.8421,growth,598.61,monthly
FAIL_002322,PAY_014600,CUST_0857,SUB_0857,436.65,2025-05-25,BANK_DECLINED,ISSUER_DECLINE,462,11,4,15,0.7333,0.3,0.25,low_engagement,0.2667,0.7333,starter,436.65,monthly
FAIL_002323,PAY_014601,CUST_0857,SUB_0857,436.65,2025-06-24,CARD_EXPIRED,PAYMENT_METHOD,462,11,4,15,0.7333,0.3,0.25,low_engagement,0.2667,0.7333,starter,436.65,monthly
FAIL_002324,PAY_014605,CUST_0857,SUB_0857,436.65,2025-10-22,INSUFFICIENT_FUNDS,CUSTOMER_FINANCIAL,462,11,4,15,0.7333,0.3,0.25,low_engagement,0.2667,0.7333,starter,436.65,monthly
FAIL_002325,PAY_014607,CUST_0857,SUB_0857,436.65,2025-12-21,LIMIT_EXCEEDED,PAYMENT_LIMIT,462,11,4,15,0.7333,0.3,0.25,low_engagement,0.2667,0.7333,starter,436.65,monthly
FAIL_002326,PAY_014610,CUST_0857,SUB_0857,436.65,2026-03-21,CARD_EXPIRED,PAYMENT_METHOD,462,11,4,15,0.7333,0.3,0.25,low_engagement,0.2667,0.7333,starter,436.65,monthly
FAIL_002327,PAY_014611,CUST_0857,SUB_0857,436.65,2026-04-20,BANK_DECLINED,ISSUER_DECLINE,462,11,4,15,0.7333,0.3,0.25,low_engagement,0.2667,0.7333,starter,436.65,monthly
FAIL_002328,PAY_014614,CUST_0857,SUB_0857,436.65,2026-07-19,CARD_EXPIRED,PAYMENT_METHOD,462,11,4,15,0.7333,0.3,0.25,low_engagement,0.2667,0.7333,starter,436.65,monthly
FAIL_002329,PAY_014628,CUST_0860,SUB_0860,399.54,2024-04-26,LIMIT_EXCEEDED,PAYMENT_LIMIT,856,21,7,28,0.75,0.3,0.25,low_engagement,0.25,0.75,starter,399.54,monthly
FAIL_002330,PAY_014630,CUST_0860,SUB_0860,399.54,2024-06-25,BANK_DECLINED,ISSUER_DECLINE,856,21,7,28,0.75,0.3,0.25,low_engagement,0.25,0.75,starter,399.54,monthly
FAIL_002331,PAY_014665,CUST_0862,SUB_0862,1374.15,2024-06-05,INSUFFICIENT_FUNDS,CUSTOMER_FINANCIAL,816,19,8,27,0.7037,0.35,0.45,friction_prone,0.2963,0.7037,growth,1374.15,monthly
FAIL_002332,PAY_014668,CUST_0862,SUB_0862,1374.15,2024-09-03,INSUFFICIENT_FUNDS,CUSTOMER_FINANCIAL,816,19,8,27,0.7037,0.35,0.45,friction_prone,0.2963,0.7037,growth,1374.15,monthly
FAIL_002333,PAY_014672,CUST_0862,SUB_0862,1374.15,2025-01-01,BANK_DECLINED,ISSUER_DECLINE,816,19,8,27,0.7037,0.35,0.45,friction_prone,0.2963,0.7037,growth,1374.15,monthly
FAIL_002334,PAY_014673,CUST_0862,SUB_0862,1374.15,2025-01-31,BANK_DECLINED,ISSUER_DECLINE,816,19,8,27,0.7037,0.35,0.45,friction_prone,0.2963,0.7037,growth,1374.15,monthly
FAIL_002335,PAY_014680,CUST_0862,SUB_0862,1374.15,2025-08-29,BANK_DECLINED,ISSUER_DECLINE,816,19,8,27,0.7037,0.35,0.45,friction_prone,0.2963,0.7037,growth,1374.15,monthly
FAIL_002336,PAY_014687,CUST_0862,SUB_0862,1374.15,2026-03-27,BANK_DECLINED,ISSUER_DECLINE,816,19,8,27,0.7037,0.35,0.45,friction_prone,0.2963,0.7037,growth,1374.15,monthly
FAIL_002337,PAY_014689,CUST_0862,SUB_0862,1374.15,2026-05-26,BANK_DECLINED,ISSUER_DECLINE,816,19,8,27,0.7037,0.35,0.45,friction_prone,0.2963,0.7037,growth,1374.15,monthly
FAIL_002338,PAY_014691,CUST_0862,SUB_0862,1374.15,2026-07-25,INSUFFICIENT_FUNDS,CUSTOMER_FINANCIAL,816,19,8,27,0.7037,0.35,0.45,friction_prone,0.2963,0.7037,growth,1374.15,monthly
FAIL_002339,PAY_014722,CUST_0863,SUB_0863,9301.15,2026-07-29,AUTHENTICATION_FAILED,CUSTOMER_ACTION,932,28,3,31,0.9032,0.82,0.9,high_value_loyal,0.0968,0.9032,pro,9301.15,monthly
FAIL_002340,PAY_014735,CUST_0864,SUB_0864,9370.08,2024-12-15,NETWORK_ERROR,TECHNICAL,983,30,2,32,0.9375,0.82,0.9,high_value_loyal,0.0625,0.9375,growth,9370.08,monthly
FAIL_002341,PAY_014753,CUST_0864,SUB_0864,9370.08,2026-06-08,BANK_DECLINED,ISSUER_DECLINE,983,30,2,32,0.9375,0.82,0.9,high_value_loyal,0.0625,0.9375,growth,9370.08,monthly
FAIL_002342,PAY_014755,CUST_0865,SUB_0865,1983.69,2025-03-03,INSUFFICIENT_FUNDS,CUSTOMER_FINANCIAL,545,14,4,18,0.7778,0.6,0.6,normal,0.2222,0.7778,pro,1983.69,monthly
FAIL_002343,PAY_014757,CUST_0865,SUB_0865,1983.69,2025-05-02,INSUFFICIENT_FUNDS,CUSTOMER_FINANCIAL,545,14,4,18,0.7778,0.6,0.6,normal,0.2222,0.7778,pro,1983.69,monthly
FAIL_002344,PAY_014763,CUST_0865,SUB_0865,1983.69,2025-10-29,INSUFFICIENT_FUNDS,CUSTOMER_FINANCIAL,545,14,4,18,0.7778,0.6,0.6,normal,0.2222,0.7778,pro,1983.69,monthly
FAIL_002345,PAY_014765,CUST_0865,SUB_0865,1983.69,2025-12-28,BANK_DECLINED,ISSUER_DECLINE,545,14,4,18,0.7778,0.6,0.6,normal,0.2222,0.7778,pro,1983.69,monthly
FAIL_002346,PAY_014769,CUST_0865,SUB_0865,1983.69,2026-04-27,LIMIT_EXCEEDED,PAYMENT_LIMIT,545,14,4,18,0.7778,0.6,0.6,normal,0.2222,0.7778,pro,1983.69,monthly
FAIL_002347,PAY_014780,CUST_0866,SUB_0866,1434.91,2024-12-30,INSUFFICIENT_FUNDS,CUSTOMER_FINANCIAL,818,17,10,27,0.6296,0.35,0.45,friction_prone,0.3704,0.6296,pro,1434.91,monthly
FAIL_002348,PAY_014781,CUST_0866,SUB_0866,1434.91,2025-01-29,AUTHENTICATION_FAILED,CUSTOMER_ACTION,818,17,10,27,0.6296,0.35,0.45,friction_prone,0.3704,0.6296,pro,1434.91,monthly
FAIL_002349,PAY_014786,CUST_0866,SUB_0866,1434.91,2025-06-28,INSUFFICIENT_FUNDS,CUSTOMER_FINANCIAL,818,17,10,27,0.6296,0.35,0.45,friction_prone,0.3704,0.6296,pro,1434.91,monthly
FAIL_002350,PAY_014792,CUST_0866,SUB_0866,1434.91,2025-12-25,INSUFFICIENT_FUNDS,CUSTOMER_FINANCIAL,818,17,10,27,0.6296,0.35,0.45,friction_prone,0.3704,0.6296,pro,1434.91,monthly
FAIL_002351,PAY_014793,CUST_0866,SUB_0866,1434.91,2026-01-24,BANK_DECLINED,ISSUER_DECLINE,818,17,10,27,0.6296,0.35,0.45,friction_prone,0.3704,0.6296,pro,1434.91,monthly
FAIL_002352,PAY_014794,CUST_0866,SUB_0866,1434.91,2026-02-23,INSUFFICIENT_FUNDS,CUSTOMER_FINANCIAL,818,17,10,27,0.6296,0.35,0.45,friction_prone,0.3704,0.6296,pro,1434.91,monthly
FAIL_002353,PAY_014795,CUST_0866,SUB_0866,1434.91,2026-03-25,BANK_DECLINED,ISSUER_DECLINE,818,17,10,27,0.6296,0.35,0.45,friction_prone,0.3704,0.6296,pro,1434.91,monthly
FAIL_002354,PAY_014796,CUST_0866,SUB_0866,1434.91,2026-04-24,BANK_DECLINED,ISSUER_DECLINE,818,17,10,27,0.6296,0.35,0.45,friction_prone,0.3704,0.6296,pro,1434.91,monthly
FAIL_002355,PAY_014799,CUST_0866,SUB_0866,1434.91,2026-07-23,BANK_DECLINED,ISSUER_DECLINE,818,17,10,27,0.6296,0.35,0.45,friction_prone,0.3704,0.6296,pro,1434.91,monthly
FAIL_002356,PAY_014806,CUST_0867,SUB_0867,2055.45,2024-10-03,NETWORK_ERROR,TECHNICAL,876,25,4,29,0.8621,0.6,0.6,normal,0.1379,0.8621,growth,2055.45,monthly
FAIL_002357,PAY_014807,CUST_0867,SUB_0867,2055.45,2024-11-02,INSUFFICIENT_FUNDS,CUSTOMER_FINANCIAL,876,25,4,29,0.8621,0.6,0.6,normal,0.1379,0.8621,growth,2055.45,monthly
FAIL_002358,PAY_014811,CUST_0867,SUB_0867,2055.45,2025-03-02,INSUFFICIENT_FUNDS,CUSTOMER_FINANCIAL,876,25,4,29,0.8621,0.6,0.6,normal,0.1379,0.8621,growth,2055.45,monthly
FAIL_002359,PAY_014818,CUST_0867,SUB_0867,2055.45,2025-09-28,CARD_EXPIRED,PAYMENT_METHOD,876,25,4,29,0.8621,0.6,0.6,normal,0.1379,0.8621,growth,2055.45,monthly
FAIL_002360,PAY_014825,CUST_0867,SUB_0867,2055.45,2026-04-26,INSUFFICIENT_FUNDS,CUSTOMER_FINANCIAL,876,25,4,29,0.8621,0.6,0.6,normal,0.1379,0.8621,growth,2055.45,monthly
FAIL_002361,PAY_014833,CUST_0868,SUB_0868,848.64,2026-03-06,CARD_EXPIRED,PAYMENT_METHOD,297,7,2,9,0.7778,0.35,0.45,friction_prone,0.2222,0.7778,starter,848.64,monthly
FAIL_002362,PAY_014852,CUST_0870,SUB_0870,1325.33,2025-11-04,NETWORK_ERROR,TECHNICAL,689,19,3,22,0.8636,0.6,0.6,normal,0.1364,0.8636,growth,1325.33,monthly
FAIL_002363,PAY_014860,CUST_0870,SUB_0870,1325.33,2026-07-02,NETWORK_ERROR,TECHNICAL,689,19,3,22,0.8636,0.6,0.6,normal,0.1364,0.8636,growth,1325.33,monthly
FAIL_002364,PAY_014874,CUST_0872,SUB_0872,471.51,2025-02-02,INSUFFICIENT_FUNDS,CUSTOMER_FINANCIAL,694,18,5,23,0.7826,0.3,0.25,low_engagement,0.2174,0.7826,growth,471.51,monthly
FAIL_002365,PAY_014883,CUST_0872,SUB_0872,471.51,2025-10-30,LIMIT_EXCEEDED,PAYMENT_LIMIT,694,18,5,23,0.7826,0.3,0.25,low_engagement,0.2174,0.7826,growth,471.51,monthly
FAIL_002366,PAY_014887,CUST_0872,SUB_0872,471.51,2026-02-27,INSUFFICIENT_FUNDS,CUSTOMER_FINANCIAL,694,18,5,23,0.7826,0.3,0.25,low_engagement,0.2174,0.7826,growth,471.51,monthly
FAIL_002367,PAY_014889,CUST_0872,SUB_0872,471.51,2026-04-28,INSUFFICIENT_FUNDS,CUSTOMER_FINANCIAL,694,18,5,23,0.7826,0.3,0.25,low_engagement,0.2174,0.7826,growth,471.51,monthly
FAIL_002368,PAY_014898,CUST_0873,SUB_0873,560.51,2026-07-02,INSUFFICIENT_FUNDS,CUSTOMER_FINANCIAL,209,5,1,6,0.8333,0.6,0.6,normal,0.1667,0.8333,pro,560.51,monthly
FAIL_002369,PAY_014900,CUST_0874,SUB_0874,763.19,2024-04-21,NETWORK_ERROR,TECHNICAL,891,23,6,29,0.7931,0.3,0.25,low_engagement,0.2069,0.7931,growth,763.19,monthly
FAIL_002370,PAY_014905,CUST_0874,SUB_0874,763.19,2024-09-18,LIMIT_EXCEEDED,PAYMENT_LIMIT,891,23,6,29,0.7931,0.3,0.25,low_engagement,0.2069,0.7931,growth,763.19,monthly
FAIL_002371,PAY_014908,CUST_0874,SUB_0874,763.19,2024-12-17,INSUFFICIENT_FUNDS,CUSTOMER_FINANCIAL,891,23,6,29,0.7931,0.3,0.25,low_engagement,0.2069,0.7931,growth,763.19,monthly
FAIL_002372,PAY_014910,CUST_0874,SUB_0874,763.19,2025-02-15,BANK_DECLINED,ISSUER_DECLINE,891,23,6,29,0.7931,0.3,0.25,low_engagement,0.2069,0.7931,growth,763.19,monthly
FAIL_002373,PAY_014911,CUST_0874,SUB_0874,763.19,2025-03-17,INSUFFICIENT_FUNDS,CUSTOMER_FINANCIAL,891,23,6,29,0.7931,0.3,0.25,low_engagement,0.2069,0.7931,growth,763.19,monthly
FAIL_002374,PAY_014913,CUST_0874,SUB_0874,763.19,2025-05-16,CARD_EXPIRED,PAYMENT_METHOD,891,23,6,29,0.7931,0.3,0.25,low_engagement,0.2069,0.7931,growth,763.19,monthly
FAIL_002375,PAY_014917,CUST_0874,SUB_0874,763.19,2025-09-13,BANK_DECLINED,ISSUER_DECLINE,891,23,6,29,0.7931,0.3,0.25,low_engagement,0.2069,0.7931,growth,763.19,monthly
FAIL_002376,PAY_014918,CUST_0874,SUB_0874,763.19,2025-10-13,INSUFFICIENT_FUNDS,CUSTOMER_FINANCIAL,891,23,6,29,0.7931,0.3,0.25,low_engagement,0.2069,0.7931,growth,763.19,monthly
FAIL_002377,PAY_014922,CUST_0874,SUB_0874,763.19,2026-02-10,NETWORK_ERROR,TECHNICAL,891,23,6,29,0.7931,0.3,0.25,low_engagement,0.2069,0.7931,growth,763.19,monthly
FAIL_002378,PAY_014923,CUST_0874,SUB_0874,763.19,2026-03-12,INSUFFICIENT_FUNDS,CUSTOMER_FINANCIAL,891,23,6,29,0.7931,0.3,0.25,low_engagement,0.2069,0.7931,growth,763.19,monthly
FAIL_002379,PAY_014928,CUST_0875,SUB_0875,1152.64,2024-03-31,BANK_DECLINED,ISSUER_DECLINE,882,16,13,29,0.5517,0.35,0.45,friction_prone,0.4483,0.5517,pro,1152.64,monthly
FAIL_002380,PAY_014929,CUST_0875,SUB_0875,1152.64,2024-04-30,INSUFFICIENT_FUNDS,CUSTOMER_FINANCIAL,882,16,13,29,0.5517,0.35,0.45,friction_prone,0.4483,0.5517,pro,1152.64,monthly
FAIL_002381,PAY_014933,CUST_0875,SUB_0875,1152.64,2024-08-28,NETWORK_ERROR,TECHNICAL,882,16,13,29,0.5517,0.35,0.45,friction_prone,0.4483,0.5517,pro,1152.64,monthly
FAIL_002382,PAY_014935,CUST_0875,SUB_0875,1152.64,2024-10-27,INSUFFICIENT_FUNDS,CUSTOMER_FINANCIAL,882,16,13,29,0.5517,0.35,0.45,friction_prone,0.4483,0.5517,pro,1152.64,monthly
FAIL_002383,PAY_014937,CUST_0875,SUB_0875,1152.64,2024-12-26,NETWORK_ERROR,TECHNICAL,882,16,13,29,0.5517,0.35,0.45,friction_prone,0.4483,0.5517,pro,1152.64,monthly
FAIL_002384,PAY_014938,CUST_0875,SUB_0875,1152.64,2025-01-25,CARD_EXPIRED,PAYMENT_METHOD,882,16,13,29,0.5517,0.35,0.45,friction_prone,0.4483,0.5517,pro,1152.64,monthly
FAIL_002385,PAY_014941,CUST_0875,SUB_0875,1152.64,2025-04-25,INSUFFICIENT_FUNDS,CUSTOMER_FINANCIAL,882,16,13,29,0.5517,0.35,0.45,friction_prone,0.4483,0.5517,pro,1152.64,monthly
FAIL_002386,PAY_014942,CUST_0875,SUB_0875,1152.64,2025-05-25,INSUFFICIENT_FUNDS,CUSTOMER_FINANCIAL,882,16,13,29,0.5517,0.35,0.45,friction_prone,0.4483,0.5517,pro,1152.64,monthly
FAIL_002387,PAY_014943,CUST_0875,SUB_0875,1152.64,2025-06-24,CARD_EXPIRED,PAYMENT_METHOD,882,16,13,29,0.5517,0.35,0.45,friction_prone,0.4483,0.5517,pro,1152.64,monthly
FAIL_002388,PAY_014946,CUST_0875,SUB_0875,1152.64,2025-09-22,INSUFFICIENT_FUNDS,CUSTOMER_FINANCIAL,882,16,13,29,0.5517,0.35,0.45,friction_prone,0.4483,0.5517,pro,1152.64,monthly
FAIL_002389,PAY_014948,CUST_0875,SUB_0875,1152.64,2025-11-21,INSUFFICIENT_FUNDS,CUSTOMER_FINANCIAL,882,16,13,29,0.5517,0.35,0.45,friction_prone,0.4483,0.5517,pro,1152.64,monthly
FAIL_002390,PAY_014949,CUST_0875,SUB_0875,1152.64,2025-12-21,BANK_DECLINED,ISSUER_DECLINE,882,16,13,29,0.5517,0.35,0.45,friction_prone,0.4483,0.5517,pro,1152.64,monthly
FAIL_002391,PAY_014950,CUST_0875,SUB_0875,1152.64,2026-01-20,INSUFFICIENT_FUNDS,CUSTOMER_FINANCIAL,882,16,13,29,0.5517,0.35,0.45,friction_prone,0.4483,0.5517,pro,1152.64,monthly
FAIL_002392,PAY_014952,CUST_0875,SUB_0875,1152.64,2026-03-21,CARD_EXPIRED,PAYMENT_METHOD,882,16,13,29,0.5517,0.35,0.45,friction_prone,0.4483,0.5517,pro,1152.64,monthly
FAIL_002393,PAY_014953,CUST_0875,SUB_0875,1152.64,2026-04-20,BANK_DECLINED,ISSUER_DECLINE,882,16,13,29,0.5517,0.35,0.45,friction_prone,0.4483,0.5517,pro,1152.64,monthly
FAIL_002394,PAY_014954,CUST_0875,SUB_0875,1152.64,2026-05-20,BANK_DECLINED,ISSUER_DECLINE,882,16,13,29,0.5517,0.35,0.45,friction_prone,0.4483,0.5517,pro,1152.64,monthly
FAIL_002395,PAY_014955,CUST_0875,SUB_0875,1152.64,2026-06-19,BANK_DECLINED,ISSUER_DECLINE,882,16,13,29,0.5517,0.35,0.45,friction_prone,0.4483,0.5517,pro,1152.64,monthly
FAIL_002396,PAY_014956,CUST_0875,SUB_0875,1152.64,2026-07-19,BANK_DECLINED,ISSUER_DECLINE,882,16,13,29,0.5517,0.35,0.45,friction_prone,0.4483,0.5517,pro,1152.64,monthly
FAIL_002397,PAY_014957,CUST_0876,SUB_0876,1111.89,2026-07-30,BANK_DECLINED,ISSUER_DECLINE,31,0,1,1,0.0,0.35,0.45,friction_prone,1.0,0.0,starter,1111.89,monthly
FAIL_002398,PAY_014958,CUST_0877,SUB_0877,1893.79,2026-04-20,INSUFFICIENT_FUNDS,CUSTOMER_FINANCIAL,132,2,2,4,0.5,0.35,0.45,friction_prone,0.5,0.5,pro,1893.79,monthly
FAIL_002399,PAY_014959,CUST_0877,SUB_0877,1893.79,2026-05-20,CARD_EXPIRED,PAYMENT_METHOD,132,2,2,4,0.5,0.35,0.45,friction_prone,0.5,0.5,pro,1893.79,monthly
FAIL_002400,PAY_014960,CUST_0877,SUB_0877,1893.79,2026-06-19,BANK_DECLINED,ISSUER_DECLINE,132,2,2,4,0.5,0.35,0.45,friction_prone,0.5,0.5,pro,1893.79,monthly
FAIL_002401,PAY_014961,CUST_0877,SUB_0877,1893.79,2026-07-19,CARD_EXPIRED,PAYMENT_METHOD,132,2,2,4,0.5,0.35,0.45,friction_prone,0.5,0.5,pro,1893.79,monthly
FAIL_002402,PAY_014978,CUST_0879,SUB_0879,289.72,2025-08-07,CARD_EXPIRED,PAYMENT_METHOD,808,24,2,26,0.9231,0.3,0.25,low_engagement,0.0769,0.9231,growth,289.72,monthly
FAIL_002403,PAY_014988,CUST_0879,SUB_0879,289.72,2026-06-03,BANK_DECLINED,ISSUER_DECLINE,808,24,2,26,0.9231,0.3,0.25,low_engagement,0.0769,0.9231,growth,289.72,monthly
FAIL_002404,PAY_014994,CUST_0880,SUB_0880,963.61,2025-08-20,NETWORK_ERROR,TECHNICAL,495,10,6,16,0.625,0.3,0.25,low_engagement,0.375,0.625,growth,963.61,monthly
FAIL_002405,PAY_014997,CUST_0880,SUB_0880,963.61,2025-11-18,INSUFFICIENT_FUNDS,CUSTOMER_FINANCIAL,495,10,6,16,0.625,0.3,0.25,low_engagement,0.375,0.625,growth,963.61,monthly
FAIL_002406,PAY_014998,CUST_0880,SUB_0880,963.61,2025-12-18,INSUFFICIENT_FUNDS,CUSTOMER_FINANCIAL,495,10,6,16,0.625,0.3,0.25,low_engagement,0.375,0.625,growth,963.61,monthly
FAIL_002407,PAY_015002,CUST_0880,SUB_0880,963.61,2026-04-17,INSUFFICIENT_FUNDS,CUSTOMER_FINANCIAL,495,10,6,16,0.625,0.3,0.25,low_engagement,0.375,0.625,growth,963.61,monthly
FAIL_002408,PAY_015020,CUST_0881,SUB_0881,827.1,2025-08-06,INSUFFICIENT_FUNDS,CUSTOMER_FINANCIAL,809,25,1,26,0.9615,0.8,0.85,reliable,0.0385,0.9615,starter,827.1,monthly
FAIL_002409,PAY_015037,CUST_0883,SUB_0883,1083.08,2024-07-23,INSUFFICIENT_FUNDS,CUSTOMER_FINANCIAL,768,13,12,25,0.52,0.35,0.45,friction_prone,0.48,0.52,growth,1083.08,monthly
FAIL_002410,PAY_015039,CUST_0883,SUB_0883,1083.08,2024-09-21,NETWORK_ERROR,TECHNICAL,768,13,12,25,0.52,0.35,0.45,friction_prone,0.48,0.52,growth,1083.08,monthly
FAIL_002411,PAY_015040,CUST_0883,SUB_0883,1083.08,2024-10-21,BANK_DECLINED,ISSUER_DECLINE,768,13,12,25,0.52,0.35,0.45,friction_prone,0.48,0.52,growth,1083.08,monthly
FAIL_002412,PAY_015042,CUST_0883,SUB_0883,1083.08,2024-12-20,BANK_DECLINED,ISSUER_DECLINE,768,13,12,25,0.52,0.35,0.45,friction_prone,0.48,0.52,growth,1083.08,monthly
FAIL_002413,PAY_015043,CUST_0883,SUB_0883,1083.08,2025-01-19,INSUFFICIENT_FUNDS,CUSTOMER_FINANCIAL,768,13,12,25,0.52,0.35,0.45,friction_prone,0.48,0.52,growth,1083.08,monthly
FAIL_002414,PAY_015044,CUST_0883,SUB_0883,1083.08,2025-02-18,INSUFFICIENT_FUNDS,CUSTOMER_FINANCIAL,768,13,12,25,0.52,0.35,0.45,friction_prone,0.48,0.52,growth,1083.08,monthly
FAIL_002415,PAY_015045,CUST_0883,SUB_0883,1083.08,2025-03-20,INSUFFICIENT_FUNDS,CUSTOMER_FINANCIAL,768,13,12,25,0.52,0.35,0.45,friction_prone,0.48,0.52,growth,1083.08,monthly
FAIL_002416,PAY_015048,CUST_0883,SUB_0883,1083.08,2025-06-18,BANK_DECLINED,ISSUER_DECLINE,768,13,12,25,0.52,0.35,0.45,friction_prone,0.48,0.52,growth,1083.08,monthly
FAIL_002417,PAY_015050,CUST_0883,SUB_0883,1083.08,2025-08-17,NETWORK_ERROR,TECHNICAL,768,13,12,25,0.52,0.35,0.45,friction_prone,0.48,0.52,growth,1083.08,monthly
FAIL_002418,PAY_015051,CUST_0883,SUB_0883,1083.08,2025-09-16,BANK_DECLINED,ISSUER_DECLINE,768,13,12,25,0.52,0.35,0.45,friction_prone,0.48,0.52,growth,1083.08,monthly
FAIL_002419,PAY_015054,CUST_0883,SUB_0883,1083.08,2025-12-15,LIMIT_EXCEEDED,PAYMENT_LIMIT,768,13,12,25,0.52,0.35,0.45,friction_prone,0.48,0.52,growth,1083.08,monthly
FAIL_002420,PAY_015055,CUST_0883,SUB_0883,1083.08,2026-01-14,BANK_DECLINED,ISSUER_DECLINE,768,13,12,25,0.52,0.35,0.45,friction_prone,0.48,0.52,growth,1083.08,monthly
FAIL_002421,PAY_015056,CUST_0883,SUB_0883,1083.08,2026-02-13,BANK_DECLINED,ISSUER_DECLINE,768,13,12,25,0.52,0.35,0.45,friction_prone,0.48,0.52,growth,1083.08,monthly
FAIL_002422,PAY_015058,CUST_0883,SUB_0883,1083.08,2026-04-14,INSUFFICIENT_FUNDS,CUSTOMER_FINANCIAL,768,13,12,25,0.52,0.35,0.45,friction_prone,0.48,0.52,growth,1083.08,monthly
FAIL_002423,PAY_015059,CUST_0883,SUB_0883,1083.08,2026-05-14,INSUFFICIENT_FUNDS,CUSTOMER_FINANCIAL,768,13,12,25,0.52,0.35,0.45,friction_prone,0.48,0.52,growth,1083.08,monthly
FAIL_002424,PAY_015060,CUST_0883,SUB_0883,1083.08,2026-06-13,BANK_DECLINED,ISSUER_DECLINE,768,13,12,25,0.52,0.35,0.45,friction_prone,0.48,0.52,growth,1083.08,monthly
FAIL_002425,PAY_015062,CUST_0884,SUB_0884,2190.71,2025-12-27,INSUFFICIENT_FUNDS,CUSTOMER_FINANCIAL,246,4,4,8,0.5,0.6,0.6,normal,0.5,0.5,growth,2190.71,monthly
FAIL_002426,PAY_015064,CUST_0884,SUB_0884,2190.71,2026-02-25,BANK_DECLINED,ISSUER_DECLINE,246,4,4,8,0.5,0.6,0.6,normal,0.5,0.5,growth,2190.71,monthly
FAIL_002427,PAY_015065,CUST_0884,SUB_0884,2190.71,2026-03-27,INSUFFICIENT_FUNDS,CUSTOMER_FINANCIAL,246,4,4,8,0.5,0.6,0.6,normal,0.5,0.5,growth,2190.71,monthly
FAIL_002428,PAY_015066,CUST_0884,SUB_0884,2190.71,2026-04-26,INSUFFICIENT_FUNDS,CUSTOMER_FINANCIAL,246,4,4,8,0.5,0.6,0.6,normal,0.5,0.5,growth,2190.71,monthly
FAIL_002429,PAY_015067,CUST_0884,SUB_0884,2190.71,2026-05-26,CARD_EXPIRED,PAYMENT_METHOD,246,4,4,8,0.5,0.6,0.6,normal,0.5,0.5,growth,2190.71,monthly
FAIL_002430,PAY_015069,CUST_0884,SUB_0884,2190.71,2026-07-25,LIMIT_EXCEEDED,PAYMENT_LIMIT,246,4,4,8,0.5,0.6,0.6,normal,0.5,0.5,growth,2190.71,monthly
FAIL_002431,PAY_015071,CUST_0886,SUB_0886,938.96,2024-10-02,NETWORK_ERROR,TECHNICAL,697,16,7,23,0.6957,0.3,0.25,low_engagement,0.3043,0.6957,starter,938.96,monthly
FAIL_002432,PAY_015077,CUST_0886,SUB_0886,938.96,2025-03-31,BANK_DECLINED,ISSUER_DECLINE,697,16,7,23,0.6957,0.3,0.25,low_engagement,0.3043,0.6957,starter,938.96,monthly
FAIL_002433,PAY_015078,CUST_0886,SUB_0886,938.96,2025-04-30,CARD_EXPIRED,PAYMENT_METHOD,697,16,7,23,0.6957,0.3,0.25,low_engagement,0.3043,0.6957,starter,938.96,monthly
FAIL_002434,PAY_015080,CUST_0886,SUB_0886,938.96,2025-06-29,BANK_DECLINED,ISSUER_DECLINE,697,16,7,23,0.6957,0.3,0.25,low_engagement,0.3043,0.6957,starter,938.96,monthly
FAIL_002435,PAY_015087,CUST_0886,SUB_0886,938.96,2026-01-25,AUTHENTICATION_FAILED,CUSTOMER_ACTION,697,16,7,23,0.6957,0.3,0.25,low_engagement,0.3043,0.6957,starter,938.96,monthly
FAIL_002436,PAY_015120,CUST_0887,SUB_0887,8464.41,2026-03-26,BANK_DECLINED,ISSUER_DECLINE,937,29,2,31,0.9355,0.82,0.9,high_value_loyal,0.0645,0.9355,growth,8464.41,monthly
FAIL_002437,PAY_015126,CUST_0888,SUB_0888,14993.1,2025-07-03,INSUFFICIENT_FUNDS,CUSTOMER_FINANCIAL,453,13,2,15,0.8667,0.82,0.9,high_value_loyal,0.1333,0.8667,pro,14993.1,monthly
FAIL_002438,PAY_015129,CUST_0888,SUB_0888,14993.1,2025-10-01,INSUFFICIENT_FUNDS,CUSTOMER_FINANCIAL,453,13,2,15,0.8667,0.82,0.9,high_value_loyal,0.1333,0.8667,pro,14993.1,monthly
FAIL_002439,PAY_015134,CUST_0888,SUB_0888,14993.1,2026-02-28,AUTHENTICATION_FAILED,CUSTOMER_ACTION,453,13,2,15,0.8667,0.82,0.9,high_value_loyal,0.1333,0.8667,pro,14993.1,monthly
FAIL_002440,PAY_015136,CUST_0888,SUB_0888,14993.1,2026-04-29,BANK_DECLINED,ISSUER_DECLINE,453,13,2,15,0.8667,0.82,0.9,high_value_loyal,0.1333,0.8667,pro,14993.1,monthly
FAIL_002441,PAY_015138,CUST_0888,SUB_0888,14993.1,2026-06-28,INSUFFICIENT_FUNDS,CUSTOMER_FINANCIAL,453,13,2,15,0.8667,0.82,0.9,high_value_loyal,0.1333,0.8667,pro,14993.1,monthly
FAIL_002442,PAY_015141,CUST_0889,SUB_0889,1368.01,2024-05-22,BANK_DECLINED,ISSUER_DECLINE,860,16,12,28,0.5714,0.35,0.45,friction_prone,0.4286,0.5714,pro,1368.01,monthly
FAIL_002443,PAY_015144,CUST_0889,SUB_0889,1368.01,2024-08-20,INSUFFICIENT_FUNDS,CUSTOMER_FINANCIAL,860,16,12,28,0.5714,0.35,0.45,friction_prone,0.4286,0.5714,pro,1368.01,monthly
FAIL_002444,PAY_015145,CUST_0889,SUB_0889,1368.01,2024-09-19,BANK_DECLINED,ISSUER_DECLINE,860,16,12,28,0.5714,0.35,0.45,friction_prone,0.4286,0.5714,pro,1368.01,monthly
FAIL_002445,PAY_015146,CUST_0889,SUB_0889,1368.01,2024-10-19,NETWORK_ERROR,TECHNICAL,860,16,12,28,0.5714,0.35,0.45,friction_prone,0.4286,0.5714,pro,1368.01,monthly
FAIL_002446,PAY_015152,CUST_0889,SUB_0889,1368.01,2025-04-17,NETWORK_ERROR,TECHNICAL,860,16,12,28,0.5714,0.35,0.45,friction_prone,0.4286,0.5714,pro,1368.01,monthly
FAIL_002447,PAY_015153,CUST_0889,SUB_0889,1368.01,2025-05-17,BANK_DECLINED,ISSUER_DECLINE,860,16,12,28,0.5714,0.35,0.45,friction_prone,0.4286,0.5714,pro,1368.01,monthly
FAIL_002448,PAY_015157,CUST_0889,SUB_0889,1368.01,2025-09-14,INSUFFICIENT_FUNDS,CUSTOMER_FINANCIAL,860,16,12,28,0.5714,0.35,0.45,friction_prone,0.4286,0.5714,pro,1368.01,monthly
FAIL_002449,PAY_015161,CUST_0889,SUB_0889,1368.01,2026-01-12,INSUFFICIENT_FUNDS,CUSTOMER_FINANCIAL,860,16,12,28,0.5714,0.35,0.45,friction_prone,0.4286,0.5714,pro,1368.01,monthly
FAIL_002450,PAY_015164,CUST_0889,SUB_0889,1368.01,2026-04-12,NETWORK_ERROR,TECHNICAL,860,16,12,28,0.5714,0.35,0.45,friction_prone,0.4286,0.5714,pro,1368.01,monthly
FAIL_002451,PAY_015165,CUST_0889,SUB_0889,1368.01,2026-05-12,CARD_EXPIRED,PAYMENT_METHOD,860,16,12,28,0.5714,0.35,0.45,friction_prone,0.4286,0.5714,pro,1368.01,monthly
FAIL_002452,PAY_015167,CUST_0889,SUB_0889,1368.01,2026-07-11,INSUFFICIENT_FUNDS,CUSTOMER_FINANCIAL,860,16,12,28,0.5714,0.35,0.45,friction_prone,0.4286,0.5714,pro,1368.01,monthly
FAIL_002453,PAY_015169,CUST_0890,SUB_0890,251.0,2025-01-05,CARD_EXPIRED,PAYMENT_METHOD,632,15,6,21,0.7143,0.6,0.6,normal,0.2857,0.7143,starter,251.0,monthly
FAIL_002454,PAY_015172,CUST_0890,SUB_0890,251.0,2025-04-05,INSUFFICIENT_FUNDS,CUSTOMER_FINANCIAL,632,15,6,21,0.7143,0.6,0.6,normal,0.2857,0.7143,starter,251.0,monthly
FAIL_002455,PAY_015178,CUST_0890,SUB_0890,251.0,2025-10-02,NETWORK_ERROR,TECHNICAL,632,15,6,21,0.7143,0.6,0.6,normal,0.2857,0.7143,starter,251.0,monthly
FAIL_002456,PAY_015181,CUST_0890,SUB_0890,251.0,2025-12-31,BANK_DECLINED,ISSUER_DECLINE,632,15,6,21,0.7143,0.6,0.6,normal,0.2857,0.7143,starter,251.0,monthly
FAIL_002457,PAY_015182,CUST_0890,SUB_0890,251.0,2026-01-30,LIMIT_EXCEEDED,PAYMENT_LIMIT,632,15,6,21,0.7143,0.6,0.6,normal,0.2857,0.7143,starter,251.0,monthly
FAIL_002458,PAY_015183,CUST_0890,SUB_0890,251.0,2026-03-01,INSUFFICIENT_FUNDS,CUSTOMER_FINANCIAL,632,15,6,21,0.7143,0.6,0.6,normal,0.2857,0.7143,starter,251.0,monthly
FAIL_002459,PAY_015186,CUST_0890,SUB_0890,251.0,2026-05-30,CARD_EXPIRED,PAYMENT_METHOD,632,15,6,21,0.7143,0.6,0.6,normal,0.2857,0.7143,starter,251.0,monthly
FAIL_002460,PAY_015188,CUST_0890,SUB_0890,251.0,2026-07-29,CARD_EXPIRED,PAYMENT_METHOD,632,15,6,21,0.7143,0.6,0.6,normal,0.2857,0.7143,starter,251.0,monthly
FAIL_002461,PAY_015190,CUST_0891,SUB_0891,13553.62,2025-08-27,BANK_DECLINED,ISSUER_DECLINE,398,11,2,13,0.8462,0.82,0.9,high_value_loyal,0.1538,0.8462,pro,13553.62,monthly
FAIL_002462,PAY_015191,CUST_0891,SUB_0891,13553.62,2025-09-26,LIMIT_EXCEEDED,PAYMENT_LIMIT,398,11,2,13,0.8462,0.82,0.9,high_value_loyal,0.1538,0.8462,pro,13553.62,monthly
FAIL_002463,PAY_015197,CUST_0891,SUB_0891,13553.62,2026-03-25,BANK_DECLINED,ISSUER_DECLINE,398,11,2,13,0.8462,0.82,0.9,high_value_loyal,0.1538,0.8462,pro,13553.62,monthly
FAIL_002464,PAY_015202,CUST_0892,SUB_0892,429.37,2024-07-13,INSUFFICIENT_FUNDS,CUSTOMER_FINANCIAL,778,18,7,25,0.72,0.35,0.45,friction_prone,0.28,0.72,growth,429.37,monthly
FAIL_002465,PAY_015206,CUST_0892,SUB_0892,429.37,2024-11-10,CARD_EXPIRED,PAYMENT_METHOD,778,18,7,25,0.72,0.35,0.45,friction_prone,0.28,0.72,growth,429.37,monthly
FAIL_002466,PAY_015207,CUST_0892,SUB_0892,429.37,2024-12-10,BANK_DECLINED,ISSUER_DECLINE,778,18,7,25,0.72,0.35,0.45,friction_prone,0.28,0.72,growth,429.37,monthly
FAIL_002467,PAY_015209,CUST_0892,SUB_0892,429.37,2025-02-08,LIMIT_EXCEEDED,PAYMENT_LIMIT,778,18,7,25,0.72,0.35,0.45,friction_prone,0.28,0.72,growth,429.37,monthly
FAIL_002468,PAY_015210,CUST_0892,SUB_0892,429.37,2025-03-10,NETWORK_ERROR,TECHNICAL,778,18,7,25,0.72,0.35,0.45,friction_prone,0.28,0.72,growth,429.37,monthly
FAIL_002469,PAY_015216,CUST_0892,SUB_0892,429.37,2025-09-06,INSUFFICIENT_FUNDS,CUSTOMER_FINANCIAL,778,18,7,25,0.72,0.35,0.45,friction_prone,0.28,0.72,growth,429.37,monthly
FAIL_002470,PAY_015217,CUST_0892,SUB_0892,429.37,2025-10-06,CARD_EXPIRED,PAYMENT_METHOD,778,18,7,25,0.72,0.35,0.45,friction_prone,0.28,0.72,growth,429.37,monthly
FAIL_002471,PAY_015219,CUST_0892,SUB_0892,429.37,2025-12-05,BANK_DECLINED,ISSUER_DECLINE,778,18,7,25,0.72,0.35,0.45,friction_prone,0.28,0.72,growth,429.37,monthly
FAIL_002472,PAY_015224,CUST_0892,SUB_0892,429.37,2026-05-04,INSUFFICIENT_FUNDS,CUSTOMER_FINANCIAL,778,18,7,25,0.72,0.35,0.45,friction_prone,0.28,0.72,growth,429.37,monthly
FAIL_002473,PAY_015227,CUST_0893,SUB_0893,2414.17,2026-07-31,NETWORK_ERROR,TECHNICAL,30,0,1,1,0.0,0.6,0.6,normal,1.0,0.0,pro,2414.17,monthly
FAIL_002474,PAY_015228,CUST_0894,SUB_0894,1406.99,2026-01-26,NETWORK_ERROR,TECHNICAL,216,6,1,7,0.8571,0.6,0.6,normal,0.1429,0.8571,pro,1406.99,monthly
FAIL_002475,PAY_015238,CUST_0896,SUB_0896,397.37,2024-05-05,INSUFFICIENT_FUNDS,CUSTOMER_FINANCIAL,847,18,10,28,0.6429,0.35,0.45,friction_prone,0.3571,0.6429,pro,397.37,monthly
FAIL_002476,PAY_015243,CUST_0896,SUB_0896,397.37,2024-10-02,INSUFFICIENT_FUNDS,CUSTOMER_FINANCIAL,847,18,10,28,0.6429,0.35,0.45,friction_prone,0.3571,0.6429,pro,397.37,monthly
FAIL_002477,PAY_015244,CUST_0896,SUB_0896,397.37,2024-11-01,INSUFFICIENT_FUNDS,CUSTOMER_FINANCIAL,847,18,10,28,0.6429,0.35,0.45,friction_prone,0.3571,0.6429,pro,397.37,monthly
FAIL_002478,PAY_015245,CUST_0896,SUB_0896,397.37,2024-12-01,INSUFFICIENT_FUNDS,CUSTOMER_FINANCIAL,847,18,10,28,0.6429,0.35,0.45,friction_prone,0.3571,0.6429,pro,397.37,monthly
FAIL_002479,PAY_015248,CUST_0896,SUB_0896,397.37,2025-03-01,INSUFFICIENT_FUNDS,CUSTOMER_FINANCIAL,847,18,10,28,0.6429,0.35,0.45,friction_prone,0.3571,0.6429,pro,397.37,monthly
FAIL_002480,PAY_015249,CUST_0896,SUB_0896,397.37,2025-03-31,INSUFFICIENT_FUNDS,CUSTOMER_FINANCIAL,847,18,10,28,0.6429,0.35,0.45,friction_prone,0.3571,0.6429,pro,397.37,monthly
FAIL_002481,PAY_015250,CUST_0896,SUB_0896,397.37,2025-04-30,INSUFFICIENT_FUNDS,CUSTOMER_FINANCIAL,847,18,10,28,0.6429,0.35,0.45,friction_prone,0.3571,0.6429,pro,397.37,monthly
FAIL_002482,PAY_015254,CUST_0896,SUB_0896,397.37,2025-08-28,BANK_DECLINED,ISSUER_DECLINE,847,18,10,28,0.6429,0.35,0.45,friction_prone,0.3571,0.6429,pro,397.37,monthly
FAIL_002483,PAY_015255,CUST_0896,SUB_0896,397.37,2025-09-27,INSUFFICIENT_FUNDS,CUSTOMER_FINANCIAL,847,18,10,28,0.6429,0.35,0.45,friction_prone,0.3571,0.6429,pro,397.37,monthly
FAIL_002484,PAY_015264,CUST_0896,SUB_0896,397.37,2026-06-24,NETWORK_ERROR,TECHNICAL,847,18,10,28,0.6429,0.35,0.45,friction_prone,0.3571,0.6429,pro,397.37,monthly
FAIL_002485,PAY_015272,CUST_0897,SUB_0897,994.96,2025-02-20,INSUFFICIENT_FUNDS,CUSTOMER_FINANCIAL,736,20,4,24,0.8333,0.6,0.6,normal,0.1667,0.8333,growth,994.96,monthly
FAIL_002486,PAY_015280,CUST_0897,SUB_0897,994.96,2025-10-18,INSUFFICIENT_FUNDS,CUSTOMER_FINANCIAL,736,20,4,24,0.8333,0.6,0.6,normal,0.1667,0.8333,growth,994.96,monthly
FAIL_002487,PAY_015286,CUST_0897,SUB_0897,994.96,2026-04-16,AUTHENTICATION_FAILED,CUSTOMER_ACTION,736,20,4,24,0.8333,0.6,0.6,normal,0.1667,0.8333,growth,994.96,monthly
FAIL_002488,PAY_015312,CUST_0900,SUB_0900,600.87,2024-12-20,LIMIT_EXCEEDED,PAYMENT_LIMIT,708,20,3,23,0.8696,0.6,0.6,normal,0.1304,0.8696,starter,600.87,monthly
FAIL_002489,PAY_015315,CUST_0900,SUB_0900,600.87,2025-03-20,NETWORK_ERROR,TECHNICAL,708,20,3,23,0.8696,0.6,0.6,normal,0.1304,0.8696,starter,600.87,monthly
FAIL_002490,PAY_015321,CUST_0900,SUB_0900,600.87,2025-09-16,INSUFFICIENT_FUNDS,CUSTOMER_FINANCIAL,708,20,3,23,0.8696,0.6,0.6,normal,0.1304,0.8696,starter,600.87,monthly
FAIL_002491,PAY_015339,CUST_0901,SUB_0901,1460.37,2025-07-10,LIMIT_EXCEEDED,PAYMENT_LIMIT,626,16,4,20,0.8,0.6,0.6,normal,0.2,0.8,growth,1460.37,monthly
FAIL_002492,PAY_015341,CUST_0901,SUB_0901,1460.37,2025-09-08,CARD_EXPIRED,PAYMENT_METHOD,626,16,4,20,0.8,0.6,0.6,normal,0.2,0.8,growth,1460.37,monthly
FAIL_002493,PAY_015350,CUST_0901,SUB_0901,1460.37,2026-06-05,AUTHENTICATION_FAILED,CUSTOMER_ACTION,626,16,4,20,0.8,0.6,0.6,normal,0.2,0.8,growth,1460.37,monthly
FAIL_002494,PAY_015352,CUST_0902,SUB_0902,1011.26,2025-11-25,LIMIT_EXCEEDED,PAYMENT_LIMIT,278,6,3,9,0.6667,0.35,0.45,friction_prone,0.3333,0.6667,growth,1011.26,monthly
FAIL_002495,PAY_015353,CUST_0902,SUB_0902,1011.26,2025-12-25,CARD_EXPIRED,PAYMENT_METHOD,278,6,3,9,0.6667,0.35,0.45,friction_prone,0.3333,0.6667,growth,1011.26,monthly
FAIL_002496,PAY_015360,CUST_0902,SUB_0902,1011.26,2026-07-23,INSUFFICIENT_FUNDS,CUSTOMER_FINANCIAL,278,6,3,9,0.6667,0.35,0.45,friction_prone,0.3333,0.6667,growth,1011.26,monthly
FAIL_002497,PAY_015364,CUST_0903,SUB_0903,5512.84,2025-11-21,LIMIT_EXCEEDED,PAYMENT_LIMIT,372,10,2,12,0.8333,0.82,0.9,high_value_loyal,0.1667,0.8333,pro,5512.84,monthly
FAIL_002498,PAY_015367,CUST_0903,SUB_0903,5512.84,2026-02-19,INSUFFICIENT_FUNDS,CUSTOMER_FINANCIAL,372,10,2,12,0.8333,0.82,0.9,high_value_loyal,0.1667,0.8333,pro,5512.84,monthly
FAIL_002499,PAY_015371,CUST_0903,SUB_0903,5512.84,2026-06-19,CARD_EXPIRED,PAYMENT_METHOD,372,10,2,12,0.8333,0.82,0.9,high_value_loyal,0.1667,0.8333,pro,5512.84,monthly
FAIL_002500,PAY_015373,CUST_0904,SUB_0904,3422.48,2024-03-20,AUTHENTICATION_FAILED,CUSTOMER_ACTION,893,25,4,29,0.8621,0.6,0.6,normal,0.1379,0.8621,pro,3422.48,monthly
FAIL_002501,PAY_015379,CUST_0904,SUB_0904,3422.48,2024-09-16,CARD_EXPIRED,PAYMENT_METHOD,893,25,4,29,0.8621,0.6,0.6,normal,0.1379,0.8621,pro,3422.48,monthly
FAIL_002502,PAY_015383,CUST_0904,SUB_0904,3422.48,2025-01-14,NETWORK_ERROR,TECHNICAL,893,25,4,29,0.8621,0.6,0.6,normal,0.1379,0.8621,pro,3422.48,monthly
FAIL_002503,PAY_015385,CUST_0904,SUB_0904,3422.48,2025-03-15,BANK_DECLINED,ISSUER_DECLINE,893,25,4,29,0.8621,0.6,0.6,normal,0.1379,0.8621,pro,3422.48,monthly
FAIL_002504,PAY_015387,CUST_0904,SUB_0904,3422.48,2025-05-14,NETWORK_ERROR,TECHNICAL,893,25,4,29,0.8621,0.6,0.6,normal,0.1379,0.8621,pro,3422.48,monthly
FAIL_002505,PAY_015389,CUST_0904,SUB_0904,3422.48,2025-07-13,INSUFFICIENT_FUNDS,CUSTOMER_FINANCIAL,893,25,4,29,0.8621,0.6,0.6,normal,0.1379,0.8621,pro,3422.48,monthly
FAIL_002506,PAY_015397,CUST_0904,SUB_0904,3422.48,2026-03-10,BANK_DECLINED,ISSUER_DECLINE,893,25,4,29,0.8621,0.6,0.6,normal,0.1379,0.8621,pro,3422.48,monthly
FAIL_002507,PAY_015404,CUST_0905,SUB_0905,2661.58,2025-04-13,BANK_DECLINED,ISSUER_DECLINE,564,17,1,18,0.9444,0.8,0.85,reliable,0.0556,0.9444,growth,2661.58,monthly
FAIL_002508,PAY_015405,CUST_0905,SUB_0905,2661.58,2025-05-13,NETWORK_ERROR,TECHNICAL,564,17,1,18,0.9444,0.8,0.85,reliable,0.0556,0.9444,growth,2661.58,monthly
FAIL_002509,PAY_015425,CUST_0906,SUB_0906,368.38,2025-07-17,AUTHENTICATION_FAILED,CUSTOMER_ACTION,559,12,6,18,0.6667,0.3,0.25,low_engagement,0.3333,0.6667,starter,368.38,monthly
FAIL_002510,PAY_015429,CUST_0906,SUB_0906,368.38,2025-11-14,INSUFFICIENT_FUNDS,CUSTOMER_FINANCIAL,559,12,6,18,0.6667,0.3,0.25,low_engagement,0.3333,0.6667,starter,368.38,monthly
FAIL_002511,PAY_015437,CUST_0906,SUB_0906,368.38,2026-07-12,NETWORK_ERROR,TECHNICAL,559,12,6,18,0.6667,0.3,0.25,low_engagement,0.3333,0.6667,starter,368.38,monthly
FAIL_002512,PAY_015470,CUST_0908,SUB_0908,210.14,2025-09-13,INSUFFICIENT_FUNDS,CUSTOMER_FINANCIAL,621,15,5,20,0.75,0.35,0.45,friction_prone,0.25,0.75,starter,210.14,monthly
FAIL_002513,PAY_015472,CUST_0908,SUB_0908,210.14,2025-11-12,AUTHENTICATION_FAILED,CUSTOMER_ACTION,621,15,5,20,0.75,0.35,0.45,friction_prone,0.25,0.75,starter,210.14,monthly
FAIL_002514,PAY_015477,CUST_0908,SUB_0908,210.14,2026-04-11,INSUFFICIENT_FUNDS,CUSTOMER_FINANCIAL,621,15,5,20,0.75,0.35,0.45,friction_prone,0.25,0.75,starter,210.14,monthly
FAIL_002515,PAY_015478,CUST_0908,SUB_0908,210.14,2026-05-11,LIMIT_EXCEEDED,PAYMENT_LIMIT,621,15,5,20,0.75,0.35,0.45,friction_prone,0.25,0.75,starter,210.14,monthly
FAIL_002516,PAY_015497,CUST_0909,SUB_0909,373.62,2026-06-26,INSUFFICIENT_FUNDS,CUSTOMER_FINANCIAL,545,17,1,18,0.9444,0.6,0.6,normal,0.0556,0.9444,growth,373.62,monthly
FAIL_002517,PAY_015504,CUST_0910,SUB_0910,293.13,2025-04-25,INSUFFICIENT_FUNDS,CUSTOMER_FINANCIAL,642,15,6,21,0.7143,0.6,0.6,normal,0.2857,0.7143,starter,293.13,monthly
FAIL_002518,PAY_015505,CUST_0910,SUB_0910,293.13,2025-05-25,CARD_EXPIRED,PAYMENT_METHOD,642,15,6,21,0.7143,0.6,0.6,normal,0.2857,0.7143,starter,293.13,monthly
FAIL_002519,PAY_015506,CUST_0910,SUB_0910,293.13,2025-06-24,NETWORK_ERROR,TECHNICAL,642,15,6,21,0.7143,0.6,0.6,normal,0.2857,0.7143,starter,293.13,monthly
FAIL_002520,PAY_015507,CUST_0910,SUB_0910,293.13,2025-07-24,NETWORK_ERROR,TECHNICAL,642,15,6,21,0.7143,0.6,0.6,normal,0.2857,0.7143,starter,293.13,monthly
FAIL_002521,PAY_015511,CUST_0910,SUB_0910,293.13,2025-11-21,BANK_DECLINED,ISSUER_DECLINE,642,15,6,21,0.7143,0.6,0.6,normal,0.2857,0.7143,starter,293.13,monthly
FAIL_002522,PAY_015512,CUST_0910,SUB_0910,293.13,2025-12-21,NETWORK_ERROR,TECHNICAL,642,15,6,21,0.7143,0.6,0.6,normal,0.2857,0.7143,starter,293.13,monthly
FAIL_002523,PAY_015514,CUST_0910,SUB_0910,293.13,2026-02-19,BANK_DECLINED,ISSUER_DECLINE,642,15,6,21,0.7143,0.6,0.6,normal,0.2857,0.7143,starter,293.13,monthly
FAIL_002524,PAY_015519,CUST_0910,SUB_0910,293.13,2026-07-19,INSUFFICIENT_FUNDS,CUSTOMER_FINANCIAL,642,15,6,21,0.7143,0.6,0.6,normal,0.2857,0.7143,starter,293.13,monthly
FAIL_002525,PAY_015522,CUST_0911,SUB_0911,2077.0,2024-02-11,BANK_DECLINED,ISSUER_DECLINE,991,29,4,33,0.8788,0.6,0.6,normal,0.1212,0.8788,growth,2077.0,monthly
FAIL_002526,PAY_015540,CUST_0911,SUB_0911,2077.0,2025-08-04,INSUFFICIENT_FUNDS,CUSTOMER_FINANCIAL,991,29,4,33,0.8788,0.6,0.6,normal,0.1212,0.8788,growth,2077.0,monthly
FAIL_002527,PAY_015544,CUST_0911,SUB_0911,2077.0,2025-12-02,BANK_DECLINED,ISSUER_DECLINE,991,29,4,33,0.8788,0.6,0.6,normal,0.1212,0.8788,growth,2077.0,monthly
FAIL_002528,PAY_015549,CUST_0911,SUB_0911,2077.0,2026-05-01,INSUFFICIENT_FUNDS,CUSTOMER_FINANCIAL,991,29,4,33,0.8788,0.6,0.6,normal,0.1212,0.8788,growth,2077.0,monthly
FAIL_002529,PAY_015555,CUST_0912,SUB_0912,1241.22,2025-09-09,INSUFFICIENT_FUNDS,CUSTOMER_FINANCIAL,415,8,5,13,0.6154,0.3,0.25,low_engagement,0.3846,0.6154,growth,1241.22,monthly
FAIL_002530,PAY_015559,CUST_0912,SUB_0912,1241.22,2026-01-07,AUTHENTICATION_FAILED,CUSTOMER_ACTION,415,8,5,13,0.6154,0.3,0.25,low_engagement,0.3846,0.6154,growth,1241.22,monthly
FAIL_002531,PAY_015561,CUST_0912,SUB_0912,1241.22,2026-03-08,BANK_DECLINED,ISSUER_DECLINE,415,8,5,13,0.6154,0.3,0.25,low_engagement,0.3846,0.6154,growth,1241.22,monthly
FAIL_002532,PAY_015564,CUST_0912,SUB_0912,1241.22,2026-06-06,NETWORK_ERROR,TECHNICAL,415,8,5,13,0.6154,0.3,0.25,low_engagement,0.3846,0.6154,growth,1241.22,monthly
FAIL_002533,PAY_015565,CUST_0912,SUB_0912,1241.22,2026-07-06,NETWORK_ERROR,TECHNICAL,415,8,5,13,0.6154,0.3,0.25,low_engagement,0.3846,0.6154,growth,1241.22,monthly
FAIL_002534,PAY_015570,CUST_0913,SUB_0913,1397.1,2024-12-16,BANK_DECLINED,ISSUER_DECLINE,742,20,4,24,0.8333,0.3,0.25,low_engagement,0.1667,0.8333,growth,1397.1,monthly
FAIL_002535,PAY_015589,CUST_0913,SUB_0913,1397.1,2026-07-09,BANK_DECLINED,ISSUER_DECLINE,742,20,4,24,0.8333,0.3,0.25,low_engagement,0.1667,0.8333,growth,1397.1,monthly
FAIL_002536,PAY_015597,CUST_0914,SUB_0914,1851.67,2025-02-19,NETWORK_ERROR,TECHNICAL,767,20,5,25,0.8,0.6,0.6,normal,0.2,0.8,growth,1851.67,monthly
FAIL_002537,PAY_015598,CUST_0914,SUB_0914,1851.67,2025-03-21,INSUFFICIENT_FUNDS,CUSTOMER_FINANCIAL,767,20,5,25,0.8,0.6,0.6,normal,0.2,0.8,growth,1851.67,monthly
FAIL_002538,PAY_015605,CUST_0914,SUB_0914,1851.67,2025-10-17,INSUFFICIENT_FUNDS,CUSTOMER_FINANCIAL,767,20,5,25,0.8,0.6,0.6,normal,0.2,0.8,growth,1851.67,monthly
FAIL_002539,PAY_015615,CUST_0915,SUB_0915,1705.4,2025-03-07,NETWORK_ERROR,TECHNICAL,541,11,7,18,0.6111,0.35,0.45,friction_prone,0.3889,0.6111,pro,1705.4,monthly
FAIL_002540,PAY_015617,CUST_0915,SUB_0915,1705.4,2025-05-06,BANK_DECLINED,ISSUER_DECLINE,541,11,7,18,0.6111,0.35,0.45,friction_prone,0.3889,0.6111,pro,1705.4,monthly
FAIL_002541,PAY_015618,CUST_0915,SUB_0915,1705.4,2025-06-05,INSUFFICIENT_FUNDS,CUSTOMER_FINANCIAL,541,11,7,18,0.6111,0.35,0.45,friction_prone,0.3889,0.6111,pro,1705.4,monthly
FAIL_002542,PAY_015619,CUST_0915,SUB_0915,1705.4,2025-07-05,CARD_EXPIRED,PAYMENT_METHOD,541,11,7,18,0.6111,0.35,0.45,friction_prone,0.3889,0.6111,pro,1705.4,monthly
FAIL_002543,PAY_015620,CUST_0915,SUB_0915,1705.4,2025-08-04,BANK_DECLINED,ISSUER_DECLINE,541,11,7,18,0.6111,0.35,0.45,friction_prone,0.3889,0.6111,pro,1705.4,monthly
FAIL_002544,PAY_015621,CUST_0915,SUB_0915,1705.4,2025-09-03,INSUFFICIENT_FUNDS,CUSTOMER_FINANCIAL,541,11,7,18,0.6111,0.35,0.45,friction_prone,0.3889,0.6111,pro,1705.4,monthly
FAIL_002545,PAY_015622,CUST_0915,SUB_0915,1705.4,2025-10-03,LIMIT_EXCEEDED,PAYMENT_LIMIT,541,11,7,18,0.6111,0.35,0.45,friction_prone,0.3889,0.6111,pro,1705.4,monthly
FAIL_002546,PAY_015623,CUST_0915,SUB_0915,1705.4,2025-11-02,INSUFFICIENT_FUNDS,CUSTOMER_FINANCIAL,541,11,7,18,0.6111,0.35,0.45,friction_prone,0.3889,0.6111,pro,1705.4,monthly
FAIL_002547,PAY_015628,CUST_0915,SUB_0915,1705.4,2026-04-01,NETWORK_ERROR,TECHNICAL,541,11,7,18,0.6111,0.35,0.45,friction_prone,0.3889,0.6111,pro,1705.4,monthly
FAIL_002548,PAY_015629,CUST_0915,SUB_0915,1705.4,2026-05-01,INSUFFICIENT_FUNDS,CUSTOMER_FINANCIAL,541,11,7,18,0.6111,0.35,0.45,friction_prone,0.3889,0.6111,pro,1705.4,monthly
FAIL_002549,PAY_015630,CUST_0915,SUB_0915,1705.4,2026-05-31,BANK_DECLINED,ISSUER_DECLINE,541,11,7,18,0.6111,0.35,0.45,friction_prone,0.3889,0.6111,pro,1705.4,monthly
FAIL_002550,PAY_015631,CUST_0915,SUB_0915,1705.4,2026-06-30,INSUFFICIENT_FUNDS,CUSTOMER_FINANCIAL,541,11,7,18,0.6111,0.35,0.45,friction_prone,0.3889,0.6111,pro,1705.4,monthly
FAIL_002551,PAY_015632,CUST_0915,SUB_0915,1705.4,2026-07-30,AUTHENTICATION_FAILED,CUSTOMER_ACTION,541,11,7,18,0.6111,0.35,0.45,friction_prone,0.3889,0.6111,pro,1705.4,monthly
FAIL_002552,PAY_015645,CUST_0916,SUB_0916,9014.74,2025-04-21,INSUFFICIENT_FUNDS,CUSTOMER_FINANCIAL,856,25,3,28,0.8929,0.82,0.9,high_value_loyal,0.1071,0.8929,pro,9014.74,monthly
FAIL_002553,PAY_015657,CUST_0916,SUB_0916,9014.74,2026-04-16,NETWORK_ERROR,TECHNICAL,856,25,3,28,0.8929,0.82,0.9,high_value_loyal,0.1071,0.8929,pro,9014.74,monthly
FAIL_002554,PAY_015661,CUST_0917,SUB_0917,881.56,2026-04-01,INSUFFICIENT_FUNDS,CUSTOMER_FINANCIAL,151,3,2,5,0.6,0.3,0.25,low_engagement,0.4,0.6,starter,881.56,monthly
FAIL_002555,PAY_015662,CUST_0917,SUB_0917,881.56,2026-05-01,BANK_DECLINED,ISSUER_DECLINE,151,3,2,5,0.6,0.3,0.25,low_engagement,0.4,0.6,starter,881.56,monthly
FAIL_002556,PAY_015663,CUST_0917,SUB_0917,881.56,2026-05-31,AUTHENTICATION_FAILED,CUSTOMER_ACTION,151,3,2,5,0.6,0.3,0.25,low_engagement,0.4,0.6,starter,881.56,monthly
FAIL_002557,PAY_015664,CUST_0917,SUB_0917,881.56,2026-06-30,INSUFFICIENT_FUNDS,CUSTOMER_FINANCIAL,151,3,2,5,0.6,0.3,0.25,low_engagement,0.4,0.6,starter,881.56,monthly
FAIL_002558,PAY_015667,CUST_0918,SUB_0918,595.63,2024-11-02,BANK_DECLINED,ISSUER_DECLINE,696,16,7,23,0.6957,0.35,0.45,friction_prone,0.3043,0.6957,growth,595.63,monthly
FAIL_002559,PAY_015668,CUST_0918,SUB_0918,595.63,2024-12-02,INSUFFICIENT_FUNDS,CUSTOMER_FINANCIAL,696,16,7,23,0.6957,0.35,0.45,friction_prone,0.3043,0.6957,growth,595.63,monthly
FAIL_002560,PAY_015675,CUST_0918,SUB_0918,595.63,2025-06-30,NETWORK_ERROR,TECHNICAL,696,16,7,23,0.6957,0.35,0.45,friction_prone,0.3043,0.6957,growth,595.63,monthly
FAIL_002561,PAY_015681,CUST_0918,SUB_0918,595.63,2025-12-27,INSUFFICIENT_FUNDS,CUSTOMER_FINANCIAL,696,16,7,23,0.6957,0.35,0.45,friction_prone,0.3043,0.6957,growth,595.63,monthly
FAIL_002562,PAY_015685,CUST_0918,SUB_0918,595.63,2026-04-26,BANK_DECLINED,ISSUER_DECLINE,696,16,7,23,0.6957,0.35,0.45,friction_prone,0.3043,0.6957,growth,595.63,monthly
FAIL_002563,PAY_015688,CUST_0918,SUB_0918,595.63,2026-07-25,NETWORK_ERROR,TECHNICAL,696,16,7,23,0.6957,0.35,0.45,friction_prone,0.3043,0.6957,growth,595.63,monthly
FAIL_002564,PAY_015694,CUST_0919,SUB_0919,1309.45,2024-05-18,INSUFFICIENT_FUNDS,CUSTOMER_FINANCIAL,984,27,5,32,0.8438,0.6,0.6,normal,0.1562,0.8438,starter,1309.45,monthly
FAIL_002565,PAY_015697,CUST_0919,SUB_0919,1309.45,2024-08-16,BANK_DECLINED,ISSUER_DECLINE,984,27,5,32,0.8438,0.6,0.6,normal,0.1562,0.8438,starter,1309.45,monthly
FAIL_002566,PAY_015701,CUST_0919,SUB_0919,1309.45,2024-12-14,INSUFFICIENT_FUNDS,CUSTOMER_FINANCIAL,984,27,5,32,0.8438,0.6,0.6,normal,0.1562,0.8438,starter,1309.45,monthly
FAIL_002567,PAY_015702,CUST_0919,SUB_0919,1309.45,2025-01-13,INSUFFICIENT_FUNDS,CUSTOMER_FINANCIAL,984,27,5,32,0.8438,0.6,0.6,normal,0.1562,0.8438,starter,1309.45,monthly
FAIL_002568,PAY_015718,CUST_0919,SUB_0919,1309.45,2026-05-08,NETWORK_ERROR,TECHNICAL,984,27,5,32,0.8438,0.6,0.6,normal,0.1562,0.8438,starter,1309.45,monthly
FAIL_002569,PAY_015735,CUST_0921,SUB_0921,415.4,2024-10-05,INSUFFICIENT_FUNDS,CUSTOMER_FINANCIAL,694,16,7,23,0.6957,0.35,0.45,friction_prone,0.3043,0.6957,starter,415.4,monthly
FAIL_002570,PAY_015739,CUST_0921,SUB_0921,415.4,2025-02-02,NETWORK_ERROR,TECHNICAL,694,16,7,23,0.6957,0.35,0.45,friction_prone,0.3043,0.6957,starter,415.4,monthly
FAIL_002571,PAY_015740,CUST_0921,SUB_0921,415.4,2025-03-04,CARD_EXPIRED,PAYMENT_METHOD,694,16,7,23,0.6957,0.35,0.45,friction_prone,0.3043,0.6957,starter,415.4,monthly
FAIL_002572,PAY_015747,CUST_0921,SUB_0921,415.4,2025-09-30,LIMIT_EXCEEDED,PAYMENT_LIMIT,694,16,7,23,0.6957,0.35,0.45,friction_prone,0.3043,0.6957,starter,415.4,monthly
FAIL_002573,PAY_015757,CUST_0921,SUB_0921,415.4,2026-07-27,BANK_DECLINED,ISSUER_DECLINE,694,16,7,23,0.6957,0.35,0.45,friction_prone,0.3043,0.6957,starter,415.4,monthly
FAIL_002574,PAY_015782,CUST_0923,SUB_0923,786.88,2026-03-03,INSUFFICIENT_FUNDS,CUSTOMER_FINANCIAL,690,19,4,23,0.8261,0.3,0.25,low_engagement,0.1739,0.8261,starter,786.88,monthly
FAIL_002575,PAY_015784,CUST_0923,SUB_0923,786.88,2026-05-02,INSUFFICIENT_FUNDS,CUSTOMER_FINANCIAL,690,19,4,23,0.8261,0.3,0.25,low_engagement,0.1739,0.8261,starter,786.88,monthly
FAIL_002576,PAY_015810,CUST_0924,SUB_0924,2313.87,2026-03-13,BANK_DECLINED,ISSUER_DECLINE,830,24,3,27,0.8889,0.6,0.6,normal,0.1111,0.8889,pro,2313.87,monthly
FAIL_002577,PAY_015816,CUST_0925,SUB_0925,200.0,2024-11-21,CARD_EXPIRED,PAYMENT_METHOD,677,14,8,22,0.6364,0.3,0.25,low_engagement,0.3636,0.6364,starter,200.0,monthly
FAIL_002578,PAY_015818,CUST_0925,SUB_0925,200.0,2025-01-20,INSUFFICIENT_FUNDS,CUSTOMER_FINANCIAL,677,14,8,22,0.6364,0.3,0.25,low_engagement,0.3636,0.6364,starter,200.0,monthly
FAIL_002579,PAY_015819,CUST_0925,SUB_0925,200.0,2025-02-19,BANK_DECLINED,ISSUER_DECLINE,677,14,8,22,0.6364,0.3,0.25,low_engagement,0.3636,0.6364,starter,200.0,monthly
FAIL_002580,PAY_015820,CUST_0925,SUB_0925,200.0,2025-03-21,AUTHENTICATION_FAILED,CUSTOMER_ACTION,677,14,8,22,0.6364,0.3,0.25,low_engagement,0.3636,0.6364,starter,200.0,monthly
FAIL_002581,PAY_015822,CUST_0925,SUB_0925,200.0,2025-05-20,INSUFFICIENT_FUNDS,CUSTOMER_FINANCIAL,677,14,8,22,0.6364,0.3,0.25,low_engagement,0.3636,0.6364,starter,200.0,monthly
FAIL_002582,PAY_015823,CUST_0925,SUB_0925,200.0,2025-06-19,CARD_EXPIRED,PAYMENT_METHOD,677,14,8,22,0.6364,0.3,0.25,low_engagement,0.3636,0.6364,starter,200.0,monthly
FAIL_002583,PAY_015824,CUST_0925,SUB_0925,200.0,2025-07-19,CARD_EXPIRED,PAYMENT_METHOD,677,14,8,22,0.6364,0.3,0.25,low_engagement,0.3636,0.6364,starter,200.0,monthly
FAIL_002584,PAY_015826,CUST_0925,SUB_0925,200.0,2025-09-17,INSUFFICIENT_FUNDS,CUSTOMER_FINANCIAL,677,14,8,22,0.6364,0.3,0.25,low_engagement,0.3636,0.6364,starter,200.0,monthly
FAIL_002585,PAY_015829,CUST_0925,SUB_0925,200.0,2025-12-16,LIMIT_EXCEEDED,PAYMENT_LIMIT,677,14,8,22,0.6364,0.3,0.25,low_engagement,0.3636,0.6364,starter,200.0,monthly
FAIL_002586,PAY_015833,CUST_0925,SUB_0925,200.0,2026-04-15,INSUFFICIENT_FUNDS,CUSTOMER_FINANCIAL,677,14,8,22,0.6364,0.3,0.25,low_engagement,0.3636,0.6364,starter,200.0,monthly
FAIL_002587,PAY_015841,CUST_0926,SUB_0926,706.67,2024-10-17,NETWORK_ERROR,TECHNICAL,802,24,2,26,0.9231,0.8,0.85,reliable,0.0769,0.9231,starter,706.67,monthly
FAIL_002588,PAY_015844,CUST_0926,SUB_0926,706.67,2025-01-15,INSUFFICIENT_FUNDS,CUSTOMER_FINANCIAL,802,24,2,26,0.9231,0.8,0.85,reliable,0.0769,0.9231,starter,706.67,monthly
FAIL_002589,PAY_015848,CUST_0926,SUB_0926,706.67,2025-05-15,NETWORK_ERROR,TECHNICAL,802,24,2,26,0.9231,0.8,0.85,reliable,0.0769,0.9231,starter,706.67,monthly
FAIL_002590,PAY_015849,CUST_0926,SUB_0926,706.67,2025-06-14,BANK_DECLINED,ISSUER_DECLINE,802,24,2,26,0.9231,0.8,0.85,reliable,0.0769,0.9231,starter,706.67,monthly
FAIL_002591,PAY_015859,CUST_0926,SUB_0926,706.67,2026-04-10,NETWORK_ERROR,TECHNICAL,802,24,2,26,0.9231,0.8,0.85,reliable,0.0769,0.9231,starter,706.67,monthly
FAIL_002592,PAY_015867,CUST_0928,SUB_0928,1406.33,2026-06-14,BANK_DECLINED,ISSUER_DECLINE,137,3,1,4,0.75,0.35,0.45,friction_prone,0.25,0.75,growth,1406.33,monthly
FAIL_002593,PAY_015870,CUST_0929,SUB_0929,329.53,2024-07-01,INSUFFICIENT_FUNDS,CUSTOMER_FINANCIAL,820,23,4,27,0.8519,0.35,0.45,friction_prone,0.1481,0.8519,growth,329.53,monthly
FAIL_002594,PAY_015880,CUST_0929,SUB_0929,329.53,2025-04-27,BANK_DECLINED,ISSUER_DECLINE,820,23,4,27,0.8519,0.35,0.45,friction_prone,0.1481,0.8519,growth,329.53,monthly
FAIL_002595,PAY_015883,CUST_0929,SUB_0929,329.53,2025-07-26,NETWORK_ERROR,TECHNICAL,820,23,4,27,0.8519,0.35,0.45,friction_prone,0.1481,0.8519,growth,329.53,monthly
FAIL_002596,PAY_015886,CUST_0929,SUB_0929,329.53,2025-10-24,CARD_EXPIRED,PAYMENT_METHOD,820,23,4,27,0.8519,0.35,0.45,friction_prone,0.1481,0.8519,growth,329.53,monthly
FAIL_002597,PAY_015891,CUST_0929,SUB_0929,329.53,2026-03-23,INSUFFICIENT_FUNDS,CUSTOMER_FINANCIAL,820,23,4,27,0.8519,0.35,0.45,friction_prone,0.1481,0.8519,growth,329.53,monthly
FAIL_002598,PAY_015908,CUST_0930,SUB_0930,556.37,2025-06-02,INSUFFICIENT_FUNDS,CUSTOMER_FINANCIAL,814,24,3,27,0.8889,0.3,0.25,low_engagement,0.1111,0.8889,starter,556.37,monthly
FAIL_002599,PAY_015925,CUST_0931,SUB_0931,729.59,2024-08-21,CARD_EXPIRED,PAYMENT_METHOD,799,22,4,26,0.8462,0.6,0.6,normal,0.1538,0.8462,growth,729.59,monthly
FAIL_002600,PAY_015936,CUST_0931,SUB_0931,729.59,2025-07-17,BANK_DECLINED,ISSUER_DECLINE,799,22,4,26,0.8462,0.6,0.6,normal,0.1538,0.8462,growth,729.59,monthly
FAIL_002601,PAY_015975,CUST_0932,SUB_0932,2080.35,2026-01-29,BANK_DECLINED,ISSUER_DECLINE,993,31,2,33,0.9394,0.6,0.6,normal,0.0606,0.9394,pro,2080.35,monthly
FAIL_002602,PAY_016001,CUST_0934,SUB_0934,577.3,2024-09-03,LIMIT_EXCEEDED,PAYMENT_LIMIT,786,25,1,26,0.9615,0.3,0.25,low_engagement,0.0385,0.9615,starter,577.3,monthly
FAIL_002603,PAY_016014,CUST_0934,SUB_0934,577.3,2025-09-28,BANK_DECLINED,ISSUER_DECLINE,786,25,1,26,0.9615,0.3,0.25,low_engagement,0.0385,0.9615,starter,577.3,monthly
FAIL_002604,PAY_016036,CUST_0935,SUB_0935,295.63,2025-02-06,INSUFFICIENT_FUNDS,CUSTOMER_FINANCIAL,900,22,8,30,0.7333,0.3,0.25,low_engagement,0.2667,0.7333,starter,295.63,monthly
FAIL_002605,PAY_016037,CUST_0935,SUB_0935,295.63,2025-03-08,INSUFFICIENT_FUNDS,CUSTOMER_FINANCIAL,900,22,8,30,0.7333,0.3,0.25,low_engagement,0.2667,0.7333,starter,295.63,monthly
FAIL_002606,PAY_016041,CUST_0935,SUB_0935,295.63,2025-07-06,INSUFFICIENT_FUNDS,CUSTOMER_FINANCIAL,900,22,8,30,0.7333,0.3,0.25,low_engagement,0.2667,0.7333,starter,295.63,monthly
FAIL_002607,PAY_016042,CUST_0935,SUB_0935,295.63,2025-08-05,NETWORK_ERROR,TECHNICAL,900,22,8,30,0.7333,0.3,0.25,low_engagement,0.2667,0.7333,starter,295.63,monthly
FAIL_002608,PAY_016046,CUST_0935,SUB_0935,295.63,2025-12-03,NETWORK_ERROR,TECHNICAL,900,22,8,30,0.7333,0.3,0.25,low_engagement,0.2667,0.7333,starter,295.63,monthly
FAIL_002609,PAY_016049,CUST_0935,SUB_0935,295.63,2026-03-03,NETWORK_ERROR,TECHNICAL,900,22,8,30,0.7333,0.3,0.25,low_engagement,0.2667,0.7333,starter,295.63,monthly
FAIL_002610,PAY_016054,CUST_0935,SUB_0935,295.63,2026-07-31,CARD_EXPIRED,PAYMENT_METHOD,900,22,8,30,0.7333,0.3,0.25,low_engagement,0.2667,0.7333,starter,295.63,monthly
FAIL_002611,PAY_016073,CUST_0937,SUB_0937,3187.45,2026-07-23,NETWORK_ERROR,TECHNICAL,38,0,1,1,0.0,0.8,0.85,reliable,1.0,0.0,growth,3187.45,monthly
FAIL_002612,PAY_016079,CUST_0939,SUB_0939,368.13,2025-08-09,AUTHENTICATION_FAILED,CUSTOMER_ACTION,386,10,2,12,0.8333,0.3,0.25,low_engagement,0.1667,0.8333,starter,368.13,monthly
FAIL_002613,PAY_016080,CUST_0939,SUB_0939,368.13,2025-09-08,CARD_EXPIRED,PAYMENT_METHOD,386,10,2,12,0.8333,0.3,0.25,low_engagement,0.1667,0.8333,starter,368.13,monthly
FAIL_002614,PAY_016084,CUST_0939,SUB_0939,368.13,2026-01-06,BANK_DECLINED,ISSUER_DECLINE,386,10,2,12,0.8333,0.3,0.25,low_engagement,0.1667,0.8333,starter,368.13,monthly
FAIL_002615,PAY_016085,CUST_0939,SUB_0939,368.13,2026-02-05,NETWORK_ERROR,TECHNICAL,386,10,2,12,0.8333,0.3,0.25,low_engagement,0.1667,0.8333,starter,368.13,monthly
FAIL_002616,PAY_016088,CUST_0939,SUB_0939,368.13,2026-05-06,NETWORK_ERROR,TECHNICAL,386,10,2,12,0.8333,0.3,0.25,low_engagement,0.1667,0.8333,starter,368.13,monthly
FAIL_002617,PAY_016089,CUST_0939,SUB_0939,368.13,2026-06-05,CARD_EXPIRED,PAYMENT_METHOD,386,10,2,12,0.8333,0.3,0.25,low_engagement,0.1667,0.8333,starter,368.13,monthly
FAIL_002618,PAY_016090,CUST_0939,SUB_0939,368.13,2026-07-05,BANK_DECLINED,ISSUER_DECLINE,386,10,2,12,0.8333,0.3,0.25,low_engagement,0.1667,0.8333,starter,368.13,monthly
FAIL_002619,PAY_016127,CUST_0942,SUB_0942,568.27,2024-03-02,INSUFFICIENT_FUNDS,CUSTOMER_FINANCIAL,941,20,11,31,0.6452,0.35,0.45,friction_prone,0.3548,0.6452,growth,568.27,monthly
FAIL_002620,PAY_016129,CUST_0942,SUB_0942,568.27,2024-05-01,AUTHENTICATION_FAILED,CUSTOMER_ACTION,941,20,11,31,0.6452,0.35,0.45,friction_prone,0.3548,0.6452,growth,568.27,monthly
FAIL_002621,PAY_016131,CUST_0942,SUB_0942,568.27,2024-06-30,LIMIT_EXCEEDED,PAYMENT_LIMIT,941,20,11,31,0.6452,0.35,0.45,friction_prone,0.3548,0.6452,growth,568.27,monthly
FAIL_002622,PAY_016132,CUST_0942,SUB_0942,568.27,2024-07-30,BANK_DECLINED,ISSUER_DECLINE,941,20,11,31,0.6452,0.35,0.45,friction_prone,0.3548,0.6452,growth,568.27,monthly
FAIL_002623,PAY_016133,CUST_0942,SUB_0942,568.27,2024-08-29,INSUFFICIENT_FUNDS,CUSTOMER_FINANCIAL,941,20,11,31,0.6452,0.35,0.45,friction_prone,0.3548,0.6452,growth,568.27,monthly
FAIL_002624,PAY_016134,CUST_0942,SUB_0942,568.27,2024-09-28,BANK_DECLINED,ISSUER_DECLINE,941,20,11,31,0.6452,0.35,0.45,friction_prone,0.3548,0.6452,growth,568.27,monthly
FAIL_002625,PAY_016138,CUST_0942,SUB_0942,568.27,2025-01-26,BANK_DECLINED,ISSUER_DECLINE,941,20,11,31,0.6452,0.35,0.45,friction_prone,0.3548,0.6452,growth,568.27,monthly
FAIL_002626,PAY_016140,CUST_0942,SUB_0942,568.27,2025-03-27,BANK_DECLINED,ISSUER_DECLINE,941,20,11,31,0.6452,0.35,0.45,friction_prone,0.3548,0.6452,growth,568.27,monthly
FAIL_002627,PAY_016141,CUST_0942,SUB_0942,568.27,2025-04-26,LIMIT_EXCEEDED,PAYMENT_LIMIT,941,20,11,31,0.6452,0.35,0.45,friction_prone,0.3548,0.6452,growth,568.27,monthly
FAIL_002628,PAY_016145,CUST_0942,SUB_0942,568.27,2025-08-24,LIMIT_EXCEEDED,PAYMENT_LIMIT,941,20,11,31,0.6452,0.35,0.45,friction_prone,0.3548,0.6452,growth,568.27,monthly
FAIL_002629,PAY_016149,CUST_0942,SUB_0942,568.27,2025-12-22,AUTHENTICATION_FAILED,CUSTOMER_ACTION,941,20,11,31,0.6452,0.35,0.45,friction_prone,0.3548,0.6452,growth,568.27,monthly
FAIL_002630,PAY_016150,CUST_0942,SUB_0942,568.27,2026-01-21,INSUFFICIENT_FUNDS,CUSTOMER_FINANCIAL,941,20,11,31,0.6452,0.35,0.45,friction_prone,0.3548,0.6452,growth,568.27,monthly
FAIL_002631,PAY_016155,CUST_0942,SUB_0942,568.27,2026-06-20,CARD_EXPIRED,PAYMENT_METHOD,941,20,11,31,0.6452,0.35,0.45,friction_prone,0.3548,0.6452,growth,568.27,monthly
FAIL_002632,PAY_016179,CUST_0943,SUB_0943,1027.39,2026-07-29,NETWORK_ERROR,TECHNICAL,692,22,1,23,0.9565,0.8,0.85,reliable,0.0435,0.9565,starter,1027.39,monthly
FAIL_002633,PAY_016198,CUST_0945,SUB_0945,12700.91,2026-01-15,BANK_DECLINED,ISSUER_DECLINE,617,18,2,20,0.9,0.82,0.9,high_value_loyal,0.1,0.9,pro,12700.91,monthly
FAIL_002634,PAY_016214,CUST_0947,SUB_0947,773.95,2024-09-01,CARD_EXPIRED,PAYMENT_METHOD,818,21,6,27,0.7778,0.3,0.25,low_engagement,0.2222,0.7778,growth,773.95,monthly
FAIL_002635,PAY_016215,CUST_0947,SUB_0947,773.95,2024-10-01,CARD_EXPIRED,PAYMENT_METHOD,818,21,6,27,0.7778,0.3,0.25,low_engagement,0.2222,0.7778,growth,773.95,monthly
FAIL_002636,PAY_016216,CUST_0947,SUB_0947,773.95,2024-10-31,LIMIT_EXCEEDED,PAYMENT_LIMIT,818,21,6,27,0.7778,0.3,0.25,low_engagement,0.2222,0.7778,growth,773.95,monthly
FAIL_002637,PAY_016221,CUST_0947,SUB_0947,773.95,2025-03-30,CARD_EXPIRED,PAYMENT_METHOD,818,21,6,27,0.7778,0.3,0.25,low_engagement,0.2222,0.7778,growth,773.95,monthly
FAIL_002638,PAY_016223,CUST_0947,SUB_0947,773.95,2025-05-29,INSUFFICIENT_FUNDS,CUSTOMER_FINANCIAL,818,21,6,27,0.7778,0.3,0.25,low_engagement,0.2222,0.7778,growth,773.95,monthly
FAIL_002639,PAY_016229,CUST_0947,SUB_0947,773.95,2025-11-25,INSUFFICIENT_FUNDS,CUSTOMER_FINANCIAL,818,21,6,27,0.7778,0.3,0.25,low_engagement,0.2222,0.7778,growth,773.95,monthly
FAIL_002640,PAY_016232,CUST_0947,SUB_0947,773.95,2026-02-23,INSUFFICIENT_FUNDS,CUSTOMER_FINANCIAL,818,21,6,27,0.7778,0.3,0.25,low_engagement,0.2222,0.7778,growth,773.95,monthly
FAIL_002641,PAY_016266,CUST_0949,SUB_0949,974.33,2024-08-20,INSUFFICIENT_FUNDS,CUSTOMER_FINANCIAL,830,22,5,27,0.8148,0.3,0.25,low_engagement,0.1852,0.8148,starter,974.33,monthly
FAIL_002642,PAY_016268,CUST_0949,SUB_0949,974.33,2024-10-19,INSUFFICIENT_FUNDS,CUSTOMER_FINANCIAL,830,22,5,27,0.8148,0.3,0.25,low_engagement,0.1852,0.8148,starter,974.33,monthly
FAIL_002643,PAY_016270,CUST_0949,SUB_0949,974.33,2024-12-18,CARD_EXPIRED,PAYMENT_METHOD,830,22,5,27,0.8148,0.3,0.25,low_engagement,0.1852,0.8148,starter,974.33,monthly
FAIL_002644,PAY_016272,CUST_0949,SUB_0949,974.33,2025-02-16,NETWORK_ERROR,TECHNICAL,830,22,5,27,0.8148,0.3,0.25,low_engagement,0.1852,0.8148,starter,974.33,monthly
FAIL_002645,PAY_016278,CUST_0949,SUB_0949,974.33,2025-08-15,CARD_EXPIRED,PAYMENT_METHOD,830,22,5,27,0.8148,0.3,0.25,low_engagement,0.1852,0.8148,starter,974.33,monthly
FAIL_002646,PAY_016282,CUST_0949,SUB_0949,974.33,2025-12-13,NETWORK_ERROR,TECHNICAL,830,22,5,27,0.8148,0.3,0.25,low_engagement,0.1852,0.8148,starter,974.33,monthly
FAIL_002647,PAY_016285,CUST_0949,SUB_0949,974.33,2026-03-13,BANK_DECLINED,ISSUER_DECLINE,830,22,5,27,0.8148,0.3,0.25,low_engagement,0.1852,0.8148,starter,974.33,monthly
FAIL_002648,PAY_016332,CUST_0954,SUB_0954,1306.76,2024-12-14,CARD_EXPIRED,PAYMENT_METHOD,624,17,3,20,0.85,0.3,0.25,low_engagement,0.15,0.85,growth,1306.76,monthly
FAIL_002649,PAY_016348,CUST_0954,SUB_0954,1306.76,2026-04-08,INSUFFICIENT_FUNDS,CUSTOMER_FINANCIAL,624,17,3,20,0.85,0.3,0.25,low_engagement,0.15,0.85,growth,1306.76,monthly
FAIL_002650,PAY_016354,CUST_0955,SUB_0955,319.2,2024-09-01,NETWORK_ERROR,TECHNICAL,788,19,7,26,0.7308,0.3,0.25,low_engagement,0.2692,0.7308,starter,319.2,monthly
FAIL_002651,PAY_016355,CUST_0955,SUB_0955,319.2,2024-10-01,NETWORK_ERROR,TECHNICAL,788,19,7,26,0.7308,0.3,0.25,low_engagement,0.2692,0.7308,starter,319.2,monthly
FAIL_002652,PAY_016358,CUST_0955,SUB_0955,319.2,2024-12-30,INSUFFICIENT_FUNDS,CUSTOMER_FINANCIAL,788,19,7,26,0.7308,0.3,0.25,low_engagement,0.2692,0.7308,starter,319.2,monthly
FAIL_002653,PAY_016360,CUST_0955,SUB_0955,319.2,2025-02-28,BANK_DECLINED,ISSUER_DECLINE,788,19,7,26,0.7308,0.3,0.25,low_engagement,0.2692,0.7308,starter,319.2,monthly
FAIL_002654,PAY_016361,CUST_0955,SUB_0955,319.2,2025-03-30,NETWORK_ERROR,TECHNICAL,788,19,7,26,0.7308,0.3,0.25,low_engagement,0.2692,0.7308,starter,319.2,monthly
FAIL_002655,PAY_016362,CUST_0955,SUB_0955,319.2,2025-04-29,INSUFFICIENT_FUNDS,CUSTOMER_FINANCIAL,788,19,7,26,0.7308,0.3,0.25,low_engagement,0.2692,0.7308,starter,319.2,monthly
FAIL_002656,PAY_016363,CUST_0955,SUB_0955,319.2,2025-05-29,AUTHENTICATION_FAILED,CUSTOMER_ACTION,788,19,7,26,0.7308,0.3,0.25,low_engagement,0.2692,0.7308,starter,319.2,monthly
FAIL_002657,PAY_016379,CUST_0956,SUB_0956,663.09,2024-07-16,BANK_DECLINED,ISSUER_DECLINE,805,22,4,26,0.8462,0.35,0.45,friction_prone,0.1538,0.8462,growth,663.09,monthly
FAIL_002658,PAY_016382,CUST_0956,SUB_0956,663.09,2024-10-14,INSUFFICIENT_FUNDS,CUSTOMER_FINANCIAL,805,22,4,26,0.8462,0.35,0.45,friction_prone,0.1538,0.8462,growth,663.09,monthly
FAIL_002659,PAY_016394,CUST_0956,SUB_0956,663.09,2025-10-09,BANK_DECLINED,ISSUER_DECLINE,805,22,4,26,0.8462,0.35,0.45,friction_prone,0.1538,0.8462,growth,663.09,monthly
FAIL_002660,PAY_016396,CUST_0956,SUB_0956,663.09,2025-12-08,CARD_EXPIRED,PAYMENT_METHOD,805,22,4,26,0.8462,0.35,0.45,friction_prone,0.1538,0.8462,growth,663.09,monthly
FAIL_002661,PAY_016402,CUST_0956,SUB_0956,663.09,2026-06-06,NETWORK_ERROR,TECHNICAL,805,22,4,26,0.8462,0.35,0.45,friction_prone,0.1538,0.8462,growth,663.09,monthly
FAIL_002662,PAY_016408,CUST_0958,SUB_0958,1863.63,2024-06-21,INSUFFICIENT_FUNDS,CUSTOMER_FINANCIAL,830,23,4,27,0.8519,0.6,0.6,normal,0.1481,0.8519,pro,1863.63,monthly
FAIL_002663,PAY_016410,CUST_0958,SUB_0958,1863.63,2024-08-20,NETWORK_ERROR,TECHNICAL,830,23,4,27,0.8519,0.6,0.6,normal,0.1481,0.8519,pro,1863.63,monthly
FAIL_002664,PAY_016413,CUST_0958,SUB_0958,1863.63,2024-11-18,NETWORK_ERROR,TECHNICAL,830,23,4,27,0.8519,0.6,0.6,normal,0.1481,0.8519,pro,1863.63,monthly
FAIL_002665,PAY_016419,CUST_0958,SUB_0958,1863.63,2025-05-17,CARD_EXPIRED,PAYMENT_METHOD,830,23,4,27,0.8519,0.6,0.6,normal,0.1481,0.8519,pro,1863.63,monthly
FAIL_002666,PAY_016426,CUST_0958,SUB_0958,1863.63,2025-12-13,INSUFFICIENT_FUNDS,CUSTOMER_FINANCIAL,830,23,4,27,0.8519,0.6,0.6,normal,0.1481,0.8519,pro,1863.63,monthly
FAIL_002667,PAY_016439,CUST_0959,SUB_0959,1165.14,2025-08-24,INSUFFICIENT_FUNDS,CUSTOMER_FINANCIAL,521,15,2,17,0.8824,0.3,0.25,low_engagement,0.1176,0.8824,growth,1165.14,monthly
FAIL_002668,PAY_016491,CUST_0964,SUB_0964,1091.43,2024-05-23,BANK_DECLINED,ISSUER_DECLINE,859,16,12,28,0.5714,0.35,0.45,friction_prone,0.4286,0.5714,pro,1091.43,monthly
FAIL_002669,PAY_016492,CUST_0964,SUB_0964,1091.43,2024-06-22,BANK_DECLINED,ISSUER_DECLINE,859,16,12,28,0.5714,0.35,0.45,friction_prone,0.4286,0.5714,pro,1091.43,monthly
FAIL_002670,PAY_016494,CUST_0964,SUB_0964,1091.43,2024-08-21,BANK_DECLINED,ISSUER_DECLINE,859,16,12,28,0.5714,0.35,0.45,friction_prone,0.4286,0.5714,pro,1091.43,monthly
FAIL_002671,PAY_016495,CUST_0964,SUB_0964,1091.43,2024-09-20,INSUFFICIENT_FUNDS,CUSTOMER_FINANCIAL,859,16,12,28,0.5714,0.35,0.45,friction_prone,0.4286,0.5714,pro,1091.43,monthly
FAIL_002672,PAY_016500,CUST_0964,SUB_0964,1091.43,2025-02-17,NETWORK_ERROR,TECHNICAL,859,16,12,28,0.5714,0.35,0.45,friction_prone,0.4286,0.5714,pro,1091.43,monthly
FAIL_002673,PAY_016502,CUST_0964,SUB_0964,1091.43,2025-04-18,NETWORK_ERROR,TECHNICAL,859,16,12,28,0.5714,0.35,0.45,friction_prone,0.4286,0.5714,pro,1091.43,monthly
FAIL_002674,PAY_016503,CUST_0964,SUB_0964,1091.43,2025-05-18,INSUFFICIENT_FUNDS,CUSTOMER_FINANCIAL,859,16,12,28,0.5714,0.35,0.45,friction_prone,0.4286,0.5714,pro,1091.43,monthly
FAIL_002675,PAY_016505,CUST_0964,SUB_0964,1091.43,2025-07-17,NETWORK_ERROR,TECHNICAL,859,16,12,28,0.5714,0.35,0.45,friction_prone,0.4286,0.5714,pro,1091.43,monthly
FAIL_002676,PAY_016508,CUST_0964,SUB_0964,1091.43,2025-10-15,NETWORK_ERROR,TECHNICAL,859,16,12,28,0.5714,0.35,0.45,friction_prone,0.4286,0.5714,pro,1091.43,monthly
FAIL_002677,PAY_016510,CUST_0964,SUB_0964,1091.43,2025-12-14,INSUFFICIENT_FUNDS,CUSTOMER_FINANCIAL,859,16,12,28,0.5714,0.35,0.45,friction_prone,0.4286,0.5714,pro,1091.43,monthly
FAIL_002678,PAY_016511,CUST_0964,SUB_0964,1091.43,2026-01-13,LIMIT_EXCEEDED,PAYMENT_LIMIT,859,16,12,28,0.5714,0.35,0.45,friction_prone,0.4286,0.5714,pro,1091.43,monthly
FAIL_002679,PAY_016513,CUST_0964,SUB_0964,1091.43,2026-03-14,BANK_DECLINED,ISSUER_DECLINE,859,16,12,28,0.5714,0.35,0.45,friction_prone,0.4286,0.5714,pro,1091.43,monthly
FAIL_002680,PAY_016514,CUST_0964,SUB_0964,1091.43,2026-04-13,NETWORK_ERROR,TECHNICAL,859,16,12,28,0.5714,0.35,0.45,friction_prone,0.4286,0.5714,pro,1091.43,monthly
FAIL_002681,PAY_016515,CUST_0964,SUB_0964,1091.43,2026-05-13,NETWORK_ERROR,TECHNICAL,859,16,12,28,0.5714,0.35,0.45,friction_prone,0.4286,0.5714,pro,1091.43,monthly
FAIL_002682,PAY_016516,CUST_0964,SUB_0964,1091.43,2026-06-12,INSUFFICIENT_FUNDS,CUSTOMER_FINANCIAL,859,16,12,28,0.5714,0.35,0.45,friction_prone,0.4286,0.5714,pro,1091.43,monthly
FAIL_002683,PAY_016522,CUST_0965,SUB_0965,817.6,2024-08-16,INSUFFICIENT_FUNDS,CUSTOMER_FINANCIAL,864,25,3,28,0.8929,0.6,0.6,normal,0.1071,0.8929,starter,817.6,monthly
FAIL_002684,PAY_016527,CUST_0965,SUB_0965,817.6,2025-01-13,CARD_EXPIRED,PAYMENT_METHOD,864,25,3,28,0.8929,0.6,0.6,normal,0.1071,0.8929,starter,817.6,monthly
FAIL_002685,PAY_016528,CUST_0965,SUB_0965,817.6,2025-02-12,INSUFFICIENT_FUNDS,CUSTOMER_FINANCIAL,864,25,3,28,0.8929,0.6,0.6,normal,0.1071,0.8929,starter,817.6,monthly
FAIL_002686,PAY_016551,CUST_0966,SUB_0966,231.48,2024-12-13,AUTHENTICATION_FAILED,CUSTOMER_ACTION,775,17,8,25,0.68,0.3,0.25,low_engagement,0.32,0.68,starter,231.48,monthly
FAIL_002687,PAY_016552,CUST_0966,SUB_0966,231.48,2025-01-12,CARD_EXPIRED,PAYMENT_METHOD,775,17,8,25,0.68,0.3,0.25,low_engagement,0.32,0.68,starter,231.48,monthly
FAIL_002688,PAY_016553,CUST_0966,SUB_0966,231.48,2025-02-11,INSUFFICIENT_FUNDS,CUSTOMER_FINANCIAL,775,17,8,25,0.68,0.3,0.25,low_engagement,0.32,0.68,starter,231.48,monthly
FAIL_002689,PAY_016559,CUST_0966,SUB_0966,231.48,2025-08-10,AUTHENTICATION_FAILED,CUSTOMER_ACTION,775,17,8,25,0.68,0.3,0.25,low_engagement,0.32,0.68,starter,231.48,monthly
FAIL_002690,PAY_016560,CUST_0966,SUB_0966,231.48,2025-09-09,INSUFFICIENT_FUNDS,CUSTOMER_FINANCIAL,775,17,8,25,0.68,0.3,0.25,low_engagement,0.32,0.68,starter,231.48,monthly
FAIL_002691,PAY_016562,CUST_0966,SUB_0966,231.48,2025-11-08,INSUFFICIENT_FUNDS,CUSTOMER_FINANCIAL,775,17,8,25,0.68,0.3,0.25,low_engagement,0.32,0.68,starter,231.48,monthly
FAIL_002692,PAY_016587,CUST_0967,SUB_0967,10771.74,2025-04-27,CARD_EXPIRED,PAYMENT_METHOD,970,29,3,32,0.9062,0.82,0.9,high_value_loyal,0.0938,0.9062,pro,10771.74,monthly
FAIL_002693,PAY_016588,CUST_0967,SUB_0967,10771.74,2025-05-27,NETWORK_ERROR,TECHNICAL,970,29,3,32,0.9062,0.82,0.9,high_value_loyal,0.0938,0.9062,pro,10771.74,monthly
FAIL_002694,PAY_016593,CUST_0967,SUB_0967,10771.74,2025-10-24,INSUFFICIENT_FUNDS,CUSTOMER_FINANCIAL,970,29,3,32,0.9062,0.82,0.9,high_value_loyal,0.0938,0.9062,pro,10771.74,monthly
FAIL_002695,PAY_016595,CUST_0967,SUB_0967,10771.74,2025-12-23,BANK_DECLINED,ISSUER_DECLINE,970,29,3,32,0.9062,0.82,0.9,high_value_loyal,0.0938,0.9062,pro,10771.74,monthly
FAIL_002696,PAY_016600,CUST_0967,SUB_0967,10771.74,2026-05-22,BANK_DECLINED,ISSUER_DECLINE,970,29,3,32,0.9062,0.82,0.9,high_value_loyal,0.0938,0.9062,pro,10771.74,monthly
FAIL_002697,PAY_016638,CUST_0969,SUB_0969,956.83,2024-11-11,BANK_DECLINED,ISSUER_DECLINE,897,24,5,29,0.8276,0.3,0.25,low_engagement,0.1724,0.8276,growth,956.83,monthly
FAIL_002698,PAY_016642,CUST_0969,SUB_0969,956.83,2025-03-11,NETWORK_ERROR,TECHNICAL,897,24,5,29,0.8276,0.3,0.25,low_engagement,0.1724,0.8276,growth,956.83,monthly
FAIL_002699,PAY_016644,CUST_0969,SUB_0969,956.83,2025-05-10,BANK_DECLINED,ISSUER_DECLINE,897,24,5,29,0.8276,0.3,0.25,low_engagement,0.1724,0.8276,growth,956.83,monthly
FAIL_002700,PAY_016650,CUST_0969,SUB_0969,956.83,2025-11-06,INSUFFICIENT_FUNDS,CUSTOMER_FINANCIAL,897,24,5,29,0.8276,0.3,0.25,low_engagement,0.1724,0.8276,growth,956.83,monthly
FAIL_002701,PAY_016655,CUST_0969,SUB_0969,956.83,2026-04-05,INSUFFICIENT_FUNDS,CUSTOMER_FINANCIAL,897,24,5,29,0.8276,0.3,0.25,low_engagement,0.1724,0.8276,growth,956.83,monthly
FAIL_002702,PAY_016656,CUST_0969,SUB_0969,956.83,2026-05-05,NETWORK_ERROR,TECHNICAL,897,24,5,29,0.8276,0.3,0.25,low_engagement,0.1724,0.8276,growth,956.83,monthly
FAIL_002703,PAY_016663,CUST_0970,SUB_0970,827.8,2024-05-19,CARD_EXPIRED,PAYMENT_METHOD,953,24,7,31,0.7742,0.3,0.25,low_engagement,0.2258,0.7742,growth,827.8,monthly
FAIL_002704,PAY_016669,CUST_0970,SUB_0970,827.8,2024-11-15,INSUFFICIENT_FUNDS,CUSTOMER_FINANCIAL,953,24,7,31,0.7742,0.3,0.25,low_engagement,0.2258,0.7742,growth,827.8,monthly
FAIL_002705,PAY_016673,CUST_0970,SUB_0970,827.8,2025-03-15,NETWORK_ERROR,TECHNICAL,953,24,7,31,0.7742,0.3,0.25,low_engagement,0.2258,0.7742,growth,827.8,monthly
FAIL_002706,PAY_016674,CUST_0970,SUB_0970,827.8,2025-04-14,INSUFFICIENT_FUNDS,CUSTOMER_FINANCIAL,953,24,7,31,0.7742,0.3,0.25,low_engagement,0.2258,0.7742,growth,827.8,monthly
FAIL_002707,PAY_016677,CUST_0970,SUB_0970,827.8,2025-07-13,AUTHENTICATION_FAILED,CUSTOMER_ACTION,953,24,7,31,0.7742,0.3,0.25,low_engagement,0.2258,0.7742,growth,827.8,monthly
FAIL_002708,PAY_016681,CUST_0970,SUB_0970,827.8,2025-11-10,INSUFFICIENT_FUNDS,CUSTOMER_FINANCIAL,953,24,7,31,0.7742,0.3,0.25,low_engagement,0.2258,0.7742,growth,827.8,monthly
FAIL_002709,PAY_016695,CUST_0971,SUB_0971,401.23,2024-12-21,BANK_DECLINED,ISSUER_DECLINE,767,15,10,25,0.6,0.35,0.45,friction_prone,0.4,0.6,starter,401.23,monthly
FAIL_002710,PAY_016697,CUST_0971,SUB_0971,401.23,2025-02-19,INSUFFICIENT_FUNDS,CUSTOMER_FINANCIAL,767,15,10,25,0.6,0.35,0.45,friction_prone,0.4,0.6,starter,401.23,monthly
FAIL_002711,PAY_016698,CUST_0971,SUB_0971,401.23,2025-03-21,INSUFFICIENT_FUNDS,CUSTOMER_FINANCIAL,767,15,10,25,0.6,0.35,0.45,friction_prone,0.4,0.6,starter,401.23,monthly
FAIL_002712,PAY_016703,CUST_0971,SUB_0971,401.23,2025-08-18,AUTHENTICATION_FAILED,CUSTOMER_ACTION,767,15,10,25,0.6,0.35,0.45,friction_prone,0.4,0.6,starter,401.23,monthly
FAIL_002713,PAY_016706,CUST_0971,SUB_0971,401.23,2025-11-16,CARD_EXPIRED,PAYMENT_METHOD,767,15,10,25,0.6,0.35,0.45,friction_prone,0.4,0.6,starter,401.23,monthly
FAIL_002714,PAY_016707,CUST_0971,SUB_0971,401.23,2025-12-16,BANK_DECLINED,ISSUER_DECLINE,767,15,10,25,0.6,0.35,0.45,friction_prone,0.4,0.6,starter,401.23,monthly
FAIL_002715,PAY_016708,CUST_0971,SUB_0971,401.23,2026-01-15,AUTHENTICATION_FAILED,CUSTOMER_ACTION,767,15,10,25,0.6,0.35,0.45,friction_prone,0.4,0.6,starter,401.23,monthly
FAIL_002716,PAY_016711,CUST_0971,SUB_0971,401.23,2026-04-15,NETWORK_ERROR,TECHNICAL,767,15,10,25,0.6,0.35,0.45,friction_prone,0.4,0.6,starter,401.23,monthly
FAIL_002717,PAY_016714,CUST_0971,SUB_0971,401.23,2026-07-14,BANK_DECLINED,ISSUER_DECLINE,767,15,10,25,0.6,0.35,0.45,friction_prone,0.4,0.6,starter,401.23,monthly
FAIL_002718,PAY_016720,CUST_0972,SUB_0972,10043.11,2024-07-12,BANK_DECLINED,ISSUER_DECLINE,929,28,2,30,0.9333,0.82,0.9,high_value_loyal,0.0667,0.9333,pro,10043.11,monthly
FAIL_002719,PAY_016731,CUST_0972,SUB_0972,10043.11,2025-06-07,BANK_DECLINED,ISSUER_DECLINE,929,28,2,30,0.9333,0.82,0.9,high_value_loyal,0.0667,0.9333,pro,10043.11,monthly
FAIL_002720,PAY_016734,CUST_0972,SUB_0972,10043.11,2025-09-05,CARD_EXPIRED,PAYMENT_METHOD,929,28,2,30,0.9333,0.82,0.9,high_value_loyal,0.0667,0.9333,pro,10043.11,monthly
FAIL_002721,PAY_016742,CUST_0972,SUB_0972,10043.11,2026-05-03,INSUFFICIENT_FUNDS,CUSTOMER_FINANCIAL,929,28,2,30,0.9333,0.82,0.9,high_value_loyal,0.0667,0.9333,pro,10043.11,monthly
FAIL_002722,PAY_016758,CUST_0973,SUB_0973,12790.64,2025-06-30,INSUFFICIENT_FUNDS,CUSTOMER_FINANCIAL,816,25,2,27,0.9259,0.82,0.9,high_value_loyal,0.0741,0.9259,pro,12790.64,monthly
FAIL_002723,PAY_016762,CUST_0973,SUB_0973,12790.64,2025-10-28,BANK_DECLINED,ISSUER_DECLINE,816,25,2,27,0.9259,0.82,0.9,high_value_loyal,0.0741,0.9259,pro,12790.64,monthly
FAIL_002724,PAY_016773,CUST_0974,SUB_0974,285.57,2026-01-19,BANK_DECLINED,ISSUER_DECLINE,253,6,2,8,0.75,0.35,0.45,friction_prone,0.25,0.75,starter,285.57,monthly
FAIL_002725,PAY_016777,CUST_0974,SUB_0974,285.57,2026-05-19,AUTHENTICATION_FAILED,CUSTOMER_ACTION,253,6,2,8,0.75,0.35,0.45,friction_prone,0.25,0.75,starter,285.57,monthly
FAIL_002726,PAY_016779,CUST_0974,SUB_0974,285.57,2026-07-18,INSUFFICIENT_FUNDS,CUSTOMER_FINANCIAL,253,6,2,8,0.75,0.35,0.45,friction_prone,0.25,0.75,starter,285.57,monthly
FAIL_002727,PAY_016818,CUST_0977,SUB_0977,1338.23,2025-09-29,CARD_EXPIRED,PAYMENT_METHOD,395,10,3,13,0.7692,0.6,0.6,normal,0.2308,0.7692,pro,1338.23,monthly
FAIL_002728,PAY_016819,CUST_0977,SUB_0977,1338.23,2025-10-29,LIMIT_EXCEEDED,PAYMENT_LIMIT,395,10,3,13,0.7692,0.6,0.6,normal,0.2308,0.7692,pro,1338.23,monthly
FAIL_002729,PAY_016820,CUST_0977,SUB_0977,1338.23,2025-11-28,LIMIT_EXCEEDED,PAYMENT_LIMIT,395,10,3,13,0.7692,0.6,0.6,normal,0.2308,0.7692,pro,1338.23,monthly
FAIL_002730,PAY_016827,CUST_0977,SUB_0977,1338.23,2026-06-26,INSUFFICIENT_FUNDS,CUSTOMER_FINANCIAL,395,10,3,13,0.7692,0.6,0.6,normal,0.2308,0.7692,pro,1338.23,monthly
FAIL_002731,PAY_016830,CUST_0978,SUB_0978,445.63,2024-04-15,BANK_DECLINED,ISSUER_DECLINE,897,22,7,29,0.7586,0.35,0.45,friction_prone,0.2414,0.7586,pro,445.63,monthly
FAIL_002732,PAY_016832,CUST_0978,SUB_0978,445.63,2024-06-14,INSUFFICIENT_FUNDS,CUSTOMER_FINANCIAL,897,22,7,29,0.7586,0.35,0.45,friction_prone,0.2414,0.7586,pro,445.63,monthly
FAIL_002733,PAY_016833,CUST_0978,SUB_0978,445.63,2024-07-14,CARD_EXPIRED,PAYMENT_METHOD,897,22,7,29,0.7586,0.35,0.45,friction_prone,0.2414,0.7586,pro,445.63,monthly
FAIL_002734,PAY_016835,CUST_0978,SUB_0978,445.63,2024-09-12,INSUFFICIENT_FUNDS,CUSTOMER_FINANCIAL,897,22,7,29,0.7586,0.35,0.45,friction_prone,0.2414,0.7586,pro,445.63,monthly
FAIL_002735,PAY_016839,CUST_0978,SUB_0978,445.63,2025-01-10,BANK_DECLINED,ISSUER_DECLINE,897,22,7,29,0.7586,0.35,0.45,friction_prone,0.2414,0.7586,pro,445.63,monthly
FAIL_002736,PAY_016842,CUST_0978,SUB_0978,445.63,2025-04-10,INSUFFICIENT_FUNDS,CUSTOMER_FINANCIAL,897,22,7,29,0.7586,0.35,0.45,friction_prone,0.2414,0.7586,pro,445.63,monthly
FAIL_002737,PAY_016843,CUST_0978,SUB_0978,445.63,2025-05-10,INSUFFICIENT_FUNDS,CUSTOMER_FINANCIAL,897,22,7,29,0.7586,0.35,0.45,friction_prone,0.2414,0.7586,pro,445.63,monthly
FAIL_002738,PAY_016852,CUST_0978,SUB_0978,445.63,2026-02-04,BANK_DECLINED,ISSUER_DECLINE,897,22,7,29,0.7586,0.35,0.45,friction_prone,0.2414,0.7586,pro,445.63,monthly
FAIL_002739,PAY_016855,CUST_0978,SUB_0978,445.63,2026-05-05,INSUFFICIENT_FUNDS,CUSTOMER_FINANCIAL,897,22,7,29,0.7586,0.35,0.45,friction_prone,0.2414,0.7586,pro,445.63,monthly
FAIL_002740,PAY_016872,CUST_0981,SUB_0981,622.68,2026-01-17,BANK_DECLINED,ISSUER_DECLINE,315,7,3,10,0.7,0.35,0.45,friction_prone,0.3,0.7,growth,622.68,monthly
FAIL_002741,PAY_016873,CUST_0981,SUB_0981,622.68,2026-02-16,BANK_DECLINED,ISSUER_DECLINE,315,7,3,10,0.7,0.35,0.45,friction_prone,0.3,0.7,growth,622.68,monthly
FAIL_002742,PAY_016875,CUST_0981,SUB_0981,622.68,2026-04-17,BANK_DECLINED,ISSUER_DECLINE,315,7,3,10,0.7,0.35,0.45,friction_prone,0.3,0.7,growth,622.68,monthly
FAIL_002743,PAY_016876,CUST_0981,SUB_0981,622.68,2026-05-17,BANK_DECLINED,ISSUER_DECLINE,315,7,3,10,0.7,0.35,0.45,friction_prone,0.3,0.7,growth,622.68,monthly
FAIL_002744,PAY_016877,CUST_0981,SUB_0981,622.68,2026-06-16,NETWORK_ERROR,TECHNICAL,315,7,3,10,0.7,0.35,0.45,friction_prone,0.3,0.7,growth,622.68,monthly
FAIL_002745,PAY_016913,CUST_0984,SUB_0984,634.7,2026-05-28,INSUFFICIENT_FUNDS,CUSTOMER_FINANCIAL,334,8,3,11,0.7273,0.3,0.25,low_engagement,0.2727,0.7273,starter,634.7,monthly
FAIL_002746,PAY_016914,CUST_0984,SUB_0984,634.7,2026-06-27,AUTHENTICATION_FAILED,CUSTOMER_ACTION,334,8,3,11,0.7273,0.3,0.25,low_engagement,0.2727,0.7273,starter,634.7,monthly
FAIL_002747,PAY_016915,CUST_0984,SUB_0984,634.7,2026-07-27,CARD_EXPIRED,PAYMENT_METHOD,334,8,3,11,0.7273,0.3,0.25,low_engagement,0.2727,0.7273,starter,634.7,monthly
FAIL_002748,PAY_016959,CUST_0987,SUB_0987,1375.78,2024-08-27,INSUFFICIENT_FUNDS,CUSTOMER_FINANCIAL,823,26,1,27,0.963,0.8,0.85,reliable,0.037,0.963,starter,1375.78,monthly
FAIL_002749,PAY_016984,CUST_0988,SUB_0988,747.97,2025-02-25,INSUFFICIENT_FUNDS,CUSTOMER_FINANCIAL,581,16,3,19,0.8421,0.3,0.25,low_engagement,0.1579,0.8421,starter,747.97,monthly
FAIL_002750,PAY_016989,CUST_0988,SUB_0988,747.97,2025-07-25,BANK_DECLINED,ISSUER_DECLINE,581,16,3,19,0.8421,0.3,0.25,low_engagement,0.1579,0.8421,starter,747.97,monthly
FAIL_002751,PAY_016995,CUST_0988,SUB_0988,747.97,2026-01-21,INSUFFICIENT_FUNDS,CUSTOMER_FINANCIAL,581,16,3,19,0.8421,0.3,0.25,low_engagement,0.1579,0.8421,starter,747.97,monthly
FAIL_002752,PAY_016996,CUST_0988,SUB_0988,747.97,2026-02-20,BANK_DECLINED,ISSUER_DECLINE,581,16,3,19,0.8421,0.3,0.25,low_engagement,0.1579,0.8421,starter,747.97,monthly
FAIL_002753,PAY_017004,CUST_0989,SUB_0989,997.84,2025-10-07,CARD_EXPIRED,PAYMENT_METHOD,387,6,6,12,0.5,0.35,0.45,friction_prone,0.5,0.5,growth,997.84,monthly
FAIL_002754,PAY_017006,CUST_0989,SUB_0989,997.84,2025-12-06,AUTHENTICATION_FAILED,CUSTOMER_ACTION,387,6,6,12,0.5,0.35,0.45,friction_prone,0.5,0.5,growth,997.84,monthly
FAIL_002755,PAY_017007,CUST_0989,SUB_0989,997.84,2026-01-05,LIMIT_EXCEEDED,PAYMENT_LIMIT,387,6,6,12,0.5,0.35,0.45,friction_prone,0.5,0.5,growth,997.84,monthly
FAIL_002756,PAY_017008,CUST_0989,SUB_0989,997.84,2026-02-04,INSUFFICIENT_FUNDS,CUSTOMER_FINANCIAL,387,6,6,12,0.5,0.35,0.45,friction_prone,0.5,0.5,growth,997.84,monthly
FAIL_002757,PAY_017010,CUST_0989,SUB_0989,997.84,2026-04-05,BANK_DECLINED,ISSUER_DECLINE,387,6,6,12,0.5,0.35,0.45,friction_prone,0.5,0.5,growth,997.84,monthly
FAIL_002758,PAY_017011,CUST_0989,SUB_0989,997.84,2026-05-05,CARD_EXPIRED,PAYMENT_METHOD,387,6,6,12,0.5,0.35,0.45,friction_prone,0.5,0.5,growth,997.84,monthly
FAIL_002759,PAY_017012,CUST_0989,SUB_0989,997.84,2026-06-04,NETWORK_ERROR,TECHNICAL,387,6,6,12,0.5,0.35,0.45,friction_prone,0.5,0.5,growth,997.84,monthly
FAIL_002760,PAY_017013,CUST_0989,SUB_0989,997.84,2026-07-04,INSUFFICIENT_FUNDS,CUSTOMER_FINANCIAL,387,6,6,12,0.5,0.35,0.45,friction_prone,0.5,0.5,growth,997.84,monthly
FAIL_002761,PAY_017021,CUST_0990,SUB_0990,1096.67,2025-02-25,BANK_DECLINED,ISSUER_DECLINE,761,21,4,25,0.84,0.6,0.6,normal,0.16,0.84,starter,1096.67,monthly
FAIL_002762,PAY_017023,CUST_0990,SUB_0990,1096.67,2025-04-26,INSUFFICIENT_FUNDS,CUSTOMER_FINANCIAL,761,21,4,25,0.84,0.6,0.6,normal,0.16,0.84,starter,1096.67,monthly
FAIL_002763,PAY_017030,CUST_0990,SUB_0990,1096.67,2025-11-22,BANK_DECLINED,ISSUER_DECLINE,761,21,4,25,0.84,0.6,0.6,normal,0.16,0.84,starter,1096.67,monthly
FAIL_002764,PAY_017031,CUST_0990,SUB_0990,1096.67,2025-12-22,INSUFFICIENT_FUNDS,CUSTOMER_FINANCIAL,761,21,4,25,0.84,0.6,0.6,normal,0.16,0.84,starter,1096.67,monthly
FAIL_002765,PAY_017039,CUST_0991,SUB_0991,885.95,2025-04-26,LIMIT_EXCEEDED,PAYMENT_LIMIT,491,13,3,16,0.8125,0.35,0.45,friction_prone,0.1875,0.8125,growth,885.95,monthly
FAIL_002766,PAY_017040,CUST_0991,SUB_0991,885.95,2025-05-26,NETWORK_ERROR,TECHNICAL,491,13,3,16,0.8125,0.35,0.45,friction_prone,0.1875,0.8125,growth,885.95,monthly
FAIL_002767,PAY_017041,CUST_0991,SUB_0991,885.95,2025-06-25,INSUFFICIENT_FUNDS,CUSTOMER_FINANCIAL,491,13,3,16,0.8125,0.35,0.45,friction_prone,0.1875,0.8125,growth,885.95,monthly
FAIL_002768,PAY_017044,CUST_0991,SUB_0991,885.95,2025-09-23,AUTHENTICATION_FAILED,CUSTOMER_ACTION,491,13,3,16,0.8125,0.35,0.45,friction_prone,0.1875,0.8125,growth,885.95,monthly
FAIL_002769,PAY_017045,CUST_0991,SUB_0991,885.95,2025-10-23,AUTHENTICATION_FAILED,CUSTOMER_ACTION,491,13,3,16,0.8125,0.35,0.45,friction_prone,0.1875,0.8125,growth,885.95,monthly
FAIL_002770,PAY_017055,CUST_0992,SUB_0992,10292.68,2025-03-21,NETWORK_ERROR,TECHNICAL,527,16,1,17,0.9412,0.82,0.9,high_value_loyal,0.0588,0.9412,growth,10292.68,monthly
FAIL_002771,PAY_017074,CUST_0993,SUB_0993,6771.64,2025-11-02,CARD_EXPIRED,PAYMENT_METHOD,361,10,2,12,0.8333,0.82,0.9,high_value_loyal,0.1667,0.8333,pro,6771.64,monthly
FAIL_002772,PAY_017079,CUST_0993,SUB_0993,6771.64,2026-04-01,BANK_DECLINED,ISSUER_DECLINE,361,10,2,12,0.8333,0.82,0.9,high_value_loyal,0.1667,0.8333,pro,6771.64,monthly
FAIL_002773,PAY_017095,CUST_0995,SUB_0995,1739.2,2025-07-22,LIMIT_EXCEEDED,PAYMENT_LIMIT,494,11,5,16,0.6875,0.35,0.45,friction_prone,0.3125,0.6875,growth,1739.2,monthly
FAIL_002774,PAY_017102,CUST_0995,SUB_0995,1739.2,2026-02-17,INSUFFICIENT_FUNDS,CUSTOMER_FINANCIAL,494,11,5,16,0.6875,0.35,0.45,friction_prone,0.3125,0.6875,growth,1739.2,monthly
FAIL_002775,PAY_017103,CUST_0995,SUB_0995,1739.2,2026-03-19,INSUFFICIENT_FUNDS,CUSTOMER_FINANCIAL,494,11,5,16,0.6875,0.35,0.45,friction_prone,0.3125,0.6875,growth,1739.2,monthly
FAIL_002776,PAY_017105,CUST_0995,SUB_0995,1739.2,2026-05-18,INSUFFICIENT_FUNDS,CUSTOMER_FINANCIAL,494,11,5,16,0.6875,0.35,0.45,friction_prone,0.3125,0.6875,growth,1739.2,monthly
FAIL_002777,PAY_017107,CUST_0995,SUB_0995,1739.2,2026-07-17,CARD_EXPIRED,PAYMENT_METHOD,494,11,5,16,0.6875,0.35,0.45,friction_prone,0.3125,0.6875,growth,1739.2,monthly
FAIL_002778,PAY_017114,CUST_0997,SUB_0997,885.93,2026-04-08,INSUFFICIENT_FUNDS,CUSTOMER_FINANCIAL,144,2,2,4,0.5,0.35,0.45,friction_prone,0.5,0.5,starter,885.93,monthly
FAIL_002779,PAY_017117,CUST_0997,SUB_0997,885.93,2026-07-07,BANK_DECLINED,ISSUER_DECLINE,144,2,2,4,0.5,0.35,0.45,friction_prone,0.5,0.5,starter,885.93,monthly
FAIL_002780,PAY_017119,CUST_0998,SUB_0998,1639.15,2024-04-16,BANK_DECLINED,ISSUER_DECLINE,896,24,5,29,0.8276,0.6,0.6,normal,0.1724,0.8276,pro,1639.15,monthly
FAIL_002781,PAY_017123,CUST_0998,SUB_0998,1639.15,2024-08-14,LIMIT_EXCEEDED,PAYMENT_LIMIT,896,24,5,29,0.8276,0.6,0.6,normal,0.1724,0.8276,pro,1639.15,monthly
FAIL_002782,PAY_017128,CUST_0998,SUB_0998,1639.15,2025-01-11,INSUFFICIENT_FUNDS,CUSTOMER_FINANCIAL,896,24,5,29,0.8276,0.6,0.6,normal,0.1724,0.8276,pro,1639.15,monthly
FAIL_002783,PAY_017131,CUST_0998,SUB_0998,1639.15,2025-04-11,INSUFFICIENT_FUNDS,CUSTOMER_FINANCIAL,896,24,5,29,0.8276,0.6,0.6,normal,0.1724,0.8276,pro,1639.15,monthly
FAIL_002784,PAY_017132,CUST_0998,SUB_0998,1639.15,2025-05-11,INSUFFICIENT_FUNDS,CUSTOMER_FINANCIAL,896,24,5,29,0.8276,0.6,0.6,normal,0.1724,0.8276,pro,1639.15,monthly
FAIL_002785,PAY_017135,CUST_0998,SUB_0998,1639.15,2025-08-09,CARD_EXPIRED,PAYMENT_METHOD,896,24,5,29,0.8276,0.6,0.6,normal,0.1724,0.8276,pro,1639.15,monthly
FAIL_002786,PAY_017137,CUST_0998,SUB_0998,1639.15,2025-10-08,NETWORK_ERROR,TECHNICAL,896,24,5,29,0.8276,0.6,0.6,normal,0.1724,0.8276,pro,1639.15,monthly
FAIL_002787,PAY_017139,CUST_0998,SUB_0998,1639.15,2025-12-07,NETWORK_ERROR,TECHNICAL,896,24,5,29,0.8276,0.6,0.6,normal,0.1724,0.8276,pro,1639.15,monthly
FAIL_002788,PAY_017140,CUST_0998,SUB_0998,1639.15,2026-01-06,INSUFFICIENT_FUNDS,CUSTOMER_FINANCIAL,896,24,5,29,0.8276,0.6,0.6,normal,0.1724,0.8276,pro,1639.15,monthly
FAIL_002789,PAY_017176,CUST_1000,SUB_1000,307.85,2024-03-25,INSUFFICIENT_FUNDS,CUSTOMER_FINANCIAL,888,21,8,29,0.7241,0.3,0.25,low_engagement,0.2759,0.7241,starter,307.85,monthly
FAIL_002790,PAY_017177,CUST_1000,SUB_1000,307.85,2024-04-24,INSUFFICIENT_FUNDS,CUSTOMER_FINANCIAL,888,21,8,29,0.7241,0.3,0.25,low_engagement,0.2759,0.7241,starter,307.85,monthly
FAIL_002791,PAY_017179,CUST_1000,SUB_1000,307.85,2024-06-23,INSUFFICIENT_FUNDS,CUSTOMER_FINANCIAL,888,21,8,29,0.7241,0.3,0.25,low_engagement,0.2759,0.7241,starter,307.85,monthly
FAIL_002792,PAY_017184,CUST_1000,SUB_1000,307.85,2024-11-20,CARD_EXPIRED,PAYMENT_METHOD,888,21,8,29,0.7241,0.3,0.25,low_engagement,0.2759,0.7241,starter,307.85,monthly
FAIL_002793,PAY_017192,CUST_1000,SUB_1000,307.85,2025-07-18,NETWORK_ERROR,TECHNICAL,888,21,8,29,0.7241,0.3,0.25,low_engagement,0.2759,0.7241,starter,307.85,monthly
FAIL_002794,PAY_017200,CUST_1000,SUB_1000,307.85,2026-03-15,INSUFFICIENT_FUNDS,CUSTOMER_FINANCIAL,888,21,8,29,0.7241,0.3,0.25,low_engagement,0.2759,0.7241,starter,307.85,monthly
FAIL_002795,PAY_017204,CUST_1000,SUB_1000,307.85,2026-07-13,INSUFFICIENT_FUNDS,CUSTOMER_FINANCIAL,888,21,8,29,0.7241,0.3,0.25,low_engagement,0.2759,0.7241,starter,307.85,monthly
