failure_id,payment_id,customer_id,subscription_id,failure_reason,retry_now_probability,wait_and_retry_probability,send_reminder_probability,payment_link_probability,update_payment_method_probability,no_action_probability
FAIL_000001,PAY_000025,CUST_0004,SUB_0004,NETWORK_ERROR,0.85,0.7,0.262,0.312,0.112,0.0
FAIL_000002,PAY_000029,CUST_0004,SUB_0004,INSUFFICIENT_FUNDS,0.2,0.6,0.362,0.462,0.162,0.0
FAIL_000003,PAY_000034,CUST_0004,SUB_0004,INSUFFICIENT_FUNDS,0.2,0.6,0.362,0.462,0.162,0.0
FAIL_000004,PAY_000054,CUST_0006,SUB_0006,INSUFFICIENT_FUNDS,0.2,0.6,0.362,0.462,0.162,0.0
FAIL_000005,PAY_000061,CUST_0006,SUB_0006,NETWORK_ERROR,0.85,0.7,0.262,0.312,0.112,0.0
FAIL_000006,PAY_000072,CUST_0008,SUB_0008,CARD_EXPIRED,0.0676,0.0676,0.2656,0.4456,0.8956,0.0
FAIL_000007,PAY_000073,CUST_0008,SUB_0008,LIMIT_EXCEEDED,0.1176,0.2676,0.2656,0.6456,0.4456,0.0
FAIL_000008,PAY_000077,CUST_0008,SUB_0008,INSUFFICIENT_FUNDS,0.2176,0.6176,0.4156,0.5456,0.2456,0.0
FAIL_000009,PAY_000087,CUST_0009,SUB_0009,BANK_DECLINED,0.246,0.546,0.308,0.458,0.258,0.0
FAIL_000010,PAY_000097,CUST_0009,SUB_0009,INSUFFICIENT_FUNDS,0.246,0.646,0.408,0.508,0.208,0.0
FAIL_000011,PAY_000099,CUST_0009,SUB_0009,INSUFFICIENT_FUNDS,0.246,0.646,0.408,0.508,0.208,0.0
FAIL_000012,PAY_000110,CUST_0011,SUB_0011,BANK_DECLINED,0.14,0.44,0.224,0.374,0.174,0.0
FAIL_000013,PAY_000111,CUST_0011,SUB_0011,INSUFFICIENT_FUNDS,0.14,0.54,0.324,0.424,0.124,0.0
FAIL_000014,PAY_000115,CUST_0011,SUB_0011,INSUFFICIENT_FUNDS,0.14,0.54,0.324,0.424,0.124,0.0
FAIL_000015,PAY_000116,CUST_0011,SUB_0011,BANK_DECLINED,0.14,0.44,0.224,0.374,0.174,0.0
FAIL_000016,PAY_000128,CUST_0013,SUB_0013,BANK_DECLINED,0.14,0.44,0.224,0.374,0.174,0.0
FAIL_000017,PAY_000129,CUST_0013,SUB_0013,INSUFFICIENT_FUNDS,0.14,0.54,0.324,0.424,0.124,0.0
FAIL_000018,PAY_000133,CUST_0013,SUB_0013,BANK_DECLINED,0.14,0.44,0.224,0.374,0.174,0.0
FAIL_000019,PAY_000134,CUST_0013,SUB_0013,CARD_EXPIRED,0.01,0.01,0.174,0.324,0.774,0.0
FAIL_000020,PAY_000151,CUST_0014,SUB_0014,INSUFFICIENT_FUNDS,0.246,0.646,0.408,0.508,0.208,0.0
FAIL_000021,PAY_000164,CUST_0015,SUB_0015,CARD_EXPIRED,0.01,0.01,0.174,0.324,0.774,0.0
FAIL_000022,PAY_000165,CUST_0015,SUB_0015,NETWORK_ERROR,0.79,0.64,0.224,0.274,0.074,0.0
FAIL_000023,PAY_000168,CUST_0015,SUB_0015,INSUFFICIENT_FUNDS,0.14,0.54,0.324,0.424,0.124,0.0
FAIL_000024,PAY_000171,CUST_0015,SUB_0015,INSUFFICIENT_FUNDS,0.14,0.54,0.324,0.424,0.124,0.0
FAIL_000025,PAY_000174,CUST_0015,SUB_0015,LIMIT_EXCEEDED,0.04,0.19,0.174,0.524,0.324,0.0
FAIL_000026,PAY_000175,CUST_0015,SUB_0015,INSUFFICIENT_FUNDS,0.14,0.54,0.324,0.424,0.124,0.0
FAIL_000027,PAY_000181,CUST_0015,SUB_0015,INSUFFICIENT_FUNDS,0.14,0.54,0.324,0.424,0.124,0.0
FAIL_000028,PAY_000182,CUST_0015,SUB_0015,INSUFFICIENT_FUNDS,0.14,0.54,0.324,0.424,0.124,0.0
FAIL_000029,PAY_000194,CUST_0017,SUB_0017,AUTHENTICATION_FAILED,0.026,0.076,0.246,0.346,0.546,0.0
FAIL_000030,PAY_000196,CUST_0017,SUB_0017,NETWORK_ERROR,0.826,0.676,0.146,0.196,0.01,0.0
FAIL_000031,PAY_000199,CUST_0017,SUB_0017,AUTHENTICATION_FAILED,0.026,0.076,0.246,0.346,0.546,0.0
FAIL_000032,PAY_000200,CUST_0017,SUB_0017,CARD_EXPIRED,0.026,0.026,0.096,0.246,0.696,0.0
FAIL_000033,PAY_000201,CUST_0017,SUB_0017,NETWORK_ERROR,0.826,0.676,0.146,0.196,0.01,0.0
FAIL_000034,PAY_000202,CUST_0017,SUB_0017,LIMIT_EXCEEDED,0.076,0.226,0.096,0.446,0.246,0.0
FAIL_000035,PAY_000203,CUST_0017,SUB_0017,BANK_DECLINED,0.176,0.476,0.146,0.296,0.096,0.0
FAIL_000036,PAY_000210,CUST_0018,SUB_0018,BANK_DECLINED,0.14,0.44,0.224,0.374,0.174,0.0
FAIL_000037,PAY_000215,CUST_0019,SUB_0019,CARD_EXPIRED,0.096,0.096,0.258,0.408,0.858,0.0
FAIL_000038,PAY_000216,CUST_0019,SUB_0019,NETWORK_ERROR,0.896,0.746,0.308,0.358,0.158,0.0
FAIL_000039,PAY_000221,CUST_0019,SUB_0019,AUTHENTICATION_FAILED,0.096,0.146,0.408,0.508,0.708,0.0
FAIL_000040,PAY_000230,CUST_0020,SUB_0020,BANK_DECLINED,0.14,0.44,0.224,0.374,0.174,0.0
FAIL_000041,PAY_000237,CUST_0020,SUB_0020,NETWORK_ERROR,0.79,0.64,0.224,0.274,0.074,0.0
FAIL_000042,PAY_000244,CUST_0020,SUB_0020,INSUFFICIENT_FUNDS,0.14,0.54,0.324,0.424,0.124,0.0
FAIL_000043,PAY_000252,CUST_0020,SUB_0020,INSUFFICIENT_FUNDS,0.14,0.54,0.324,0.424,0.124,0.0
FAIL_000044,PAY_000255,CUST_0020,SUB_0020,INSUFFICIENT_FUNDS,0.14,0.54,0.324,0.424,0.124,0.0
FAIL_000045,PAY_000256,CUST_0020,SUB_0020,INSUFFICIENT_FUNDS,0.14,0.54,0.324,0.424,0.124,0.0
FAIL_000046,PAY_000260,CUST_0020,SUB_0020,INSUFFICIENT_FUNDS,0.14,0.54,0.324,0.424,0.124,0.0
FAIL_000047,PAY_000261,CUST_0021,SUB_0021,INSUFFICIENT_FUNDS,0.2176,0.6176,0.4156,0.5456,0.2456,0.0
FAIL_000048,PAY_000262,CUST_0021,SUB_0021,BANK_DECLINED,0.2176,0.5176,0.3156,0.4956,0.2956,0.0
FAIL_000049,PAY_000265,CUST_0021,SUB_0021,NETWORK_ERROR,0.8676,0.7176,0.3156,0.3956,0.1956,0.0
FAIL_000050,PAY_000266,CUST_0022,SUB_0022,BANK_DECLINED,0.2,0.5,0.262,0.412,0.212,0.0
FAIL_000051,PAY_000268,CUST_0022,SUB_0022,BANK_DECLINED,0.2,0.5,0.262,0.412,0.212,0.0
FAIL_000052,PAY_000269,CUST_0022,SUB_0022,INSUFFICIENT_FUNDS,0.2,0.6,0.362,0.462,0.162,0.0
FAIL_000053,PAY_000271,CUST_0022,SUB_0022,INSUFFICIENT_FUNDS,0.2,0.6,0.362,0.462,0.162,0.0
FAIL_000054,PAY_000273,CUST_0022,SUB_0022,LIMIT_EXCEEDED,0.1,0.25,0.212,0.562,0.362,0.0
FAIL_000055,PAY_000274,CUST_0022,SUB_0022,NETWORK_ERROR,0.85,0.7,0.262,0.312,0.112,0.0
FAIL_000056,PAY_000281,CUST_0022,SUB_0022,NETWORK_ERROR,0.85,0.7,0.262,0.312,0.112,0.0
FAIL_000057,PAY_000283,CUST_0022,SUB_0022,INSUFFICIENT_FUNDS,0.2,0.6,0.362,0.462,0.162,0.0
FAIL_000058,PAY_000286,CUST_0022,SUB_0022,NETWORK_ERROR,0.85,0.7,0.262,0.312,0.112,0.0
FAIL_000059,PAY_000287,CUST_0022,SUB_0022,INSUFFICIENT_FUNDS,0.2,0.6,0.362,0.462,0.162,0.0
FAIL_000060,PAY_000300,CUST_0023,SUB_0023,BANK_DECLINED,0.2,0.5,0.262,0.412,0.212,0.0
FAIL_000061,PAY_000301,CUST_0023,SUB_0023,LIMIT_EXCEEDED,0.1,0.25,0.212,0.562,0.362,0.0
FAIL_000062,PAY_000303,CUST_0023,SUB_0023,NETWORK_ERROR,0.85,0.7,0.262,0.312,0.112,0.0
FAIL_000063,PAY_000308,CUST_0023,SUB_0023,BANK_DECLINED,0.2,0.5,0.262,0.412,0.212,0.0
FAIL_000064,PAY_000309,CUST_0023,SUB_0023,NETWORK_ERROR,0.85,0.7,0.262,0.312,0.112,0.0
FAIL_000065,PAY_000310,CUST_0023,SUB_0023,CARD_EXPIRED,0.05,0.05,0.212,0.362,0.812,0.0
FAIL_000066,PAY_000311,CUST_0023,SUB_0023,CARD_EXPIRED,0.05,0.05,0.212,0.362,0.812,0.0
FAIL_000067,PAY_000316,CUST_0023,SUB_0023,INSUFFICIENT_FUNDS,0.2,0.6,0.362,0.462,0.162,0.0
FAIL_000068,PAY_000318,CUST_0024,SUB_0024,INSUFFICIENT_FUNDS,0.14,0.54,0.324,0.424,0.124,0.0
FAIL_000069,PAY_000320,CUST_0025,SUB_0025,INSUFFICIENT_FUNDS,0.2,0.6,0.362,0.462,0.162,0.0
FAIL_000070,PAY_000321,CUST_0025,SUB_0025,INSUFFICIENT_FUNDS,0.2,0.6,0.362,0.462,0.162,0.0
FAIL_000071,PAY_000322,CUST_0025,SUB_0025,INSUFFICIENT_FUNDS,0.2,0.6,0.362,0.462,0.162,0.0
FAIL_000072,PAY_000323,CUST_0025,SUB_0025,LIMIT_EXCEEDED,0.1,0.25,0.212,0.562,0.362,0.0
FAIL_000073,PAY_000324,CUST_0025,SUB_0025,AUTHENTICATION_FAILED,0.05,0.1,0.362,0.462,0.662,0.0
FAIL_000074,PAY_000328,CUST_0025,SUB_0025,INSUFFICIENT_FUNDS,0.2,0.6,0.362,0.462,0.162,0.0
FAIL_000075,PAY_000329,CUST_0025,SUB_0025,NETWORK_ERROR,0.85,0.7,0.262,0.312,0.112,0.0
FAIL_000076,PAY_000330,CUST_0025,SUB_0025,BANK_DECLINED,0.2,0.5,0.262,0.412,0.212,0.0
FAIL_000077,PAY_000331,CUST_0025,SUB_0025,AUTHENTICATION_FAILED,0.05,0.1,0.362,0.462,0.662,0.0
FAIL_000078,PAY_000347,CUST_0026,SUB_0026,BANK_DECLINED,0.2176,0.5176,0.3156,0.4956,0.2956,0.0
FAIL_000079,PAY_000351,CUST_0026,SUB_0026,INSUFFICIENT_FUNDS,0.2176,0.6176,0.4156,0.5456,0.2456,0.0
FAIL_000080,PAY_000353,CUST_0026,SUB_0026,INSUFFICIENT_FUNDS,0.2176,0.6176,0.4156,0.5456,0.2456,0.0
FAIL_000081,PAY_000355,CUST_0026,SUB_0026,NETWORK_ERROR,0.8676,0.7176,0.3156,0.3956,0.1956,0.0
FAIL_000082,PAY_000370,CUST_0029,SUB_0029,INSUFFICIENT_FUNDS,0.246,0.646,0.408,0.508,0.208,0.0
FAIL_000083,PAY_000389,CUST_0029,SUB_0029,NETWORK_ERROR,0.896,0.746,0.308,0.358,0.158,0.0
FAIL_000084,PAY_000391,CUST_0029,SUB_0029,AUTHENTICATION_FAILED,0.096,0.146,0.408,0.508,0.708,0.0
FAIL_000085,PAY_000404,CUST_0030,SUB_0030,BANK_DECLINED,0.14,0.44,0.224,0.374,0.174,0.0
FAIL_000086,PAY_000442,CUST_0031,SUB_0031,INSUFFICIENT_FUNDS,0.246,0.646,0.408,0.508,0.208,0.0
FAIL_000087,PAY_000444,CUST_0032,SUB_0032,LIMIT_EXCEEDED,0.1176,0.2676,0.2656,0.6456,0.4456,0.0
FAIL_000088,PAY_000486,CUST_0034,SUB_0034,NETWORK_ERROR,0.896,0.746,0.308,0.358,0.158,0.0
FAIL_000089,PAY_000521,CUST_0036,SUB_0036,INSUFFICIENT_FUNDS,0.14,0.54,0.324,0.424,0.124,0.0
FAIL_000090,PAY_000523,CUST_0036,SUB_0036,INSUFFICIENT_FUNDS,0.14,0.54,0.324,0.424,0.124,0.0
FAIL_000091,PAY_000524,CUST_0036,SUB_0036,INSUFFICIENT_FUNDS,0.14,0.54,0.324,0.424,0.124,0.0
FAIL_000092,PAY_000525,CUST_0036,SUB_0036,BANK_DECLINED,0.14,0.44,0.224,0.374,0.174,0.0
FAIL_000093,PAY_000526,CUST_0036,SUB_0036,CARD_EXPIRED,0.01,0.01,0.174,0.324,0.774,0.0
FAIL_000094,PAY_000527,CUST_0036,SUB_0036,BANK_DECLINED,0.14,0.44,0.224,0.374,0.174,0.0
FAIL_000095,PAY_000542,CUST_0037,SUB_0037,INSUFFICIENT_FUNDS,0.2176,0.6176,0.4156,0.5456,0.2456,0.0
FAIL_000096,PAY_000547,CUST_0037,SUB_0037,BANK_DECLINED,0.2176,0.5176,0.3156,0.4956,0.2956,0.0
FAIL_000097,PAY_000558,CUST_0037,SUB_0037,LIMIT_EXCEEDED,0.1176,0.2676,0.2656,0.6456,0.4456,0.0
FAIL_000098,PAY_000559,CUST_0038,SUB_0038,BANK_DECLINED,0.2,0.5,0.262,0.412,0.212,0.0
FAIL_000099,PAY_000565,CUST_0038,SUB_0038,LIMIT_EXCEEDED,0.1,0.25,0.212,0.562,0.362,0.0
FAIL_000100,PAY_000566,CUST_0038,SUB_0038,AUTHENTICATION_FAILED,0.05,0.1,0.362,0.462,0.662,0.0
FAIL_000101,PAY_000568,CUST_0038,SUB_0038,INSUFFICIENT_FUNDS,0.2,0.6,0.362,0.462,0.162,0.0
FAIL_000102,PAY_000574,CUST_0039,SUB_0039,CARD_EXPIRED,0.0676,0.0676,0.2656,0.4456,0.8956,0.0
FAIL_000103,PAY_000585,CUST_0039,SUB_0039,CARD_EXPIRED,0.0676,0.0676,0.2656,0.4456,0.8956,0.0
FAIL_000104,PAY_000631,CUST_0042,SUB_0042,NETWORK_ERROR,0.8676,0.7176,0.3156,0.3956,0.1956,0.0
FAIL_000105,PAY_000641,CUST_0042,SUB_0042,INSUFFICIENT_FUNDS,0.2176,0.6176,0.4156,0.5456,0.2456,0.0
FAIL_000106,PAY_000653,CUST_0042,SUB_0042,NETWORK_ERROR,0.8676,0.7176,0.3156,0.3956,0.1956,0.0
FAIL_000107,PAY_000663,CUST_0044,SUB_0044,INSUFFICIENT_FUNDS,0.246,0.646,0.408,0.508,0.208,0.0
FAIL_000108,PAY_000673,CUST_0044,SUB_0044,BANK_DECLINED,0.246,0.546,0.308,0.458,0.258,0.0
FAIL_000109,PAY_000678,CUST_0044,SUB_0044,BANK_DECLINED,0.246,0.546,0.308,0.458,0.258,0.0
FAIL_000110,PAY_000694,CUST_0045,SUB_0045,LIMIT_EXCEEDED,0.1,0.25,0.212,0.562,0.362,0.0
FAIL_000111,PAY_000698,CUST_0045,SUB_0045,AUTHENTICATION_FAILED,0.05,0.1,0.362,0.462,0.662,0.0
FAIL_000112,PAY_000702,CUST_0045,SUB_0045,INSUFFICIENT_FUNDS,0.2,0.6,0.362,0.462,0.162,0.0
FAIL_000113,PAY_000707,CUST_0046,SUB_0046,BANK_DECLINED,0.14,0.44,0.224,0.374,0.174,0.0
FAIL_000114,PAY_000713,CUST_0046,SUB_0046,INSUFFICIENT_FUNDS,0.14,0.54,0.324,0.424,0.124,0.0
FAIL_000115,PAY_000722,CUST_0046,SUB_0046,AUTHENTICATION_FAILED,0.01,0.04,0.324,0.424,0.624,0.0
FAIL_000116,PAY_000723,CUST_0046,SUB_0046,CARD_EXPIRED,0.01,0.01,0.174,0.324,0.774,0.0
FAIL_000117,PAY_000725,CUST_0046,SUB_0046,INSUFFICIENT_FUNDS,0.14,0.54,0.324,0.424,0.124,0.0
FAIL_000118,PAY_000726,CUST_0046,SUB_0046,BANK_DECLINED,0.14,0.44,0.224,0.374,0.174,0.0
FAIL_000119,PAY_000730,CUST_0046,SUB_0046,BANK_DECLINED,0.14,0.44,0.224,0.374,0.174,0.0
FAIL_000120,PAY_000733,CUST_0047,SUB_0047,INSUFFICIENT_FUNDS,0.2,0.6,0.362,0.462,0.162,0.0
FAIL_000121,PAY_000742,CUST_0047,SUB_0047,CARD_EXPIRED,0.05,0.05,0.212,0.362,0.812,0.0
FAIL_000122,PAY_000746,CUST_0047,SUB_0047,BANK_DECLINED,0.2,0.5,0.262,0.412,0.212,0.0
FAIL_000123,PAY_000747,CUST_0047,SUB_0047,CARD_EXPIRED,0.05,0.05,0.212,0.362,0.812,0.0
FAIL_000124,PAY_000752,CUST_0048,SUB_0048,NETWORK_ERROR,0.8676,0.7176,0.3156,0.3956,0.1956,0.0
FAIL_000125,PAY_000755,CUST_0048,SUB_0048,INSUFFICIENT_FUNDS,0.2176,0.6176,0.4156,0.5456,0.2456,0.0
FAIL_000126,PAY_000777,CUST_0050,SUB_0050,INSUFFICIENT_FUNDS,0.2,0.6,0.362,0.462,0.162,0.0
FAIL_000127,PAY_000778,CUST_0050,SUB_0050,INSUFFICIENT_FUNDS,0.2,0.6,0.362,0.462,0.162,0.0
FAIL_000128,PAY_000786,CUST_0051,SUB_0051,AUTHENTICATION_FAILED,0.01,0.04,0.324,0.424,0.624,0.0
FAIL_000129,PAY_000787,CUST_0051,SUB_0051,AUTHENTICATION_FAILED,0.01,0.04,0.324,0.424,0.624,0.0
FAIL_000130,PAY_000791,CUST_0051,SUB_0051,CARD_EXPIRED,0.01,0.01,0.174,0.324,0.774,0.0
FAIL_000131,PAY_000793,CUST_0051,SUB_0051,INSUFFICIENT_FUNDS,0.14,0.54,0.324,0.424,0.124,0.0
FAIL_000132,PAY_000794,CUST_0051,SUB_0051,INSUFFICIENT_FUNDS,0.14,0.54,0.324,0.424,0.124,0.0
FAIL_000133,PAY_000796,CUST_0051,SUB_0051,AUTHENTICATION_FAILED,0.01,0.04,0.324,0.424,0.624,0.0
FAIL_000134,PAY_000798,CUST_0051,SUB_0051,LIMIT_EXCEEDED,0.04,0.19,0.174,0.524,0.324,0.0
FAIL_000135,PAY_000800,CUST_0051,SUB_0051,INSUFFICIENT_FUNDS,0.14,0.54,0.324,0.424,0.124,0.0
FAIL_000136,PAY_000803,CUST_0051,SUB_0051,BANK_DECLINED,0.14,0.44,0.224,0.374,0.174,0.0
FAIL_000137,PAY_000804,CUST_0051,SUB_0051,INSUFFICIENT_FUNDS,0.14,0.54,0.324,0.424,0.124,0.0
FAIL_000138,PAY_000825,CUST_0052,SUB_0052,CARD_EXPIRED,0.05,0.05,0.212,0.362,0.812,0.0
FAIL_000139,PAY_000828,CUST_0053,SUB_0053,CARD_EXPIRED,0.026,0.026,0.096,0.246,0.696,0.0
FAIL_000140,PAY_000829,CUST_0053,SUB_0053,INSUFFICIENT_FUNDS,0.176,0.576,0.246,0.346,0.046,0.0
FAIL_000141,PAY_000830,CUST_0053,SUB_0053,BANK_DECLINED,0.176,0.476,0.146,0.296,0.096,0.0
FAIL_000142,PAY_000831,CUST_0053,SUB_0053,NETWORK_ERROR,0.826,0.676,0.146,0.196,0.01,0.0
FAIL_000143,PAY_000833,CUST_0053,SUB_0053,INSUFFICIENT_FUNDS,0.176,0.576,0.246,0.346,0.046,0.0
FAIL_000144,PAY_000834,CUST_0053,SUB_0053,AUTHENTICATION_FAILED,0.026,0.076,0.246,0.346,0.546,0.0
FAIL_000145,PAY_000835,CUST_0053,SUB_0053,BANK_DECLINED,0.176,0.476,0.146,0.296,0.096,0.0
FAIL_000146,PAY_000837,CUST_0053,SUB_0053,INSUFFICIENT_FUNDS,0.176,0.576,0.246,0.346,0.046,0.0
FAIL_000147,PAY_000839,CUST_0053,SUB_0053,NETWORK_ERROR,0.826,0.676,0.146,0.196,0.01,0.0
FAIL_000148,PAY_000840,CUST_0053,SUB_0053,CARD_EXPIRED,0.026,0.026,0.096,0.246,0.696,0.0
FAIL_000149,PAY_000842,CUST_0053,SUB_0053,INSUFFICIENT_FUNDS,0.176,0.576,0.246,0.346,0.046,0.0
FAIL_000150,PAY_000843,CUST_0053,SUB_0053,BANK_DECLINED,0.176,0.476,0.146,0.296,0.096,0.0
FAIL_000151,PAY_000844,CUST_0053,SUB_0053,LIMIT_EXCEEDED,0.076,0.226,0.096,0.446,0.246,0.0
FAIL_000152,PAY_000856,CUST_0055,SUB_0055,NETWORK_ERROR,0.8676,0.7176,0.3156,0.3956,0.1956,0.0
FAIL_000153,PAY_000864,CUST_0056,SUB_0056,BANK_DECLINED,0.2176,0.5176,0.3156,0.4956,0.2956,0.0
FAIL_000154,PAY_000878,CUST_0056,SUB_0056,NETWORK_ERROR,0.8676,0.7176,0.3156,0.3956,0.1956,0.0
FAIL_000155,PAY_000885,CUST_0056,SUB_0056,INSUFFICIENT_FUNDS,0.2176,0.6176,0.4156,0.5456,0.2456,0.0
FAIL_000156,PAY_000894,CUST_0057,SUB_0057,INSUFFICIENT_FUNDS,0.2,0.6,0.362,0.462,0.162,0.0
FAIL_000157,PAY_000901,CUST_0058,SUB_0058,BANK_DECLINED,0.246,0.546,0.308,0.458,0.258,0.0
FAIL_000158,PAY_000903,CUST_0058,SUB_0058,NETWORK_ERROR,0.896,0.746,0.308,0.358,0.158,0.0
FAIL_000159,PAY_000912,CUST_0058,SUB_0058,INSUFFICIENT_FUNDS,0.246,0.646,0.408,0.508,0.208,0.0
FAIL_000160,PAY_000936,CUST_0059,SUB_0059,INSUFFICIENT_FUNDS,0.246,0.646,0.408,0.508,0.208,0.0
FAIL_000161,PAY_000952,CUST_0060,SUB_0060,INSUFFICIENT_FUNDS,0.246,0.646,0.408,0.508,0.208,0.0
FAIL_000162,PAY_000978,CUST_0062,SUB_0062,CARD_EXPIRED,0.026,0.026,0.096,0.246,0.696,0.0
FAIL_000163,PAY_000982,CUST_0062,SUB_0062,INSUFFICIENT_FUNDS,0.176,0.576,0.246,0.346,0.046,0.0
FAIL_000164,PAY_000987,CUST_0063,SUB_0063,AUTHENTICATION_FAILED,0.05,0.1,0.362,0.462,0.662,0.0
FAIL_000165,PAY_000995,CUST_0063,SUB_0063,AUTHENTICATION_FAILED,0.05,0.1,0.362,0.462,0.662,0.0
FAIL_000166,PAY_000999,CUST_0063,SUB_0063,INSUFFICIENT_FUNDS,0.2,0.6,0.362,0.462,0.162,0.0
FAIL_000167,PAY_001004,CUST_0063,SUB_0063,INSUFFICIENT_FUNDS,0.2,0.6,0.362,0.462,0.162,0.0
FAIL_000168,PAY_001023,CUST_0064,SUB_0064,NETWORK_ERROR,0.85,0.7,0.262,0.312,0.112,0.0
FAIL_000169,PAY_001026,CUST_0064,SUB_0064,INSUFFICIENT_FUNDS,0.2,0.6,0.362,0.462,0.162,0.0
FAIL_000170,PAY_001028,CUST_0064,SUB_0064,INSUFFICIENT_FUNDS,0.2,0.6,0.362,0.462,0.162,0.0
FAIL_000171,PAY_001033,CUST_0066,SUB_0066,AUTHENTICATION_FAILED,0.01,0.04,0.324,0.424,0.624,0.0
FAIL_000172,PAY_001070,CUST_0070,SUB_0070,NETWORK_ERROR,0.8676,0.7176,0.3156,0.3956,0.1956,0.0
FAIL_000173,PAY_001091,CUST_0072,SUB_0072,BANK_DECLINED,0.14,0.44,0.224,0.374,0.174,0.0
FAIL_000174,PAY_001096,CUST_0073,SUB_0073,NETWORK_ERROR,0.79,0.64,0.224,0.274,0.074,0.0
FAIL_000175,PAY_001097,CUST_0073,SUB_0073,CARD_EXPIRED,0.01,0.01,0.174,0.324,0.774,0.0
FAIL_000176,PAY_001104,CUST_0073,SUB_0073,INSUFFICIENT_FUNDS,0.14,0.54,0.324,0.424,0.124,0.0
FAIL_000177,PAY_001105,CUST_0073,SUB_0073,INSUFFICIENT_FUNDS,0.14,0.54,0.324,0.424,0.124,0.0
FAIL_000178,PAY_001106,CUST_0073,SUB_0073,BANK_DECLINED,0.14,0.44,0.224,0.374,0.174,0.0
FAIL_000179,PAY_001107,CUST_0073,SUB_0073,BANK_DECLINED,0.14,0.44,0.224,0.374,0.174,0.0
FAIL_000180,PAY_001108,CUST_0073,SUB_0073,BANK_DECLINED,0.14,0.44,0.224,0.374,0.174,0.0
FAIL_000181,PAY_001113,CUST_0074,SUB_0074,CARD_EXPIRED,0.026,0.026,0.096,0.246,0.696,0.0
FAIL_000182,PAY_001116,CUST_0074,SUB_0074,CARD_EXPIRED,0.026,0.026,0.096,0.246,0.696,0.0
FAIL_000183,PAY_001117,CUST_0074,SUB_0074,LIMIT_EXCEEDED,0.076,0.226,0.096,0.446,0.246,0.0
FAIL_000184,PAY_001121,CUST_0076,SUB_0076,INSUFFICIENT_FUNDS,0.176,0.576,0.246,0.346,0.046,0.0
FAIL_000185,PAY_001122,CUST_0076,SUB_0076,BANK_DECLINED,0.176,0.476,0.146,0.296,0.096,0.0
FAIL_000186,PAY_001127,CUST_0076,SUB_0076,BANK_DECLINED,0.176,0.476,0.146,0.296,0.096,0.0
FAIL_000187,PAY_001135,CUST_0076,SUB_0076,AUTHENTICATION_FAILED,0.026,0.076,0.246,0.346,0.546,0.0
FAIL_000188,PAY_001187,CUST_0079,SUB_0079,INSUFFICIENT_FUNDS,0.2,0.6,0.362,0.462,0.162,0.0
FAIL_000189,PAY_001199,CUST_0079,SUB_0079,INSUFFICIENT_FUNDS,0.2,0.6,0.362,0.462,0.162,0.0
FAIL_000190,PAY_001255,CUST_0082,SUB_0082,BANK_DECLINED,0.176,0.476,0.146,0.296,0.096,0.0
FAIL_000191,PAY_001264,CUST_0082,SUB_0082,BANK_DECLINED,0.176,0.476,0.146,0.296,0.096,0.0
FAIL_000192,PAY_001266,CUST_0083,SUB_0083,INSUFFICIENT_FUNDS,0.14,0.54,0.324,0.424,0.124,0.0
FAIL_000193,PAY_001279,CUST_0083,SUB_0083,INSUFFICIENT_FUNDS,0.14,0.54,0.324,0.424,0.124,0.0
FAIL_000194,PAY_001283,CUST_0083,SUB_0083,AUTHENTICATION_FAILED,0.01,0.04,0.324,0.424,0.624,0.0
FAIL_000195,PAY_001285,CUST_0083,SUB_0083,BANK_DECLINED,0.14,0.44,0.224,0.374,0.174,0.0
FAIL_000196,PAY_001286,CUST_0083,SUB_0083,CARD_EXPIRED,0.01,0.01,0.174,0.324,0.774,0.0
FAIL_000197,PAY_001287,CUST_0083,SUB_0083,BANK_DECLINED,0.14,0.44,0.224,0.374,0.174,0.0
FAIL_000198,PAY_001288,CUST_0083,SUB_0083,INSUFFICIENT_FUNDS,0.14,0.54,0.324,0.424,0.124,0.0
FAIL_000199,PAY_001313,CUST_0085,SUB_0085,LIMIT_EXCEEDED,0.1176,0.2676,0.2656,0.6456,0.4456,0.0
FAIL_000200,PAY_001347,CUST_0088,SUB_0088,CARD_EXPIRED,0.01,0.01,0.174,0.324,0.774,0.0
FAIL_000201,PAY_001348,CUST_0089,SUB_0089,LIMIT_EXCEEDED,0.1176,0.2676,0.2656,0.6456,0.4456,0.0
FAIL_000202,PAY_001353,CUST_0089,SUB_0089,LIMIT_EXCEEDED,0.1176,0.2676,0.2656,0.6456,0.4456,0.0
FAIL_000203,PAY_001407,CUST_0091,SUB_0091,AUTHENTICATION_FAILED,0.0676,0.1176,0.4156,0.5456,0.7456,0.0
FAIL_000204,PAY_001419,CUST_0093,SUB_0093,INSUFFICIENT_FUNDS,0.176,0.576,0.246,0.346,0.046,0.0
FAIL_000205,PAY_001423,CUST_0093,SUB_0093,BANK_DECLINED,0.176,0.476,0.146,0.296,0.096,0.0
FAIL_000206,PAY_001428,CUST_0093,SUB_0093,INSUFFICIENT_FUNDS,0.176,0.576,0.246,0.346,0.046,0.0
FAIL_000207,PAY_001431,CUST_0093,SUB_0093,BANK_DECLINED,0.176,0.476,0.146,0.296,0.096,0.0
FAIL_000208,PAY_001435,CUST_0093,SUB_0093,INSUFFICIENT_FUNDS,0.176,0.576,0.246,0.346,0.046,0.0
FAIL_000209,PAY_001440,CUST_0093,SUB_0093,BANK_DECLINED,0.176,0.476,0.146,0.296,0.096,0.0
FAIL_000210,PAY_001442,CUST_0093,SUB_0093,LIMIT_EXCEEDED,0.076,0.226,0.096,0.446,0.246,0.0
FAIL_000211,PAY_001444,CUST_0094,SUB_0094,INSUFFICIENT_FUNDS,0.176,0.576,0.246,0.346,0.046,0.0
FAIL_000212,PAY_001445,CUST_0094,SUB_0094,CARD_EXPIRED,0.026,0.026,0.096,0.246,0.696,0.0
FAIL_000213,PAY_001446,CUST_0094,SUB_0094,BANK_DECLINED,0.176,0.476,0.146,0.296,0.096,0.0
FAIL_000214,PAY_001448,CUST_0094,SUB_0094,BANK_DECLINED,0.176,0.476,0.146,0.296,0.096,0.0
FAIL_000215,PAY_001454,CUST_0095,SUB_0095,LIMIT_EXCEEDED,0.04,0.19,0.174,0.524,0.324,0.0
FAIL_000216,PAY_001456,CUST_0095,SUB_0095,LIMIT_EXCEEDED,0.04,0.19,0.174,0.524,0.324,0.0
FAIL_000217,PAY_001467,CUST_0096,SUB_0096,BANK_DECLINED,0.14,0.44,0.224,0.374,0.174,0.0
FAIL_000218,PAY_001468,CUST_0096,SUB_0096,NETWORK_ERROR,0.79,0.64,0.224,0.274,0.074,0.0
FAIL_000219,PAY_001469,CUST_0096,SUB_0096,INSUFFICIENT_FUNDS,0.14,0.54,0.324,0.424,0.124,0.0
FAIL_000220,PAY_001471,CUST_0096,SUB_0096,INSUFFICIENT_FUNDS,0.14,0.54,0.324,0.424,0.124,0.0
FAIL_000221,PAY_001474,CUST_0096,SUB_0096,LIMIT_EXCEEDED,0.04,0.19,0.174,0.524,0.324,0.0
FAIL_000222,PAY_001476,CUST_0096,SUB_0096,BANK_DECLINED,0.14,0.44,0.224,0.374,0.174,0.0
FAIL_000223,PAY_001477,CUST_0096,SUB_0096,BANK_DECLINED,0.14,0.44,0.224,0.374,0.174,0.0
FAIL_000224,PAY_001479,CUST_0096,SUB_0096,NETWORK_ERROR,0.79,0.64,0.224,0.274,0.074,0.0
FAIL_000225,PAY_001480,CUST_0096,SUB_0096,INSUFFICIENT_FUNDS,0.14,0.54,0.324,0.424,0.124,0.0
FAIL_000226,PAY_001493,CUST_0097,SUB_0097,NETWORK_ERROR,0.896,0.746,0.308,0.358,0.158,0.0
FAIL_000227,PAY_001495,CUST_0097,SUB_0097,NETWORK_ERROR,0.896,0.746,0.308,0.358,0.158,0.0
FAIL_000228,PAY_001496,CUST_0097,SUB_0097,AUTHENTICATION_FAILED,0.096,0.146,0.408,0.508,0.708,0.0
FAIL_000229,PAY_001502,CUST_0098,SUB_0098,INSUFFICIENT_FUNDS,0.14,0.54,0.324,0.424,0.124,0.0
FAIL_000230,PAY_001514,CUST_0098,SUB_0098,LIMIT_EXCEEDED,0.04,0.19,0.174,0.524,0.324,0.0
FAIL_000231,PAY_001530,CUST_0099,SUB_0099,INSUFFICIENT_FUNDS,0.246,0.646,0.408,0.508,0.208,0.0
FAIL_000232,PAY_001565,CUST_0100,SUB_0100,INSUFFICIENT_FUNDS,0.246,0.646,0.408,0.508,0.208,0.0
FAIL_000233,PAY_001571,CUST_0101,SUB_0101,NETWORK_ERROR,0.826,0.676,0.146,0.196,0.01,0.0
FAIL_000234,PAY_001576,CUST_0101,SUB_0101,CARD_EXPIRED,0.026,0.026,0.096,0.246,0.696,0.0
FAIL_000235,PAY_001580,CUST_0101,SUB_0101,INSUFFICIENT_FUNDS,0.176,0.576,0.246,0.346,0.046,0.0
FAIL_000236,PAY_001582,CUST_0101,SUB_0101,INSUFFICIENT_FUNDS,0.176,0.576,0.246,0.346,0.046,0.0
FAIL_000237,PAY_001590,CUST_0101,SUB_0101,AUTHENTICATION_FAILED,0.026,0.076,0.246,0.346,0.546,0.0
FAIL_000238,PAY_001591,CUST_0101,SUB_0101,INSUFFICIENT_FUNDS,0.176,0.576,0.246,0.346,0.046,0.0
FAIL_000239,PAY_001592,CUST_0101,SUB_0101,NETWORK_ERROR,0.826,0.676,0.146,0.196,0.01,0.0
FAIL_000240,PAY_001601,CUST_0101,SUB_0101,NETWORK_ERROR,0.826,0.676,0.146,0.196,0.01,0.0
FAIL_000241,PAY_001620,CUST_0102,SUB_0102,BANK_DECLINED,0.246,0.546,0.308,0.458,0.258,0.0
FAIL_000242,PAY_001634,CUST_0103,SUB_0103,NETWORK_ERROR,0.8676,0.7176,0.3156,0.3956,0.1956,0.0
FAIL_000243,PAY_001635,CUST_0103,SUB_0103,NETWORK_ERROR,0.8676,0.7176,0.3156,0.3956,0.1956,0.0
FAIL_000244,PAY_001659,CUST_0104,SUB_0104,LIMIT_EXCEEDED,0.1176,0.2676,0.2656,0.6456,0.4456,0.0
FAIL_000245,PAY_001661,CUST_0104,SUB_0104,INSUFFICIENT_FUNDS,0.2176,0.6176,0.4156,0.5456,0.2456,0.0
FAIL_000246,PAY_001684,CUST_0106,SUB_0106,NETWORK_ERROR,0.85,0.7,0.262,0.312,0.112,0.0
FAIL_000247,PAY_001687,CUST_0106,SUB_0106,INSUFFICIENT_FUNDS,0.2,0.6,0.362,0.462,0.162,0.0
FAIL_000248,PAY_001706,CUST_0106,SUB_0106,BANK_DECLINED,0.2,0.5,0.262,0.412,0.212,0.0
FAIL_000249,PAY_001717,CUST_0107,SUB_0107,NETWORK_ERROR,0.896,0.746,0.308,0.358,0.158,0.0
FAIL_000250,PAY_001724,CUST_0108,SUB_0108,INSUFFICIENT_FUNDS,0.14,0.54,0.324,0.424,0.124,0.0
FAIL_000251,PAY_001725,CUST_0108,SUB_0108,INSUFFICIENT_FUNDS,0.14,0.54,0.324,0.424,0.124,0.0
FAIL_000252,PAY_001726,CUST_0108,SUB_0108,NETWORK_ERROR,0.79,0.64,0.224,0.274,0.074,0.0
FAIL_000253,PAY_001728,CUST_0108,SUB_0108,INSUFFICIENT_FUNDS,0.14,0.54,0.324,0.424,0.124,0.0
FAIL_000254,PAY_001733,CUST_0108,SUB_0108,BANK_DECLINED,0.14,0.44,0.224,0.374,0.174,0.0
FAIL_000255,PAY_001737,CUST_0108,SUB_0108,LIMIT_EXCEEDED,0.04,0.19,0.174,0.524,0.324,0.0
FAIL_000256,PAY_001744,CUST_0108,SUB_0108,LIMIT_EXCEEDED,0.04,0.19,0.174,0.524,0.324,0.0
FAIL_000257,PAY_001745,CUST_0108,SUB_0108,INSUFFICIENT_FUNDS,0.14,0.54,0.324,0.424,0.124,0.0
FAIL_000258,PAY_001746,CUST_0108,SUB_0108,INSUFFICIENT_FUNDS,0.14,0.54,0.324,0.424,0.124,0.0
FAIL_000259,PAY_001747,CUST_0108,SUB_0108,INSUFFICIENT_FUNDS,0.14,0.54,0.324,0.424,0.124,0.0
FAIL_000260,PAY_001756,CUST_0109,SUB_0109,LIMIT_EXCEEDED,0.1,0.25,0.212,0.562,0.362,0.0
FAIL_000261,PAY_001768,CUST_0110,SUB_0110,AUTHENTICATION_FAILED,0.05,0.1,0.362,0.462,0.662,0.0
FAIL_000262,PAY_001775,CUST_0110,SUB_0110,AUTHENTICATION_FAILED,0.05,0.1,0.362,0.462,0.662,0.0
FAIL_000263,PAY_001776,CUST_0110,SUB_0110,BANK_DECLINED,0.2,0.5,0.262,0.412,0.212,0.0
FAIL_000264,PAY_001781,CUST_0110,SUB_0110,INSUFFICIENT_FUNDS,0.2,0.6,0.362,0.462,0.162,0.0
FAIL_000265,PAY_001782,CUST_0110,SUB_0110,CARD_EXPIRED,0.05,0.05,0.212,0.362,0.812,0.0
FAIL_000266,PAY_001783,CUST_0110,SUB_0110,NETWORK_ERROR,0.85,0.7,0.262,0.312,0.112,0.0
FAIL_000267,PAY_001784,CUST_0110,SUB_0110,NETWORK_ERROR,0.85,0.7,0.262,0.312,0.112,0.0
FAIL_000268,PAY_001794,CUST_0111,SUB_0111,LIMIT_EXCEEDED,0.1176,0.2676,0.2656,0.6456,0.4456,0.0
FAIL_000269,PAY_001805,CUST_0112,SUB_0112,BANK_DECLINED,0.14,0.44,0.224,0.374,0.174,0.0
FAIL_000270,PAY_001807,CUST_0112,SUB_0112,INSUFFICIENT_FUNDS,0.14,0.54,0.324,0.424,0.124,0.0
FAIL_000271,PAY_001810,CUST_0112,SUB_0112,CARD_EXPIRED,0.01,0.01,0.174,0.324,0.774,0.0
FAIL_000272,PAY_001812,CUST_0112,SUB_0112,INSUFFICIENT_FUNDS,0.14,0.54,0.324,0.424,0.124,0.0
FAIL_000273,PAY_001813,CUST_0112,SUB_0112,BANK_DECLINED,0.14,0.44,0.224,0.374,0.174,0.0
FAIL_000274,PAY_001816,CUST_0112,SUB_0112,AUTHENTICATION_FAILED,0.01,0.04,0.324,0.424,0.624,0.0
FAIL_000275,PAY_001819,CUST_0112,SUB_0112,INSUFFICIENT_FUNDS,0.14,0.54,0.324,0.424,0.124,0.0
FAIL_000276,PAY_001823,CUST_0112,SUB_0112,INSUFFICIENT_FUNDS,0.14,0.54,0.324,0.424,0.124,0.0
FAIL_000277,PAY_001824,CUST_0112,SUB_0112,INSUFFICIENT_FUNDS,0.14,0.54,0.324,0.424,0.124,0.0
FAIL_000278,PAY_001825,CUST_0112,SUB_0112,BANK_DECLINED,0.14,0.44,0.224,0.374,0.174,0.0
FAIL_000279,PAY_001827,CUST_0113,SUB_0113,INSUFFICIENT_FUNDS,0.176,0.576,0.246,0.346,0.046,0.0
FAIL_000280,PAY_001829,CUST_0113,SUB_0113,NETWORK_ERROR,0.826,0.676,0.146,0.196,0.01,0.0
FAIL_000281,PAY_001830,CUST_0113,SUB_0113,CARD_EXPIRED,0.026,0.026,0.096,0.246,0.696,0.0
FAIL_000282,PAY_001833,CUST_0113,SUB_0113,INSUFFICIENT_FUNDS,0.176,0.576,0.246,0.346,0.046,0.0
FAIL_000283,PAY_001834,CUST_0113,SUB_0113,CARD_EXPIRED,0.026,0.026,0.096,0.246,0.696,0.0
FAIL_000284,PAY_001835,CUST_0113,SUB_0113,INSUFFICIENT_FUNDS,0.176,0.576,0.246,0.346,0.046,0.0
FAIL_000285,PAY_001836,CUST_0113,SUB_0113,BANK_DECLINED,0.176,0.476,0.146,0.296,0.096,0.0
FAIL_000286,PAY_001840,CUST_0113,SUB_0113,AUTHENTICATION_FAILED,0.026,0.076,0.246,0.346,0.546,0.0
FAIL_000287,PAY_001842,CUST_0113,SUB_0113,AUTHENTICATION_FAILED,0.026,0.076,0.246,0.346,0.546,0.0
FAIL_000288,PAY_001845,CUST_0113,SUB_0113,INSUFFICIENT_FUNDS,0.176,0.576,0.246,0.346,0.046,0.0
FAIL_000289,PAY_001846,CUST_0113,SUB_0113,BANK_DECLINED,0.176,0.476,0.146,0.296,0.096,0.0
FAIL_000290,PAY_001899,CUST_0117,SUB_0117,INSUFFICIENT_FUNDS,0.14,0.54,0.324,0.424,0.124,0.0
FAIL_000291,PAY_001902,CUST_0117,SUB_0117,INSUFFICIENT_FUNDS,0.14,0.54,0.324,0.424,0.124,0.0
FAIL_000292,PAY_001903,CUST_0117,SUB_0117,NETWORK_ERROR,0.79,0.64,0.224,0.274,0.074,0.0
FAIL_000293,PAY_001906,CUST_0117,SUB_0117,BANK_DECLINED,0.14,0.44,0.224,0.374,0.174,0.0
FAIL_000294,PAY_001921,CUST_0117,SUB_0117,INSUFFICIENT_FUNDS,0.14,0.54,0.324,0.424,0.124,0.0
FAIL_000295,PAY_001936,CUST_0119,SUB_0119,CARD_EXPIRED,0.0676,0.0676,0.2656,0.4456,0.8956,0.0
FAIL_000296,PAY_001937,CUST_0119,SUB_0119,NETWORK_ERROR,0.8676,0.7176,0.3156,0.3956,0.1956,0.0
FAIL_000297,PAY_001939,CUST_0119,SUB_0119,BANK_DECLINED,0.2176,0.5176,0.3156,0.4956,0.2956,0.0
FAIL_000298,PAY_001944,CUST_0119,SUB_0119,INSUFFICIENT_FUNDS,0.2176,0.6176,0.4156,0.5456,0.2456,0.0
FAIL_000299,PAY_001947,CUST_0119,SUB_0119,INSUFFICIENT_FUNDS,0.2176,0.6176,0.4156,0.5456,0.2456,0.0
FAIL_000300,PAY_001949,CUST_0119,SUB_0119,LIMIT_EXCEEDED,0.1176,0.2676,0.2656,0.6456,0.4456,0.0
FAIL_000301,PAY_001950,CUST_0119,SUB_0119,LIMIT_EXCEEDED,0.1176,0.2676,0.2656,0.6456,0.4456,0.0
FAIL_000302,PAY_001972,CUST_0120,SUB_0120,BANK_DECLINED,0.2,0.5,0.262,0.412,0.212,0.0
FAIL_000303,PAY_001994,CUST_0121,SUB_0121,AUTHENTICATION_FAILED,0.026,0.076,0.246,0.346,0.546,0.0
FAIL_000304,PAY_002006,CUST_0121,SUB_0121,NETWORK_ERROR,0.826,0.676,0.146,0.196,0.01,0.0
FAIL_000305,PAY_002007,CUST_0121,SUB_0121,INSUFFICIENT_FUNDS,0.176,0.576,0.246,0.346,0.046,0.0
FAIL_000306,PAY_002008,CUST_0121,SUB_0121,INSUFFICIENT_FUNDS,0.176,0.576,0.246,0.346,0.046,0.0
FAIL_000307,PAY_002012,CUST_0121,SUB_0121,BANK_DECLINED,0.176,0.476,0.146,0.296,0.096,0.0
FAIL_000308,PAY_002013,CUST_0121,SUB_0121,AUTHENTICATION_FAILED,0.026,0.076,0.246,0.346,0.546,0.0
FAIL_000309,PAY_002022,CUST_0121,SUB_0121,AUTHENTICATION_FAILED,0.026,0.076,0.246,0.346,0.546,0.0
FAIL_000310,PAY_002026,CUST_0122,SUB_0122,AUTHENTICATION_FAILED,0.05,0.1,0.362,0.462,0.662,0.0
FAIL_000311,PAY_002028,CUST_0122,SUB_0122,AUTHENTICATION_FAILED,0.05,0.1,0.362,0.462,0.662,0.0
FAIL_000312,PAY_002034,CUST_0122,SUB_0122,INSUFFICIENT_FUNDS,0.2,0.6,0.362,0.462,0.162,0.0
FAIL_000313,PAY_002050,CUST_0123,SUB_0123,INSUFFICIENT_FUNDS,0.2176,0.6176,0.4156,0.5456,0.2456,0.0
FAIL_000314,PAY_002053,CUST_0123,SUB_0123,INSUFFICIENT_FUNDS,0.2176,0.6176,0.4156,0.5456,0.2456,0.0
FAIL_000315,PAY_002055,CUST_0123,SUB_0123,AUTHENTICATION_FAILED,0.0676,0.1176,0.4156,0.5456,0.7456,0.0
FAIL_000316,PAY_002070,CUST_0123,SUB_0123,LIMIT_EXCEEDED,0.1176,0.2676,0.2656,0.6456,0.4456,0.0
FAIL_000317,PAY_002092,CUST_0124,SUB_0124,BANK_DECLINED,0.2176,0.5176,0.3156,0.4956,0.2956,0.0
FAIL_000318,PAY_002106,CUST_0125,SUB_0125,NETWORK_ERROR,0.8676,0.7176,0.3156,0.3956,0.1956,0.0
FAIL_000319,PAY_002143,CUST_0127,SUB_0127,INSUFFICIENT_FUNDS,0.14,0.54,0.324,0.424,0.124,0.0
FAIL_000320,PAY_002146,CUST_0127,SUB_0127,AUTHENTICATION_FAILED,0.01,0.04,0.324,0.424,0.624,0.0
FAIL_000321,PAY_002148,CUST_0127,SUB_0127,CARD_EXPIRED,0.01,0.01,0.174,0.324,0.774,0.0
FAIL_000322,PAY_002170,CUST_0128,SUB_0128,LIMIT_EXCEEDED,0.1176,0.2676,0.2656,0.6456,0.4456,0.0
FAIL_000323,PAY_002174,CUST_0128,SUB_0128,AUTHENTICATION_FAILED,0.0676,0.1176,0.4156,0.5456,0.7456,0.0
FAIL_000324,PAY_002176,CUST_0128,SUB_0128,LIMIT_EXCEEDED,0.1176,0.2676,0.2656,0.6456,0.4456,0.0
FAIL_000325,PAY_002188,CUST_0130,SUB_0130,INSUFFICIENT_FUNDS,0.14,0.54,0.324,0.424,0.124,0.0
FAIL_000326,PAY_002190,CUST_0130,SUB_0130,NETWORK_ERROR,0.79,0.64,0.224,0.274,0.074,0.0
FAIL_000327,PAY_002191,CUST_0130,SUB_0130,INSUFFICIENT_FUNDS,0.14,0.54,0.324,0.424,0.124,0.0
FAIL_000328,PAY_002192,CUST_0130,SUB_0130,AUTHENTICATION_FAILED,0.01,0.04,0.324,0.424,0.624,0.0
FAIL_000329,PAY_002193,CUST_0130,SUB_0130,CARD_EXPIRED,0.01,0.01,0.174,0.324,0.774,0.0
FAIL_000330,PAY_002196,CUST_0130,SUB_0130,CARD_EXPIRED,0.01,0.01,0.174,0.324,0.774,0.0
FAIL_000331,PAY_002198,CUST_0130,SUB_0130,CARD_EXPIRED,0.01,0.01,0.174,0.324,0.774,0.0
FAIL_000332,PAY_002199,CUST_0130,SUB_0130,INSUFFICIENT_FUNDS,0.14,0.54,0.324,0.424,0.124,0.0
FAIL_000333,PAY_002201,CUST_0130,SUB_0130,NETWORK_ERROR,0.79,0.64,0.224,0.274,0.074,0.0
FAIL_000334,PAY_002204,CUST_0130,SUB_0130,INSUFFICIENT_FUNDS,0.14,0.54,0.324,0.424,0.124,0.0
FAIL_000335,PAY_002205,CUST_0130,SUB_0130,CARD_EXPIRED,0.01,0.01,0.174,0.324,0.774,0.0
FAIL_000336,PAY_002207,CUST_0131,SUB_0131,AUTHENTICATION_FAILED,0.026,0.076,0.246,0.346,0.546,0.0
FAIL_000337,PAY_002213,CUST_0131,SUB_0131,INSUFFICIENT_FUNDS,0.176,0.576,0.246,0.346,0.046,0.0
FAIL_000338,PAY_002214,CUST_0131,SUB_0131,AUTHENTICATION_FAILED,0.026,0.076,0.246,0.346,0.546,0.0
FAIL_000339,PAY_002217,CUST_0131,SUB_0131,BANK_DECLINED,0.176,0.476,0.146,0.296,0.096,0.0
FAIL_000340,PAY_002219,CUST_0131,SUB_0131,BANK_DECLINED,0.176,0.476,0.146,0.296,0.096,0.0
FAIL_000341,PAY_002242,CUST_0133,SUB_0133,CARD_EXPIRED,0.096,0.096,0.258,0.408,0.858,0.0
FAIL_000342,PAY_002261,CUST_0135,SUB_0135,INSUFFICIENT_FUNDS,0.14,0.54,0.324,0.424,0.124,0.0
FAIL_000343,PAY_002267,CUST_0135,SUB_0135,INSUFFICIENT_FUNDS,0.14,0.54,0.324,0.424,0.124,0.0
FAIL_000344,PAY_002268,CUST_0135,SUB_0135,INSUFFICIENT_FUNDS,0.14,0.54,0.324,0.424,0.124,0.0
FAIL_000345,PAY_002269,CUST_0135,SUB_0135,INSUFFICIENT_FUNDS,0.14,0.54,0.324,0.424,0.124,0.0
FAIL_000346,PAY_002272,CUST_0135,SUB_0135,CARD_EXPIRED,0.01,0.01,0.174,0.324,0.774,0.0
FAIL_000347,PAY_002275,CUST_0135,SUB_0135,LIMIT_EXCEEDED,0.04,0.19,0.174,0.524,0.324,0.0
FAIL_000348,PAY_002276,CUST_0135,SUB_0135,INSUFFICIENT_FUNDS,0.14,0.54,0.324,0.424,0.124,0.0
FAIL_000349,PAY_002283,CUST_0135,SUB_0135,BANK_DECLINED,0.14,0.44,0.224,0.374,0.174,0.0
FAIL_000350,PAY_002291,CUST_0136,SUB_0136,BANK_DECLINED,0.176,0.476,0.146,0.296,0.096,0.0
FAIL_000351,PAY_002307,CUST_0136,SUB_0136,LIMIT_EXCEEDED,0.076,0.226,0.096,0.446,0.246,0.0
FAIL_000352,PAY_002311,CUST_0136,SUB_0136,NETWORK_ERROR,0.826,0.676,0.146,0.196,0.01,0.0
FAIL_000353,PAY_002316,CUST_0137,SUB_0137,LIMIT_EXCEEDED,0.1,0.25,0.212,0.562,0.362,0.0
FAIL_000354,PAY_002325,CUST_0137,SUB_0137,INSUFFICIENT_FUNDS,0.2,0.6,0.362,0.462,0.162,0.0
FAIL_000355,PAY_002329,CUST_0137,SUB_0137,LIMIT_EXCEEDED,0.1,0.25,0.212,0.562,0.362,0.0
FAIL_000356,PAY_002346,CUST_0137,SUB_0137,INSUFFICIENT_FUNDS,0.2,0.6,0.362,0.462,0.162,0.0
FAIL_000357,PAY_002348,CUST_0138,SUB_0138,LIMIT_EXCEEDED,0.146,0.296,0.258,0.608,0.408,0.0
FAIL_000358,PAY_002365,CUST_0139,SUB_0139,INSUFFICIENT_FUNDS,0.2176,0.6176,0.4156,0.5456,0.2456,0.0
FAIL_000359,PAY_002370,CUST_0139,SUB_0139,INSUFFICIENT_FUNDS,0.2176,0.6176,0.4156,0.5456,0.2456,0.0
FAIL_000360,PAY_002419,CUST_0141,SUB_0141,BANK_DECLINED,0.14,0.44,0.224,0.374,0.174,0.0
FAIL_000361,PAY_002429,CUST_0142,SUB_0142,NETWORK_ERROR,0.79,0.64,0.224,0.274,0.074,0.0
FAIL_000362,PAY_002430,CUST_0142,SUB_0142,INSUFFICIENT_FUNDS,0.14,0.54,0.324,0.424,0.124,0.0
FAIL_000363,PAY_002433,CUST_0142,SUB_0142,BANK_DECLINED,0.14,0.44,0.224,0.374,0.174,0.0
FAIL_000364,PAY_002435,CUST_0143,SUB_0143,BANK_DECLINED,0.2,0.5,0.262,0.412,0.212,0.0
FAIL_000365,PAY_002439,CUST_0143,SUB_0143,BANK_DECLINED,0.2,0.5,0.262,0.412,0.212,0.0
FAIL_000366,PAY_002451,CUST_0145,SUB_0145,NETWORK_ERROR,0.826,0.676,0.146,0.196,0.01,0.0
FAIL_000367,PAY_002453,CUST_0145,SUB_0145,INSUFFICIENT_FUNDS,0.176,0.576,0.246,0.346,0.046,0.0
FAIL_000368,PAY_002457,CUST_0145,SUB_0145,CARD_EXPIRED,0.026,0.026,0.096,0.246,0.696,0.0
FAIL_000369,PAY_002459,CUST_0145,SUB_0145,INSUFFICIENT_FUNDS,0.176,0.576,0.246,0.346,0.046,0.0
FAIL_000370,PAY_002462,CUST_0145,SUB_0145,AUTHENTICATION_FAILED,0.026,0.076,0.246,0.346,0.546,0.0
FAIL_000371,PAY_002465,CUST_0145,SUB_0145,NETWORK_ERROR,0.826,0.676,0.146,0.196,0.01,0.0
FAIL_000372,PAY_002467,CUST_0145,SUB_0145,CARD_EXPIRED,0.026,0.026,0.096,0.246,0.696,0.0
FAIL_000373,PAY_002470,CUST_0145,SUB_0145,CARD_EXPIRED,0.026,0.026,0.096,0.246,0.696,0.0
FAIL_000374,PAY_002488,CUST_0147,SUB_0147,CARD_EXPIRED,0.0676,0.0676,0.2656,0.4456,0.8956,0.0
FAIL_000375,PAY_002491,CUST_0147,SUB_0147,BANK_DECLINED,0.2176,0.5176,0.3156,0.4956,0.2956,0.0
FAIL_000376,PAY_002494,CUST_0147,SUB_0147,INSUFFICIENT_FUNDS,0.2176,0.6176,0.4156,0.5456,0.2456,0.0
FAIL_000377,PAY_002515,CUST_0149,SUB_0149,NETWORK_ERROR,0.8676,0.7176,0.3156,0.3956,0.1956,0.0
FAIL_000378,PAY_002545,CUST_0150,SUB_0150,INSUFFICIENT_FUNDS,0.246,0.646,0.408,0.508,0.208,0.0
FAIL_000379,PAY_002551,CUST_0151,SUB_0151,INSUFFICIENT_FUNDS,0.14,0.54,0.324,0.424,0.124,0.0
FAIL_000380,PAY_002556,CUST_0151,SUB_0151,CARD_EXPIRED,0.01,0.01,0.174,0.324,0.774,0.0
FAIL_000381,PAY_002571,CUST_0152,SUB_0152,NETWORK_ERROR,0.85,0.7,0.262,0.312,0.112,0.0
FAIL_000382,PAY_002572,CUST_0152,SUB_0152,INSUFFICIENT_FUNDS,0.2,0.6,0.362,0.462,0.162,0.0
FAIL_000383,PAY_002580,CUST_0152,SUB_0152,INSUFFICIENT_FUNDS,0.2,0.6,0.362,0.462,0.162,0.0
FAIL_000384,PAY_002602,CUST_0154,SUB_0154,BANK_DECLINED,0.246,0.546,0.308,0.458,0.258,0.0
FAIL_000385,PAY_002617,CUST_0155,SUB_0155,BANK_DECLINED,0.14,0.44,0.224,0.374,0.174,0.0
FAIL_000386,PAY_002620,CUST_0155,SUB_0155,INSUFFICIENT_FUNDS,0.14,0.54,0.324,0.424,0.124,0.0
FAIL_000387,PAY_002621,CUST_0155,SUB_0155,INSUFFICIENT_FUNDS,0.14,0.54,0.324,0.424,0.124,0.0
FAIL_000388,PAY_002627,CUST_0155,SUB_0155,BANK_DECLINED,0.14,0.44,0.224,0.374,0.174,0.0
FAIL_000389,PAY_002628,CUST_0155,SUB_0155,AUTHENTICATION_FAILED,0.01,0.04,0.324,0.424,0.624,0.0
FAIL_000390,PAY_002629,CUST_0155,SUB_0155,NETWORK_ERROR,0.79,0.64,0.224,0.274,0.074,0.0
FAIL_000391,PAY_002631,CUST_0155,SUB_0155,AUTHENTICATION_FAILED,0.01,0.04,0.324,0.424,0.624,0.0
FAIL_000392,PAY_002635,CUST_0155,SUB_0155,BANK_DECLINED,0.14,0.44,0.224,0.374,0.174,0.0
FAIL_000393,PAY_002636,CUST_0155,SUB_0155,INSUFFICIENT_FUNDS,0.14,0.54,0.324,0.424,0.124,0.0
FAIL_000394,PAY_002637,CUST_0155,SUB_0155,BANK_DECLINED,0.14,0.44,0.224,0.374,0.174,0.0
FAIL_000395,PAY_002643,CUST_0155,SUB_0155,INSUFFICIENT_FUNDS,0.14,0.54,0.324,0.424,0.124,0.0
FAIL_000396,PAY_002645,CUST_0156,SUB_0156,INSUFFICIENT_FUNDS,0.14,0.54,0.324,0.424,0.124,0.0
FAIL_000397,PAY_002646,CUST_0156,SUB_0156,BANK_DECLINED,0.14,0.44,0.224,0.374,0.174,0.0
FAIL_000398,PAY_002648,CUST_0156,SUB_0156,BANK_DECLINED,0.14,0.44,0.224,0.374,0.174,0.0
FAIL_000399,PAY_002650,CUST_0156,SUB_0156,BANK_DECLINED,0.14,0.44,0.224,0.374,0.174,0.0
FAIL_000400,PAY_002651,CUST_0156,SUB_0156,BANK_DECLINED,0.14,0.44,0.224,0.374,0.174,0.0
FAIL_000401,PAY_002654,CUST_0156,SUB_0156,BANK_DECLINED,0.14,0.44,0.224,0.374,0.174,0.0
FAIL_000402,PAY_002656,CUST_0156,SUB_0156,INSUFFICIENT_FUNDS,0.14,0.54,0.324,0.424,0.124,0.0
FAIL_000403,PAY_002657,CUST_0156,SUB_0156,BANK_DECLINED,0.14,0.44,0.224,0.374,0.174,0.0
FAIL_000404,PAY_002659,CUST_0156,SUB_0156,AUTHENTICATION_FAILED,0.01,0.04,0.324,0.424,0.624,0.0
FAIL_000405,PAY_002660,CUST_0156,SUB_0156,CARD_EXPIRED,0.01,0.01,0.174,0.324,0.774,0.0
FAIL_000406,PAY_002661,CUST_0156,SUB_0156,INSUFFICIENT_FUNDS,0.14,0.54,0.324,0.424,0.124,0.0
FAIL_000407,PAY_002663,CUST_0156,SUB_0156,INSUFFICIENT_FUNDS,0.14,0.54,0.324,0.424,0.124,0.0
FAIL_000408,PAY_002664,CUST_0156,SUB_0156,BANK_DECLINED,0.14,0.44,0.224,0.374,0.174,0.0
FAIL_000409,PAY_002665,CUST_0156,SUB_0156,BANK_DECLINED,0.14,0.44,0.224,0.374,0.174,0.0
FAIL_000410,PAY_002670,CUST_0156,SUB_0156,INSUFFICIENT_FUNDS,0.14,0.54,0.324,0.424,0.124,0.0
FAIL_000411,PAY_002680,CUST_0158,SUB_0158,CARD_EXPIRED,0.01,0.01,0.174,0.324,0.774,0.0
FAIL_000412,PAY_002681,CUST_0158,SUB_0158,NETWORK_ERROR,0.79,0.64,0.224,0.274,0.074,0.0
FAIL_000413,PAY_002684,CUST_0158,SUB_0158,NETWORK_ERROR,0.79,0.64,0.224,0.274,0.074,0.0
FAIL_000414,PAY_002686,CUST_0158,SUB_0158,INSUFFICIENT_FUNDS,0.14,0.54,0.324,0.424,0.124,0.0
FAIL_000415,PAY_002687,CUST_0158,SUB_0158,INSUFFICIENT_FUNDS,0.14,0.54,0.324,0.424,0.124,0.0
FAIL_000416,PAY_002689,CUST_0158,SUB_0158,INSUFFICIENT_FUNDS,0.14,0.54,0.324,0.424,0.124,0.0
FAIL_000417,PAY_002692,CUST_0158,SUB_0158,INSUFFICIENT_FUNDS,0.14,0.54,0.324,0.424,0.124,0.0
FAIL_000418,PAY_002725,CUST_0160,SUB_0160,BANK_DECLINED,0.14,0.44,0.224,0.374,0.174,0.0
FAIL_000419,PAY_002728,CUST_0161,SUB_0161,LIMIT_EXCEEDED,0.1176,0.2676,0.2656,0.6456,0.4456,0.0
FAIL_000420,PAY_002758,CUST_0162,SUB_0162,INSUFFICIENT_FUNDS,0.176,0.576,0.246,0.346,0.046,0.0
FAIL_000421,PAY_002765,CUST_0162,SUB_0162,BANK_DECLINED,0.176,0.476,0.146,0.296,0.096,0.0
FAIL_000422,PAY_002768,CUST_0162,SUB_0162,CARD_EXPIRED,0.026,0.026,0.096,0.246,0.696,0.0
FAIL_000423,PAY_002769,CUST_0162,SUB_0162,INSUFFICIENT_FUNDS,0.176,0.576,0.246,0.346,0.046,0.0
FAIL_000424,PAY_002773,CUST_0162,SUB_0162,CARD_EXPIRED,0.026,0.026,0.096,0.246,0.696,0.0
FAIL_000425,PAY_002777,CUST_0162,SUB_0162,BANK_DECLINED,0.176,0.476,0.146,0.296,0.096,0.0
FAIL_000426,PAY_002781,CUST_0162,SUB_0162,INSUFFICIENT_FUNDS,0.176,0.576,0.246,0.346,0.046,0.0
FAIL_000427,PAY_002785,CUST_0162,SUB_0162,CARD_EXPIRED,0.026,0.026,0.096,0.246,0.696,0.0
FAIL_000428,PAY_002799,CUST_0163,SUB_0163,INSUFFICIENT_FUNDS,0.2,0.6,0.362,0.462,0.162,0.0
FAIL_000429,PAY_002809,CUST_0164,SUB_0164,CARD_EXPIRED,0.05,0.05,0.212,0.362,0.812,0.0
FAIL_000430,PAY_002817,CUST_0165,SUB_0165,CARD_EXPIRED,0.096,0.096,0.258,0.408,0.858,0.0
FAIL_000431,PAY_002827,CUST_0166,SUB_0166,INSUFFICIENT_FUNDS,0.176,0.576,0.246,0.346,0.046,0.0
FAIL_000432,PAY_002828,CUST_0166,SUB_0166,BANK_DECLINED,0.176,0.476,0.146,0.296,0.096,0.0
FAIL_000433,PAY_002839,CUST_0166,SUB_0166,INSUFFICIENT_FUNDS,0.176,0.576,0.246,0.346,0.046,0.0
FAIL_000434,PAY_002842,CUST_0166,SUB_0166,LIMIT_EXCEEDED,0.076,0.226,0.096,0.446,0.246,0.0
FAIL_000435,PAY_002843,CUST_0166,SUB_0166,NETWORK_ERROR,0.826,0.676,0.146,0.196,0.01,0.0
FAIL_000436,PAY_002868,CUST_0168,SUB_0168,INSUFFICIENT_FUNDS,0.2,0.6,0.362,0.462,0.162,0.0
FAIL_000437,PAY_002871,CUST_0168,SUB_0168,INSUFFICIENT_FUNDS,0.2,0.6,0.362,0.462,0.162,0.0
FAIL_000438,PAY_002872,CUST_0168,SUB_0168,CARD_EXPIRED,0.05,0.05,0.212,0.362,0.812,0.0
FAIL_000439,PAY_002873,CUST_0168,SUB_0168,BANK_DECLINED,0.2,0.5,0.262,0.412,0.212,0.0
FAIL_000440,PAY_002878,CUST_0168,SUB_0168,CARD_EXPIRED,0.05,0.05,0.212,0.362,0.812,0.0
FAIL_000441,PAY_002884,CUST_0168,SUB_0168,NETWORK_ERROR,0.85,0.7,0.262,0.312,0.112,0.0
FAIL_000442,PAY_002887,CUST_0169,SUB_0169,LIMIT_EXCEEDED,0.1176,0.2676,0.2656,0.6456,0.4456,0.0
FAIL_000443,PAY_002890,CUST_0169,SUB_0169,NETWORK_ERROR,0.8676,0.7176,0.3156,0.3956,0.1956,0.0
FAIL_000444,PAY_002891,CUST_0169,SUB_0169,LIMIT_EXCEEDED,0.1176,0.2676,0.2656,0.6456,0.4456,0.0
FAIL_000445,PAY_002898,CUST_0169,SUB_0169,LIMIT_EXCEEDED,0.1176,0.2676,0.2656,0.6456,0.4456,0.0
FAIL_000446,PAY_002912,CUST_0170,SUB_0170,NETWORK_ERROR,0.826,0.676,0.146,0.196,0.01,0.0
FAIL_000447,PAY_002916,CUST_0170,SUB_0170,CARD_EXPIRED,0.026,0.026,0.096,0.246,0.696,0.0
FAIL_000448,PAY_002939,CUST_0171,SUB_0171,BANK_DECLINED,0.2176,0.5176,0.3156,0.4956,0.2956,0.0
FAIL_000449,PAY_002941,CUST_0171,SUB_0171,LIMIT_EXCEEDED,0.1176,0.2676,0.2656,0.6456,0.4456,0.0
FAIL_000450,PAY_002947,CUST_0171,SUB_0171,NETWORK_ERROR,0.8676,0.7176,0.3156,0.3956,0.1956,0.0
FAIL_000451,PAY_002949,CUST_0171,SUB_0171,LIMIT_EXCEEDED,0.1176,0.2676,0.2656,0.6456,0.4456,0.0
FAIL_000452,PAY_002971,CUST_0173,SUB_0173,CARD_EXPIRED,0.026,0.026,0.096,0.246,0.696,0.0
FAIL_000453,PAY_002974,CUST_0173,SUB_0173,BANK_DECLINED,0.176,0.476,0.146,0.296,0.096,0.0
FAIL_000454,PAY_002978,CUST_0173,SUB_0173,INSUFFICIENT_FUNDS,0.176,0.576,0.246,0.346,0.046,0.0
FAIL_000455,PAY_002980,CUST_0173,SUB_0173,INSUFFICIENT_FUNDS,0.176,0.576,0.246,0.346,0.046,0.0
FAIL_000456,PAY_002984,CUST_0173,SUB_0173,CARD_EXPIRED,0.026,0.026,0.096,0.246,0.696,0.0
FAIL_000457,PAY_002994,CUST_0173,SUB_0173,CARD_EXPIRED,0.026,0.026,0.096,0.246,0.696,0.0
FAIL_000458,PAY_002995,CUST_0173,SUB_0173,NETWORK_ERROR,0.826,0.676,0.146,0.196,0.01,0.0
FAIL_000459,PAY_003001,CUST_0174,SUB_0174,CARD_EXPIRED,0.026,0.026,0.096,0.246,0.696,0.0
FAIL_000460,PAY_003006,CUST_0174,SUB_0174,INSUFFICIENT_FUNDS,0.176,0.576,0.246,0.346,0.046,0.0
FAIL_000461,PAY_003009,CUST_0174,SUB_0174,INSUFFICIENT_FUNDS,0.176,0.576,0.246,0.346,0.046,0.0
FAIL_000462,PAY_003015,CUST_0174,SUB_0174,INSUFFICIENT_FUNDS,0.176,0.576,0.246,0.346,0.046,0.0
FAIL_000463,PAY_003021,CUST_0175,SUB_0175,INSUFFICIENT_FUNDS,0.176,0.576,0.246,0.346,0.046,0.0
FAIL_000464,PAY_003041,CUST_0176,SUB_0176,INSUFFICIENT_FUNDS,0.14,0.54,0.324,0.424,0.124,0.0
FAIL_000465,PAY_003042,CUST_0176,SUB_0176,BANK_DECLINED,0.14,0.44,0.224,0.374,0.174,0.0
FAIL_000466,PAY_003056,CUST_0177,SUB_0177,INSUFFICIENT_FUNDS,0.2,0.6,0.362,0.462,0.162,0.0
FAIL_000467,PAY_003072,CUST_0180,SUB_0180,INSUFFICIENT_FUNDS,0.2,0.6,0.362,0.462,0.162,0.0
FAIL_000468,PAY_003073,CUST_0180,SUB_0180,NETWORK_ERROR,0.85,0.7,0.262,0.312,0.112,0.0
FAIL_000469,PAY_003076,CUST_0180,SUB_0180,NETWORK_ERROR,0.85,0.7,0.262,0.312,0.112,0.0
FAIL_000470,PAY_003078,CUST_0180,SUB_0180,INSUFFICIENT_FUNDS,0.2,0.6,0.362,0.462,0.162,0.0
FAIL_000471,PAY_003081,CUST_0180,SUB_0180,BANK_DECLINED,0.2,0.5,0.262,0.412,0.212,0.0
FAIL_000472,PAY_003084,CUST_0180,SUB_0180,BANK_DECLINED,0.2,0.5,0.262,0.412,0.212,0.0
FAIL_000473,PAY_003085,CUST_0180,SUB_0180,BANK_DECLINED,0.2,0.5,0.262,0.412,0.212,0.0
FAIL_000474,PAY_003091,CUST_0180,SUB_0180,INSUFFICIENT_FUNDS,0.2,0.6,0.362,0.462,0.162,0.0
FAIL_000475,PAY_003092,CUST_0180,SUB_0180,BANK_DECLINED,0.2,0.5,0.262,0.412,0.212,0.0
FAIL_000476,PAY_003093,CUST_0180,SUB_0180,AUTHENTICATION_FAILED,0.05,0.1,0.362,0.462,0.662,0.0
FAIL_000477,PAY_003096,CUST_0181,SUB_0181,NETWORK_ERROR,0.826,0.676,0.146,0.196,0.01,0.0
FAIL_000478,PAY_003098,CUST_0181,SUB_0181,CARD_EXPIRED,0.026,0.026,0.096,0.246,0.696,0.0
FAIL_000479,PAY_003100,CUST_0181,SUB_0181,AUTHENTICATION_FAILED,0.026,0.076,0.246,0.346,0.546,0.0
FAIL_000480,PAY_003102,CUST_0181,SUB_0181,CARD_EXPIRED,0.026,0.026,0.096,0.246,0.696,0.0
FAIL_000481,PAY_003103,CUST_0181,SUB_0181,BANK_DECLINED,0.176,0.476,0.146,0.296,0.096,0.0
FAIL_000482,PAY_003110,CUST_0181,SUB_0181,INSUFFICIENT_FUNDS,0.176,0.576,0.246,0.346,0.046,0.0
FAIL_000483,PAY_003111,CUST_0181,SUB_0181,BANK_DECLINED,0.176,0.476,0.146,0.296,0.096,0.0
FAIL_000484,PAY_003118,CUST_0181,SUB_0181,CARD_EXPIRED,0.026,0.026,0.096,0.246,0.696,0.0
FAIL_000485,PAY_003119,CUST_0182,SUB_0182,AUTHENTICATION_FAILED,0.096,0.146,0.408,0.508,0.708,0.0
FAIL_000486,PAY_003136,CUST_0183,SUB_0183,LIMIT_EXCEEDED,0.04,0.19,0.174,0.524,0.324,0.0
FAIL_000487,PAY_003140,CUST_0183,SUB_0183,BANK_DECLINED,0.14,0.44,0.224,0.374,0.174,0.0
FAIL_000488,PAY_003141,CUST_0183,SUB_0183,NETWORK_ERROR,0.79,0.64,0.224,0.274,0.074,0.0
FAIL_000489,PAY_003151,CUST_0184,SUB_0184,NETWORK_ERROR,0.8676,0.7176,0.3156,0.3956,0.1956,0.0
FAIL_000490,PAY_003199,CUST_0186,SUB_0186,NETWORK_ERROR,0.896,0.746,0.308,0.358,0.158,0.0
FAIL_000491,PAY_003216,CUST_0187,SUB_0187,INSUFFICIENT_FUNDS,0.2,0.6,0.362,0.462,0.162,0.0
FAIL_000492,PAY_003224,CUST_0188,SUB_0188,INSUFFICIENT_FUNDS,0.176,0.576,0.246,0.346,0.046,0.0
FAIL_000493,PAY_003229,CUST_0188,SUB_0188,BANK_DECLINED,0.176,0.476,0.146,0.296,0.096,0.0
FAIL_000494,PAY_003236,CUST_0188,SUB_0188,INSUFFICIENT_FUNDS,0.176,0.576,0.246,0.346,0.046,0.0
FAIL_000495,PAY_003238,CUST_0188,SUB_0188,BANK_DECLINED,0.176,0.476,0.146,0.296,0.096,0.0
FAIL_000496,PAY_003241,CUST_0188,SUB_0188,CARD_EXPIRED,0.026,0.026,0.096,0.246,0.696,0.0
FAIL_000497,PAY_003265,CUST_0191,SUB_0191,BANK_DECLINED,0.2,0.5,0.262,0.412,0.212,0.0
FAIL_000498,PAY_003292,CUST_0192,SUB_0192,INSUFFICIENT_FUNDS,0.14,0.54,0.324,0.424,0.124,0.0
FAIL_000499,PAY_003305,CUST_0193,SUB_0193,BANK_DECLINED,0.176,0.476,0.146,0.296,0.096,0.0
FAIL_000500,PAY_003325,CUST_0193,SUB_0193,INSUFFICIENT_FUNDS,0.176,0.576,0.246,0.346,0.046,0.0
FAIL_000501,PAY_003350,CUST_0194,SUB_0194,NETWORK_ERROR,0.896,0.746,0.308,0.358,0.158,0.0
FAIL_000502,PAY_003355,CUST_0195,SUB_0195,INSUFFICIENT_FUNDS,0.246,0.646,0.408,0.508,0.208,0.0
FAIL_000503,PAY_003356,CUST_0195,SUB_0195,BANK_DECLINED,0.246,0.546,0.308,0.458,0.258,0.0
FAIL_000504,PAY_003405,CUST_0199,SUB_0199,NETWORK_ERROR,0.8676,0.7176,0.3156,0.3956,0.1956,0.0
FAIL_000505,PAY_003409,CUST_0199,SUB_0199,INSUFFICIENT_FUNDS,0.2176,0.6176,0.4156,0.5456,0.2456,0.0
FAIL_000506,PAY_003419,CUST_0200,SUB_0200,CARD_EXPIRED,0.026,0.026,0.096,0.246,0.696,0.0
FAIL_000507,PAY_003432,CUST_0200,SUB_0200,INSUFFICIENT_FUNDS,0.176,0.576,0.246,0.346,0.046,0.0
FAIL_000508,PAY_003438,CUST_0200,SUB_0200,BANK_DECLINED,0.176,0.476,0.146,0.296,0.096,0.0
FAIL_000509,PAY_003443,CUST_0200,SUB_0200,INSUFFICIENT_FUNDS,0.176,0.576,0.246,0.346,0.046,0.0
FAIL_000510,PAY_003446,CUST_0200,SUB_0200,BANK_DECLINED,0.176,0.476,0.146,0.296,0.096,0.0
FAIL_000511,PAY_003453,CUST_0202,SUB_0202,INSUFFICIENT_FUNDS,0.176,0.576,0.246,0.346,0.046,0.0
FAIL_000512,PAY_003464,CUST_0204,SUB_0204,BANK_DECLINED,0.176,0.476,0.146,0.296,0.096,0.0
FAIL_000513,PAY_003465,CUST_0204,SUB_0204,CARD_EXPIRED,0.026,0.026,0.096,0.246,0.696,0.0
FAIL_000514,PAY_003467,CUST_0204,SUB_0204,BANK_DECLINED,0.176,0.476,0.146,0.296,0.096,0.0
FAIL_000515,PAY_003478,CUST_0205,SUB_0205,AUTHENTICATION_FAILED,0.0676,0.1176,0.4156,0.5456,0.7456,0.0
FAIL_000516,PAY_003495,CUST_0207,SUB_0207,CARD_EXPIRED,0.01,0.01,0.174,0.324,0.774,0.0
FAIL_000517,PAY_003496,CUST_0207,SUB_0207,INSUFFICIENT_FUNDS,0.14,0.54,0.324,0.424,0.124,0.0
FAIL_000518,PAY_003497,CUST_0207,SUB_0207,INSUFFICIENT_FUNDS,0.14,0.54,0.324,0.424,0.124,0.0
FAIL_000519,PAY_003501,CUST_0207,SUB_0207,INSUFFICIENT_FUNDS,0.14,0.54,0.324,0.424,0.124,0.0
FAIL_000520,PAY_003508,CUST_0208,SUB_0208,NETWORK_ERROR,0.826,0.676,0.146,0.196,0.01,0.0
FAIL_000521,PAY_003510,CUST_0208,SUB_0208,LIMIT_EXCEEDED,0.076,0.226,0.096,0.446,0.246,0.0
FAIL_000522,PAY_003541,CUST_0210,SUB_0210,BANK_DECLINED,0.246,0.546,0.308,0.458,0.258,0.0
FAIL_000523,PAY_003553,CUST_0211,SUB_0211,BANK_DECLINED,0.14,0.44,0.224,0.374,0.174,0.0
FAIL_000524,PAY_003556,CUST_0211,SUB_0211,NETWORK_ERROR,0.79,0.64,0.224,0.274,0.074,0.0
FAIL_000525,PAY_003560,CUST_0211,SUB_0211,BANK_DECLINED,0.14,0.44,0.224,0.374,0.174,0.0
FAIL_000526,PAY_003561,CUST_0211,SUB_0211,NETWORK_ERROR,0.79,0.64,0.224,0.274,0.074,0.0
FAIL_000527,PAY_003563,CUST_0211,SUB_0211,LIMIT_EXCEEDED,0.04,0.19,0.174,0.524,0.324,0.0
FAIL_000528,PAY_003566,CUST_0211,SUB_0211,INSUFFICIENT_FUNDS,0.14,0.54,0.324,0.424,0.124,0.0
FAIL_000529,PAY_003571,CUST_0211,SUB_0211,INSUFFICIENT_FUNDS,0.14,0.54,0.324,0.424,0.124,0.0
FAIL_000530,PAY_003572,CUST_0211,SUB_0211,INSUFFICIENT_FUNDS,0.14,0.54,0.324,0.424,0.124,0.0
FAIL_000531,PAY_003575,CUST_0211,SUB_0211,INSUFFICIENT_FUNDS,0.14,0.54,0.324,0.424,0.124,0.0
FAIL_000532,PAY_003582,CUST_0212,SUB_0212,CARD_EXPIRED,0.026,0.026,0.096,0.246,0.696,0.0
FAIL_000533,PAY_003585,CUST_0212,SUB_0212,NETWORK_ERROR,0.826,0.676,0.146,0.196,0.01,0.0
FAIL_000534,PAY_003586,CUST_0212,SUB_0212,INSUFFICIENT_FUNDS,0.176,0.576,0.246,0.346,0.046,0.0
FAIL_000535,PAY_003587,CUST_0212,SUB_0212,CARD_EXPIRED,0.026,0.026,0.096,0.246,0.696,0.0
FAIL_000536,PAY_003589,CUST_0212,SUB_0212,CARD_EXPIRED,0.026,0.026,0.096,0.246,0.696,0.0
FAIL_000537,PAY_003590,CUST_0212,SUB_0212,INSUFFICIENT_FUNDS,0.176,0.576,0.246,0.346,0.046,0.0
FAIL_000538,PAY_003598,CUST_0212,SUB_0212,NETWORK_ERROR,0.826,0.676,0.146,0.196,0.01,0.0
FAIL_000539,PAY_003600,CUST_0212,SUB_0212,CARD_EXPIRED,0.026,0.026,0.096,0.246,0.696,0.0
FAIL_000540,PAY_003607,CUST_0212,SUB_0212,INSUFFICIENT_FUNDS,0.176,0.576,0.246,0.346,0.046,0.0
FAIL_000541,PAY_003609,CUST_0213,SUB_0213,CARD_EXPIRED,0.05,0.05,0.212,0.362,0.812,0.0
FAIL_000542,PAY_003650,CUST_0214,SUB_0214,LIMIT_EXCEEDED,0.1176,0.2676,0.2656,0.6456,0.4456,0.0
FAIL_000543,PAY_003652,CUST_0214,SUB_0214,INSUFFICIENT_FUNDS,0.2176,0.6176,0.4156,0.5456,0.2456,0.0
FAIL_000544,PAY_003653,CUST_0214,SUB_0214,INSUFFICIENT_FUNDS,0.2176,0.6176,0.4156,0.5456,0.2456,0.0
FAIL_000545,PAY_003660,CUST_0215,SUB_0215,BANK_DECLINED,0.2176,0.5176,0.3156,0.4956,0.2956,0.0
FAIL_000546,PAY_003662,CUST_0215,SUB_0215,CARD_EXPIRED,0.0676,0.0676,0.2656,0.4456,0.8956,0.0
FAIL_000547,PAY_003669,CUST_0215,SUB_0215,LIMIT_EXCEEDED,0.1176,0.2676,0.2656,0.6456,0.4456,0.0
FAIL_000548,PAY_003683,CUST_0216,SUB_0216,BANK_DECLINED,0.14,0.44,0.224,0.374,0.174,0.0
FAIL_000549,PAY_003688,CUST_0216,SUB_0216,NETWORK_ERROR,0.79,0.64,0.224,0.274,0.074,0.0
FAIL_000550,PAY_003694,CUST_0216,SUB_0216,INSUFFICIENT_FUNDS,0.14,0.54,0.324,0.424,0.124,0.0
FAIL_000551,PAY_003710,CUST_0217,SUB_0217,CARD_EXPIRED,0.026,0.026,0.096,0.246,0.696,0.0
FAIL_000552,PAY_003711,CUST_0217,SUB_0217,CARD_EXPIRED,0.026,0.026,0.096,0.246,0.696,0.0
FAIL_000553,PAY_003712,CUST_0217,SUB_0217,INSUFFICIENT_FUNDS,0.176,0.576,0.246,0.346,0.046,0.0
FAIL_000554,PAY_003716,CUST_0217,SUB_0217,CARD_EXPIRED,0.026,0.026,0.096,0.246,0.696,0.0
FAIL_000555,PAY_003719,CUST_0217,SUB_0217,AUTHENTICATION_FAILED,0.026,0.076,0.246,0.346,0.546,0.0
FAIL_000556,PAY_003722,CUST_0217,SUB_0217,NETWORK_ERROR,0.826,0.676,0.146,0.196,0.01,0.0
FAIL_000557,PAY_003723,CUST_0217,SUB_0217,INSUFFICIENT_FUNDS,0.176,0.576,0.246,0.346,0.046,0.0
FAIL_000558,PAY_003727,CUST_0218,SUB_0218,LIMIT_EXCEEDED,0.1176,0.2676,0.2656,0.6456,0.4456,0.0
FAIL_000559,PAY_003736,CUST_0218,SUB_0218,AUTHENTICATION_FAILED,0.0676,0.1176,0.4156,0.5456,0.7456,0.0
FAIL_000560,PAY_003738,CUST_0219,SUB_0219,INSUFFICIENT_FUNDS,0.2,0.6,0.362,0.462,0.162,0.0
FAIL_000561,PAY_003744,CUST_0219,SUB_0219,BANK_DECLINED,0.2,0.5,0.262,0.412,0.212,0.0
FAIL_000562,PAY_003749,CUST_0219,SUB_0219,BANK_DECLINED,0.2,0.5,0.262,0.412,0.212,0.0
FAIL_000563,PAY_003752,CUST_0219,SUB_0219,BANK_DECLINED,0.2,0.5,0.262,0.412,0.212,0.0
FAIL_000564,PAY_003759,CUST_0219,SUB_0219,INSUFFICIENT_FUNDS,0.2,0.6,0.362,0.462,0.162,0.0
FAIL_000565,PAY_003776,CUST_0221,SUB_0221,AUTHENTICATION_FAILED,0.096,0.146,0.408,0.508,0.708,0.0
FAIL_000566,PAY_003791,CUST_0222,SUB_0222,CARD_EXPIRED,0.01,0.01,0.174,0.324,0.774,0.0
FAIL_000567,PAY_003794,CUST_0222,SUB_0222,INSUFFICIENT_FUNDS,0.14,0.54,0.324,0.424,0.124,0.0
FAIL_000568,PAY_003798,CUST_0222,SUB_0222,LIMIT_EXCEEDED,0.04,0.19,0.174,0.524,0.324,0.0
FAIL_000569,PAY_003805,CUST_0223,SUB_0223,CARD_EXPIRED,0.026,0.026,0.096,0.246,0.696,0.0
FAIL_000570,PAY_003808,CUST_0223,SUB_0223,AUTHENTICATION_FAILED,0.026,0.076,0.246,0.346,0.546,0.0
FAIL_000571,PAY_003821,CUST_0224,SUB_0224,CARD_EXPIRED,0.026,0.026,0.096,0.246,0.696,0.0
FAIL_000572,PAY_003822,CUST_0224,SUB_0224,BANK_DECLINED,0.176,0.476,0.146,0.296,0.096,0.0
FAIL_000573,PAY_003861,CUST_0226,SUB_0226,NETWORK_ERROR,0.85,0.7,0.262,0.312,0.112,0.0
FAIL_000574,PAY_003865,CUST_0226,SUB_0226,LIMIT_EXCEEDED,0.1,0.25,0.212,0.562,0.362,0.0
FAIL_000575,PAY_003877,CUST_0227,SUB_0227,INSUFFICIENT_FUNDS,0.2176,0.6176,0.4156,0.5456,0.2456,0.0
FAIL_000576,PAY_003897,CUST_0228,SUB_0228,AUTHENTICATION_FAILED,0.026,0.076,0.246,0.346,0.546,0.0
FAIL_000577,PAY_003898,CUST_0228,SUB_0228,NETWORK_ERROR,0.826,0.676,0.146,0.196,0.01,0.0
FAIL_000578,PAY_003899,CUST_0228,SUB_0228,BANK_DECLINED,0.176,0.476,0.146,0.296,0.096,0.0
FAIL_000579,PAY_003900,CUST_0229,SUB_0229,BANK_DECLINED,0.14,0.44,0.224,0.374,0.174,0.0
FAIL_000580,PAY_003909,CUST_0229,SUB_0229,NETWORK_ERROR,0.79,0.64,0.224,0.274,0.074,0.0
FAIL_000581,PAY_003914,CUST_0229,SUB_0229,INSUFFICIENT_FUNDS,0.14,0.54,0.324,0.424,0.124,0.0
FAIL_000582,PAY_003916,CUST_0229,SUB_0229,CARD_EXPIRED,0.01,0.01,0.174,0.324,0.774,0.0
FAIL_000583,PAY_003918,CUST_0230,SUB_0230,CARD_EXPIRED,0.01,0.01,0.174,0.324,0.774,0.0
FAIL_000584,PAY_003919,CUST_0230,SUB_0230,INSUFFICIENT_FUNDS,0.14,0.54,0.324,0.424,0.124,0.0
FAIL_000585,PAY_003929,CUST_0231,SUB_0231,AUTHENTICATION_FAILED,0.01,0.04,0.324,0.424,0.624,0.0
FAIL_000586,PAY_003964,CUST_0234,SUB_0234,INSUFFICIENT_FUNDS,0.2,0.6,0.362,0.462,0.162,0.0
FAIL_000587,PAY_003973,CUST_0234,SUB_0234,BANK_DECLINED,0.2,0.5,0.262,0.412,0.212,0.0
FAIL_000588,PAY_003983,CUST_0235,SUB_0235,BANK_DECLINED,0.14,0.44,0.224,0.374,0.174,0.0
FAIL_000589,PAY_003991,CUST_0235,SUB_0235,INSUFFICIENT_FUNDS,0.14,0.54,0.324,0.424,0.124,0.0
FAIL_000590,PAY_003999,CUST_0235,SUB_0235,INSUFFICIENT_FUNDS,0.14,0.54,0.324,0.424,0.124,0.0
FAIL_000591,PAY_004005,CUST_0236,SUB_0236,CARD_EXPIRED,0.01,0.01,0.174,0.324,0.774,0.0
FAIL_000592,PAY_004006,CUST_0236,SUB_0236,INSUFFICIENT_FUNDS,0.14,0.54,0.324,0.424,0.124,0.0
FAIL_000593,PAY_004007,CUST_0236,SUB_0236,INSUFFICIENT_FUNDS,0.14,0.54,0.324,0.424,0.124,0.0
FAIL_000594,PAY_004014,CUST_0236,SUB_0236,CARD_EXPIRED,0.01,0.01,0.174,0.324,0.774,0.0
FAIL_000595,PAY_004015,CUST_0236,SUB_0236,INSUFFICIENT_FUNDS,0.14,0.54,0.324,0.424,0.124,0.0
FAIL_000596,PAY_004018,CUST_0236,SUB_0236,AUTHENTICATION_FAILED,0.01,0.04,0.324,0.424,0.624,0.0
FAIL_000597,PAY_004019,CUST_0236,SUB_0236,NETWORK_ERROR,0.79,0.64,0.224,0.274,0.074,0.0
FAIL_000598,PAY_004020,CUST_0236,SUB_0236,INSUFFICIENT_FUNDS,0.14,0.54,0.324,0.424,0.124,0.0
FAIL_000599,PAY_004027,CUST_0238,SUB_0238,INSUFFICIENT_FUNDS,0.14,0.54,0.324,0.424,0.124,0.0
FAIL_000600,PAY_004071,CUST_0240,SUB_0240,LIMIT_EXCEEDED,0.146,0.296,0.258,0.608,0.408,0.0
FAIL_000601,PAY_004082,CUST_0241,SUB_0241,INSUFFICIENT_FUNDS,0.2176,0.6176,0.4156,0.5456,0.2456,0.0
FAIL_000602,PAY_004087,CUST_0242,SUB_0242,CARD_EXPIRED,0.026,0.026,0.096,0.246,0.696,0.0
FAIL_000603,PAY_004088,CUST_0242,SUB_0242,BANK_DECLINED,0.176,0.476,0.146,0.296,0.096,0.0
FAIL_000604,PAY_004093,CUST_0242,SUB_0242,CARD_EXPIRED,0.026,0.026,0.096,0.246,0.696,0.0
FAIL_000605,PAY_004104,CUST_0243,SUB_0243,NETWORK_ERROR,0.79,0.64,0.224,0.274,0.074,0.0
FAIL_000606,PAY_004105,CUST_0243,SUB_0243,BANK_DECLINED,0.14,0.44,0.224,0.374,0.174,0.0
FAIL_000607,PAY_004108,CUST_0243,SUB_0243,BANK_DECLINED,0.14,0.44,0.224,0.374,0.174,0.0
FAIL_000608,PAY_004110,CUST_0243,SUB_0243,CARD_EXPIRED,0.01,0.01,0.174,0.324,0.774,0.0
FAIL_000609,PAY_004114,CUST_0243,SUB_0243,INSUFFICIENT_FUNDS,0.14,0.54,0.324,0.424,0.124,0.0
FAIL_000610,PAY_004115,CUST_0244,SUB_0244,INSUFFICIENT_FUNDS,0.2,0.6,0.362,0.462,0.162,0.0
FAIL_000611,PAY_004117,CUST_0244,SUB_0244,NETWORK_ERROR,0.85,0.7,0.262,0.312,0.112,0.0
FAIL_000612,PAY_004121,CUST_0244,SUB_0244,INSUFFICIENT_FUNDS,0.2,0.6,0.362,0.462,0.162,0.0
FAIL_000613,PAY_004128,CUST_0244,SUB_0244,BANK_DECLINED,0.2,0.5,0.262,0.412,0.212,0.0
FAIL_000614,PAY_004130,CUST_0244,SUB_0244,BANK_DECLINED,0.2,0.5,0.262,0.412,0.212,0.0
FAIL_000615,PAY_004131,CUST_0244,SUB_0244,BANK_DECLINED,0.2,0.5,0.262,0.412,0.212,0.0
FAIL_000616,PAY_004135,CUST_0244,SUB_0244,BANK_DECLINED,0.2,0.5,0.262,0.412,0.212,0.0
FAIL_000617,PAY_004139,CUST_0244,SUB_0244,NETWORK_ERROR,0.85,0.7,0.262,0.312,0.112,0.0
FAIL_000618,PAY_004147,CUST_0245,SUB_0245,BANK_DECLINED,0.246,0.546,0.308,0.458,0.258,0.0
FAIL_000619,PAY_004151,CUST_0245,SUB_0245,NETWORK_ERROR,0.896,0.746,0.308,0.358,0.158,0.0
FAIL_000620,PAY_004160,CUST_0245,SUB_0245,INSUFFICIENT_FUNDS,0.246,0.646,0.408,0.508,0.208,0.0
FAIL_000621,PAY_004165,CUST_0245,SUB_0245,INSUFFICIENT_FUNDS,0.246,0.646,0.408,0.508,0.208,0.0
FAIL_000622,PAY_004188,CUST_0246,SUB_0246,INSUFFICIENT_FUNDS,0.176,0.576,0.246,0.346,0.046,0.0
FAIL_000623,PAY_004198,CUST_0248,SUB_0248,INSUFFICIENT_FUNDS,0.176,0.576,0.246,0.346,0.046,0.0
FAIL_000624,PAY_004203,CUST_0248,SUB_0248,INSUFFICIENT_FUNDS,0.176,0.576,0.246,0.346,0.046,0.0
FAIL_000625,PAY_004205,CUST_0248,SUB_0248,NETWORK_ERROR,0.826,0.676,0.146,0.196,0.01,0.0
FAIL_000626,PAY_004206,CUST_0248,SUB_0248,CARD_EXPIRED,0.026,0.026,0.096,0.246,0.696,0.0
FAIL_000627,PAY_004208,CUST_0248,SUB_0248,INSUFFICIENT_FUNDS,0.176,0.576,0.246,0.346,0.046,0.0
FAIL_000628,PAY_004222,CUST_0249,SUB_0249,INSUFFICIENT_FUNDS,0.14,0.54,0.324,0.424,0.124,0.0
FAIL_000629,PAY_004224,CUST_0249,SUB_0249,BANK_DECLINED,0.14,0.44,0.224,0.374,0.174,0.0
FAIL_000630,PAY_004236,CUST_0250,SUB_0250,CARD_EXPIRED,0.0676,0.0676,0.2656,0.4456,0.8956,0.0
FAIL_000631,PAY_004241,CUST_0250,SUB_0250,LIMIT_EXCEEDED,0.1176,0.2676,0.2656,0.6456,0.4456,0.0
FAIL_000632,PAY_004280,CUST_0252,SUB_0252,NETWORK_ERROR,0.826,0.676,0.146,0.196,0.01,0.0
FAIL_000633,PAY_004284,CUST_0252,SUB_0252,INSUFFICIENT_FUNDS,0.176,0.576,0.246,0.346,0.046,0.0
FAIL_000634,PAY_004294,CUST_0252,SUB_0252,INSUFFICIENT_FUNDS,0.176,0.576,0.246,0.346,0.046,0.0
FAIL_000635,PAY_004297,CUST_0252,SUB_0252,INSUFFICIENT_FUNDS,0.176,0.576,0.246,0.346,0.046,0.0
FAIL_000636,PAY_004301,CUST_0252,SUB_0252,INSUFFICIENT_FUNDS,0.176,0.576,0.246,0.346,0.046,0.0
FAIL_000637,PAY_004303,CUST_0252,SUB_0252,INSUFFICIENT_FUNDS,0.176,0.576,0.246,0.346,0.046,0.0
FAIL_000638,PAY_004309,CUST_0253,SUB_0253,INSUFFICIENT_FUNDS,0.176,0.576,0.246,0.346,0.046,0.0
FAIL_000639,PAY_004318,CUST_0253,SUB_0253,NETWORK_ERROR,0.826,0.676,0.146,0.196,0.01,0.0
FAIL_000640,PAY_004324,CUST_0253,SUB_0253,INSUFFICIENT_FUNDS,0.176,0.576,0.246,0.346,0.046,0.0
FAIL_000641,PAY_004327,CUST_0253,SUB_0253,LIMIT_EXCEEDED,0.076,0.226,0.096,0.446,0.246,0.0
FAIL_000642,PAY_004330,CUST_0254,SUB_0254,BANK_DECLINED,0.2,0.5,0.262,0.412,0.212,0.0
FAIL_000643,PAY_004334,CUST_0254,SUB_0254,NETWORK_ERROR,0.85,0.7,0.262,0.312,0.112,0.0
FAIL_000644,PAY_004346,CUST_0254,SUB_0254,INSUFFICIENT_FUNDS,0.2,0.6,0.362,0.462,0.162,0.0
FAIL_000645,PAY_004352,CUST_0255,SUB_0255,AUTHENTICATION_FAILED,0.026,0.076,0.246,0.346,0.546,0.0
FAIL_000646,PAY_004353,CUST_0255,SUB_0255,BANK_DECLINED,0.176,0.476,0.146,0.296,0.096,0.0
FAIL_000647,PAY_004357,CUST_0255,SUB_0255,AUTHENTICATION_FAILED,0.026,0.076,0.246,0.346,0.546,0.0
FAIL_000648,PAY_004358,CUST_0255,SUB_0255,NETWORK_ERROR,0.826,0.676,0.146,0.196,0.01,0.0
FAIL_000649,PAY_004406,CUST_0259,SUB_0259,BANK_DECLINED,0.176,0.476,0.146,0.296,0.096,0.0
FAIL_000650,PAY_004411,CUST_0259,SUB_0259,BANK_DECLINED,0.176,0.476,0.146,0.296,0.096,0.0
FAIL_000651,PAY_004430,CUST_0260,SUB_0260,INSUFFICIENT_FUNDS,0.2176,0.6176,0.4156,0.5456,0.2456,0.0
FAIL_000652,PAY_004454,CUST_0261,SUB_0261,INSUFFICIENT_FUNDS,0.176,0.576,0.246,0.346,0.046,0.0
FAIL_000653,PAY_004462,CUST_0262,SUB_0262,LIMIT_EXCEEDED,0.146,0.296,0.258,0.608,0.408,0.0
FAIL_000654,PAY_004463,CUST_0262,SUB_0262,BANK_DECLINED,0.246,0.546,0.308,0.458,0.258,0.0
FAIL_000655,PAY_004471,CUST_0262,SUB_0262,CARD_EXPIRED,0.096,0.096,0.258,0.408,0.858,0.0
FAIL_000656,PAY_004480,CUST_0262,SUB_0262,BANK_DECLINED,0.246,0.546,0.308,0.458,0.258,0.0
FAIL_000657,PAY_004503,CUST_0264,SUB_0264,INSUFFICIENT_FUNDS,0.14,0.54,0.324,0.424,0.124,0.0
FAIL_000658,PAY_004551,CUST_0267,SUB_0267,BANK_DECLINED,0.14,0.44,0.224,0.374,0.174,0.0
FAIL_000659,PAY_004552,CUST_0267,SUB_0267,INSUFFICIENT_FUNDS,0.14,0.54,0.324,0.424,0.124,0.0
FAIL_000660,PAY_004568,CUST_0268,SUB_0268,INSUFFICIENT_FUNDS,0.2,0.6,0.362,0.462,0.162,0.0
FAIL_000661,PAY_004574,CUST_0268,SUB_0268,BANK_DECLINED,0.2,0.5,0.262,0.412,0.212,0.0
FAIL_000662,PAY_004578,CUST_0268,SUB_0268,INSUFFICIENT_FUNDS,0.2,0.6,0.362,0.462,0.162,0.0
FAIL_000663,PAY_004588,CUST_0268,SUB_0268,LIMIT_EXCEEDED,0.1,0.25,0.212,0.562,0.362,0.0
FAIL_000664,PAY_004590,CUST_0268,SUB_0268,INSUFFICIENT_FUNDS,0.2,0.6,0.362,0.462,0.162,0.0
FAIL_000665,PAY_004594,CUST_0269,SUB_0269,NETWORK_ERROR,0.79,0.64,0.224,0.274,0.074,0.0
FAIL_000666,PAY_004597,CUST_0269,SUB_0269,BANK_DECLINED,0.14,0.44,0.224,0.374,0.174,0.0
FAIL_000667,PAY_004608,CUST_0270,SUB_0270,NETWORK_ERROR,0.79,0.64,0.224,0.274,0.074,0.0
FAIL_000668,PAY_004624,CUST_0272,SUB_0272,INSUFFICIENT_FUNDS,0.176,0.576,0.246,0.346,0.046,0.0
FAIL_000669,PAY_004627,CUST_0272,SUB_0272,NETWORK_ERROR,0.826,0.676,0.146,0.196,0.01,0.0
FAIL_000670,PAY_004676,CUST_0276,SUB_0276,BANK_DECLINED,0.176,0.476,0.146,0.296,0.096,0.0
FAIL_000671,PAY_004679,CUST_0276,SUB_0276,BANK_DECLINED,0.176,0.476,0.146,0.296,0.096,0.0
FAIL_000672,PAY_004681,CUST_0276,SUB_0276,AUTHENTICATION_FAILED,0.026,0.076,0.246,0.346,0.546,0.0
FAIL_000673,PAY_004690,CUST_0277,SUB_0277,LIMIT_EXCEEDED,0.076,0.226,0.096,0.446,0.246,0.0
FAIL_000674,PAY_004691,CUST_0277,SUB_0277,BANK_DECLINED,0.176,0.476,0.146,0.296,0.096,0.0
FAIL_000675,PAY_004692,CUST_0277,SUB_0277,NETWORK_ERROR,0.826,0.676,0.146,0.196,0.01,0.0
FAIL_000676,PAY_004696,CUST_0277,SUB_0277,NETWORK_ERROR,0.826,0.676,0.146,0.196,0.01,0.0
FAIL_000677,PAY_004699,CUST_0277,SUB_0277,CARD_EXPIRED,0.026,0.026,0.096,0.246,0.696,0.0
FAIL_000678,PAY_004700,CUST_0277,SUB_0277,LIMIT_EXCEEDED,0.076,0.226,0.096,0.446,0.246,0.0
FAIL_000679,PAY_004703,CUST_0277,SUB_0277,INSUFFICIENT_FUNDS,0.176,0.576,0.246,0.346,0.046,0.0
FAIL_000680,PAY_004704,CUST_0277,SUB_0277,INSUFFICIENT_FUNDS,0.176,0.576,0.246,0.346,0.046,0.0
FAIL_000681,PAY_004705,CUST_0277,SUB_0277,CARD_EXPIRED,0.026,0.026,0.096,0.246,0.696,0.0
FAIL_000682,PAY_004706,CUST_0277,SUB_0277,INSUFFICIENT_FUNDS,0.176,0.576,0.246,0.346,0.046,0.0
FAIL_000683,PAY_004708,CUST_0277,SUB_0277,INSUFFICIENT_FUNDS,0.176,0.576,0.246,0.346,0.046,0.0
FAIL_000684,PAY_004710,CUST_0278,SUB_0278,INSUFFICIENT_FUNDS,0.14,0.54,0.324,0.424,0.124,0.0
FAIL_000685,PAY_004713,CUST_0278,SUB_0278,INSUFFICIENT_FUNDS,0.14,0.54,0.324,0.424,0.124,0.0
FAIL_000686,PAY_004727,CUST_0279,SUB_0279,BANK_DECLINED,0.14,0.44,0.224,0.374,0.174,0.0
FAIL_000687,PAY_004734,CUST_0279,SUB_0279,BANK_DECLINED,0.14,0.44,0.224,0.374,0.174,0.0
FAIL_000688,PAY_004736,CUST_0279,SUB_0279,INSUFFICIENT_FUNDS,0.14,0.54,0.324,0.424,0.124,0.0
FAIL_000689,PAY_004738,CUST_0279,SUB_0279,INSUFFICIENT_FUNDS,0.14,0.54,0.324,0.424,0.124,0.0
FAIL_000690,PAY_004742,CUST_0280,SUB_0280,CARD_EXPIRED,0.026,0.026,0.096,0.246,0.696,0.0
FAIL_000691,PAY_004745,CUST_0280,SUB_0280,CARD_EXPIRED,0.026,0.026,0.096,0.246,0.696,0.0
FAIL_000692,PAY_004750,CUST_0281,SUB_0281,BANK_DECLINED,0.2,0.5,0.262,0.412,0.212,0.0
FAIL_000693,PAY_004761,CUST_0281,SUB_0281,NETWORK_ERROR,0.85,0.7,0.262,0.312,0.112,0.0
FAIL_000694,PAY_004763,CUST_0281,SUB_0281,AUTHENTICATION_FAILED,0.05,0.1,0.362,0.462,0.662,0.0
FAIL_000695,PAY_004765,CUST_0281,SUB_0281,CARD_EXPIRED,0.05,0.05,0.212,0.362,0.812,0.0
FAIL_000696,PAY_004766,CUST_0281,SUB_0281,NETWORK_ERROR,0.85,0.7,0.262,0.312,0.112,0.0
FAIL_000697,PAY_004767,CUST_0281,SUB_0281,NETWORK_ERROR,0.85,0.7,0.262,0.312,0.112,0.0
FAIL_000698,PAY_004772,CUST_0282,SUB_0282,AUTHENTICATION_FAILED,0.026,0.076,0.246,0.346,0.546,0.0
FAIL_000699,PAY_004776,CUST_0283,SUB_0283,BANK_DECLINED,0.2176,0.5176,0.3156,0.4956,0.2956,0.0
FAIL_000700,PAY_004782,CUST_0283,SUB_0283,NETWORK_ERROR,0.8676,0.7176,0.3156,0.3956,0.1956,0.0
FAIL_000701,PAY_004795,CUST_0285,SUB_0285,NETWORK_ERROR,0.85,0.7,0.262,0.312,0.112,0.0
FAIL_000702,PAY_004796,CUST_0285,SUB_0285,AUTHENTICATION_FAILED,0.05,0.1,0.362,0.462,0.662,0.0
FAIL_000703,PAY_004802,CUST_0285,SUB_0285,CARD_EXPIRED,0.05,0.05,0.212,0.362,0.812,0.0
FAIL_000704,PAY_004812,CUST_0286,SUB_0286,INSUFFICIENT_FUNDS,0.2,0.6,0.362,0.462,0.162,0.0
FAIL_000705,PAY_004814,CUST_0286,SUB_0286,INSUFFICIENT_FUNDS,0.2,0.6,0.362,0.462,0.162,0.0
FAIL_000706,PAY_004843,CUST_0287,SUB_0287,BANK_DECLINED,0.2176,0.5176,0.3156,0.4956,0.2956,0.0
FAIL_000707,PAY_004862,CUST_0289,SUB_0289,NETWORK_ERROR,0.79,0.64,0.224,0.274,0.074,0.0
FAIL_000708,PAY_004868,CUST_0289,SUB_0289,BANK_DECLINED,0.14,0.44,0.224,0.374,0.174,0.0
FAIL_000709,PAY_004874,CUST_0290,SUB_0290,INSUFFICIENT_FUNDS,0.2,0.6,0.362,0.462,0.162,0.0
FAIL_000710,PAY_004879,CUST_0290,SUB_0290,INSUFFICIENT_FUNDS,0.2,0.6,0.362,0.462,0.162,0.0
FAIL_000711,PAY_004886,CUST_0290,SUB_0290,NETWORK_ERROR,0.85,0.7,0.262,0.312,0.112,0.0
FAIL_000712,PAY_004890,CUST_0291,SUB_0291,NETWORK_ERROR,0.79,0.64,0.224,0.274,0.074,0.0
FAIL_000713,PAY_004891,CUST_0291,SUB_0291,LIMIT_EXCEEDED,0.04,0.19,0.174,0.524,0.324,0.0
FAIL_000714,PAY_004918,CUST_0294,SUB_0294,BANK_DECLINED,0.2176,0.5176,0.3156,0.4956,0.2956,0.0
FAIL_000715,PAY_004922,CUST_0294,SUB_0294,BANK_DECLINED,0.2176,0.5176,0.3156,0.4956,0.2956,0.0
FAIL_000716,PAY_004935,CUST_0295,SUB_0295,INSUFFICIENT_FUNDS,0.14,0.54,0.324,0.424,0.124,0.0
FAIL_000717,PAY_004936,CUST_0295,SUB_0295,INSUFFICIENT_FUNDS,0.14,0.54,0.324,0.424,0.124,0.0
FAIL_000718,PAY_004937,CUST_0295,SUB_0295,BANK_DECLINED,0.14,0.44,0.224,0.374,0.174,0.0
FAIL_000719,PAY_004959,CUST_0298,SUB_0298,INSUFFICIENT_FUNDS,0.14,0.54,0.324,0.424,0.124,0.0
FAIL_000720,PAY_004963,CUST_0298,SUB_0298,INSUFFICIENT_FUNDS,0.14,0.54,0.324,0.424,0.124,0.0
FAIL_000721,PAY_004965,CUST_0298,SUB_0298,INSUFFICIENT_FUNDS,0.14,0.54,0.324,0.424,0.124,0.0
FAIL_000722,PAY_004967,CUST_0298,SUB_0298,LIMIT_EXCEEDED,0.04,0.19,0.174,0.524,0.324,0.0
FAIL_000723,PAY_004971,CUST_0298,SUB_0298,CARD_EXPIRED,0.01,0.01,0.174,0.324,0.774,0.0
FAIL_000724,PAY_004981,CUST_0298,SUB_0298,BANK_DECLINED,0.14,0.44,0.224,0.374,0.174,0.0
FAIL_000725,PAY_004990,CUST_0299,SUB_0299,LIMIT_EXCEEDED,0.1176,0.2676,0.2656,0.6456,0.4456,0.0
FAIL_000726,PAY_004993,CUST_0299,SUB_0299,LIMIT_EXCEEDED,0.1176,0.2676,0.2656,0.6456,0.4456,0.0
FAIL_000727,PAY_004994,CUST_0299,SUB_0299,CARD_EXPIRED,0.0676,0.0676,0.2656,0.4456,0.8956,0.0
FAIL_000728,PAY_004999,CUST_0299,SUB_0299,INSUFFICIENT_FUNDS,0.2176,0.6176,0.4156,0.5456,0.2456,0.0
FAIL_000729,PAY_005009,CUST_0300,SUB_0300,INSUFFICIENT_FUNDS,0.2,0.6,0.362,0.462,0.162,0.0
FAIL_000730,PAY_005016,CUST_0300,SUB_0300,CARD_EXPIRED,0.05,0.05,0.212,0.362,0.812,0.0
FAIL_000731,PAY_005059,CUST_0301,SUB_0301,BANK_DECLINED,0.246,0.546,0.308,0.458,0.258,0.0
FAIL_000732,PAY_005068,CUST_0303,SUB_0303,NETWORK_ERROR,0.85,0.7,0.262,0.312,0.112,0.0
FAIL_000733,PAY_005077,CUST_0303,SUB_0303,AUTHENTICATION_FAILED,0.05,0.1,0.362,0.462,0.662,0.0
FAIL_000734,PAY_005083,CUST_0303,SUB_0303,INSUFFICIENT_FUNDS,0.2,0.6,0.362,0.462,0.162,0.0
FAIL_000735,PAY_005089,CUST_0303,SUB_0303,BANK_DECLINED,0.2,0.5,0.262,0.412,0.212,0.0
FAIL_000736,PAY_005094,CUST_0304,SUB_0304,NETWORK_ERROR,0.8676,0.7176,0.3156,0.3956,0.1956,0.0
FAIL_000737,PAY_005096,CUST_0304,SUB_0304,BANK_DECLINED,0.2176,0.5176,0.3156,0.4956,0.2956,0.0
FAIL_000738,PAY_005099,CUST_0305,SUB_0305,INSUFFICIENT_FUNDS,0.176,0.576,0.246,0.346,0.046,0.0
FAIL_000739,PAY_005101,CUST_0305,SUB_0305,BANK_DECLINED,0.176,0.476,0.146,0.296,0.096,0.0
FAIL_000740,PAY_005104,CUST_0305,SUB_0305,BANK_DECLINED,0.176,0.476,0.146,0.296,0.096,0.0
FAIL_000741,PAY_005105,CUST_0305,SUB_0305,CARD_EXPIRED,0.026,0.026,0.096,0.246,0.696,0.0
FAIL_000742,PAY_005115,CUST_0305,SUB_0305,AUTHENTICATION_FAILED,0.026,0.076,0.246,0.346,0.546,0.0
FAIL_000743,PAY_005145,CUST_0307,SUB_0307,INSUFFICIENT_FUNDS,0.14,0.54,0.324,0.424,0.124,0.0
FAIL_000744,PAY_005146,CUST_0307,SUB_0307,NETWORK_ERROR,0.79,0.64,0.224,0.274,0.074,0.0
FAIL_000745,PAY_005147,CUST_0307,SUB_0307,INSUFFICIENT_FUNDS,0.14,0.54,0.324,0.424,0.124,0.0
FAIL_000746,PAY_005148,CUST_0307,SUB_0307,LIMIT_EXCEEDED,0.04,0.19,0.174,0.524,0.324,0.0
FAIL_000747,PAY_005149,CUST_0307,SUB_0307,CARD_EXPIRED,0.01,0.01,0.174,0.324,0.774,0.0
FAIL_000748,PAY_005151,CUST_0307,SUB_0307,BANK_DECLINED,0.14,0.44,0.224,0.374,0.174,0.0
FAIL_000749,PAY_005152,CUST_0307,SUB_0307,BANK_DECLINED,0.14,0.44,0.224,0.374,0.174,0.0
FAIL_000750,PAY_005153,CUST_0307,SUB_0307,INSUFFICIENT_FUNDS,0.14,0.54,0.324,0.424,0.124,0.0
FAIL_000751,PAY_005155,CUST_0307,SUB_0307,INSUFFICIENT_FUNDS,0.14,0.54,0.324,0.424,0.124,0.0
FAIL_000752,PAY_005156,CUST_0307,SUB_0307,LIMIT_EXCEEDED,0.04,0.19,0.174,0.524,0.324,0.0
FAIL_000753,PAY_005159,CUST_0307,SUB_0307,BANK_DECLINED,0.14,0.44,0.224,0.374,0.174,0.0
FAIL_000754,PAY_005160,CUST_0307,SUB_0307,BANK_DECLINED,0.14,0.44,0.224,0.374,0.174,0.0
FAIL_000755,PAY_005163,CUST_0307,SUB_0307,LIMIT_EXCEEDED,0.04,0.19,0.174,0.524,0.324,0.0
FAIL_000756,PAY_005164,CUST_0307,SUB_0307,BANK_DECLINED,0.14,0.44,0.224,0.374,0.174,0.0
FAIL_000757,PAY_005182,CUST_0309,SUB_0309,BANK_DECLINED,0.14,0.44,0.224,0.374,0.174,0.0
FAIL_000758,PAY_005186,CUST_0309,SUB_0309,BANK_DECLINED,0.14,0.44,0.224,0.374,0.174,0.0
FAIL_000759,PAY_005187,CUST_0309,SUB_0309,INSUFFICIENT_FUNDS,0.14,0.54,0.324,0.424,0.124,0.0
FAIL_000760,PAY_005190,CUST_0309,SUB_0309,INSUFFICIENT_FUNDS,0.14,0.54,0.324,0.424,0.124,0.0
FAIL_000761,PAY_005196,CUST_0310,SUB_0310,NETWORK_ERROR,0.896,0.746,0.308,0.358,0.158,0.0
FAIL_000762,PAY_005226,CUST_0312,SUB_0312,NETWORK_ERROR,0.8676,0.7176,0.3156,0.3956,0.1956,0.0
FAIL_000763,PAY_005227,CUST_0312,SUB_0312,AUTHENTICATION_FAILED,0.0676,0.1176,0.4156,0.5456,0.7456,0.0
FAIL_000764,PAY_005247,CUST_0314,SUB_0314,INSUFFICIENT_FUNDS,0.246,0.646,0.408,0.508,0.208,0.0
FAIL_000765,PAY_005281,CUST_0316,SUB_0316,NETWORK_ERROR,0.826,0.676,0.146,0.196,0.01,0.0
FAIL_000766,PAY_005283,CUST_0316,SUB_0316,AUTHENTICATION_FAILED,0.026,0.076,0.246,0.346,0.546,0.0
FAIL_000767,PAY_005286,CUST_0316,SUB_0316,BANK_DECLINED,0.176,0.476,0.146,0.296,0.096,0.0
FAIL_000768,PAY_005287,CUST_0316,SUB_0316,CARD_EXPIRED,0.026,0.026,0.096,0.246,0.696,0.0
FAIL_000769,PAY_005297,CUST_0317,SUB_0317,INSUFFICIENT_FUNDS,0.2,0.6,0.362,0.462,0.162,0.0
FAIL_000770,PAY_005303,CUST_0317,SUB_0317,LIMIT_EXCEEDED,0.1,0.25,0.212,0.562,0.362,0.0
FAIL_000771,PAY_005311,CUST_0318,SUB_0318,NETWORK_ERROR,0.8676,0.7176,0.3156,0.3956,0.1956,0.0
FAIL_000772,PAY_005312,CUST_0318,SUB_0318,INSUFFICIENT_FUNDS,0.2176,0.6176,0.4156,0.5456,0.2456,0.0
FAIL_000773,PAY_005316,CUST_0319,SUB_0319,INSUFFICIENT_FUNDS,0.14,0.54,0.324,0.424,0.124,0.0
FAIL_000774,PAY_005320,CUST_0320,SUB_0320,NETWORK_ERROR,0.8676,0.7176,0.3156,0.3956,0.1956,0.0
FAIL_000775,PAY_005333,CUST_0320,SUB_0320,NETWORK_ERROR,0.8676,0.7176,0.3156,0.3956,0.1956,0.0
FAIL_000776,PAY_005345,CUST_0321,SUB_0321,INSUFFICIENT_FUNDS,0.2176,0.6176,0.4156,0.5456,0.2456,0.0
FAIL_000777,PAY_005351,CUST_0322,SUB_0322,LIMIT_EXCEEDED,0.04,0.19,0.174,0.524,0.324,0.0
FAIL_000778,PAY_005355,CUST_0322,SUB_0322,AUTHENTICATION_FAILED,0.01,0.04,0.324,0.424,0.624,0.0
FAIL_000779,PAY_005362,CUST_0322,SUB_0322,BANK_DECLINED,0.14,0.44,0.224,0.374,0.174,0.0
FAIL_000780,PAY_005367,CUST_0323,SUB_0323,INSUFFICIENT_FUNDS,0.176,0.576,0.246,0.346,0.046,0.0
FAIL_000781,PAY_005371,CUST_0323,SUB_0323,AUTHENTICATION_FAILED,0.026,0.076,0.246,0.346,0.546,0.0
FAIL_000782,PAY_005374,CUST_0323,SUB_0323,BANK_DECLINED,0.176,0.476,0.146,0.296,0.096,0.0
FAIL_000783,PAY_005395,CUST_0325,SUB_0325,CARD_EXPIRED,0.026,0.026,0.096,0.246,0.696,0.0
FAIL_000784,PAY_005397,CUST_0325,SUB_0325,NETWORK_ERROR,0.826,0.676,0.146,0.196,0.01,0.0
FAIL_000785,PAY_005400,CUST_0325,SUB_0325,INSUFFICIENT_FUNDS,0.176,0.576,0.246,0.346,0.046,0.0
FAIL_000786,PAY_005403,CUST_0325,SUB_0325,AUTHENTICATION_FAILED,0.026,0.076,0.246,0.346,0.546,0.0
FAIL_000787,PAY_005405,CUST_0325,SUB_0325,LIMIT_EXCEEDED,0.076,0.226,0.096,0.446,0.246,0.0
FAIL_000788,PAY_005407,CUST_0325,SUB_0325,INSUFFICIENT_FUNDS,0.176,0.576,0.246,0.346,0.046,0.0
FAIL_000789,PAY_005408,CUST_0325,SUB_0325,NETWORK_ERROR,0.826,0.676,0.146,0.196,0.01,0.0
FAIL_000790,PAY_005414,CUST_0325,SUB_0325,BANK_DECLINED,0.176,0.476,0.146,0.296,0.096,0.0
FAIL_000791,PAY_005437,CUST_0330,SUB_0330,AUTHENTICATION_FAILED,0.05,0.1,0.362,0.462,0.662,0.0
FAIL_000792,PAY_005444,CUST_0330,SUB_0330,BANK_DECLINED,0.2,0.5,0.262,0.412,0.212,0.0
FAIL_000793,PAY_005446,CUST_0330,SUB_0330,AUTHENTICATION_FAILED,0.05,0.1,0.362,0.462,0.662,0.0
FAIL_000794,PAY_005447,CUST_0330,SUB_0330,AUTHENTICATION_FAILED,0.05,0.1,0.362,0.462,0.662,0.0
FAIL_000795,PAY_005451,CUST_0330,SUB_0330,INSUFFICIENT_FUNDS,0.2,0.6,0.362,0.462,0.162,0.0
FAIL_000796,PAY_005453,CUST_0330,SUB_0330,CARD_EXPIRED,0.05,0.05,0.212,0.362,0.812,0.0
FAIL_000797,PAY_005456,CUST_0330,SUB_0330,BANK_DECLINED,0.2,0.5,0.262,0.412,0.212,0.0
FAIL_000798,PAY_005465,CUST_0330,SUB_0330,LIMIT_EXCEEDED,0.1,0.25,0.212,0.562,0.362,0.0
FAIL_000799,PAY_005469,CUST_0331,SUB_0331,BANK_DECLINED,0.2176,0.5176,0.3156,0.4956,0.2956,0.0
FAIL_000800,PAY_005487,CUST_0331,SUB_0331,LIMIT_EXCEEDED,0.1176,0.2676,0.2656,0.6456,0.4456,0.0
FAIL_000801,PAY_005494,CUST_0332,SUB_0332,INSUFFICIENT_FUNDS,0.176,0.576,0.246,0.346,0.046,0.0
FAIL_000802,PAY_005497,CUST_0332,SUB_0332,BANK_DECLINED,0.176,0.476,0.146,0.296,0.096,0.0
FAIL_000803,PAY_005498,CUST_0333,SUB_0333,BANK_DECLINED,0.14,0.44,0.224,0.374,0.174,0.0
FAIL_000804,PAY_005499,CUST_0333,SUB_0333,LIMIT_EXCEEDED,0.04,0.19,0.174,0.524,0.324,0.0
FAIL_000805,PAY_005500,CUST_0333,SUB_0333,BANK_DECLINED,0.14,0.44,0.224,0.374,0.174,0.0
FAIL_000806,PAY_005502,CUST_0333,SUB_0333,INSUFFICIENT_FUNDS,0.14,0.54,0.324,0.424,0.124,0.0
FAIL_000807,PAY_005503,CUST_0333,SUB_0333,BANK_DECLINED,0.14,0.44,0.224,0.374,0.174,0.0
FAIL_000808,PAY_005504,CUST_0333,SUB_0333,INSUFFICIENT_FUNDS,0.14,0.54,0.324,0.424,0.124,0.0
FAIL_000809,PAY_005506,CUST_0334,SUB_0334,NETWORK_ERROR,0.826,0.676,0.146,0.196,0.01,0.0
FAIL_000810,PAY_005508,CUST_0334,SUB_0334,NETWORK_ERROR,0.826,0.676,0.146,0.196,0.01,0.0
FAIL_000811,PAY_005510,CUST_0334,SUB_0334,BANK_DECLINED,0.176,0.476,0.146,0.296,0.096,0.0
FAIL_000812,PAY_005511,CUST_0334,SUB_0334,BANK_DECLINED,0.176,0.476,0.146,0.296,0.096,0.0
FAIL_000813,PAY_005514,CUST_0334,SUB_0334,INSUFFICIENT_FUNDS,0.176,0.576,0.246,0.346,0.046,0.0
FAIL_000814,PAY_005517,CUST_0335,SUB_0335,NETWORK_ERROR,0.79,0.64,0.224,0.274,0.074,0.0
FAIL_000815,PAY_005524,CUST_0335,SUB_0335,BANK_DECLINED,0.14,0.44,0.224,0.374,0.174,0.0
FAIL_000816,PAY_005532,CUST_0336,SUB_0336,INSUFFICIENT_FUNDS,0.14,0.54,0.324,0.424,0.124,0.0
FAIL_000817,PAY_005539,CUST_0336,SUB_0336,NETWORK_ERROR,0.79,0.64,0.224,0.274,0.074,0.0
FAIL_000818,PAY_005541,CUST_0336,SUB_0336,INSUFFICIENT_FUNDS,0.14,0.54,0.324,0.424,0.124,0.0
FAIL_000819,PAY_005544,CUST_0336,SUB_0336,NETWORK_ERROR,0.79,0.64,0.224,0.274,0.074,0.0
FAIL_000820,PAY_005547,CUST_0336,SUB_0336,NETWORK_ERROR,0.79,0.64,0.224,0.274,0.074,0.0
FAIL_000821,PAY_005548,CUST_0336,SUB_0336,CARD_EXPIRED,0.01,0.01,0.174,0.324,0.774,0.0
FAIL_000822,PAY_005550,CUST_0336,SUB_0336,INSUFFICIENT_FUNDS,0.14,0.54,0.324,0.424,0.124,0.0
FAIL_000823,PAY_005551,CUST_0336,SUB_0336,BANK_DECLINED,0.14,0.44,0.224,0.374,0.174,0.0
FAIL_000824,PAY_005554,CUST_0336,SUB_0336,CARD_EXPIRED,0.01,0.01,0.174,0.324,0.774,0.0
FAIL_000825,PAY_005581,CUST_0339,SUB_0339,LIMIT_EXCEEDED,0.076,0.226,0.096,0.446,0.246,0.0
FAIL_000826,PAY_005607,CUST_0342,SUB_0342,BANK_DECLINED,0.176,0.476,0.146,0.296,0.096,0.0
FAIL_000827,PAY_005609,CUST_0342,SUB_0342,INSUFFICIENT_FUNDS,0.176,0.576,0.246,0.346,0.046,0.0
FAIL_000828,PAY_005610,CUST_0342,SUB_0342,NETWORK_ERROR,0.826,0.676,0.146,0.196,0.01,0.0
FAIL_000829,PAY_005616,CUST_0343,SUB_0343,NETWORK_ERROR,0.826,0.676,0.146,0.196,0.01,0.0
FAIL_000830,PAY_005621,CUST_0343,SUB_0343,AUTHENTICATION_FAILED,0.026,0.076,0.246,0.346,0.546,0.0
FAIL_000831,PAY_005640,CUST_0344,SUB_0344,AUTHENTICATION_FAILED,0.026,0.076,0.246,0.346,0.546,0.0
FAIL_000832,PAY_005653,CUST_0345,SUB_0345,BANK_DECLINED,0.2,0.5,0.262,0.412,0.212,0.0
FAIL_000833,PAY_005658,CUST_0346,SUB_0346,NETWORK_ERROR,0.826,0.676,0.146,0.196,0.01,0.0
FAIL_000834,PAY_005674,CUST_0348,SUB_0348,BANK_DECLINED,0.2176,0.5176,0.3156,0.4956,0.2956,0.0
FAIL_000835,PAY_005676,CUST_0348,SUB_0348,CARD_EXPIRED,0.0676,0.0676,0.2656,0.4456,0.8956,0.0
FAIL_000836,PAY_005682,CUST_0348,SUB_0348,BANK_DECLINED,0.2176,0.5176,0.3156,0.4956,0.2956,0.0
FAIL_000837,PAY_005692,CUST_0348,SUB_0348,NETWORK_ERROR,0.8676,0.7176,0.3156,0.3956,0.1956,0.0
FAIL_000838,PAY_005698,CUST_0348,SUB_0348,INSUFFICIENT_FUNDS,0.2176,0.6176,0.4156,0.5456,0.2456,0.0
FAIL_000839,PAY_005699,CUST_0348,SUB_0348,BANK_DECLINED,0.2176,0.5176,0.3156,0.4956,0.2956,0.0
FAIL_000840,PAY_005701,CUST_0349,SUB_0349,LIMIT_EXCEEDED,0.1,0.25,0.212,0.562,0.362,0.0
FAIL_000841,PAY_005703,CUST_0349,SUB_0349,BANK_DECLINED,0.2,0.5,0.262,0.412,0.212,0.0
FAIL_000842,PAY_005705,CUST_0349,SUB_0349,NETWORK_ERROR,0.85,0.7,0.262,0.312,0.112,0.0
FAIL_000843,PAY_005712,CUST_0349,SUB_0349,NETWORK_ERROR,0.85,0.7,0.262,0.312,0.112,0.0
FAIL_000844,PAY_005717,CUST_0349,SUB_0349,AUTHENTICATION_FAILED,0.05,0.1,0.362,0.462,0.662,0.0
FAIL_000845,PAY_005720,CUST_0349,SUB_0349,AUTHENTICATION_FAILED,0.05,0.1,0.362,0.462,0.662,0.0
FAIL_000846,PAY_005724,CUST_0349,SUB_0349,AUTHENTICATION_FAILED,0.05,0.1,0.362,0.462,0.662,0.0
FAIL_000847,PAY_005725,CUST_0349,SUB_0349,BANK_DECLINED,0.2,0.5,0.262,0.412,0.212,0.0
FAIL_000848,PAY_005731,CUST_0349,SUB_0349,INSUFFICIENT_FUNDS,0.2,0.6,0.362,0.462,0.162,0.0
FAIL_000849,PAY_005777,CUST_0352,SUB_0352,NETWORK_ERROR,0.85,0.7,0.262,0.312,0.112,0.0
FAIL_000850,PAY_005781,CUST_0352,SUB_0352,CARD_EXPIRED,0.05,0.05,0.212,0.362,0.812,0.0
FAIL_000851,PAY_005783,CUST_0352,SUB_0352,AUTHENTICATION_FAILED,0.05,0.1,0.362,0.462,0.662,0.0
FAIL_000852,PAY_005802,CUST_0352,SUB_0352,INSUFFICIENT_FUNDS,0.2,0.6,0.362,0.462,0.162,0.0
FAIL_000853,PAY_005804,CUST_0352,SUB_0352,INSUFFICIENT_FUNDS,0.2,0.6,0.362,0.462,0.162,0.0
FAIL_000854,PAY_005806,CUST_0353,SUB_0353,NETWORK_ERROR,0.85,0.7,0.262,0.312,0.112,0.0
FAIL_000855,PAY_005809,CUST_0353,SUB_0353,AUTHENTICATION_FAILED,0.05,0.1,0.362,0.462,0.662,0.0
FAIL_000856,PAY_005811,CUST_0353,SUB_0353,LIMIT_EXCEEDED,0.1,0.25,0.212,0.562,0.362,0.0
FAIL_000857,PAY_005816,CUST_0353,SUB_0353,NETWORK_ERROR,0.85,0.7,0.262,0.312,0.112,0.0
FAIL_000858,PAY_005820,CUST_0353,SUB_0353,BANK_DECLINED,0.2,0.5,0.262,0.412,0.212,0.0
FAIL_000859,PAY_005828,CUST_0353,SUB_0353,INSUFFICIENT_FUNDS,0.2,0.6,0.362,0.462,0.162,0.0
FAIL_000860,PAY_005830,CUST_0353,SUB_0353,NETWORK_ERROR,0.85,0.7,0.262,0.312,0.112,0.0
FAIL_000861,PAY_005846,CUST_0354,SUB_0354,AUTHENTICATION_FAILED,0.05,0.1,0.362,0.462,0.662,0.0
FAIL_000862,PAY_005852,CUST_0354,SUB_0354,BANK_DECLINED,0.2,0.5,0.262,0.412,0.212,0.0
FAIL_000863,PAY_005855,CUST_0354,SUB_0354,NETWORK_ERROR,0.85,0.7,0.262,0.312,0.112,0.0
FAIL_000864,PAY_005874,CUST_0356,SUB_0356,LIMIT_EXCEEDED,0.1176,0.2676,0.2656,0.6456,0.4456,0.0
FAIL_000865,PAY_005882,CUST_0356,SUB_0356,INSUFFICIENT_FUNDS,0.2176,0.6176,0.4156,0.5456,0.2456,0.0
FAIL_000866,PAY_005887,CUST_0356,SUB_0356,AUTHENTICATION_FAILED,0.0676,0.1176,0.4156,0.5456,0.7456,0.0
FAIL_000867,PAY_005888,CUST_0356,SUB_0356,BANK_DECLINED,0.2176,0.5176,0.3156,0.4956,0.2956,0.0
FAIL_000868,PAY_005892,CUST_0356,SUB_0356,BANK_DECLINED,0.2176,0.5176,0.3156,0.4956,0.2956,0.0
FAIL_000869,PAY_005896,CUST_0356,SUB_0356,INSUFFICIENT_FUNDS,0.2176,0.6176,0.4156,0.5456,0.2456,0.0
FAIL_000870,PAY_005908,CUST_0358,SUB_0358,BANK_DECLINED,0.2,0.5,0.262,0.412,0.212,0.0
FAIL_000871,PAY_005919,CUST_0358,SUB_0358,BANK_DECLINED,0.2,0.5,0.262,0.412,0.212,0.0
FAIL_000872,PAY_005920,CUST_0358,SUB_0358,CARD_EXPIRED,0.05,0.05,0.212,0.362,0.812,0.0
FAIL_000873,PAY_005923,CUST_0358,SUB_0358,INSUFFICIENT_FUNDS,0.2,0.6,0.362,0.462,0.162,0.0
FAIL_000874,PAY_005928,CUST_0358,SUB_0358,INSUFFICIENT_FUNDS,0.2,0.6,0.362,0.462,0.162,0.0
FAIL_000875,PAY_005929,CUST_0358,SUB_0358,AUTHENTICATION_FAILED,0.05,0.1,0.362,0.462,0.662,0.0
FAIL_000876,PAY_005933,CUST_0359,SUB_0359,NETWORK_ERROR,0.826,0.676,0.146,0.196,0.01,0.0
FAIL_000877,PAY_005937,CUST_0359,SUB_0359,INSUFFICIENT_FUNDS,0.176,0.576,0.246,0.346,0.046,0.0
FAIL_000878,PAY_005939,CUST_0359,SUB_0359,AUTHENTICATION_FAILED,0.026,0.076,0.246,0.346,0.546,0.0
FAIL_000879,PAY_005945,CUST_0359,SUB_0359,INSUFFICIENT_FUNDS,0.176,0.576,0.246,0.346,0.046,0.0
FAIL_000880,PAY_005946,CUST_0359,SUB_0359,BANK_DECLINED,0.176,0.476,0.146,0.296,0.096,0.0
FAIL_000881,PAY_005952,CUST_0361,SUB_0361,INSUFFICIENT_FUNDS,0.2,0.6,0.362,0.462,0.162,0.0
FAIL_000882,PAY_005955,CUST_0361,SUB_0361,INSUFFICIENT_FUNDS,0.2,0.6,0.362,0.462,0.162,0.0
FAIL_000883,PAY_005956,CUST_0361,SUB_0361,INSUFFICIENT_FUNDS,0.2,0.6,0.362,0.462,0.162,0.0
FAIL_000884,PAY_005970,CUST_0363,SUB_0363,AUTHENTICATION_FAILED,0.026,0.076,0.246,0.346,0.546,0.0
FAIL_000885,PAY_005971,CUST_0363,SUB_0363,AUTHENTICATION_FAILED,0.026,0.076,0.246,0.346,0.546,0.0
FAIL_000886,PAY_005974,CUST_0363,SUB_0363,CARD_EXPIRED,0.026,0.026,0.096,0.246,0.696,0.0
FAIL_000887,PAY_005981,CUST_0363,SUB_0363,INSUFFICIENT_FUNDS,0.176,0.576,0.246,0.346,0.046,0.0
FAIL_000888,PAY_005983,CUST_0364,SUB_0364,BANK_DECLINED,0.14,0.44,0.224,0.374,0.174,0.0
FAIL_000889,PAY_005986,CUST_0364,SUB_0364,INSUFFICIENT_FUNDS,0.14,0.54,0.324,0.424,0.124,0.0
FAIL_000890,PAY_005987,CUST_0364,SUB_0364,BANK_DECLINED,0.14,0.44,0.224,0.374,0.174,0.0
FAIL_000891,PAY_005989,CUST_0364,SUB_0364,BANK_DECLINED,0.14,0.44,0.224,0.374,0.174,0.0
FAIL_000892,PAY_005993,CUST_0364,SUB_0364,BANK_DECLINED,0.14,0.44,0.224,0.374,0.174,0.0
FAIL_000893,PAY_005997,CUST_0364,SUB_0364,INSUFFICIENT_FUNDS,0.14,0.54,0.324,0.424,0.124,0.0
FAIL_000894,PAY_006002,CUST_0364,SUB_0364,CARD_EXPIRED,0.01,0.01,0.174,0.324,0.774,0.0
FAIL_000895,PAY_006006,CUST_0364,SUB_0364,INSUFFICIENT_FUNDS,0.14,0.54,0.324,0.424,0.124,0.0
FAIL_000896,PAY_006008,CUST_0364,SUB_0364,INSUFFICIENT_FUNDS,0.14,0.54,0.324,0.424,0.124,0.0
FAIL_000897,PAY_006013,CUST_0365,SUB_0365,BANK_DECLINED,0.2,0.5,0.262,0.412,0.212,0.0
FAIL_000898,PAY_006021,CUST_0366,SUB_0366,INSUFFICIENT_FUNDS,0.2,0.6,0.362,0.462,0.162,0.0
FAIL_000899,PAY_006027,CUST_0366,SUB_0366,BANK_DECLINED,0.2,0.5,0.262,0.412,0.212,0.0
FAIL_000900,PAY_006032,CUST_0366,SUB_0366,BANK_DECLINED,0.2,0.5,0.262,0.412,0.212,0.0
FAIL_000901,PAY_006034,CUST_0366,SUB_0366,LIMIT_EXCEEDED,0.1,0.25,0.212,0.562,0.362,0.0
FAIL_000902,PAY_006043,CUST_0367,SUB_0367,BANK_DECLINED,0.176,0.476,0.146,0.296,0.096,0.0
FAIL_000903,PAY_006078,CUST_0369,SUB_0369,LIMIT_EXCEEDED,0.076,0.226,0.096,0.446,0.246,0.0
FAIL_000904,PAY_006080,CUST_0369,SUB_0369,CARD_EXPIRED,0.026,0.026,0.096,0.246,0.696,0.0
FAIL_000905,PAY_006084,CUST_0369,SUB_0369,INSUFFICIENT_FUNDS,0.176,0.576,0.246,0.346,0.046,0.0
FAIL_000906,PAY_006085,CUST_0369,SUB_0369,NETWORK_ERROR,0.826,0.676,0.146,0.196,0.01,0.0
FAIL_000907,PAY_006086,CUST_0369,SUB_0369,CARD_EXPIRED,0.026,0.026,0.096,0.246,0.696,0.0
FAIL_000908,PAY_006099,CUST_0371,SUB_0371,NETWORK_ERROR,0.79,0.64,0.224,0.274,0.074,0.0
FAIL_000909,PAY_006101,CUST_0371,SUB_0371,INSUFFICIENT_FUNDS,0.14,0.54,0.324,0.424,0.124,0.0
FAIL_000910,PAY_006109,CUST_0371,SUB_0371,BANK_DECLINED,0.14,0.44,0.224,0.374,0.174,0.0
FAIL_000911,PAY_006116,CUST_0371,SUB_0371,BANK_DECLINED,0.14,0.44,0.224,0.374,0.174,0.0
FAIL_000912,PAY_006129,CUST_0372,SUB_0372,AUTHENTICATION_FAILED,0.01,0.04,0.324,0.424,0.624,0.0
FAIL_000913,PAY_006133,CUST_0372,SUB_0372,INSUFFICIENT_FUNDS,0.14,0.54,0.324,0.424,0.124,0.0
FAIL_000914,PAY_006136,CUST_0372,SUB_0372,CARD_EXPIRED,0.01,0.01,0.174,0.324,0.774,0.0
FAIL_000915,PAY_006138,CUST_0372,SUB_0372,BANK_DECLINED,0.14,0.44,0.224,0.374,0.174,0.0
FAIL_000916,PAY_006140,CUST_0372,SUB_0372,INSUFFICIENT_FUNDS,0.14,0.54,0.324,0.424,0.124,0.0
FAIL_000917,PAY_006150,CUST_0373,SUB_0373,NETWORK_ERROR,0.85,0.7,0.262,0.312,0.112,0.0
FAIL_000918,PAY_006151,CUST_0373,SUB_0373,NETWORK_ERROR,0.85,0.7,0.262,0.312,0.112,0.0
FAIL_000919,PAY_006153,CUST_0373,SUB_0373,NETWORK_ERROR,0.85,0.7,0.262,0.312,0.112,0.0
FAIL_000920,PAY_006156,CUST_0373,SUB_0373,NETWORK_ERROR,0.85,0.7,0.262,0.312,0.112,0.0
FAIL_000921,PAY_006182,CUST_0374,SUB_0374,BANK_DECLINED,0.14,0.44,0.224,0.374,0.174,0.0
FAIL_000922,PAY_006189,CUST_0374,SUB_0374,CARD_EXPIRED,0.01,0.01,0.174,0.324,0.774,0.0
FAIL_000923,PAY_006190,CUST_0374,SUB_0374,BANK_DECLINED,0.14,0.44,0.224,0.374,0.174,0.0
FAIL_000924,PAY_006191,CUST_0374,SUB_0374,AUTHENTICATION_FAILED,0.01,0.04,0.324,0.424,0.624,0.0
FAIL_000925,PAY_006197,CUST_0374,SUB_0374,BANK_DECLINED,0.14,0.44,0.224,0.374,0.174,0.0
FAIL_000926,PAY_006199,CUST_0374,SUB_0374,INSUFFICIENT_FUNDS,0.14,0.54,0.324,0.424,0.124,0.0
FAIL_000927,PAY_006202,CUST_0374,SUB_0374,BANK_DECLINED,0.14,0.44,0.224,0.374,0.174,0.0
FAIL_000928,PAY_006209,CUST_0375,SUB_0375,NETWORK_ERROR,0.826,0.676,0.146,0.196,0.01,0.0
FAIL_000929,PAY_006222,CUST_0375,SUB_0375,CARD_EXPIRED,0.026,0.026,0.096,0.246,0.696,0.0
FAIL_000930,PAY_006226,CUST_0375,SUB_0375,INSUFFICIENT_FUNDS,0.176,0.576,0.246,0.346,0.046,0.0
FAIL_000931,PAY_006229,CUST_0375,SUB_0375,BANK_DECLINED,0.176,0.476,0.146,0.296,0.096,0.0
FAIL_000932,PAY_006260,CUST_0376,SUB_0376,NETWORK_ERROR,0.896,0.746,0.308,0.358,0.158,0.0
FAIL_000933,PAY_006275,CUST_0377,SUB_0377,INSUFFICIENT_FUNDS,0.2,0.6,0.362,0.462,0.162,0.0
FAIL_000934,PAY_006277,CUST_0377,SUB_0377,INSUFFICIENT_FUNDS,0.2,0.6,0.362,0.462,0.162,0.0
FAIL_000935,PAY_006281,CUST_0377,SUB_0377,BANK_DECLINED,0.2,0.5,0.262,0.412,0.212,0.0
FAIL_000936,PAY_006286,CUST_0377,SUB_0377,LIMIT_EXCEEDED,0.1,0.25,0.212,0.562,0.362,0.0
FAIL_000937,PAY_006310,CUST_0378,SUB_0378,NETWORK_ERROR,0.896,0.746,0.308,0.358,0.158,0.0
FAIL_000938,PAY_006328,CUST_0380,SUB_0380,AUTHENTICATION_FAILED,0.01,0.04,0.324,0.424,0.624,0.0
FAIL_000939,PAY_006332,CUST_0380,SUB_0380,CARD_EXPIRED,0.01,0.01,0.174,0.324,0.774,0.0
FAIL_000940,PAY_006340,CUST_0380,SUB_0380,INSUFFICIENT_FUNDS,0.14,0.54,0.324,0.424,0.124,0.0
FAIL_000941,PAY_006349,CUST_0381,SUB_0381,CARD_EXPIRED,0.096,0.096,0.258,0.408,0.858,0.0
FAIL_000942,PAY_006379,CUST_0384,SUB_0384,BANK_DECLINED,0.14,0.44,0.224,0.374,0.174,0.0
FAIL_000943,PAY_006383,CUST_0384,SUB_0384,CARD_EXPIRED,0.01,0.01,0.174,0.324,0.774,0.0
FAIL_000944,PAY_006388,CUST_0384,SUB_0384,NETWORK_ERROR,0.79,0.64,0.224,0.274,0.074,0.0
FAIL_000945,PAY_006394,CUST_0385,SUB_0385,BANK_DECLINED,0.2176,0.5176,0.3156,0.4956,0.2956,0.0
FAIL_000946,PAY_006398,CUST_0385,SUB_0385,INSUFFICIENT_FUNDS,0.2176,0.6176,0.4156,0.5456,0.2456,0.0
FAIL_000947,PAY_006399,CUST_0385,SUB_0385,LIMIT_EXCEEDED,0.1176,0.2676,0.2656,0.6456,0.4456,0.0
FAIL_000948,PAY_006400,CUST_0385,SUB_0385,INSUFFICIENT_FUNDS,0.2176,0.6176,0.4156,0.5456,0.2456,0.0
FAIL_000949,PAY_006405,CUST_0385,SUB_0385,LIMIT_EXCEEDED,0.1176,0.2676,0.2656,0.6456,0.4456,0.0
FAIL_000950,PAY_006409,CUST_0385,SUB_0385,LIMIT_EXCEEDED,0.1176,0.2676,0.2656,0.6456,0.4456,0.0
FAIL_000951,PAY_006415,CUST_0386,SUB_0386,NETWORK_ERROR,0.85,0.7,0.262,0.312,0.112,0.0
FAIL_000952,PAY_006417,CUST_0386,SUB_0386,LIMIT_EXCEEDED,0.1,0.25,0.212,0.562,0.362,0.0
FAIL_000953,PAY_006419,CUST_0386,SUB_0386,LIMIT_EXCEEDED,0.1,0.25,0.212,0.562,0.362,0.0
FAIL_000954,PAY_006420,CUST_0386,SUB_0386,CARD_EXPIRED,0.05,0.05,0.212,0.362,0.812,0.0
FAIL_000955,PAY_006422,CUST_0386,SUB_0386,BANK_DECLINED,0.2,0.5,0.262,0.412,0.212,0.0
FAIL_000956,PAY_006424,CUST_0386,SUB_0386,CARD_EXPIRED,0.05,0.05,0.212,0.362,0.812,0.0
FAIL_000957,PAY_006427,CUST_0386,SUB_0386,INSUFFICIENT_FUNDS,0.2,0.6,0.362,0.462,0.162,0.0
FAIL_000958,PAY_006430,CUST_0386,SUB_0386,BANK_DECLINED,0.2,0.5,0.262,0.412,0.212,0.0
FAIL_000959,PAY_006431,CUST_0387,SUB_0387,BANK_DECLINED,0.176,0.476,0.146,0.296,0.096,0.0
FAIL_000960,PAY_006432,CUST_0387,SUB_0387,CARD_EXPIRED,0.026,0.026,0.096,0.246,0.696,0.0
FAIL_000961,PAY_006433,CUST_0387,SUB_0387,CARD_EXPIRED,0.026,0.026,0.096,0.246,0.696,0.0
FAIL_000962,PAY_006434,CUST_0387,SUB_0387,NETWORK_ERROR,0.826,0.676,0.146,0.196,0.01,0.0
FAIL_000963,PAY_006437,CUST_0387,SUB_0387,AUTHENTICATION_FAILED,0.026,0.076,0.246,0.346,0.546,0.0
FAIL_000964,PAY_006438,CUST_0387,SUB_0387,AUTHENTICATION_FAILED,0.026,0.076,0.246,0.346,0.546,0.0
FAIL_000965,PAY_006439,CUST_0387,SUB_0387,INSUFFICIENT_FUNDS,0.176,0.576,0.246,0.346,0.046,0.0
FAIL_000966,PAY_006442,CUST_0387,SUB_0387,INSUFFICIENT_FUNDS,0.176,0.576,0.246,0.346,0.046,0.0
FAIL_000967,PAY_006443,CUST_0387,SUB_0387,INSUFFICIENT_FUNDS,0.176,0.576,0.246,0.346,0.046,0.0
FAIL_000968,PAY_006444,CUST_0387,SUB_0387,AUTHENTICATION_FAILED,0.026,0.076,0.246,0.346,0.546,0.0
FAIL_000969,PAY_006445,CUST_0387,SUB_0387,NETWORK_ERROR,0.826,0.676,0.146,0.196,0.01,0.0
FAIL_000970,PAY_006446,CUST_0387,SUB_0387,AUTHENTICATION_FAILED,0.026,0.076,0.246,0.346,0.546,0.0
FAIL_000971,PAY_006447,CUST_0387,SUB_0387,INSUFFICIENT_FUNDS,0.176,0.576,0.246,0.346,0.046,0.0
FAIL_000972,PAY_006450,CUST_0387,SUB_0387,INSUFFICIENT_FUNDS,0.176,0.576,0.246,0.346,0.046,0.0
FAIL_000973,PAY_006487,CUST_0390,SUB_0390,CARD_EXPIRED,0.01,0.01,0.174,0.324,0.774,0.0
FAIL_000974,PAY_006488,CUST_0390,SUB_0390,AUTHENTICATION_FAILED,0.01,0.04,0.324,0.424,0.624,0.0
FAIL_000975,PAY_006500,CUST_0393,SUB_0393,BANK_DECLINED,0.176,0.476,0.146,0.296,0.096,0.0
FAIL_000976,PAY_006504,CUST_0393,SUB_0393,BANK_DECLINED,0.176,0.476,0.146,0.296,0.096,0.0
FAIL_000977,PAY_006510,CUST_0393,SUB_0393,INSUFFICIENT_FUNDS,0.176,0.576,0.246,0.346,0.046,0.0
FAIL_000978,PAY_006515,CUST_0393,SUB_0393,LIMIT_EXCEEDED,0.076,0.226,0.096,0.446,0.246,0.0
FAIL_000979,PAY_006543,CUST_0396,SUB_0396,BANK_DECLINED,0.2176,0.5176,0.3156,0.4956,0.2956,0.0
FAIL_000980,PAY_006544,CUST_0396,SUB_0396,BANK_DECLINED,0.2176,0.5176,0.3156,0.4956,0.2956,0.0
FAIL_000981,PAY_006545,CUST_0396,SUB_0396,INSUFFICIENT_FUNDS,0.2176,0.6176,0.4156,0.5456,0.2456,0.0
FAIL_000982,PAY_006546,CUST_0396,SUB_0396,LIMIT_EXCEEDED,0.1176,0.2676,0.2656,0.6456,0.4456,0.0
FAIL_000983,PAY_006555,CUST_0396,SUB_0396,INSUFFICIENT_FUNDS,0.2176,0.6176,0.4156,0.5456,0.2456,0.0
FAIL_000984,PAY_006560,CUST_0396,SUB_0396,BANK_DECLINED,0.2176,0.5176,0.3156,0.4956,0.2956,0.0
FAIL_000985,PAY_006594,CUST_0398,SUB_0398,CARD_EXPIRED,0.026,0.026,0.096,0.246,0.696,0.0
FAIL_000986,PAY_006595,CUST_0398,SUB_0398,CARD_EXPIRED,0.026,0.026,0.096,0.246,0.696,0.0
FAIL_000987,PAY_006602,CUST_0398,SUB_0398,LIMIT_EXCEEDED,0.076,0.226,0.096,0.446,0.246,0.0
FAIL_000988,PAY_006605,CUST_0398,SUB_0398,BANK_DECLINED,0.176,0.476,0.146,0.296,0.096,0.0
FAIL_000989,PAY_006610,CUST_0398,SUB_0398,CARD_EXPIRED,0.026,0.026,0.096,0.246,0.696,0.0
FAIL_000990,PAY_006613,CUST_0398,SUB_0398,INSUFFICIENT_FUNDS,0.176,0.576,0.246,0.346,0.046,0.0
FAIL_000991,PAY_006626,CUST_0399,SUB_0399,BANK_DECLINED,0.246,0.546,0.308,0.458,0.258,0.0
FAIL_000992,PAY_006633,CUST_0400,SUB_0400,INSUFFICIENT_FUNDS,0.2176,0.6176,0.4156,0.5456,0.2456,0.0
FAIL_000993,PAY_006636,CUST_0400,SUB_0400,BANK_DECLINED,0.2176,0.5176,0.3156,0.4956,0.2956,0.0
FAIL_000994,PAY_006638,CUST_0400,SUB_0400,BANK_DECLINED,0.2176,0.5176,0.3156,0.4956,0.2956,0.0
FAIL_000995,PAY_006642,CUST_0400,SUB_0400,LIMIT_EXCEEDED,0.1176,0.2676,0.2656,0.6456,0.4456,0.0
FAIL_000996,PAY_006650,CUST_0400,SUB_0400,INSUFFICIENT_FUNDS,0.2176,0.6176,0.4156,0.5456,0.2456,0.0
FAIL_000997,PAY_006654,CUST_0400,SUB_0400,BANK_DECLINED,0.2176,0.5176,0.3156,0.4956,0.2956,0.0
FAIL_000998,PAY_006671,CUST_0402,SUB_0402,BANK_DECLINED,0.14,0.44,0.224,0.374,0.174,0.0
FAIL_000999,PAY_006674,CUST_0402,SUB_0402,LIMIT_EXCEEDED,0.04,0.19,0.174,0.524,0.324,0.0
FAIL_001000,PAY_006694,CUST_0402,SUB_0402,CARD_EXPIRED,0.01,0.01,0.174,0.324,0.774,0.0
FAIL_001001,PAY_006733,CUST_0405,SUB_0405,INSUFFICIENT_FUNDS,0.176,0.576,0.246,0.346,0.046,0.0
FAIL_001002,PAY_006741,CUST_0405,SUB_0405,CARD_EXPIRED,0.026,0.026,0.096,0.246,0.696,0.0
FAIL_001003,PAY_006742,CUST_0406,SUB_0406,NETWORK_ERROR,0.826,0.676,0.146,0.196,0.01,0.0
FAIL_001004,PAY_006746,CUST_0406,SUB_0406,LIMIT_EXCEEDED,0.076,0.226,0.096,0.446,0.246,0.0
FAIL_001005,PAY_006756,CUST_0406,SUB_0406,BANK_DECLINED,0.176,0.476,0.146,0.296,0.096,0.0
FAIL_001006,PAY_006783,CUST_0407,SUB_0407,BANK_DECLINED,0.2176,0.5176,0.3156,0.4956,0.2956,0.0
FAIL_001007,PAY_006793,CUST_0408,SUB_0408,INSUFFICIENT_FUNDS,0.14,0.54,0.324,0.424,0.124,0.0
FAIL_001008,PAY_006794,CUST_0408,SUB_0408,INSUFFICIENT_FUNDS,0.14,0.54,0.324,0.424,0.124,0.0
FAIL_001009,PAY_006796,CUST_0408,SUB_0408,CARD_EXPIRED,0.01,0.01,0.174,0.324,0.774,0.0
FAIL_001010,PAY_006801,CUST_0408,SUB_0408,BANK_DECLINED,0.14,0.44,0.224,0.374,0.174,0.0
FAIL_001011,PAY_006805,CUST_0409,SUB_0409,CARD_EXPIRED,0.026,0.026,0.096,0.246,0.696,0.0
FAIL_001012,PAY_006814,CUST_0409,SUB_0409,CARD_EXPIRED,0.026,0.026,0.096,0.246,0.696,0.0
FAIL_001013,PAY_006822,CUST_0409,SUB_0409,NETWORK_ERROR,0.826,0.676,0.146,0.196,0.01,0.0
FAIL_001014,PAY_006828,CUST_0409,SUB_0409,INSUFFICIENT_FUNDS,0.176,0.576,0.246,0.346,0.046,0.0
FAIL_001015,PAY_006838,CUST_0410,SUB_0410,CARD_EXPIRED,0.096,0.096,0.258,0.408,0.858,0.0
FAIL_001016,PAY_006858,CUST_0412,SUB_0412,INSUFFICIENT_FUNDS,0.176,0.576,0.246,0.346,0.046,0.0
FAIL_001017,PAY_006865,CUST_0412,SUB_0412,INSUFFICIENT_FUNDS,0.176,0.576,0.246,0.346,0.046,0.0
FAIL_001018,PAY_006868,CUST_0412,SUB_0412,NETWORK_ERROR,0.826,0.676,0.146,0.196,0.01,0.0
FAIL_001019,PAY_006872,CUST_0412,SUB_0412,INSUFFICIENT_FUNDS,0.176,0.576,0.246,0.346,0.046,0.0
FAIL_001020,PAY_006873,CUST_0412,SUB_0412,CARD_EXPIRED,0.026,0.026,0.096,0.246,0.696,0.0
FAIL_001021,PAY_006874,CUST_0412,SUB_0412,INSUFFICIENT_FUNDS,0.176,0.576,0.246,0.346,0.046,0.0
FAIL_001022,PAY_006878,CUST_0412,SUB_0412,INSUFFICIENT_FUNDS,0.176,0.576,0.246,0.346,0.046,0.0
FAIL_001023,PAY_006879,CUST_0412,SUB_0412,AUTHENTICATION_FAILED,0.026,0.076,0.246,0.346,0.546,0.0
FAIL_001024,PAY_006884,CUST_0412,SUB_0412,BANK_DECLINED,0.176,0.476,0.146,0.296,0.096,0.0
FAIL_001025,PAY_006889,CUST_0413,SUB_0413,INSUFFICIENT_FUNDS,0.176,0.576,0.246,0.346,0.046,0.0
FAIL_001026,PAY_006938,CUST_0417,SUB_0417,AUTHENTICATION_FAILED,0.01,0.04,0.324,0.424,0.624,0.0
FAIL_001027,PAY_006942,CUST_0417,SUB_0417,INSUFFICIENT_FUNDS,0.14,0.54,0.324,0.424,0.124,0.0
FAIL_001028,PAY_006950,CUST_0417,SUB_0417,CARD_EXPIRED,0.01,0.01,0.174,0.324,0.774,0.0
FAIL_001029,PAY_006960,CUST_0417,SUB_0417,INSUFFICIENT_FUNDS,0.14,0.54,0.324,0.424,0.124,0.0
FAIL_001030,PAY_006973,CUST_0419,SUB_0419,INSUFFICIENT_FUNDS,0.246,0.646,0.408,0.508,0.208,0.0
FAIL_001031,PAY_006985,CUST_0419,SUB_0419,INSUFFICIENT_FUNDS,0.246,0.646,0.408,0.508,0.208,0.0
FAIL_001032,PAY_006986,CUST_0419,SUB_0419,INSUFFICIENT_FUNDS,0.246,0.646,0.408,0.508,0.208,0.0
FAIL_001033,PAY_006987,CUST_0419,SUB_0419,NETWORK_ERROR,0.896,0.746,0.308,0.358,0.158,0.0
FAIL_001034,PAY_006989,CUST_0419,SUB_0419,INSUFFICIENT_FUNDS,0.246,0.646,0.408,0.508,0.208,0.0
FAIL_001035,PAY_007031,CUST_0422,SUB_0422,INSUFFICIENT_FUNDS,0.176,0.576,0.246,0.346,0.046,0.0
FAIL_001036,PAY_007036,CUST_0422,SUB_0422,CARD_EXPIRED,0.026,0.026,0.096,0.246,0.696,0.0
FAIL_001037,PAY_007038,CUST_0422,SUB_0422,INSUFFICIENT_FUNDS,0.176,0.576,0.246,0.346,0.046,0.0
FAIL_001038,PAY_007046,CUST_0422,SUB_0422,BANK_DECLINED,0.176,0.476,0.146,0.296,0.096,0.0
FAIL_001039,PAY_007053,CUST_0422,SUB_0422,INSUFFICIENT_FUNDS,0.176,0.576,0.246,0.346,0.046,0.0
FAIL_001040,PAY_007054,CUST_0422,SUB_0422,INSUFFICIENT_FUNDS,0.176,0.576,0.246,0.346,0.046,0.0
FAIL_001041,PAY_007082,CUST_0424,SUB_0424,CARD_EXPIRED,0.0676,0.0676,0.2656,0.4456,0.8956,0.0
FAIL_001042,PAY_007101,CUST_0426,SUB_0426,BANK_DECLINED,0.14,0.44,0.224,0.374,0.174,0.0
FAIL_001043,PAY_007103,CUST_0426,SUB_0426,NETWORK_ERROR,0.79,0.64,0.224,0.274,0.074,0.0
FAIL_001044,PAY_007106,CUST_0426,SUB_0426,BANK_DECLINED,0.14,0.44,0.224,0.374,0.174,0.0
FAIL_001045,PAY_007109,CUST_0426,SUB_0426,NETWORK_ERROR,0.79,0.64,0.224,0.274,0.074,0.0
FAIL_001046,PAY_007111,CUST_0426,SUB_0426,BANK_DECLINED,0.14,0.44,0.224,0.374,0.174,0.0
FAIL_001047,PAY_007115,CUST_0426,SUB_0426,INSUFFICIENT_FUNDS,0.14,0.54,0.324,0.424,0.124,0.0
FAIL_001048,PAY_007119,CUST_0426,SUB_0426,BANK_DECLINED,0.14,0.44,0.224,0.374,0.174,0.0
FAIL_001049,PAY_007140,CUST_0427,SUB_0427,LIMIT_EXCEEDED,0.076,0.226,0.096,0.446,0.246,0.0
FAIL_001050,PAY_007167,CUST_0429,SUB_0429,INSUFFICIENT_FUNDS,0.14,0.54,0.324,0.424,0.124,0.0
FAIL_001051,PAY_007169,CUST_0429,SUB_0429,NETWORK_ERROR,0.79,0.64,0.224,0.274,0.074,0.0
FAIL_001052,PAY_007170,CUST_0429,SUB_0429,CARD_EXPIRED,0.01,0.01,0.174,0.324,0.774,0.0
FAIL_001053,PAY_007173,CUST_0429,SUB_0429,BANK_DECLINED,0.14,0.44,0.224,0.374,0.174,0.0
FAIL_001054,PAY_007177,CUST_0429,SUB_0429,BANK_DECLINED,0.14,0.44,0.224,0.374,0.174,0.0
FAIL_001055,PAY_007179,CUST_0429,SUB_0429,LIMIT_EXCEEDED,0.04,0.19,0.174,0.524,0.324,0.0
FAIL_001056,PAY_007181,CUST_0429,SUB_0429,INSUFFICIENT_FUNDS,0.14,0.54,0.324,0.424,0.124,0.0
FAIL_001057,PAY_007184,CUST_0429,SUB_0429,BANK_DECLINED,0.14,0.44,0.224,0.374,0.174,0.0
FAIL_001058,PAY_007201,CUST_0430,SUB_0430,BANK_DECLINED,0.2,0.5,0.262,0.412,0.212,0.0
FAIL_001059,PAY_007206,CUST_0430,SUB_0430,NETWORK_ERROR,0.85,0.7,0.262,0.312,0.112,0.0
FAIL_001060,PAY_007209,CUST_0430,SUB_0430,BANK_DECLINED,0.2,0.5,0.262,0.412,0.212,0.0
FAIL_001061,PAY_007218,CUST_0430,SUB_0430,AUTHENTICATION_FAILED,0.05,0.1,0.362,0.462,0.662,0.0
FAIL_001062,PAY_007221,CUST_0430,SUB_0430,INSUFFICIENT_FUNDS,0.2,0.6,0.362,0.462,0.162,0.0
FAIL_001063,PAY_007223,CUST_0430,SUB_0430,INSUFFICIENT_FUNDS,0.2,0.6,0.362,0.462,0.162,0.0
FAIL_001064,PAY_007225,CUST_0430,SUB_0430,NETWORK_ERROR,0.85,0.7,0.262,0.312,0.112,0.0
FAIL_001065,PAY_007229,CUST_0431,SUB_0431,INSUFFICIENT_FUNDS,0.176,0.576,0.246,0.346,0.046,0.0
FAIL_001066,PAY_007233,CUST_0431,SUB_0431,INSUFFICIENT_FUNDS,0.176,0.576,0.246,0.346,0.046,0.0
FAIL_001067,PAY_007234,CUST_0431,SUB_0431,CARD_EXPIRED,0.026,0.026,0.096,0.246,0.696,0.0
FAIL_001068,PAY_007237,CUST_0431,SUB_0431,NETWORK_ERROR,0.826,0.676,0.146,0.196,0.01,0.0
FAIL_001069,PAY_007241,CUST_0431,SUB_0431,BANK_DECLINED,0.176,0.476,0.146,0.296,0.096,0.0
FAIL_001070,PAY_007246,CUST_0431,SUB_0431,LIMIT_EXCEEDED,0.076,0.226,0.096,0.446,0.246,0.0
FAIL_001071,PAY_007251,CUST_0431,SUB_0431,NETWORK_ERROR,0.826,0.676,0.146,0.196,0.01,0.0
FAIL_001072,PAY_007260,CUST_0433,SUB_0433,BANK_DECLINED,0.14,0.44,0.224,0.374,0.174,0.0
FAIL_001073,PAY_007262,CUST_0433,SUB_0433,BANK_DECLINED,0.14,0.44,0.224,0.374,0.174,0.0
FAIL_001074,PAY_007280,CUST_0434,SUB_0434,INSUFFICIENT_FUNDS,0.2,0.6,0.362,0.462,0.162,0.0
FAIL_001075,PAY_007286,CUST_0434,SUB_0434,NETWORK_ERROR,0.85,0.7,0.262,0.312,0.112,0.0
FAIL_001076,PAY_007288,CUST_0434,SUB_0434,AUTHENTICATION_FAILED,0.05,0.1,0.362,0.462,0.662,0.0
FAIL_001077,PAY_007290,CUST_0434,SUB_0434,NETWORK_ERROR,0.85,0.7,0.262,0.312,0.112,0.0
FAIL_001078,PAY_007292,CUST_0434,SUB_0434,CARD_EXPIRED,0.05,0.05,0.212,0.362,0.812,0.0
FAIL_001079,PAY_007298,CUST_0435,SUB_0435,CARD_EXPIRED,0.026,0.026,0.096,0.246,0.696,0.0
FAIL_001080,PAY_007309,CUST_0435,SUB_0435,INSUFFICIENT_FUNDS,0.176,0.576,0.246,0.346,0.046,0.0
FAIL_001081,PAY_007318,CUST_0435,SUB_0435,BANK_DECLINED,0.176,0.476,0.146,0.296,0.096,0.0
FAIL_001082,PAY_007328,CUST_0436,SUB_0436,INSUFFICIENT_FUNDS,0.14,0.54,0.324,0.424,0.124,0.0
FAIL_001083,PAY_007329,CUST_0436,SUB_0436,INSUFFICIENT_FUNDS,0.14,0.54,0.324,0.424,0.124,0.0
FAIL_001084,PAY_007330,CUST_0436,SUB_0436,BANK_DECLINED,0.14,0.44,0.224,0.374,0.174,0.0
FAIL_001085,PAY_007331,CUST_0436,SUB_0436,BANK_DECLINED,0.14,0.44,0.224,0.374,0.174,0.0
FAIL_001086,PAY_007332,CUST_0436,SUB_0436,INSUFFICIENT_FUNDS,0.14,0.54,0.324,0.424,0.124,0.0
FAIL_001087,PAY_007333,CUST_0436,SUB_0436,BANK_DECLINED,0.14,0.44,0.224,0.374,0.174,0.0
FAIL_001088,PAY_007334,CUST_0436,SUB_0436,BANK_DECLINED,0.14,0.44,0.224,0.374,0.174,0.0
FAIL_001089,PAY_007339,CUST_0436,SUB_0436,INSUFFICIENT_FUNDS,0.14,0.54,0.324,0.424,0.124,0.0
FAIL_001090,PAY_007342,CUST_0436,SUB_0436,INSUFFICIENT_FUNDS,0.14,0.54,0.324,0.424,0.124,0.0
FAIL_001091,PAY_007345,CUST_0436,SUB_0436,AUTHENTICATION_FAILED,0.01,0.04,0.324,0.424,0.624,0.0
FAIL_001092,PAY_007359,CUST_0437,SUB_0437,INSUFFICIENT_FUNDS,0.2,0.6,0.362,0.462,0.162,0.0
FAIL_001093,PAY_007362,CUST_0437,SUB_0437,CARD_EXPIRED,0.05,0.05,0.212,0.362,0.812,0.0
FAIL_001094,PAY_007383,CUST_0438,SUB_0438,INSUFFICIENT_FUNDS,0.2,0.6,0.362,0.462,0.162,0.0
FAIL_001095,PAY_007402,CUST_0439,SUB_0439,INSUFFICIENT_FUNDS,0.176,0.576,0.246,0.346,0.046,0.0
FAIL_001096,PAY_007407,CUST_0439,SUB_0439,CARD_EXPIRED,0.026,0.026,0.096,0.246,0.696,0.0
FAIL_001097,PAY_007411,CUST_0439,SUB_0439,AUTHENTICATION_FAILED,0.026,0.076,0.246,0.346,0.546,0.0
FAIL_001098,PAY_007424,CUST_0440,SUB_0440,NETWORK_ERROR,0.826,0.676,0.146,0.196,0.01,0.0
FAIL_001099,PAY_007425,CUST_0440,SUB_0440,NETWORK_ERROR,0.826,0.676,0.146,0.196,0.01,0.0
FAIL_001100,PAY_007427,CUST_0440,SUB_0440,NETWORK_ERROR,0.826,0.676,0.146,0.196,0.01,0.0
FAIL_001101,PAY_007430,CUST_0440,SUB_0440,BANK_DECLINED,0.176,0.476,0.146,0.296,0.096,0.0
FAIL_001102,PAY_007438,CUST_0440,SUB_0440,INSUFFICIENT_FUNDS,0.176,0.576,0.246,0.346,0.046,0.0
FAIL_001103,PAY_007443,CUST_0441,SUB_0441,INSUFFICIENT_FUNDS,0.14,0.54,0.324,0.424,0.124,0.0
FAIL_001104,PAY_007444,CUST_0441,SUB_0441,BANK_DECLINED,0.14,0.44,0.224,0.374,0.174,0.0
FAIL_001105,PAY_007449,CUST_0441,SUB_0441,NETWORK_ERROR,0.79,0.64,0.224,0.274,0.074,0.0
FAIL_001106,PAY_007450,CUST_0441,SUB_0441,CARD_EXPIRED,0.01,0.01,0.174,0.324,0.774,0.0
FAIL_001107,PAY_007462,CUST_0442,SUB_0442,CARD_EXPIRED,0.026,0.026,0.096,0.246,0.696,0.0
FAIL_001108,PAY_007463,CUST_0442,SUB_0442,LIMIT_EXCEEDED,0.076,0.226,0.096,0.446,0.246,0.0
FAIL_001109,PAY_007474,CUST_0443,SUB_0443,BANK_DECLINED,0.14,0.44,0.224,0.374,0.174,0.0
FAIL_001110,PAY_007484,CUST_0443,SUB_0443,INSUFFICIENT_FUNDS,0.14,0.54,0.324,0.424,0.124,0.0
FAIL_001111,PAY_007485,CUST_0443,SUB_0443,BANK_DECLINED,0.14,0.44,0.224,0.374,0.174,0.0
FAIL_001112,PAY_007486,CUST_0443,SUB_0443,INSUFFICIENT_FUNDS,0.14,0.54,0.324,0.424,0.124,0.0
FAIL_001113,PAY_007487,CUST_0443,SUB_0443,BANK_DECLINED,0.14,0.44,0.224,0.374,0.174,0.0
FAIL_001114,PAY_007501,CUST_0444,SUB_0444,INSUFFICIENT_FUNDS,0.14,0.54,0.324,0.424,0.124,0.0
FAIL_001115,PAY_007502,CUST_0444,SUB_0444,INSUFFICIENT_FUNDS,0.14,0.54,0.324,0.424,0.124,0.0
FAIL_001116,PAY_007506,CUST_0444,SUB_0444,CARD_EXPIRED,0.01,0.01,0.174,0.324,0.774,0.0
FAIL_001117,PAY_007511,CUST_0444,SUB_0444,INSUFFICIENT_FUNDS,0.14,0.54,0.324,0.424,0.124,0.0
FAIL_001118,PAY_007514,CUST_0444,SUB_0444,NETWORK_ERROR,0.79,0.64,0.224,0.274,0.074,0.0
FAIL_001119,PAY_007516,CUST_0444,SUB_0444,BANK_DECLINED,0.14,0.44,0.224,0.374,0.174,0.0
FAIL_001120,PAY_007541,CUST_0446,SUB_0446,AUTHENTICATION_FAILED,0.026,0.076,0.246,0.346,0.546,0.0
FAIL_001121,PAY_007549,CUST_0446,SUB_0446,AUTHENTICATION_FAILED,0.026,0.076,0.246,0.346,0.546,0.0
FAIL_001122,PAY_007550,CUST_0446,SUB_0446,LIMIT_EXCEEDED,0.076,0.226,0.096,0.446,0.246,0.0
FAIL_001123,PAY_007554,CUST_0448,SUB_0448,CARD_EXPIRED,0.096,0.096,0.258,0.408,0.858,0.0
FAIL_001124,PAY_007582,CUST_0449,SUB_0449,NETWORK_ERROR,0.826,0.676,0.146,0.196,0.01,0.0
FAIL_001125,PAY_007583,CUST_0449,SUB_0449,CARD_EXPIRED,0.026,0.026,0.096,0.246,0.696,0.0
FAIL_001126,PAY_007590,CUST_0449,SUB_0449,INSUFFICIENT_FUNDS,0.176,0.576,0.246,0.346,0.046,0.0
FAIL_001127,PAY_007592,CUST_0449,SUB_0449,AUTHENTICATION_FAILED,0.026,0.076,0.246,0.346,0.546,0.0
FAIL_001128,PAY_007593,CUST_0449,SUB_0449,AUTHENTICATION_FAILED,0.026,0.076,0.246,0.346,0.546,0.0
FAIL_001129,PAY_007643,CUST_0453,SUB_0453,INSUFFICIENT_FUNDS,0.2,0.6,0.362,0.462,0.162,0.0
FAIL_001130,PAY_007651,CUST_0453,SUB_0453,INSUFFICIENT_FUNDS,0.2,0.6,0.362,0.462,0.162,0.0
FAIL_001131,PAY_007680,CUST_0454,SUB_0454,CARD_EXPIRED,0.0676,0.0676,0.2656,0.4456,0.8956,0.0
FAIL_001132,PAY_007684,CUST_0454,SUB_0454,BANK_DECLINED,0.2176,0.5176,0.3156,0.4956,0.2956,0.0
FAIL_001133,PAY_007690,CUST_0455,SUB_0455,INSUFFICIENT_FUNDS,0.2,0.6,0.362,0.462,0.162,0.0
FAIL_001134,PAY_007711,CUST_0457,SUB_0457,INSUFFICIENT_FUNDS,0.14,0.54,0.324,0.424,0.124,0.0
FAIL_001135,PAY_007715,CUST_0457,SUB_0457,CARD_EXPIRED,0.01,0.01,0.174,0.324,0.774,0.0
FAIL_001136,PAY_007722,CUST_0457,SUB_0457,BANK_DECLINED,0.14,0.44,0.224,0.374,0.174,0.0
FAIL_001137,PAY_007724,CUST_0457,SUB_0457,BANK_DECLINED,0.14,0.44,0.224,0.374,0.174,0.0
FAIL_001138,PAY_007725,CUST_0457,SUB_0457,INSUFFICIENT_FUNDS,0.14,0.54,0.324,0.424,0.124,0.0
FAIL_001139,PAY_007742,CUST_0457,SUB_0457,BANK_DECLINED,0.14,0.44,0.224,0.374,0.174,0.0
FAIL_001140,PAY_007743,CUST_0458,SUB_0458,INSUFFICIENT_FUNDS,0.2,0.6,0.362,0.462,0.162,0.0
FAIL_001141,PAY_007744,CUST_0458,SUB_0458,CARD_EXPIRED,0.05,0.05,0.212,0.362,0.812,0.0
FAIL_001142,PAY_007745,CUST_0458,SUB_0458,INSUFFICIENT_FUNDS,0.2,0.6,0.362,0.462,0.162,0.0
FAIL_001143,PAY_007746,CUST_0458,SUB_0458,BANK_DECLINED,0.2,0.5,0.262,0.412,0.212,0.0
FAIL_001144,PAY_007751,CUST_0458,SUB_0458,BANK_DECLINED,0.2,0.5,0.262,0.412,0.212,0.0
FAIL_001145,PAY_007752,CUST_0458,SUB_0458,BANK_DECLINED,0.2,0.5,0.262,0.412,0.212,0.0
FAIL_001146,PAY_007753,CUST_0458,SUB_0458,CARD_EXPIRED,0.05,0.05,0.212,0.362,0.812,0.0
FAIL_001147,PAY_007758,CUST_0458,SUB_0458,CARD_EXPIRED,0.05,0.05,0.212,0.362,0.812,0.0
FAIL_001148,PAY_007761,CUST_0458,SUB_0458,BANK_DECLINED,0.2,0.5,0.262,0.412,0.212,0.0
FAIL_001149,PAY_007763,CUST_0459,SUB_0459,INSUFFICIENT_FUNDS,0.2,0.6,0.362,0.462,0.162,0.0
FAIL_001150,PAY_007765,CUST_0459,SUB_0459,INSUFFICIENT_FUNDS,0.2,0.6,0.362,0.462,0.162,0.0
FAIL_001151,PAY_007775,CUST_0460,SUB_0460,INSUFFICIENT_FUNDS,0.176,0.576,0.246,0.346,0.046,0.0
FAIL_001152,PAY_007792,CUST_0461,SUB_0461,BANK_DECLINED,0.14,0.44,0.224,0.374,0.174,0.0
FAIL_001153,PAY_007795,CUST_0461,SUB_0461,NETWORK_ERROR,0.79,0.64,0.224,0.274,0.074,0.0
FAIL_001154,PAY_007796,CUST_0461,SUB_0461,INSUFFICIENT_FUNDS,0.14,0.54,0.324,0.424,0.124,0.0
FAIL_001155,PAY_007798,CUST_0461,SUB_0461,BANK_DECLINED,0.14,0.44,0.224,0.374,0.174,0.0
FAIL_001156,PAY_007800,CUST_0461,SUB_0461,BANK_DECLINED,0.14,0.44,0.224,0.374,0.174,0.0
FAIL_001157,PAY_007801,CUST_0461,SUB_0461,BANK_DECLINED,0.14,0.44,0.224,0.374,0.174,0.0
FAIL_001158,PAY_007803,CUST_0461,SUB_0461,INSUFFICIENT_FUNDS,0.14,0.54,0.324,0.424,0.124,0.0
FAIL_001159,PAY_007804,CUST_0461,SUB_0461,NETWORK_ERROR,0.79,0.64,0.224,0.274,0.074,0.0
FAIL_001160,PAY_007807,CUST_0462,SUB_0462,INSUFFICIENT_FUNDS,0.14,0.54,0.324,0.424,0.124,0.0
FAIL_001161,PAY_007809,CUST_0462,SUB_0462,BANK_DECLINED,0.14,0.44,0.224,0.374,0.174,0.0
FAIL_001162,PAY_007818,CUST_0462,SUB_0462,INSUFFICIENT_FUNDS,0.14,0.54,0.324,0.424,0.124,0.0
FAIL_001163,PAY_007821,CUST_0462,SUB_0462,NETWORK_ERROR,0.79,0.64,0.224,0.274,0.074,0.0
FAIL_001164,PAY_007823,CUST_0462,SUB_0462,BANK_DECLINED,0.14,0.44,0.224,0.374,0.174,0.0
FAIL_001165,PAY_007824,CUST_0462,SUB_0462,NETWORK_ERROR,0.79,0.64,0.224,0.274,0.074,0.0
FAIL_001166,PAY_007841,CUST_0464,SUB_0464,INSUFFICIENT_FUNDS,0.2,0.6,0.362,0.462,0.162,0.0
FAIL_001167,PAY_007849,CUST_0464,SUB_0464,BANK_DECLINED,0.2,0.5,0.262,0.412,0.212,0.0
FAIL_001168,PAY_007864,CUST_0465,SUB_0465,NETWORK_ERROR,0.826,0.676,0.146,0.196,0.01,0.0
FAIL_001169,PAY_007915,CUST_0467,SUB_0467,INSUFFICIENT_FUNDS,0.246,0.646,0.408,0.508,0.208,0.0
FAIL_001170,PAY_007916,CUST_0468,SUB_0468,INSUFFICIENT_FUNDS,0.14,0.54,0.324,0.424,0.124,0.0
FAIL_001171,PAY_007919,CUST_0468,SUB_0468,INSUFFICIENT_FUNDS,0.14,0.54,0.324,0.424,0.124,0.0
FAIL_001172,PAY_007920,CUST_0468,SUB_0468,INSUFFICIENT_FUNDS,0.14,0.54,0.324,0.424,0.124,0.0
FAIL_001173,PAY_007923,CUST_0468,SUB_0468,INSUFFICIENT_FUNDS,0.14,0.54,0.324,0.424,0.124,0.0
FAIL_001174,PAY_007925,CUST_0468,SUB_0468,INSUFFICIENT_FUNDS,0.14,0.54,0.324,0.424,0.124,0.0
FAIL_001175,PAY_007929,CUST_0468,SUB_0468,INSUFFICIENT_FUNDS,0.14,0.54,0.324,0.424,0.124,0.0
FAIL_001176,PAY_007930,CUST_0468,SUB_0468,NETWORK_ERROR,0.79,0.64,0.224,0.274,0.074,0.0
FAIL_001177,PAY_007933,CUST_0468,SUB_0468,INSUFFICIENT_FUNDS,0.14,0.54,0.324,0.424,0.124,0.0
FAIL_001178,PAY_007934,CUST_0468,SUB_0468,INSUFFICIENT_FUNDS,0.14,0.54,0.324,0.424,0.124,0.0
FAIL_001179,PAY_007935,CUST_0468,SUB_0468,NETWORK_ERROR,0.79,0.64,0.224,0.274,0.074,0.0
FAIL_001180,PAY_007936,CUST_0468,SUB_0468,BANK_DECLINED,0.14,0.44,0.224,0.374,0.174,0.0
FAIL_001181,PAY_007937,CUST_0468,SUB_0468,CARD_EXPIRED,0.01,0.01,0.174,0.324,0.774,0.0
FAIL_001182,PAY_007940,CUST_0468,SUB_0468,CARD_EXPIRED,0.01,0.01,0.174,0.324,0.774,0.0
FAIL_001183,PAY_007941,CUST_0468,SUB_0468,INSUFFICIENT_FUNDS,0.14,0.54,0.324,0.424,0.124,0.0
FAIL_001184,PAY_007942,CUST_0468,SUB_0468,CARD_EXPIRED,0.01,0.01,0.174,0.324,0.774,0.0
FAIL_001185,PAY_007943,CUST_0468,SUB_0468,INSUFFICIENT_FUNDS,0.14,0.54,0.324,0.424,0.124,0.0
FAIL_001186,PAY_007944,CUST_0468,SUB_0468,INSUFFICIENT_FUNDS,0.14,0.54,0.324,0.424,0.124,0.0
FAIL_001187,PAY_007947,CUST_0468,SUB_0468,AUTHENTICATION_FAILED,0.01,0.04,0.324,0.424,0.624,0.0
FAIL_001188,PAY_007950,CUST_0469,SUB_0469,AUTHENTICATION_FAILED,0.026,0.076,0.246,0.346,0.546,0.0
FAIL_001189,PAY_007951,CUST_0469,SUB_0469,NETWORK_ERROR,0.826,0.676,0.146,0.196,0.01,0.0
FAIL_001190,PAY_007953,CUST_0469,SUB_0469,NETWORK_ERROR,0.826,0.676,0.146,0.196,0.01,0.0
FAIL_001191,PAY_007955,CUST_0469,SUB_0469,CARD_EXPIRED,0.026,0.026,0.096,0.246,0.696,0.0
FAIL_001192,PAY_007958,CUST_0469,SUB_0469,BANK_DECLINED,0.176,0.476,0.146,0.296,0.096,0.0
FAIL_001193,PAY_007962,CUST_0469,SUB_0469,INSUFFICIENT_FUNDS,0.176,0.576,0.246,0.346,0.046,0.0
FAIL_001194,PAY_007965,CUST_0469,SUB_0469,INSUFFICIENT_FUNDS,0.176,0.576,0.246,0.346,0.046,0.0
FAIL_001195,PAY_007981,CUST_0471,SUB_0471,INSUFFICIENT_FUNDS,0.246,0.646,0.408,0.508,0.208,0.0
FAIL_001196,PAY_008020,CUST_0472,SUB_0472,CARD_EXPIRED,0.096,0.096,0.258,0.408,0.858,0.0
FAIL_001197,PAY_008025,CUST_0472,SUB_0472,NETWORK_ERROR,0.896,0.746,0.308,0.358,0.158,0.0
FAIL_001198,PAY_008033,CUST_0473,SUB_0473,CARD_EXPIRED,0.01,0.01,0.174,0.324,0.774,0.0
FAIL_001199,PAY_008035,CUST_0473,SUB_0473,AUTHENTICATION_FAILED,0.01,0.04,0.324,0.424,0.624,0.0
FAIL_001200,PAY_008045,CUST_0473,SUB_0473,INSUFFICIENT_FUNDS,0.14,0.54,0.324,0.424,0.124,0.0
FAIL_001201,PAY_008048,CUST_0473,SUB_0473,CARD_EXPIRED,0.01,0.01,0.174,0.324,0.774,0.0
FAIL_001202,PAY_008058,CUST_0474,SUB_0474,INSUFFICIENT_FUNDS,0.246,0.646,0.408,0.508,0.208,0.0
FAIL_001203,PAY_008059,CUST_0474,SUB_0474,NETWORK_ERROR,0.896,0.746,0.308,0.358,0.158,0.0
FAIL_001204,PAY_008072,CUST_0475,SUB_0475,NETWORK_ERROR,0.826,0.676,0.146,0.196,0.01,0.0
FAIL_001205,PAY_008073,CUST_0475,SUB_0475,BANK_DECLINED,0.176,0.476,0.146,0.296,0.096,0.0
FAIL_001206,PAY_008074,CUST_0475,SUB_0475,BANK_DECLINED,0.176,0.476,0.146,0.296,0.096,0.0
FAIL_001207,PAY_008075,CUST_0475,SUB_0475,BANK_DECLINED,0.176,0.476,0.146,0.296,0.096,0.0
FAIL_001208,PAY_008076,CUST_0475,SUB_0475,BANK_DECLINED,0.176,0.476,0.146,0.296,0.096,0.0
FAIL_001209,PAY_008077,CUST_0475,SUB_0475,INSUFFICIENT_FUNDS,0.176,0.576,0.246,0.346,0.046,0.0
FAIL_001210,PAY_008083,CUST_0475,SUB_0475,NETWORK_ERROR,0.826,0.676,0.146,0.196,0.01,0.0
FAIL_001211,PAY_008086,CUST_0475,SUB_0475,INSUFFICIENT_FUNDS,0.176,0.576,0.246,0.346,0.046,0.0
FAIL_001212,PAY_008090,CUST_0475,SUB_0475,NETWORK_ERROR,0.826,0.676,0.146,0.196,0.01,0.0
FAIL_001213,PAY_008103,CUST_0476,SUB_0476,AUTHENTICATION_FAILED,0.026,0.076,0.246,0.346,0.546,0.0
FAIL_001214,PAY_008104,CUST_0476,SUB_0476,BANK_DECLINED,0.176,0.476,0.146,0.296,0.096,0.0
FAIL_001215,PAY_008105,CUST_0476,SUB_0476,CARD_EXPIRED,0.026,0.026,0.096,0.246,0.696,0.0
FAIL_001216,PAY_008109,CUST_0476,SUB_0476,AUTHENTICATION_FAILED,0.026,0.076,0.246,0.346,0.546,0.0
FAIL_001217,PAY_008116,CUST_0476,SUB_0476,AUTHENTICATION_FAILED,0.026,0.076,0.246,0.346,0.546,0.0
FAIL_001218,PAY_008117,CUST_0476,SUB_0476,INSUFFICIENT_FUNDS,0.176,0.576,0.246,0.346,0.046,0.0
FAIL_001219,PAY_008118,CUST_0477,SUB_0477,INSUFFICIENT_FUNDS,0.14,0.54,0.324,0.424,0.124,0.0
FAIL_001220,PAY_008120,CUST_0477,SUB_0477,INSUFFICIENT_FUNDS,0.14,0.54,0.324,0.424,0.124,0.0
FAIL_001221,PAY_008122,CUST_0477,SUB_0477,BANK_DECLINED,0.14,0.44,0.224,0.374,0.174,0.0
FAIL_001222,PAY_008123,CUST_0477,SUB_0477,NETWORK_ERROR,0.79,0.64,0.224,0.274,0.074,0.0
FAIL_001223,PAY_008125,CUST_0477,SUB_0477,BANK_DECLINED,0.14,0.44,0.224,0.374,0.174,0.0
FAIL_001224,PAY_008127,CUST_0477,SUB_0477,INSUFFICIENT_FUNDS,0.14,0.54,0.324,0.424,0.124,0.0
FAIL_001225,PAY_008128,CUST_0477,SUB_0477,NETWORK_ERROR,0.79,0.64,0.224,0.274,0.074,0.0
FAIL_001226,PAY_008133,CUST_0477,SUB_0477,BANK_DECLINED,0.14,0.44,0.224,0.374,0.174,0.0
FAIL_001227,PAY_008134,CUST_0477,SUB_0477,NETWORK_ERROR,0.79,0.64,0.224,0.274,0.074,0.0
FAIL_001228,PAY_008135,CUST_0477,SUB_0477,NETWORK_ERROR,0.79,0.64,0.224,0.274,0.074,0.0
FAIL_001229,PAY_008138,CUST_0477,SUB_0477,BANK_DECLINED,0.14,0.44,0.224,0.374,0.174,0.0
FAIL_001230,PAY_008139,CUST_0477,SUB_0477,AUTHENTICATION_FAILED,0.01,0.04,0.324,0.424,0.624,0.0
FAIL_001231,PAY_008144,CUST_0477,SUB_0477,BANK_DECLINED,0.14,0.44,0.224,0.374,0.174,0.0
FAIL_001232,PAY_008157,CUST_0479,SUB_0479,CARD_EXPIRED,0.026,0.026,0.096,0.246,0.696,0.0
FAIL_001233,PAY_008158,CUST_0479,SUB_0479,NETWORK_ERROR,0.826,0.676,0.146,0.196,0.01,0.0
FAIL_001234,PAY_008164,CUST_0479,SUB_0479,AUTHENTICATION_FAILED,0.026,0.076,0.246,0.346,0.546,0.0
FAIL_001235,PAY_008168,CUST_0479,SUB_0479,CARD_EXPIRED,0.026,0.026,0.096,0.246,0.696,0.0
FAIL_001236,PAY_008170,CUST_0479,SUB_0479,INSUFFICIENT_FUNDS,0.176,0.576,0.246,0.346,0.046,0.0
FAIL_001237,PAY_008173,CUST_0479,SUB_0479,INSUFFICIENT_FUNDS,0.176,0.576,0.246,0.346,0.046,0.0
FAIL_001238,PAY_008177,CUST_0479,SUB_0479,BANK_DECLINED,0.176,0.476,0.146,0.296,0.096,0.0
FAIL_001239,PAY_008179,CUST_0479,SUB_0479,BANK_DECLINED,0.176,0.476,0.146,0.296,0.096,0.0
FAIL_001240,PAY_008189,CUST_0481,SUB_0481,INSUFFICIENT_FUNDS,0.2176,0.6176,0.4156,0.5456,0.2456,0.0
FAIL_001241,PAY_008192,CUST_0481,SUB_0481,INSUFFICIENT_FUNDS,0.2176,0.6176,0.4156,0.5456,0.2456,0.0
FAIL_001242,PAY_008196,CUST_0481,SUB_0481,BANK_DECLINED,0.2176,0.5176,0.3156,0.4956,0.2956,0.0
FAIL_001243,PAY_008218,CUST_0482,SUB_0482,INSUFFICIENT_FUNDS,0.2,0.6,0.362,0.462,0.162,0.0
FAIL_001244,PAY_008224,CUST_0482,SUB_0482,BANK_DECLINED,0.2,0.5,0.262,0.412,0.212,0.0
FAIL_001245,PAY_008226,CUST_0482,SUB_0482,INSUFFICIENT_FUNDS,0.2,0.6,0.362,0.462,0.162,0.0
FAIL_001246,PAY_008228,CUST_0482,SUB_0482,CARD_EXPIRED,0.05,0.05,0.212,0.362,0.812,0.0
FAIL_001247,PAY_008229,CUST_0482,SUB_0482,INSUFFICIENT_FUNDS,0.2,0.6,0.362,0.462,0.162,0.0
FAIL_001248,PAY_008231,CUST_0482,SUB_0482,AUTHENTICATION_FAILED,0.05,0.1,0.362,0.462,0.662,0.0
FAIL_001249,PAY_008234,CUST_0482,SUB_0482,AUTHENTICATION_FAILED,0.05,0.1,0.362,0.462,0.662,0.0
FAIL_001250,PAY_008237,CUST_0482,SUB_0482,NETWORK_ERROR,0.85,0.7,0.262,0.312,0.112,0.0
FAIL_001251,PAY_008244,CUST_0482,SUB_0482,BANK_DECLINED,0.2,0.5,0.262,0.412,0.212,0.0
FAIL_001252,PAY_008266,CUST_0484,SUB_0484,BANK_DECLINED,0.176,0.476,0.146,0.296,0.096,0.0
FAIL_001253,PAY_008274,CUST_0484,SUB_0484,NETWORK_ERROR,0.826,0.676,0.146,0.196,0.01,0.0
FAIL_001254,PAY_008275,CUST_0484,SUB_0484,AUTHENTICATION_FAILED,0.026,0.076,0.246,0.346,0.546,0.0
FAIL_001255,PAY_008277,CUST_0484,SUB_0484,AUTHENTICATION_FAILED,0.026,0.076,0.246,0.346,0.546,0.0
FAIL_001256,PAY_008281,CUST_0484,SUB_0484,BANK_DECLINED,0.176,0.476,0.146,0.296,0.096,0.0
FAIL_001257,PAY_008286,CUST_0484,SUB_0484,AUTHENTICATION_FAILED,0.026,0.076,0.246,0.346,0.546,0.0
FAIL_001258,PAY_008289,CUST_0484,SUB_0484,CARD_EXPIRED,0.026,0.026,0.096,0.246,0.696,0.0
FAIL_001259,PAY_008290,CUST_0484,SUB_0484,BANK_DECLINED,0.176,0.476,0.146,0.296,0.096,0.0
FAIL_001260,PAY_008294,CUST_0485,SUB_0485,BANK_DECLINED,0.14,0.44,0.224,0.374,0.174,0.0
FAIL_001261,PAY_008295,CUST_0485,SUB_0485,INSUFFICIENT_FUNDS,0.14,0.54,0.324,0.424,0.124,0.0
FAIL_001262,PAY_008300,CUST_0485,SUB_0485,INSUFFICIENT_FUNDS,0.14,0.54,0.324,0.424,0.124,0.0
FAIL_001263,PAY_008301,CUST_0485,SUB_0485,INSUFFICIENT_FUNDS,0.14,0.54,0.324,0.424,0.124,0.0
FAIL_001264,PAY_008303,CUST_0485,SUB_0485,AUTHENTICATION_FAILED,0.01,0.04,0.324,0.424,0.624,0.0
FAIL_001265,PAY_008308,CUST_0486,SUB_0486,INSUFFICIENT_FUNDS,0.14,0.54,0.324,0.424,0.124,0.0
FAIL_001266,PAY_008311,CUST_0486,SUB_0486,NETWORK_ERROR,0.79,0.64,0.224,0.274,0.074,0.0
FAIL_001267,PAY_008319,CUST_0487,SUB_0487,BANK_DECLINED,0.2176,0.5176,0.3156,0.4956,0.2956,0.0
FAIL_001268,PAY_008329,CUST_0487,SUB_0487,INSUFFICIENT_FUNDS,0.2176,0.6176,0.4156,0.5456,0.2456,0.0
FAIL_001269,PAY_008347,CUST_0487,SUB_0487,INSUFFICIENT_FUNDS,0.2176,0.6176,0.4156,0.5456,0.2456,0.0
FAIL_001270,PAY_008356,CUST_0488,SUB_0488,BANK_DECLINED,0.2,0.5,0.262,0.412,0.212,0.0
FAIL_001271,PAY_008373,CUST_0489,SUB_0489,BANK_DECLINED,0.2176,0.5176,0.3156,0.4956,0.2956,0.0
FAIL_001272,PAY_008376,CUST_0489,SUB_0489,NETWORK_ERROR,0.8676,0.7176,0.3156,0.3956,0.1956,0.0
FAIL_001273,PAY_008387,CUST_0491,SUB_0491,INSUFFICIENT_FUNDS,0.14,0.54,0.324,0.424,0.124,0.0
FAIL_001274,PAY_008389,CUST_0491,SUB_0491,INSUFFICIENT_FUNDS,0.14,0.54,0.324,0.424,0.124,0.0
FAIL_001275,PAY_008392,CUST_0491,SUB_0491,INSUFFICIENT_FUNDS,0.14,0.54,0.324,0.424,0.124,0.0
FAIL_001276,PAY_008393,CUST_0491,SUB_0491,BANK_DECLINED,0.14,0.44,0.224,0.374,0.174,0.0
FAIL_001277,PAY_008396,CUST_0491,SUB_0491,INSUFFICIENT_FUNDS,0.14,0.54,0.324,0.424,0.124,0.0
FAIL_001278,PAY_008404,CUST_0491,SUB_0491,BANK_DECLINED,0.14,0.44,0.224,0.374,0.174,0.0
FAIL_001279,PAY_008406,CUST_0491,SUB_0491,NETWORK_ERROR,0.79,0.64,0.224,0.274,0.074,0.0
FAIL_001280,PAY_008407,CUST_0491,SUB_0491,BANK_DECLINED,0.14,0.44,0.224,0.374,0.174,0.0
FAIL_001281,PAY_008408,CUST_0491,SUB_0491,INSUFFICIENT_FUNDS,0.14,0.54,0.324,0.424,0.124,0.0
FAIL_001282,PAY_008411,CUST_0491,SUB_0491,INSUFFICIENT_FUNDS,0.14,0.54,0.324,0.424,0.124,0.0
FAIL_001283,PAY_008413,CUST_0491,SUB_0491,NETWORK_ERROR,0.79,0.64,0.224,0.274,0.074,0.0
FAIL_001284,PAY_008414,CUST_0491,SUB_0491,INSUFFICIENT_FUNDS,0.14,0.54,0.324,0.424,0.124,0.0
FAIL_001285,PAY_008418,CUST_0491,SUB_0491,NETWORK_ERROR,0.79,0.64,0.224,0.274,0.074,0.0
FAIL_001286,PAY_008435,CUST_0493,SUB_0493,CARD_EXPIRED,0.026,0.026,0.096,0.246,0.696,0.0
FAIL_001287,PAY_008436,CUST_0493,SUB_0493,AUTHENTICATION_FAILED,0.026,0.076,0.246,0.346,0.546,0.0
FAIL_001288,PAY_008442,CUST_0493,SUB_0493,AUTHENTICATION_FAILED,0.026,0.076,0.246,0.346,0.546,0.0
FAIL_001289,PAY_008443,CUST_0493,SUB_0493,BANK_DECLINED,0.176,0.476,0.146,0.296,0.096,0.0
FAIL_001290,PAY_008447,CUST_0493,SUB_0493,NETWORK_ERROR,0.826,0.676,0.146,0.196,0.01,0.0
FAIL_001291,PAY_008454,CUST_0493,SUB_0493,INSUFFICIENT_FUNDS,0.176,0.576,0.246,0.346,0.046,0.0
FAIL_001292,PAY_008456,CUST_0493,SUB_0493,BANK_DECLINED,0.176,0.476,0.146,0.296,0.096,0.0
FAIL_001293,PAY_008460,CUST_0493,SUB_0493,LIMIT_EXCEEDED,0.076,0.226,0.096,0.446,0.246,0.0
FAIL_001294,PAY_008462,CUST_0493,SUB_0493,CARD_EXPIRED,0.026,0.026,0.096,0.246,0.696,0.0
FAIL_001295,PAY_008468,CUST_0494,SUB_0494,BANK_DECLINED,0.2176,0.5176,0.3156,0.4956,0.2956,0.0
FAIL_001296,PAY_008485,CUST_0494,SUB_0494,NETWORK_ERROR,0.8676,0.7176,0.3156,0.3956,0.1956,0.0
FAIL_001297,PAY_008497,CUST_0496,SUB_0496,AUTHENTICATION_FAILED,0.01,0.04,0.324,0.424,0.624,0.0
FAIL_001298,PAY_008517,CUST_0500,SUB_0500,INSUFFICIENT_FUNDS,0.14,0.54,0.324,0.424,0.124,0.0
FAIL_001299,PAY_008522,CUST_0500,SUB_0500,INSUFFICIENT_FUNDS,0.14,0.54,0.324,0.424,0.124,0.0
FAIL_001300,PAY_008527,CUST_0500,SUB_0500,NETWORK_ERROR,0.79,0.64,0.224,0.274,0.074,0.0
FAIL_001301,PAY_008528,CUST_0500,SUB_0500,CARD_EXPIRED,0.01,0.01,0.174,0.324,0.774,0.0
FAIL_001302,PAY_008536,CUST_0500,SUB_0500,NETWORK_ERROR,0.79,0.64,0.224,0.274,0.074,0.0
FAIL_001303,PAY_008537,CUST_0500,SUB_0500,CARD_EXPIRED,0.01,0.01,0.174,0.324,0.774,0.0
FAIL_001304,PAY_008539,CUST_0500,SUB_0500,NETWORK_ERROR,0.79,0.64,0.224,0.274,0.074,0.0
FAIL_001305,PAY_008540,CUST_0500,SUB_0500,NETWORK_ERROR,0.79,0.64,0.224,0.274,0.074,0.0
FAIL_001306,PAY_008542,CUST_0501,SUB_0501,NETWORK_ERROR,0.896,0.746,0.308,0.358,0.158,0.0
FAIL_001307,PAY_008543,CUST_0501,SUB_0501,NETWORK_ERROR,0.896,0.746,0.308,0.358,0.158,0.0
FAIL_001308,PAY_008554,CUST_0502,SUB_0502,BANK_DECLINED,0.2176,0.5176,0.3156,0.4956,0.2956,0.0
FAIL_001309,PAY_008566,CUST_0502,SUB_0502,BANK_DECLINED,0.2176,0.5176,0.3156,0.4956,0.2956,0.0
FAIL_001310,PAY_008616,CUST_0506,SUB_0506,INSUFFICIENT_FUNDS,0.14,0.54,0.324,0.424,0.124,0.0
FAIL_001311,PAY_008620,CUST_0506,SUB_0506,INSUFFICIENT_FUNDS,0.14,0.54,0.324,0.424,0.124,0.0
FAIL_001312,PAY_008626,CUST_0506,SUB_0506,INSUFFICIENT_FUNDS,0.14,0.54,0.324,0.424,0.124,0.0
FAIL_001313,PAY_008631,CUST_0506,SUB_0506,LIMIT_EXCEEDED,0.04,0.19,0.174,0.524,0.324,0.0
FAIL_001314,PAY_008635,CUST_0506,SUB_0506,BANK_DECLINED,0.14,0.44,0.224,0.374,0.174,0.0
FAIL_001315,PAY_008640,CUST_0506,SUB_0506,INSUFFICIENT_FUNDS,0.14,0.54,0.324,0.424,0.124,0.0
FAIL_001316,PAY_008650,CUST_0507,SUB_0507,INSUFFICIENT_FUNDS,0.2176,0.6176,0.4156,0.5456,0.2456,0.0
FAIL_001317,PAY_008665,CUST_0508,SUB_0508,INSUFFICIENT_FUNDS,0.2,0.6,0.362,0.462,0.162,0.0
FAIL_001318,PAY_008667,CUST_0508,SUB_0508,CARD_EXPIRED,0.05,0.05,0.212,0.362,0.812,0.0
FAIL_001319,PAY_008670,CUST_0508,SUB_0508,INSUFFICIENT_FUNDS,0.2,0.6,0.362,0.462,0.162,0.0
FAIL_001320,PAY_008671,CUST_0508,SUB_0508,CARD_EXPIRED,0.05,0.05,0.212,0.362,0.812,0.0
FAIL_001321,PAY_008673,CUST_0508,SUB_0508,CARD_EXPIRED,0.05,0.05,0.212,0.362,0.812,0.0
FAIL_001322,PAY_008675,CUST_0508,SUB_0508,AUTHENTICATION_FAILED,0.05,0.1,0.362,0.462,0.662,0.0
FAIL_001323,PAY_008681,CUST_0508,SUB_0508,INSUFFICIENT_FUNDS,0.2,0.6,0.362,0.462,0.162,0.0
FAIL_001324,PAY_008682,CUST_0508,SUB_0508,INSUFFICIENT_FUNDS,0.2,0.6,0.362,0.462,0.162,0.0
FAIL_001325,PAY_008683,CUST_0508,SUB_0508,CARD_EXPIRED,0.05,0.05,0.212,0.362,0.812,0.0
FAIL_001326,PAY_008685,CUST_0508,SUB_0508,INSUFFICIENT_FUNDS,0.2,0.6,0.362,0.462,0.162,0.0
FAIL_001327,PAY_008696,CUST_0510,SUB_0510,INSUFFICIENT_FUNDS,0.14,0.54,0.324,0.424,0.124,0.0
FAIL_001328,PAY_008697,CUST_0511,SUB_0511,INSUFFICIENT_FUNDS,0.176,0.576,0.246,0.346,0.046,0.0
FAIL_001329,PAY_008719,CUST_0512,SUB_0512,CARD_EXPIRED,0.096,0.096,0.258,0.408,0.858,0.0
FAIL_001330,PAY_008721,CUST_0512,SUB_0512,CARD_EXPIRED,0.096,0.096,0.258,0.408,0.858,0.0
FAIL_001331,PAY_008743,CUST_0515,SUB_0515,AUTHENTICATION_FAILED,0.026,0.076,0.246,0.346,0.546,0.0
FAIL_001332,PAY_008760,CUST_0515,SUB_0515,INSUFFICIENT_FUNDS,0.176,0.576,0.246,0.346,0.046,0.0
FAIL_001333,PAY_008761,CUST_0515,SUB_0515,BANK_DECLINED,0.176,0.476,0.146,0.296,0.096,0.0
FAIL_001334,PAY_008778,CUST_0516,SUB_0516,BANK_DECLINED,0.176,0.476,0.146,0.296,0.096,0.0
FAIL_001335,PAY_008779,CUST_0516,SUB_0516,CARD_EXPIRED,0.026,0.026,0.096,0.246,0.696,0.0
FAIL_001336,PAY_008842,CUST_0521,SUB_0521,INSUFFICIENT_FUNDS,0.14,0.54,0.324,0.424,0.124,0.0
FAIL_001337,PAY_008845,CUST_0521,SUB_0521,BANK_DECLINED,0.14,0.44,0.224,0.374,0.174,0.0
FAIL_001338,PAY_008846,CUST_0521,SUB_0521,INSUFFICIENT_FUNDS,0.14,0.54,0.324,0.424,0.124,0.0
FAIL_001339,PAY_008850,CUST_0521,SUB_0521,NETWORK_ERROR,0.79,0.64,0.224,0.274,0.074,0.0
FAIL_001340,PAY_008853,CUST_0521,SUB_0521,BANK_DECLINED,0.14,0.44,0.224,0.374,0.174,0.0
FAIL_001341,PAY_008858,CUST_0521,SUB_0521,BANK_DECLINED,0.14,0.44,0.224,0.374,0.174,0.0
FAIL_001342,PAY_008879,CUST_0522,SUB_0522,BANK_DECLINED,0.2176,0.5176,0.3156,0.4956,0.2956,0.0
FAIL_001343,PAY_008881,CUST_0523,SUB_0523,CARD_EXPIRED,0.05,0.05,0.212,0.362,0.812,0.0
FAIL_001344,PAY_008882,CUST_0523,SUB_0523,BANK_DECLINED,0.2,0.5,0.262,0.412,0.212,0.0
FAIL_001345,PAY_008883,CUST_0523,SUB_0523,CARD_EXPIRED,0.05,0.05,0.212,0.362,0.812,0.0
FAIL_001346,PAY_008892,CUST_0525,SUB_0525,BANK_DECLINED,0.2176,0.5176,0.3156,0.4956,0.2956,0.0
FAIL_001347,PAY_008902,CUST_0525,SUB_0525,LIMIT_EXCEEDED,0.1176,0.2676,0.2656,0.6456,0.4456,0.0
FAIL_001348,PAY_008937,CUST_0526,SUB_0526,LIMIT_EXCEEDED,0.1,0.25,0.212,0.562,0.362,0.0
FAIL_001349,PAY_008939,CUST_0527,SUB_0527,BANK_DECLINED,0.14,0.44,0.224,0.374,0.174,0.0
FAIL_001350,PAY_008942,CUST_0527,SUB_0527,INSUFFICIENT_FUNDS,0.14,0.54,0.324,0.424,0.124,0.0
FAIL_001351,PAY_008944,CUST_0527,SUB_0527,INSUFFICIENT_FUNDS,0.14,0.54,0.324,0.424,0.124,0.0
FAIL_001352,PAY_008950,CUST_0527,SUB_0527,BANK_DECLINED,0.14,0.44,0.224,0.374,0.174,0.0
FAIL_001353,PAY_008952,CUST_0527,SUB_0527,LIMIT_EXCEEDED,0.04,0.19,0.174,0.524,0.324,0.0
FAIL_001354,PAY_008965,CUST_0530,SUB_0530,CARD_EXPIRED,0.05,0.05,0.212,0.362,0.812,0.0
FAIL_001355,PAY_008971,CUST_0530,SUB_0530,CARD_EXPIRED,0.05,0.05,0.212,0.362,0.812,0.0
FAIL_001356,PAY_008977,CUST_0531,SUB_0531,INSUFFICIENT_FUNDS,0.14,0.54,0.324,0.424,0.124,0.0
FAIL_001357,PAY_008980,CUST_0531,SUB_0531,INSUFFICIENT_FUNDS,0.14,0.54,0.324,0.424,0.124,0.0
FAIL_001358,PAY_008983,CUST_0531,SUB_0531,BANK_DECLINED,0.14,0.44,0.224,0.374,0.174,0.0
FAIL_001359,PAY_008989,CUST_0531,SUB_0531,CARD_EXPIRED,0.01,0.01,0.174,0.324,0.774,0.0
FAIL_001360,PAY_008991,CUST_0531,SUB_0531,BANK_DECLINED,0.14,0.44,0.224,0.374,0.174,0.0
FAIL_001361,PAY_009014,CUST_0532,SUB_0532,INSUFFICIENT_FUNDS,0.2176,0.6176,0.4156,0.5456,0.2456,0.0
FAIL_001362,PAY_009016,CUST_0533,SUB_0533,AUTHENTICATION_FAILED,0.026,0.076,0.246,0.346,0.546,0.0
FAIL_001363,PAY_009018,CUST_0533,SUB_0533,AUTHENTICATION_FAILED,0.026,0.076,0.246,0.346,0.546,0.0
FAIL_001364,PAY_009020,CUST_0533,SUB_0533,INSUFFICIENT_FUNDS,0.176,0.576,0.246,0.346,0.046,0.0
FAIL_001365,PAY_009023,CUST_0533,SUB_0533,CARD_EXPIRED,0.026,0.026,0.096,0.246,0.696,0.0
FAIL_001366,PAY_009025,CUST_0533,SUB_0533,INSUFFICIENT_FUNDS,0.176,0.576,0.246,0.346,0.046,0.0
FAIL_001367,PAY_009026,CUST_0533,SUB_0533,AUTHENTICATION_FAILED,0.026,0.076,0.246,0.346,0.546,0.0
FAIL_001368,PAY_009034,CUST_0533,SUB_0533,INSUFFICIENT_FUNDS,0.176,0.576,0.246,0.346,0.046,0.0
FAIL_001369,PAY_009036,CUST_0533,SUB_0533,BANK_DECLINED,0.176,0.476,0.146,0.296,0.096,0.0
FAIL_001370,PAY_009038,CUST_0533,SUB_0533,LIMIT_EXCEEDED,0.076,0.226,0.096,0.446,0.246,0.0
FAIL_001371,PAY_009043,CUST_0534,SUB_0534,INSUFFICIENT_FUNDS,0.2176,0.6176,0.4156,0.5456,0.2456,0.0
FAIL_001372,PAY_009062,CUST_0534,SUB_0534,BANK_DECLINED,0.2176,0.5176,0.3156,0.4956,0.2956,0.0
FAIL_001373,PAY_009066,CUST_0535,SUB_0535,BANK_DECLINED,0.2176,0.5176,0.3156,0.4956,0.2956,0.0
FAIL_001374,PAY_009088,CUST_0537,SUB_0537,INSUFFICIENT_FUNDS,0.176,0.576,0.246,0.346,0.046,0.0
FAIL_001375,PAY_009089,CUST_0537,SUB_0537,INSUFFICIENT_FUNDS,0.176,0.576,0.246,0.346,0.046,0.0
FAIL_001376,PAY_009092,CUST_0537,SUB_0537,NETWORK_ERROR,0.826,0.676,0.146,0.196,0.01,0.0
FAIL_001377,PAY_009093,CUST_0537,SUB_0537,INSUFFICIENT_FUNDS,0.176,0.576,0.246,0.346,0.046,0.0
FAIL_001378,PAY_009094,CUST_0537,SUB_0537,LIMIT_EXCEEDED,0.076,0.226,0.096,0.446,0.246,0.0
FAIL_001379,PAY_009095,CUST_0537,SUB_0537,BANK_DECLINED,0.176,0.476,0.146,0.296,0.096,0.0
FAIL_001380,PAY_009099,CUST_0537,SUB_0537,INSUFFICIENT_FUNDS,0.176,0.576,0.246,0.346,0.046,0.0
FAIL_001381,PAY_009100,CUST_0538,SUB_0538,AUTHENTICATION_FAILED,0.01,0.04,0.324,0.424,0.624,0.0
FAIL_001382,PAY_009101,CUST_0538,SUB_0538,CARD_EXPIRED,0.01,0.01,0.174,0.324,0.774,0.0
FAIL_001383,PAY_009102,CUST_0538,SUB_0538,BANK_DECLINED,0.14,0.44,0.224,0.374,0.174,0.0
FAIL_001384,PAY_009112,CUST_0540,SUB_0540,NETWORK_ERROR,0.79,0.64,0.224,0.274,0.074,0.0
FAIL_001385,PAY_009117,CUST_0540,SUB_0540,INSUFFICIENT_FUNDS,0.14,0.54,0.324,0.424,0.124,0.0
FAIL_001386,PAY_009118,CUST_0540,SUB_0540,INSUFFICIENT_FUNDS,0.14,0.54,0.324,0.424,0.124,0.0
FAIL_001387,PAY_009127,CUST_0540,SUB_0540,CARD_EXPIRED,0.01,0.01,0.174,0.324,0.774,0.0
FAIL_001388,PAY_009131,CUST_0540,SUB_0540,NETWORK_ERROR,0.79,0.64,0.224,0.274,0.074,0.0
FAIL_001389,PAY_009153,CUST_0543,SUB_0543,INSUFFICIENT_FUNDS,0.176,0.576,0.246,0.346,0.046,0.0
FAIL_001390,PAY_009154,CUST_0543,SUB_0543,CARD_EXPIRED,0.026,0.026,0.096,0.246,0.696,0.0
FAIL_001391,PAY_009161,CUST_0543,SUB_0543,BANK_DECLINED,0.176,0.476,0.146,0.296,0.096,0.0
FAIL_001392,PAY_009163,CUST_0543,SUB_0543,INSUFFICIENT_FUNDS,0.176,0.576,0.246,0.346,0.046,0.0
FAIL_001393,PAY_009171,CUST_0545,SUB_0545,INSUFFICIENT_FUNDS,0.176,0.576,0.246,0.346,0.046,0.0
FAIL_001394,PAY_009174,CUST_0545,SUB_0545,INSUFFICIENT_FUNDS,0.176,0.576,0.246,0.346,0.046,0.0
FAIL_001395,PAY_009180,CUST_0545,SUB_0545,AUTHENTICATION_FAILED,0.026,0.076,0.246,0.346,0.546,0.0
FAIL_001396,PAY_009181,CUST_0545,SUB_0545,NETWORK_ERROR,0.826,0.676,0.146,0.196,0.01,0.0
FAIL_001397,PAY_009184,CUST_0545,SUB_0545,CARD_EXPIRED,0.026,0.026,0.096,0.246,0.696,0.0
FAIL_001398,PAY_009186,CUST_0545,SUB_0545,NETWORK_ERROR,0.826,0.676,0.146,0.196,0.01,0.0
FAIL_001399,PAY_009188,CUST_0545,SUB_0545,INSUFFICIENT_FUNDS,0.176,0.576,0.246,0.346,0.046,0.0
FAIL_001400,PAY_009196,CUST_0546,SUB_0546,INSUFFICIENT_FUNDS,0.14,0.54,0.324,0.424,0.124,0.0
FAIL_001401,PAY_009201,CUST_0546,SUB_0546,INSUFFICIENT_FUNDS,0.14,0.54,0.324,0.424,0.124,0.0
FAIL_001402,PAY_009204,CUST_0547,SUB_0547,INSUFFICIENT_FUNDS,0.14,0.54,0.324,0.424,0.124,0.0
FAIL_001403,PAY_009209,CUST_0547,SUB_0547,BANK_DECLINED,0.14,0.44,0.224,0.374,0.174,0.0
FAIL_001404,PAY_009210,CUST_0547,SUB_0547,CARD_EXPIRED,0.01,0.01,0.174,0.324,0.774,0.0
FAIL_001405,PAY_009211,CUST_0547,SUB_0547,BANK_DECLINED,0.14,0.44,0.224,0.374,0.174,0.0
FAIL_001406,PAY_009212,CUST_0547,SUB_0547,INSUFFICIENT_FUNDS,0.14,0.54,0.324,0.424,0.124,0.0
FAIL_001407,PAY_009219,CUST_0547,SUB_0547,AUTHENTICATION_FAILED,0.01,0.04,0.324,0.424,0.624,0.0
FAIL_001408,PAY_009257,CUST_0549,SUB_0549,NETWORK_ERROR,0.896,0.746,0.308,0.358,0.158,0.0
FAIL_001409,PAY_009258,CUST_0550,SUB_0550,INSUFFICIENT_FUNDS,0.2176,0.6176,0.4156,0.5456,0.2456,0.0
FAIL_001410,PAY_009260,CUST_0550,SUB_0550,NETWORK_ERROR,0.8676,0.7176,0.3156,0.3956,0.1956,0.0
FAIL_001411,PAY_009268,CUST_0550,SUB_0550,INSUFFICIENT_FUNDS,0.2176,0.6176,0.4156,0.5456,0.2456,0.0
FAIL_001412,PAY_009282,CUST_0551,SUB_0551,INSUFFICIENT_FUNDS,0.2,0.6,0.362,0.462,0.162,0.0
FAIL_001413,PAY_009286,CUST_0551,SUB_0551,BANK_DECLINED,0.2,0.5,0.262,0.412,0.212,0.0
FAIL_001414,PAY_009289,CUST_0552,SUB_0552,NETWORK_ERROR,0.826,0.676,0.146,0.196,0.01,0.0
FAIL_001415,PAY_009290,CUST_0552,SUB_0552,INSUFFICIENT_FUNDS,0.176,0.576,0.246,0.346,0.046,0.0
FAIL_001416,PAY_009293,CUST_0552,SUB_0552,BANK_DECLINED,0.176,0.476,0.146,0.296,0.096,0.0
FAIL_001417,PAY_009299,CUST_0552,SUB_0552,CARD_EXPIRED,0.026,0.026,0.096,0.246,0.696,0.0
FAIL_001418,PAY_009303,CUST_0552,SUB_0552,INSUFFICIENT_FUNDS,0.176,0.576,0.246,0.346,0.046,0.0
FAIL_001419,PAY_009304,CUST_0552,SUB_0552,LIMIT_EXCEEDED,0.076,0.226,0.096,0.446,0.246,0.0
FAIL_001420,PAY_009305,CUST_0552,SUB_0552,INSUFFICIENT_FUNDS,0.176,0.576,0.246,0.346,0.046,0.0
FAIL_001421,PAY_009306,CUST_0552,SUB_0552,NETWORK_ERROR,0.826,0.676,0.146,0.196,0.01,0.0
FAIL_001422,PAY_009308,CUST_0552,SUB_0552,NETWORK_ERROR,0.826,0.676,0.146,0.196,0.01,0.0
FAIL_001423,PAY_009317,CUST_0552,SUB_0552,LIMIT_EXCEEDED,0.076,0.226,0.096,0.446,0.246,0.0
FAIL_001424,PAY_009339,CUST_0553,SUB_0553,NETWORK_ERROR,0.896,0.746,0.308,0.358,0.158,0.0
FAIL_001425,PAY_009340,CUST_0553,SUB_0553,BANK_DECLINED,0.246,0.546,0.308,0.458,0.258,0.0
FAIL_001426,PAY_009358,CUST_0554,SUB_0554,BANK_DECLINED,0.2,0.5,0.262,0.412,0.212,0.0
FAIL_001427,PAY_009361,CUST_0554,SUB_0554,NETWORK_ERROR,0.85,0.7,0.262,0.312,0.112,0.0
FAIL_001428,PAY_009379,CUST_0555,SUB_0555,LIMIT_EXCEEDED,0.1176,0.2676,0.2656,0.6456,0.4456,0.0
FAIL_001429,PAY_009397,CUST_0556,SUB_0556,INSUFFICIENT_FUNDS,0.14,0.54,0.324,0.424,0.124,0.0
FAIL_001430,PAY_009399,CUST_0556,SUB_0556,INSUFFICIENT_FUNDS,0.14,0.54,0.324,0.424,0.124,0.0
FAIL_001431,PAY_009404,CUST_0556,SUB_0556,NETWORK_ERROR,0.79,0.64,0.224,0.274,0.074,0.0
FAIL_001432,PAY_009407,CUST_0556,SUB_0556,INSUFFICIENT_FUNDS,0.14,0.54,0.324,0.424,0.124,0.0
FAIL_001433,PAY_009409,CUST_0556,SUB_0556,NETWORK_ERROR,0.79,0.64,0.224,0.274,0.074,0.0
FAIL_001434,PAY_009416,CUST_0557,SUB_0557,NETWORK_ERROR,0.896,0.746,0.308,0.358,0.158,0.0
FAIL_001435,PAY_009424,CUST_0557,SUB_0557,CARD_EXPIRED,0.096,0.096,0.258,0.408,0.858,0.0
FAIL_001436,PAY_009435,CUST_0559,SUB_0559,NETWORK_ERROR,0.896,0.746,0.308,0.358,0.158,0.0
FAIL_001437,PAY_009445,CUST_0559,SUB_0559,INSUFFICIENT_FUNDS,0.246,0.646,0.408,0.508,0.208,0.0
FAIL_001438,PAY_009468,CUST_0563,SUB_0563,INSUFFICIENT_FUNDS,0.176,0.576,0.246,0.346,0.046,0.0
FAIL_001439,PAY_009481,CUST_0563,SUB_0563,NETWORK_ERROR,0.826,0.676,0.146,0.196,0.01,0.0
FAIL_001440,PAY_009483,CUST_0563,SUB_0563,AUTHENTICATION_FAILED,0.026,0.076,0.246,0.346,0.546,0.0
FAIL_001441,PAY_009484,CUST_0563,SUB_0563,INSUFFICIENT_FUNDS,0.176,0.576,0.246,0.346,0.046,0.0
FAIL_001442,PAY_009485,CUST_0563,SUB_0563,CARD_EXPIRED,0.026,0.026,0.096,0.246,0.696,0.0
FAIL_001443,PAY_009490,CUST_0563,SUB_0563,BANK_DECLINED,0.176,0.476,0.146,0.296,0.096,0.0
FAIL_001444,PAY_009503,CUST_0564,SUB_0564,CARD_EXPIRED,0.0676,0.0676,0.2656,0.4456,0.8956,0.0
FAIL_001445,PAY_009510,CUST_0564,SUB_0564,NETWORK_ERROR,0.8676,0.7176,0.3156,0.3956,0.1956,0.0
FAIL_001446,PAY_009518,CUST_0565,SUB_0565,CARD_EXPIRED,0.01,0.01,0.174,0.324,0.774,0.0
FAIL_001447,PAY_009520,CUST_0565,SUB_0565,INSUFFICIENT_FUNDS,0.14,0.54,0.324,0.424,0.124,0.0
FAIL_001448,PAY_009523,CUST_0565,SUB_0565,NETWORK_ERROR,0.79,0.64,0.224,0.274,0.074,0.0
FAIL_001449,PAY_009527,CUST_0565,SUB_0565,BANK_DECLINED,0.14,0.44,0.224,0.374,0.174,0.0
FAIL_001450,PAY_009533,CUST_0565,SUB_0565,INSUFFICIENT_FUNDS,0.14,0.54,0.324,0.424,0.124,0.0
FAIL_001451,PAY_009534,CUST_0565,SUB_0565,INSUFFICIENT_FUNDS,0.14,0.54,0.324,0.424,0.124,0.0
FAIL_001452,PAY_009556,CUST_0567,SUB_0567,INSUFFICIENT_FUNDS,0.176,0.576,0.246,0.346,0.046,0.0
FAIL_001453,PAY_009562,CUST_0567,SUB_0567,INSUFFICIENT_FUNDS,0.176,0.576,0.246,0.346,0.046,0.0
FAIL_001454,PAY_009582,CUST_0568,SUB_0568,LIMIT_EXCEEDED,0.1,0.25,0.212,0.562,0.362,0.0
FAIL_001455,PAY_009613,CUST_0571,SUB_0571,BANK_DECLINED,0.2,0.5,0.262,0.412,0.212,0.0
FAIL_001456,PAY_009624,CUST_0572,SUB_0572,LIMIT_EXCEEDED,0.1176,0.2676,0.2656,0.6456,0.4456,0.0
FAIL_001457,PAY_009629,CUST_0573,SUB_0573,BANK_DECLINED,0.14,0.44,0.224,0.374,0.174,0.0
FAIL_001458,PAY_009631,CUST_0573,SUB_0573,INSUFFICIENT_FUNDS,0.14,0.54,0.324,0.424,0.124,0.0
FAIL_001459,PAY_009632,CUST_0573,SUB_0573,NETWORK_ERROR,0.79,0.64,0.224,0.274,0.074,0.0
FAIL_001460,PAY_009638,CUST_0573,SUB_0573,INSUFFICIENT_FUNDS,0.14,0.54,0.324,0.424,0.124,0.0
FAIL_001461,PAY_009640,CUST_0573,SUB_0573,INSUFFICIENT_FUNDS,0.14,0.54,0.324,0.424,0.124,0.0
FAIL_001462,PAY_009641,CUST_0573,SUB_0573,NETWORK_ERROR,0.79,0.64,0.224,0.274,0.074,0.0
FAIL_001463,PAY_009647,CUST_0573,SUB_0573,CARD_EXPIRED,0.01,0.01,0.174,0.324,0.774,0.0
FAIL_001464,PAY_009648,CUST_0573,SUB_0573,INSUFFICIENT_FUNDS,0.14,0.54,0.324,0.424,0.124,0.0
FAIL_001465,PAY_009649,CUST_0573,SUB_0573,INSUFFICIENT_FUNDS,0.14,0.54,0.324,0.424,0.124,0.0
FAIL_001466,PAY_009650,CUST_0573,SUB_0573,INSUFFICIENT_FUNDS,0.14,0.54,0.324,0.424,0.124,0.0
FAIL_001467,PAY_009651,CUST_0573,SUB_0573,AUTHENTICATION_FAILED,0.01,0.04,0.324,0.424,0.624,0.0
FAIL_001468,PAY_009657,CUST_0574,SUB_0574,NETWORK_ERROR,0.896,0.746,0.308,0.358,0.158,0.0
FAIL_001469,PAY_009664,CUST_0574,SUB_0574,AUTHENTICATION_FAILED,0.096,0.146,0.408,0.508,0.708,0.0
FAIL_001470,PAY_009668,CUST_0574,SUB_0574,BANK_DECLINED,0.246,0.546,0.308,0.458,0.258,0.0
FAIL_001471,PAY_009670,CUST_0574,SUB_0574,LIMIT_EXCEEDED,0.146,0.296,0.258,0.608,0.408,0.0
FAIL_001472,PAY_009675,CUST_0574,SUB_0574,BANK_DECLINED,0.246,0.546,0.308,0.458,0.258,0.0
FAIL_001473,PAY_009682,CUST_0574,SUB_0574,BANK_DECLINED,0.246,0.546,0.308,0.458,0.258,0.0
FAIL_001474,PAY_009687,CUST_0575,SUB_0575,AUTHENTICATION_FAILED,0.01,0.04,0.324,0.424,0.624,0.0
FAIL_001475,PAY_009690,CUST_0576,SUB_0576,BANK_DECLINED,0.14,0.44,0.224,0.374,0.174,0.0
FAIL_001476,PAY_009691,CUST_0576,SUB_0576,CARD_EXPIRED,0.01,0.01,0.174,0.324,0.774,0.0
FAIL_001477,PAY_009693,CUST_0576,SUB_0576,NETWORK_ERROR,0.79,0.64,0.224,0.274,0.074,0.0
FAIL_001478,PAY_009698,CUST_0576,SUB_0576,INSUFFICIENT_FUNDS,0.14,0.54,0.324,0.424,0.124,0.0
FAIL_001479,PAY_009703,CUST_0576,SUB_0576,BANK_DECLINED,0.14,0.44,0.224,0.374,0.174,0.0
FAIL_001480,PAY_009716,CUST_0576,SUB_0576,CARD_EXPIRED,0.01,0.01,0.174,0.324,0.774,0.0
FAIL_001481,PAY_009718,CUST_0576,SUB_0576,BANK_DECLINED,0.14,0.44,0.224,0.374,0.174,0.0
FAIL_001482,PAY_009722,CUST_0577,SUB_0577,BANK_DECLINED,0.176,0.476,0.146,0.296,0.096,0.0
FAIL_001483,PAY_009732,CUST_0577,SUB_0577,INSUFFICIENT_FUNDS,0.176,0.576,0.246,0.346,0.046,0.0
FAIL_001484,PAY_009751,CUST_0578,SUB_0578,BANK_DECLINED,0.14,0.44,0.224,0.374,0.174,0.0
FAIL_001485,PAY_009756,CUST_0578,SUB_0578,INSUFFICIENT_FUNDS,0.14,0.54,0.324,0.424,0.124,0.0
FAIL_001486,PAY_009757,CUST_0578,SUB_0578,BANK_DECLINED,0.14,0.44,0.224,0.374,0.174,0.0
FAIL_001487,PAY_009764,CUST_0578,SUB_0578,BANK_DECLINED,0.14,0.44,0.224,0.374,0.174,0.0
FAIL_001488,PAY_009766,CUST_0578,SUB_0578,NETWORK_ERROR,0.79,0.64,0.224,0.274,0.074,0.0
FAIL_001489,PAY_009780,CUST_0580,SUB_0580,BANK_DECLINED,0.176,0.476,0.146,0.296,0.096,0.0
FAIL_001490,PAY_009784,CUST_0580,SUB_0580,INSUFFICIENT_FUNDS,0.176,0.576,0.246,0.346,0.046,0.0
FAIL_001491,PAY_009802,CUST_0580,SUB_0580,AUTHENTICATION_FAILED,0.026,0.076,0.246,0.346,0.546,0.0
FAIL_001492,PAY_009805,CUST_0580,SUB_0580,BANK_DECLINED,0.176,0.476,0.146,0.296,0.096,0.0
FAIL_001493,PAY_009811,CUST_0581,SUB_0581,LIMIT_EXCEEDED,0.04,0.19,0.174,0.524,0.324,0.0
FAIL_001494,PAY_009816,CUST_0581,SUB_0581,INSUFFICIENT_FUNDS,0.14,0.54,0.324,0.424,0.124,0.0
FAIL_001495,PAY_009821,CUST_0581,SUB_0581,LIMIT_EXCEEDED,0.04,0.19,0.174,0.524,0.324,0.0
FAIL_001496,PAY_009822,CUST_0581,SUB_0581,LIMIT_EXCEEDED,0.04,0.19,0.174,0.524,0.324,0.0
FAIL_001497,PAY_009823,CUST_0581,SUB_0581,INSUFFICIENT_FUNDS,0.14,0.54,0.324,0.424,0.124,0.0
FAIL_001498,PAY_009824,CUST_0581,SUB_0581,BANK_DECLINED,0.14,0.44,0.224,0.374,0.174,0.0
FAIL_001499,PAY_009825,CUST_0581,SUB_0581,INSUFFICIENT_FUNDS,0.14,0.54,0.324,0.424,0.124,0.0
FAIL_001500,PAY_009826,CUST_0581,SUB_0581,CARD_EXPIRED,0.01,0.01,0.174,0.324,0.774,0.0
FAIL_001501,PAY_009827,CUST_0581,SUB_0581,NETWORK_ERROR,0.79,0.64,0.224,0.274,0.074,0.0
FAIL_001502,PAY_009828,CUST_0581,SUB_0581,LIMIT_EXCEEDED,0.04,0.19,0.174,0.524,0.324,0.0
FAIL_001503,PAY_009830,CUST_0581,SUB_0581,INSUFFICIENT_FUNDS,0.14,0.54,0.324,0.424,0.124,0.0
FAIL_001504,PAY_009840,CUST_0582,SUB_0582,NETWORK_ERROR,0.85,0.7,0.262,0.312,0.112,0.0
FAIL_001505,PAY_009854,CUST_0582,SUB_0582,CARD_EXPIRED,0.05,0.05,0.212,0.362,0.812,0.0
FAIL_001506,PAY_009857,CUST_0582,SUB_0582,INSUFFICIENT_FUNDS,0.2,0.6,0.362,0.462,0.162,0.0
FAIL_001507,PAY_009858,CUST_0582,SUB_0582,INSUFFICIENT_FUNDS,0.2,0.6,0.362,0.462,0.162,0.0
FAIL_001508,PAY_009891,CUST_0585,SUB_0585,AUTHENTICATION_FAILED,0.0676,0.1176,0.4156,0.5456,0.7456,0.0
FAIL_001509,PAY_009900,CUST_0585,SUB_0585,BANK_DECLINED,0.2176,0.5176,0.3156,0.4956,0.2956,0.0
FAIL_001510,PAY_009903,CUST_0585,SUB_0585,BANK_DECLINED,0.2176,0.5176,0.3156,0.4956,0.2956,0.0
FAIL_001511,PAY_009920,CUST_0586,SUB_0586,NETWORK_ERROR,0.826,0.676,0.146,0.196,0.01,0.0
FAIL_001512,PAY_009924,CUST_0586,SUB_0586,NETWORK_ERROR,0.826,0.676,0.146,0.196,0.01,0.0
FAIL_001513,PAY_009962,CUST_0588,SUB_0588,CARD_EXPIRED,0.026,0.026,0.096,0.246,0.696,0.0
FAIL_001514,PAY_009969,CUST_0588,SUB_0588,LIMIT_EXCEEDED,0.076,0.226,0.096,0.446,0.246,0.0
FAIL_001515,PAY_009970,CUST_0588,SUB_0588,BANK_DECLINED,0.176,0.476,0.146,0.296,0.096,0.0
FAIL_001516,PAY_009975,CUST_0589,SUB_0589,CARD_EXPIRED,0.05,0.05,0.212,0.362,0.812,0.0
FAIL_001517,PAY_009979,CUST_0589,SUB_0589,BANK_DECLINED,0.2,0.5,0.262,0.412,0.212,0.0
FAIL_001518,PAY_009986,CUST_0589,SUB_0589,BANK_DECLINED,0.2,0.5,0.262,0.412,0.212,0.0
FAIL_001519,PAY_009996,CUST_0590,SUB_0590,BANK_DECLINED,0.2,0.5,0.262,0.412,0.212,0.0
FAIL_001520,PAY_010006,CUST_0591,SUB_0591,NETWORK_ERROR,0.8676,0.7176,0.3156,0.3956,0.1956,0.0
FAIL_001521,PAY_010021,CUST_0591,SUB_0591,INSUFFICIENT_FUNDS,0.2176,0.6176,0.4156,0.5456,0.2456,0.0
FAIL_001522,PAY_010039,CUST_0593,SUB_0593,INSUFFICIENT_FUNDS,0.2176,0.6176,0.4156,0.5456,0.2456,0.0
FAIL_001523,PAY_010051,CUST_0593,SUB_0593,CARD_EXPIRED,0.0676,0.0676,0.2656,0.4456,0.8956,0.0
FAIL_001524,PAY_010072,CUST_0595,SUB_0595,BANK_DECLINED,0.2176,0.5176,0.3156,0.4956,0.2956,0.0
FAIL_001525,PAY_010075,CUST_0595,SUB_0595,BANK_DECLINED,0.2176,0.5176,0.3156,0.4956,0.2956,0.0
FAIL_001526,PAY_010084,CUST_0595,SUB_0595,NETWORK_ERROR,0.8676,0.7176,0.3156,0.3956,0.1956,0.0
FAIL_001527,PAY_010090,CUST_0595,SUB_0595,INSUFFICIENT_FUNDS,0.2176,0.6176,0.4156,0.5456,0.2456,0.0
FAIL_001528,PAY_010097,CUST_0596,SUB_0596,INSUFFICIENT_FUNDS,0.176,0.576,0.246,0.346,0.046,0.0
FAIL_001529,PAY_010111,CUST_0596,SUB_0596,BANK_DECLINED,0.176,0.476,0.146,0.296,0.096,0.0
FAIL_001530,PAY_010123,CUST_0597,SUB_0597,LIMIT_EXCEEDED,0.1176,0.2676,0.2656,0.6456,0.4456,0.0
FAIL_001531,PAY_010149,CUST_0599,SUB_0599,INSUFFICIENT_FUNDS,0.2,0.6,0.362,0.462,0.162,0.0
FAIL_001532,PAY_010153,CUST_0599,SUB_0599,AUTHENTICATION_FAILED,0.05,0.1,0.362,0.462,0.662,0.0
FAIL_001533,PAY_010162,CUST_0600,SUB_0600,BANK_DECLINED,0.14,0.44,0.224,0.374,0.174,0.0
FAIL_001534,PAY_010163,CUST_0600,SUB_0600,INSUFFICIENT_FUNDS,0.14,0.54,0.324,0.424,0.124,0.0
FAIL_001535,PAY_010173,CUST_0600,SUB_0600,CARD_EXPIRED,0.01,0.01,0.174,0.324,0.774,0.0
FAIL_001536,PAY_010175,CUST_0600,SUB_0600,BANK_DECLINED,0.14,0.44,0.224,0.374,0.174,0.0
FAIL_001537,PAY_010178,CUST_0600,SUB_0600,AUTHENTICATION_FAILED,0.01,0.04,0.324,0.424,0.624,0.0
FAIL_001538,PAY_010218,CUST_0602,SUB_0602,BANK_DECLINED,0.2176,0.5176,0.3156,0.4956,0.2956,0.0
FAIL_001539,PAY_010295,CUST_0608,SUB_0608,INSUFFICIENT_FUNDS,0.2,0.6,0.362,0.462,0.162,0.0
FAIL_001540,PAY_010305,CUST_0608,SUB_0608,NETWORK_ERROR,0.85,0.7,0.262,0.312,0.112,0.0
FAIL_001541,PAY_010311,CUST_0608,SUB_0608,CARD_EXPIRED,0.05,0.05,0.212,0.362,0.812,0.0
FAIL_001542,PAY_010321,CUST_0609,SUB_0609,INSUFFICIENT_FUNDS,0.14,0.54,0.324,0.424,0.124,0.0
FAIL_001543,PAY_010322,CUST_0609,SUB_0609,INSUFFICIENT_FUNDS,0.14,0.54,0.324,0.424,0.124,0.0
FAIL_001544,PAY_010325,CUST_0609,SUB_0609,INSUFFICIENT_FUNDS,0.14,0.54,0.324,0.424,0.124,0.0
FAIL_001545,PAY_010327,CUST_0609,SUB_0609,BANK_DECLINED,0.14,0.44,0.224,0.374,0.174,0.0
FAIL_001546,PAY_010332,CUST_0609,SUB_0609,AUTHENTICATION_FAILED,0.01,0.04,0.324,0.424,0.624,0.0
FAIL_001547,PAY_010337,CUST_0609,SUB_0609,CARD_EXPIRED,0.01,0.01,0.174,0.324,0.774,0.0
FAIL_001548,PAY_010338,CUST_0609,SUB_0609,NETWORK_ERROR,0.79,0.64,0.224,0.274,0.074,0.0
FAIL_001549,PAY_010339,CUST_0609,SUB_0609,AUTHENTICATION_FAILED,0.01,0.04,0.324,0.424,0.624,0.0
FAIL_001550,PAY_010341,CUST_0609,SUB_0609,BANK_DECLINED,0.14,0.44,0.224,0.374,0.174,0.0
FAIL_001551,PAY_010344,CUST_0609,SUB_0609,CARD_EXPIRED,0.01,0.01,0.174,0.324,0.774,0.0
FAIL_001552,PAY_010349,CUST_0610,SUB_0610,BANK_DECLINED,0.2176,0.5176,0.3156,0.4956,0.2956,0.0
FAIL_001553,PAY_010354,CUST_0610,SUB_0610,INSUFFICIENT_FUNDS,0.2176,0.6176,0.4156,0.5456,0.2456,0.0
FAIL_001554,PAY_010356,CUST_0610,SUB_0610,INSUFFICIENT_FUNDS,0.2176,0.6176,0.4156,0.5456,0.2456,0.0
FAIL_001555,PAY_010362,CUST_0610,SUB_0610,INSUFFICIENT_FUNDS,0.2176,0.6176,0.4156,0.5456,0.2456,0.0
FAIL_001556,PAY_010364,CUST_0610,SUB_0610,AUTHENTICATION_FAILED,0.0676,0.1176,0.4156,0.5456,0.7456,0.0
FAIL_001557,PAY_010374,CUST_0610,SUB_0610,INSUFFICIENT_FUNDS,0.2176,0.6176,0.4156,0.5456,0.2456,0.0
FAIL_001558,PAY_010407,CUST_0613,SUB_0613,NETWORK_ERROR,0.896,0.746,0.308,0.358,0.158,0.0
FAIL_001559,PAY_010424,CUST_0613,SUB_0613,BANK_DECLINED,0.246,0.546,0.308,0.458,0.258,0.0
FAIL_001560,PAY_010455,CUST_0617,SUB_0617,CARD_EXPIRED,0.05,0.05,0.212,0.362,0.812,0.0
FAIL_001561,PAY_010456,CUST_0617,SUB_0617,BANK_DECLINED,0.2,0.5,0.262,0.412,0.212,0.0
FAIL_001562,PAY_010458,CUST_0617,SUB_0617,NETWORK_ERROR,0.85,0.7,0.262,0.312,0.112,0.0
FAIL_001563,PAY_010464,CUST_0617,SUB_0617,INSUFFICIENT_FUNDS,0.2,0.6,0.362,0.462,0.162,0.0
FAIL_001564,PAY_010470,CUST_0617,SUB_0617,INSUFFICIENT_FUNDS,0.2,0.6,0.362,0.462,0.162,0.0
FAIL_001565,PAY_010471,CUST_0617,SUB_0617,LIMIT_EXCEEDED,0.1,0.25,0.212,0.562,0.362,0.0
FAIL_001566,PAY_010516,CUST_0623,SUB_0623,NETWORK_ERROR,0.79,0.64,0.224,0.274,0.074,0.0
FAIL_001567,PAY_010518,CUST_0623,SUB_0623,BANK_DECLINED,0.14,0.44,0.224,0.374,0.174,0.0
FAIL_001568,PAY_010519,CUST_0623,SUB_0623,NETWORK_ERROR,0.79,0.64,0.224,0.274,0.074,0.0
FAIL_001569,PAY_010520,CUST_0623,SUB_0623,CARD_EXPIRED,0.01,0.01,0.174,0.324,0.774,0.0
FAIL_001570,PAY_010522,CUST_0623,SUB_0623,INSUFFICIENT_FUNDS,0.14,0.54,0.324,0.424,0.124,0.0
FAIL_001571,PAY_010528,CUST_0623,SUB_0623,LIMIT_EXCEEDED,0.04,0.19,0.174,0.524,0.324,0.0
FAIL_001572,PAY_010530,CUST_0623,SUB_0623,BANK_DECLINED,0.14,0.44,0.224,0.374,0.174,0.0
FAIL_001573,PAY_010531,CUST_0623,SUB_0623,BANK_DECLINED,0.14,0.44,0.224,0.374,0.174,0.0
FAIL_001574,PAY_010534,CUST_0623,SUB_0623,NETWORK_ERROR,0.79,0.64,0.224,0.274,0.074,0.0
FAIL_001575,PAY_010535,CUST_0623,SUB_0623,INSUFFICIENT_FUNDS,0.14,0.54,0.324,0.424,0.124,0.0
FAIL_001576,PAY_010538,CUST_0624,SUB_0624,AUTHENTICATION_FAILED,0.096,0.146,0.408,0.508,0.708,0.0
FAIL_001577,PAY_010557,CUST_0625,SUB_0625,NETWORK_ERROR,0.79,0.64,0.224,0.274,0.074,0.0
FAIL_001578,PAY_010560,CUST_0625,SUB_0625,BANK_DECLINED,0.14,0.44,0.224,0.374,0.174,0.0
FAIL_001579,PAY_010563,CUST_0625,SUB_0625,INSUFFICIENT_FUNDS,0.14,0.54,0.324,0.424,0.124,0.0
FAIL_001580,PAY_010564,CUST_0625,SUB_0625,LIMIT_EXCEEDED,0.04,0.19,0.174,0.524,0.324,0.0
FAIL_001581,PAY_010578,CUST_0625,SUB_0625,BANK_DECLINED,0.14,0.44,0.224,0.374,0.174,0.0
FAIL_001582,PAY_010581,CUST_0626,SUB_0626,AUTHENTICATION_FAILED,0.026,0.076,0.246,0.346,0.546,0.0
FAIL_001583,PAY_010591,CUST_0626,SUB_0626,INSUFFICIENT_FUNDS,0.176,0.576,0.246,0.346,0.046,0.0
FAIL_001584,PAY_010598,CUST_0626,SUB_0626,INSUFFICIENT_FUNDS,0.176,0.576,0.246,0.346,0.046,0.0
FAIL_001585,PAY_010599,CUST_0626,SUB_0626,INSUFFICIENT_FUNDS,0.176,0.576,0.246,0.346,0.046,0.0
FAIL_001586,PAY_010602,CUST_0626,SUB_0626,INSUFFICIENT_FUNDS,0.176,0.576,0.246,0.346,0.046,0.0
FAIL_001587,PAY_010608,CUST_0626,SUB_0626,BANK_DECLINED,0.176,0.476,0.146,0.296,0.096,0.0
FAIL_001588,PAY_010611,CUST_0627,SUB_0627,NETWORK_ERROR,0.79,0.64,0.224,0.274,0.074,0.0
FAIL_001589,PAY_010620,CUST_0627,SUB_0627,INSUFFICIENT_FUNDS,0.14,0.54,0.324,0.424,0.124,0.0
FAIL_001590,PAY_010621,CUST_0627,SUB_0627,AUTHENTICATION_FAILED,0.01,0.04,0.324,0.424,0.624,0.0
FAIL_001591,PAY_010622,CUST_0627,SUB_0627,AUTHENTICATION_FAILED,0.01,0.04,0.324,0.424,0.624,0.0
FAIL_001592,PAY_010625,CUST_0627,SUB_0627,CARD_EXPIRED,0.01,0.01,0.174,0.324,0.774,0.0
FAIL_001593,PAY_010627,CUST_0627,SUB_0627,INSUFFICIENT_FUNDS,0.14,0.54,0.324,0.424,0.124,0.0
FAIL_001594,PAY_010629,CUST_0627,SUB_0627,BANK_DECLINED,0.14,0.44,0.224,0.374,0.174,0.0
FAIL_001595,PAY_010630,CUST_0627,SUB_0627,BANK_DECLINED,0.14,0.44,0.224,0.374,0.174,0.0
FAIL_001596,PAY_010633,CUST_0627,SUB_0627,INSUFFICIENT_FUNDS,0.14,0.54,0.324,0.424,0.124,0.0
FAIL_001597,PAY_010635,CUST_0627,SUB_0627,INSUFFICIENT_FUNDS,0.14,0.54,0.324,0.424,0.124,0.0
FAIL_001598,PAY_010637,CUST_0627,SUB_0627,BANK_DECLINED,0.14,0.44,0.224,0.374,0.174,0.0
FAIL_001599,PAY_010640,CUST_0627,SUB_0627,BANK_DECLINED,0.14,0.44,0.224,0.374,0.174,0.0
FAIL_001600,PAY_010652,CUST_0628,SUB_0628,INSUFFICIENT_FUNDS,0.2,0.6,0.362,0.462,0.162,0.0
FAIL_001601,PAY_010666,CUST_0628,SUB_0628,LIMIT_EXCEEDED,0.1,0.25,0.212,0.562,0.362,0.0
FAIL_001602,PAY_010667,CUST_0628,SUB_0628,INSUFFICIENT_FUNDS,0.2,0.6,0.362,0.462,0.162,0.0
FAIL_001603,PAY_010677,CUST_0629,SUB_0629,NETWORK_ERROR,0.8676,0.7176,0.3156,0.3956,0.1956,0.0
FAIL_001604,PAY_010690,CUST_0629,SUB_0629,CARD_EXPIRED,0.0676,0.0676,0.2656,0.4456,0.8956,0.0
FAIL_001605,PAY_010707,CUST_0631,SUB_0631,NETWORK_ERROR,0.826,0.676,0.146,0.196,0.01,0.0
FAIL_001606,PAY_010709,CUST_0631,SUB_0631,AUTHENTICATION_FAILED,0.026,0.076,0.246,0.346,0.546,0.0
FAIL_001607,PAY_010711,CUST_0631,SUB_0631,NETWORK_ERROR,0.826,0.676,0.146,0.196,0.01,0.0
FAIL_001608,PAY_010714,CUST_0631,SUB_0631,AUTHENTICATION_FAILED,0.026,0.076,0.246,0.346,0.546,0.0
FAIL_001609,PAY_010715,CUST_0631,SUB_0631,INSUFFICIENT_FUNDS,0.176,0.576,0.246,0.346,0.046,0.0
FAIL_001610,PAY_010719,CUST_0631,SUB_0631,INSUFFICIENT_FUNDS,0.176,0.576,0.246,0.346,0.046,0.0
FAIL_001611,PAY_010720,CUST_0631,SUB_0631,CARD_EXPIRED,0.026,0.026,0.096,0.246,0.696,0.0
FAIL_001612,PAY_010747,CUST_0633,SUB_0633,NETWORK_ERROR,0.826,0.676,0.146,0.196,0.01,0.0
FAIL_001613,PAY_010748,CUST_0633,SUB_0633,CARD_EXPIRED,0.026,0.026,0.096,0.246,0.696,0.0
FAIL_001614,PAY_010751,CUST_0633,SUB_0633,CARD_EXPIRED,0.026,0.026,0.096,0.246,0.696,0.0
FAIL_001615,PAY_010752,CUST_0633,SUB_0633,BANK_DECLINED,0.176,0.476,0.146,0.296,0.096,0.0
FAIL_001616,PAY_010759,CUST_0633,SUB_0633,CARD_EXPIRED,0.026,0.026,0.096,0.246,0.696,0.0
FAIL_001617,PAY_010760,CUST_0633,SUB_0633,BANK_DECLINED,0.176,0.476,0.146,0.296,0.096,0.0
FAIL_001618,PAY_010763,CUST_0634,SUB_0634,NETWORK_ERROR,0.85,0.7,0.262,0.312,0.112,0.0
FAIL_001619,PAY_010764,CUST_0634,SUB_0634,INSUFFICIENT_FUNDS,0.2,0.6,0.362,0.462,0.162,0.0
FAIL_001620,PAY_010785,CUST_0635,SUB_0635,LIMIT_EXCEEDED,0.1176,0.2676,0.2656,0.6456,0.4456,0.0
FAIL_001621,PAY_010789,CUST_0635,SUB_0635,BANK_DECLINED,0.2176,0.5176,0.3156,0.4956,0.2956,0.0
FAIL_001622,PAY_010798,CUST_0636,SUB_0636,CARD_EXPIRED,0.01,0.01,0.174,0.324,0.774,0.0
FAIL_001623,PAY_010800,CUST_0636,SUB_0636,NETWORK_ERROR,0.79,0.64,0.224,0.274,0.074,0.0
FAIL_001624,PAY_010801,CUST_0636,SUB_0636,INSUFFICIENT_FUNDS,0.14,0.54,0.324,0.424,0.124,0.0
FAIL_001625,PAY_010804,CUST_0636,SUB_0636,INSUFFICIENT_FUNDS,0.14,0.54,0.324,0.424,0.124,0.0
FAIL_001626,PAY_010806,CUST_0636,SUB_0636,INSUFFICIENT_FUNDS,0.14,0.54,0.324,0.424,0.124,0.0
FAIL_001627,PAY_010809,CUST_0636,SUB_0636,BANK_DECLINED,0.14,0.44,0.224,0.374,0.174,0.0
FAIL_001628,PAY_010810,CUST_0636,SUB_0636,BANK_DECLINED,0.14,0.44,0.224,0.374,0.174,0.0
FAIL_001629,PAY_010812,CUST_0636,SUB_0636,INSUFFICIENT_FUNDS,0.14,0.54,0.324,0.424,0.124,0.0
FAIL_001630,PAY_010814,CUST_0636,SUB_0636,BANK_DECLINED,0.14,0.44,0.224,0.374,0.174,0.0
FAIL_001631,PAY_010815,CUST_0636,SUB_0636,INSUFFICIENT_FUNDS,0.14,0.54,0.324,0.424,0.124,0.0
FAIL_001632,PAY_010817,CUST_0636,SUB_0636,NETWORK_ERROR,0.79,0.64,0.224,0.274,0.074,0.0
FAIL_001633,PAY_010818,CUST_0636,SUB_0636,NETWORK_ERROR,0.79,0.64,0.224,0.274,0.074,0.0
FAIL_001634,PAY_010819,CUST_0636,SUB_0636,CARD_EXPIRED,0.01,0.01,0.174,0.324,0.774,0.0
FAIL_001635,PAY_010820,CUST_0636,SUB_0636,LIMIT_EXCEEDED,0.04,0.19,0.174,0.524,0.324,0.0
FAIL_001636,PAY_010822,CUST_0636,SUB_0636,INSUFFICIENT_FUNDS,0.14,0.54,0.324,0.424,0.124,0.0
FAIL_001637,PAY_010851,CUST_0638,SUB_0638,INSUFFICIENT_FUNDS,0.14,0.54,0.324,0.424,0.124,0.0
FAIL_001638,PAY_010859,CUST_0638,SUB_0638,BANK_DECLINED,0.14,0.44,0.224,0.374,0.174,0.0
FAIL_001639,PAY_010861,CUST_0638,SUB_0638,INSUFFICIENT_FUNDS,0.14,0.54,0.324,0.424,0.124,0.0
FAIL_001640,PAY_010866,CUST_0639,SUB_0639,BANK_DECLINED,0.176,0.476,0.146,0.296,0.096,0.0
FAIL_001641,PAY_010872,CUST_0640,SUB_0640,INSUFFICIENT_FUNDS,0.14,0.54,0.324,0.424,0.124,0.0
FAIL_001642,PAY_010875,CUST_0640,SUB_0640,INSUFFICIENT_FUNDS,0.14,0.54,0.324,0.424,0.124,0.0
FAIL_001643,PAY_010878,CUST_0640,SUB_0640,INSUFFICIENT_FUNDS,0.14,0.54,0.324,0.424,0.124,0.0
FAIL_001644,PAY_010880,CUST_0640,SUB_0640,INSUFFICIENT_FUNDS,0.14,0.54,0.324,0.424,0.124,0.0
FAIL_001645,PAY_010882,CUST_0640,SUB_0640,INSUFFICIENT_FUNDS,0.14,0.54,0.324,0.424,0.124,0.0
FAIL_001646,PAY_010883,CUST_0640,SUB_0640,BANK_DECLINED,0.14,0.44,0.224,0.374,0.174,0.0
FAIL_001647,PAY_010885,CUST_0640,SUB_0640,INSUFFICIENT_FUNDS,0.14,0.54,0.324,0.424,0.124,0.0
FAIL_001648,PAY_010887,CUST_0640,SUB_0640,CARD_EXPIRED,0.01,0.01,0.174,0.324,0.774,0.0
FAIL_001649,PAY_010889,CUST_0640,SUB_0640,INSUFFICIENT_FUNDS,0.14,0.54,0.324,0.424,0.124,0.0
FAIL_001650,PAY_010891,CUST_0640,SUB_0640,INSUFFICIENT_FUNDS,0.14,0.54,0.324,0.424,0.124,0.0
FAIL_001651,PAY_010892,CUST_0640,SUB_0640,BANK_DECLINED,0.14,0.44,0.224,0.374,0.174,0.0
FAIL_001652,PAY_010894,CUST_0640,SUB_0640,INSUFFICIENT_FUNDS,0.14,0.54,0.324,0.424,0.124,0.0
FAIL_001653,PAY_010896,CUST_0640,SUB_0640,NETWORK_ERROR,0.79,0.64,0.224,0.274,0.074,0.0
FAIL_001654,PAY_010897,CUST_0640,SUB_0640,BANK_DECLINED,0.14,0.44,0.224,0.374,0.174,0.0
FAIL_001655,PAY_010899,CUST_0640,SUB_0640,BANK_DECLINED,0.14,0.44,0.224,0.374,0.174,0.0
FAIL_001656,PAY_010914,CUST_0641,SUB_0641,BANK_DECLINED,0.176,0.476,0.146,0.296,0.096,0.0
FAIL_001657,PAY_010936,CUST_0642,SUB_0642,INSUFFICIENT_FUNDS,0.246,0.646,0.408,0.508,0.208,0.0
FAIL_001658,PAY_010942,CUST_0643,SUB_0643,INSUFFICIENT_FUNDS,0.2,0.6,0.362,0.462,0.162,0.0
FAIL_001659,PAY_010943,CUST_0643,SUB_0643,LIMIT_EXCEEDED,0.1,0.25,0.212,0.562,0.362,0.0
FAIL_001660,PAY_010947,CUST_0643,SUB_0643,BANK_DECLINED,0.2,0.5,0.262,0.412,0.212,0.0
FAIL_001661,PAY_010948,CUST_0643,SUB_0643,LIMIT_EXCEEDED,0.1,0.25,0.212,0.562,0.362,0.0
FAIL_001662,PAY_010949,CUST_0644,SUB_0644,INSUFFICIENT_FUNDS,0.176,0.576,0.246,0.346,0.046,0.0
FAIL_001663,PAY_010950,CUST_0644,SUB_0644,BANK_DECLINED,0.176,0.476,0.146,0.296,0.096,0.0
FAIL_001664,PAY_010952,CUST_0644,SUB_0644,INSUFFICIENT_FUNDS,0.176,0.576,0.246,0.346,0.046,0.0
FAIL_001665,PAY_010956,CUST_0644,SUB_0644,BANK_DECLINED,0.176,0.476,0.146,0.296,0.096,0.0
FAIL_001666,PAY_010957,CUST_0644,SUB_0644,AUTHENTICATION_FAILED,0.026,0.076,0.246,0.346,0.546,0.0
FAIL_001667,PAY_010965,CUST_0644,SUB_0644,CARD_EXPIRED,0.026,0.026,0.096,0.246,0.696,0.0
FAIL_001668,PAY_010992,CUST_0646,SUB_0646,BANK_DECLINED,0.176,0.476,0.146,0.296,0.096,0.0
FAIL_001669,PAY_010993,CUST_0646,SUB_0646,NETWORK_ERROR,0.826,0.676,0.146,0.196,0.01,0.0
FAIL_001670,PAY_010994,CUST_0646,SUB_0646,AUTHENTICATION_FAILED,0.026,0.076,0.246,0.346,0.546,0.0
FAIL_001671,PAY_010996,CUST_0646,SUB_0646,BANK_DECLINED,0.176,0.476,0.146,0.296,0.096,0.0
FAIL_001672,PAY_010997,CUST_0646,SUB_0646,AUTHENTICATION_FAILED,0.026,0.076,0.246,0.346,0.546,0.0
FAIL_001673,PAY_011001,CUST_0647,SUB_0647,NETWORK_ERROR,0.79,0.64,0.224,0.274,0.074,0.0
FAIL_001674,PAY_011004,CUST_0647,SUB_0647,NETWORK_ERROR,0.79,0.64,0.224,0.274,0.074,0.0
FAIL_001675,PAY_011006,CUST_0647,SUB_0647,INSUFFICIENT_FUNDS,0.14,0.54,0.324,0.424,0.124,0.0
FAIL_001676,PAY_011007,CUST_0647,SUB_0647,BANK_DECLINED,0.14,0.44,0.224,0.374,0.174,0.0
FAIL_001677,PAY_011008,CUST_0647,SUB_0647,BANK_DECLINED,0.14,0.44,0.224,0.374,0.174,0.0
FAIL_001678,PAY_011014,CUST_0647,SUB_0647,INSUFFICIENT_FUNDS,0.14,0.54,0.324,0.424,0.124,0.0
FAIL_001679,PAY_011018,CUST_0647,SUB_0647,BANK_DECLINED,0.14,0.44,0.224,0.374,0.174,0.0
FAIL_001680,PAY_011020,CUST_0647,SUB_0647,INSUFFICIENT_FUNDS,0.14,0.54,0.324,0.424,0.124,0.0
FAIL_001681,PAY_011023,CUST_0647,SUB_0647,BANK_DECLINED,0.14,0.44,0.224,0.374,0.174,0.0
FAIL_001682,PAY_011024,CUST_0647,SUB_0647,NETWORK_ERROR,0.79,0.64,0.224,0.274,0.074,0.0
FAIL_001683,PAY_011027,CUST_0647,SUB_0647,INSUFFICIENT_FUNDS,0.14,0.54,0.324,0.424,0.124,0.0
FAIL_001684,PAY_011029,CUST_0647,SUB_0647,LIMIT_EXCEEDED,0.04,0.19,0.174,0.524,0.324,0.0
FAIL_001685,PAY_011037,CUST_0648,SUB_0648,CARD_EXPIRED,0.026,0.026,0.096,0.246,0.696,0.0
FAIL_001686,PAY_011052,CUST_0649,SUB_0649,INSUFFICIENT_FUNDS,0.246,0.646,0.408,0.508,0.208,0.0
FAIL_001687,PAY_011069,CUST_0650,SUB_0650,LIMIT_EXCEEDED,0.04,0.19,0.174,0.524,0.324,0.0
FAIL_001688,PAY_011070,CUST_0650,SUB_0650,BANK_DECLINED,0.14,0.44,0.224,0.374,0.174,0.0
FAIL_001689,PAY_011074,CUST_0650,SUB_0650,CARD_EXPIRED,0.01,0.01,0.174,0.324,0.774,0.0
FAIL_001690,PAY_011075,CUST_0650,SUB_0650,INSUFFICIENT_FUNDS,0.14,0.54,0.324,0.424,0.124,0.0
FAIL_001691,PAY_011080,CUST_0650,SUB_0650,AUTHENTICATION_FAILED,0.01,0.04,0.324,0.424,0.624,0.0
FAIL_001692,PAY_011081,CUST_0650,SUB_0650,NETWORK_ERROR,0.79,0.64,0.224,0.274,0.074,0.0
FAIL_001693,PAY_011084,CUST_0650,SUB_0650,INSUFFICIENT_FUNDS,0.14,0.54,0.324,0.424,0.124,0.0
FAIL_001694,PAY_011088,CUST_0650,SUB_0650,BANK_DECLINED,0.14,0.44,0.224,0.374,0.174,0.0
FAIL_001695,PAY_011089,CUST_0650,SUB_0650,BANK_DECLINED,0.14,0.44,0.224,0.374,0.174,0.0
FAIL_001696,PAY_011092,CUST_0650,SUB_0650,INSUFFICIENT_FUNDS,0.14,0.54,0.324,0.424,0.124,0.0
FAIL_001697,PAY_011095,CUST_0651,SUB_0651,INSUFFICIENT_FUNDS,0.2,0.6,0.362,0.462,0.162,0.0
FAIL_001698,PAY_011096,CUST_0651,SUB_0651,INSUFFICIENT_FUNDS,0.2,0.6,0.362,0.462,0.162,0.0
FAIL_001699,PAY_011103,CUST_0652,SUB_0652,BANK_DECLINED,0.14,0.44,0.224,0.374,0.174,0.0
FAIL_001700,PAY_011104,CUST_0652,SUB_0652,BANK_DECLINED,0.14,0.44,0.224,0.374,0.174,0.0
FAIL_001701,PAY_011116,CUST_0654,SUB_0654,NETWORK_ERROR,0.8676,0.7176,0.3156,0.3956,0.1956,0.0
FAIL_001702,PAY_011145,CUST_0657,SUB_0657,BANK_DECLINED,0.246,0.546,0.308,0.458,0.258,0.0
FAIL_001703,PAY_011188,CUST_0659,SUB_0659,INSUFFICIENT_FUNDS,0.14,0.54,0.324,0.424,0.124,0.0
FAIL_001704,PAY_011192,CUST_0659,SUB_0659,BANK_DECLINED,0.14,0.44,0.224,0.374,0.174,0.0
FAIL_001705,PAY_011195,CUST_0659,SUB_0659,INSUFFICIENT_FUNDS,0.14,0.54,0.324,0.424,0.124,0.0
FAIL_001706,PAY_011198,CUST_0659,SUB_0659,LIMIT_EXCEEDED,0.04,0.19,0.174,0.524,0.324,0.0
FAIL_001707,PAY_011202,CUST_0659,SUB_0659,NETWORK_ERROR,0.79,0.64,0.224,0.274,0.074,0.0
FAIL_001708,PAY_011203,CUST_0659,SUB_0659,INSUFFICIENT_FUNDS,0.14,0.54,0.324,0.424,0.124,0.0
FAIL_001709,PAY_011206,CUST_0659,SUB_0659,INSUFFICIENT_FUNDS,0.14,0.54,0.324,0.424,0.124,0.0
FAIL_001710,PAY_011212,CUST_0660,SUB_0660,CARD_EXPIRED,0.05,0.05,0.212,0.362,0.812,0.0
FAIL_001711,PAY_011213,CUST_0660,SUB_0660,BANK_DECLINED,0.2,0.5,0.262,0.412,0.212,0.0
FAIL_001712,PAY_011218,CUST_0660,SUB_0660,NETWORK_ERROR,0.85,0.7,0.262,0.312,0.112,0.0
FAIL_001713,PAY_011223,CUST_0660,SUB_0660,INSUFFICIENT_FUNDS,0.2,0.6,0.362,0.462,0.162,0.0
FAIL_001714,PAY_011230,CUST_0661,SUB_0661,CARD_EXPIRED,0.05,0.05,0.212,0.362,0.812,0.0
FAIL_001715,PAY_011233,CUST_0661,SUB_0661,BANK_DECLINED,0.2,0.5,0.262,0.412,0.212,0.0
FAIL_001716,PAY_011239,CUST_0661,SUB_0661,NETWORK_ERROR,0.85,0.7,0.262,0.312,0.112,0.0
FAIL_001717,PAY_011242,CUST_0661,SUB_0661,LIMIT_EXCEEDED,0.1,0.25,0.212,0.562,0.362,0.0
FAIL_001718,PAY_011268,CUST_0662,SUB_0662,NETWORK_ERROR,0.8676,0.7176,0.3156,0.3956,0.1956,0.0
FAIL_001719,PAY_011270,CUST_0662,SUB_0662,AUTHENTICATION_FAILED,0.0676,0.1176,0.4156,0.5456,0.7456,0.0
FAIL_001720,PAY_011278,CUST_0663,SUB_0663,NETWORK_ERROR,0.85,0.7,0.262,0.312,0.112,0.0
FAIL_001721,PAY_011283,CUST_0663,SUB_0663,NETWORK_ERROR,0.85,0.7,0.262,0.312,0.112,0.0
FAIL_001722,PAY_011314,CUST_0665,SUB_0665,INSUFFICIENT_FUNDS,0.176,0.576,0.246,0.346,0.046,0.0
FAIL_001723,PAY_011315,CUST_0665,SUB_0665,BANK_DECLINED,0.176,0.476,0.146,0.296,0.096,0.0
FAIL_001724,PAY_011318,CUST_0665,SUB_0665,LIMIT_EXCEEDED,0.076,0.226,0.096,0.446,0.246,0.0
FAIL_001725,PAY_011320,CUST_0665,SUB_0665,CARD_EXPIRED,0.026,0.026,0.096,0.246,0.696,0.0
FAIL_001726,PAY_011326,CUST_0666,SUB_0666,NETWORK_ERROR,0.79,0.64,0.224,0.274,0.074,0.0
FAIL_001727,PAY_011327,CUST_0666,SUB_0666,BANK_DECLINED,0.14,0.44,0.224,0.374,0.174,0.0
FAIL_001728,PAY_011330,CUST_0666,SUB_0666,NETWORK_ERROR,0.79,0.64,0.224,0.274,0.074,0.0
FAIL_001729,PAY_011337,CUST_0666,SUB_0666,BANK_DECLINED,0.14,0.44,0.224,0.374,0.174,0.0
FAIL_001730,PAY_011343,CUST_0666,SUB_0666,INSUFFICIENT_FUNDS,0.14,0.54,0.324,0.424,0.124,0.0
FAIL_001731,PAY_011344,CUST_0666,SUB_0666,BANK_DECLINED,0.14,0.44,0.224,0.374,0.174,0.0
FAIL_001732,PAY_011352,CUST_0667,SUB_0667,NETWORK_ERROR,0.826,0.676,0.146,0.196,0.01,0.0
FAIL_001733,PAY_011356,CUST_0668,SUB_0668,CARD_EXPIRED,0.096,0.096,0.258,0.408,0.858,0.0
FAIL_001734,PAY_011398,CUST_0670,SUB_0670,INSUFFICIENT_FUNDS,0.2,0.6,0.362,0.462,0.162,0.0
FAIL_001735,PAY_011399,CUST_0670,SUB_0670,NETWORK_ERROR,0.85,0.7,0.262,0.312,0.112,0.0
FAIL_001736,PAY_011417,CUST_0671,SUB_0671,INSUFFICIENT_FUNDS,0.2,0.6,0.362,0.462,0.162,0.0
FAIL_001737,PAY_011439,CUST_0672,SUB_0672,LIMIT_EXCEEDED,0.1,0.25,0.212,0.562,0.362,0.0
FAIL_001738,PAY_011448,CUST_0673,SUB_0673,INSUFFICIENT_FUNDS,0.2176,0.6176,0.4156,0.5456,0.2456,0.0
FAIL_001739,PAY_011460,CUST_0675,SUB_0675,INSUFFICIENT_FUNDS,0.14,0.54,0.324,0.424,0.124,0.0
FAIL_001740,PAY_011461,CUST_0675,SUB_0675,INSUFFICIENT_FUNDS,0.14,0.54,0.324,0.424,0.124,0.0
FAIL_001741,PAY_011464,CUST_0675,SUB_0675,INSUFFICIENT_FUNDS,0.14,0.54,0.324,0.424,0.124,0.0
FAIL_001742,PAY_011470,CUST_0675,SUB_0675,NETWORK_ERROR,0.79,0.64,0.224,0.274,0.074,0.0
FAIL_001743,PAY_011472,CUST_0675,SUB_0675,BANK_DECLINED,0.14,0.44,0.224,0.374,0.174,0.0
FAIL_001744,PAY_011475,CUST_0675,SUB_0675,NETWORK_ERROR,0.79,0.64,0.224,0.274,0.074,0.0
FAIL_001745,PAY_011476,CUST_0675,SUB_0675,AUTHENTICATION_FAILED,0.01,0.04,0.324,0.424,0.624,0.0
FAIL_001746,PAY_011483,CUST_0675,SUB_0675,CARD_EXPIRED,0.01,0.01,0.174,0.324,0.774,0.0
FAIL_001747,PAY_011484,CUST_0675,SUB_0675,NETWORK_ERROR,0.79,0.64,0.224,0.274,0.074,0.0
FAIL_001748,PAY_011489,CUST_0676,SUB_0676,INSUFFICIENT_FUNDS,0.176,0.576,0.246,0.346,0.046,0.0
FAIL_001749,PAY_011492,CUST_0676,SUB_0676,INSUFFICIENT_FUNDS,0.176,0.576,0.246,0.346,0.046,0.0
FAIL_001750,PAY_011493,CUST_0676,SUB_0676,INSUFFICIENT_FUNDS,0.176,0.576,0.246,0.346,0.046,0.0
FAIL_001751,PAY_011498,CUST_0676,SUB_0676,BANK_DECLINED,0.176,0.476,0.146,0.296,0.096,0.0
FAIL_001752,PAY_011500,CUST_0676,SUB_0676,CARD_EXPIRED,0.026,0.026,0.096,0.246,0.696,0.0
FAIL_001753,PAY_011512,CUST_0676,SUB_0676,NETWORK_ERROR,0.826,0.676,0.146,0.196,0.01,0.0
FAIL_001754,PAY_011515,CUST_0676,SUB_0676,BANK_DECLINED,0.176,0.476,0.146,0.296,0.096,0.0
FAIL_001755,PAY_011530,CUST_0679,SUB_0679,INSUFFICIENT_FUNDS,0.2,0.6,0.362,0.462,0.162,0.0
FAIL_001756,PAY_011537,CUST_0679,SUB_0679,AUTHENTICATION_FAILED,0.05,0.1,0.362,0.462,0.662,0.0
FAIL_001757,PAY_011541,CUST_0679,SUB_0679,INSUFFICIENT_FUNDS,0.2,0.6,0.362,0.462,0.162,0.0
FAIL_001758,PAY_011550,CUST_0679,SUB_0679,BANK_DECLINED,0.2,0.5,0.262,0.412,0.212,0.0
FAIL_001759,PAY_011564,CUST_0680,SUB_0680,NETWORK_ERROR,0.79,0.64,0.224,0.274,0.074,0.0
FAIL_001760,PAY_011569,CUST_0680,SUB_0680,NETWORK_ERROR,0.79,0.64,0.224,0.274,0.074,0.0
FAIL_001761,PAY_011571,CUST_0680,SUB_0680,BANK_DECLINED,0.14,0.44,0.224,0.374,0.174,0.0
FAIL_001762,PAY_011572,CUST_0680,SUB_0680,NETWORK_ERROR,0.79,0.64,0.224,0.274,0.074,0.0
FAIL_001763,PAY_011574,CUST_0680,SUB_0680,BANK_DECLINED,0.14,0.44,0.224,0.374,0.174,0.0
FAIL_001764,PAY_011575,CUST_0680,SUB_0680,INSUFFICIENT_FUNDS,0.14,0.54,0.324,0.424,0.124,0.0
FAIL_001765,PAY_011577,CUST_0680,SUB_0680,INSUFFICIENT_FUNDS,0.14,0.54,0.324,0.424,0.124,0.0
FAIL_001766,PAY_011582,CUST_0680,SUB_0680,BANK_DECLINED,0.14,0.44,0.224,0.374,0.174,0.0
FAIL_001767,PAY_011583,CUST_0680,SUB_0680,INSUFFICIENT_FUNDS,0.14,0.54,0.324,0.424,0.124,0.0
FAIL_001768,PAY_011606,CUST_0682,SUB_0682,LIMIT_EXCEEDED,0.1176,0.2676,0.2656,0.6456,0.4456,0.0
FAIL_001769,PAY_011614,CUST_0682,SUB_0682,BANK_DECLINED,0.2176,0.5176,0.3156,0.4956,0.2956,0.0
FAIL_001770,PAY_011669,CUST_0685,SUB_0685,INSUFFICIENT_FUNDS,0.176,0.576,0.246,0.346,0.046,0.0
FAIL_001771,PAY_011684,CUST_0686,SUB_0686,INSUFFICIENT_FUNDS,0.14,0.54,0.324,0.424,0.124,0.0
FAIL_001772,PAY_011694,CUST_0686,SUB_0686,NETWORK_ERROR,0.79,0.64,0.224,0.274,0.074,0.0
FAIL_001773,PAY_011695,CUST_0686,SUB_0686,INSUFFICIENT_FUNDS,0.14,0.54,0.324,0.424,0.124,0.0
FAIL_001774,PAY_011701,CUST_0687,SUB_0687,INSUFFICIENT_FUNDS,0.2,0.6,0.362,0.462,0.162,0.0
FAIL_001775,PAY_011703,CUST_0687,SUB_0687,LIMIT_EXCEEDED,0.1,0.25,0.212,0.562,0.362,0.0
FAIL_001776,PAY_011705,CUST_0687,SUB_0687,CARD_EXPIRED,0.05,0.05,0.212,0.362,0.812,0.0
FAIL_001777,PAY_011706,CUST_0687,SUB_0687,INSUFFICIENT_FUNDS,0.2,0.6,0.362,0.462,0.162,0.0
FAIL_001778,PAY_011708,CUST_0687,SUB_0687,INSUFFICIENT_FUNDS,0.2,0.6,0.362,0.462,0.162,0.0
FAIL_001779,PAY_011710,CUST_0687,SUB_0687,NETWORK_ERROR,0.85,0.7,0.262,0.312,0.112,0.0
FAIL_001780,PAY_011715,CUST_0687,SUB_0687,BANK_DECLINED,0.2,0.5,0.262,0.412,0.212,0.0
FAIL_001781,PAY_011724,CUST_0687,SUB_0687,LIMIT_EXCEEDED,0.1,0.25,0.212,0.562,0.362,0.0
FAIL_001782,PAY_011725,CUST_0687,SUB_0687,CARD_EXPIRED,0.05,0.05,0.212,0.362,0.812,0.0
FAIL_001783,PAY_011727,CUST_0687,SUB_0687,LIMIT_EXCEEDED,0.1,0.25,0.212,0.562,0.362,0.0
FAIL_001784,PAY_011728,CUST_0687,SUB_0687,CARD_EXPIRED,0.05,0.05,0.212,0.362,0.812,0.0
FAIL_001785,PAY_011734,CUST_0688,SUB_0688,INSUFFICIENT_FUNDS,0.14,0.54,0.324,0.424,0.124,0.0
FAIL_001786,PAY_011735,CUST_0688,SUB_0688,INSUFFICIENT_FUNDS,0.14,0.54,0.324,0.424,0.124,0.0
FAIL_001787,PAY_011737,CUST_0688,SUB_0688,NETWORK_ERROR,0.79,0.64,0.224,0.274,0.074,0.0
FAIL_001788,PAY_011739,CUST_0688,SUB_0688,INSUFFICIENT_FUNDS,0.14,0.54,0.324,0.424,0.124,0.0
FAIL_001789,PAY_011762,CUST_0689,SUB_0689,BANK_DECLINED,0.246,0.546,0.308,0.458,0.258,0.0
FAIL_001790,PAY_011765,CUST_0689,SUB_0689,INSUFFICIENT_FUNDS,0.246,0.646,0.408,0.508,0.208,0.0
FAIL_001791,PAY_011781,CUST_0690,SUB_0690,BANK_DECLINED,0.2,0.5,0.262,0.412,0.212,0.0
FAIL_001792,PAY_011785,CUST_0690,SUB_0690,INSUFFICIENT_FUNDS,0.2,0.6,0.362,0.462,0.162,0.0
FAIL_001793,PAY_011796,CUST_0692,SUB_0692,NETWORK_ERROR,0.8676,0.7176,0.3156,0.3956,0.1956,0.0
FAIL_001794,PAY_011800,CUST_0692,SUB_0692,LIMIT_EXCEEDED,0.1176,0.2676,0.2656,0.6456,0.4456,0.0
FAIL_001795,PAY_011806,CUST_0693,SUB_0693,CARD_EXPIRED,0.026,0.026,0.096,0.246,0.696,0.0
FAIL_001796,PAY_011808,CUST_0693,SUB_0693,INSUFFICIENT_FUNDS,0.176,0.576,0.246,0.346,0.046,0.0
FAIL_001797,PAY_011815,CUST_0693,SUB_0693,NETWORK_ERROR,0.826,0.676,0.146,0.196,0.01,0.0
FAIL_001798,PAY_011818,CUST_0694,SUB_0694,BANK_DECLINED,0.14,0.44,0.224,0.374,0.174,0.0
FAIL_001799,PAY_011819,CUST_0694,SUB_0694,INSUFFICIENT_FUNDS,0.14,0.54,0.324,0.424,0.124,0.0
FAIL_001800,PAY_011821,CUST_0694,SUB_0694,NETWORK_ERROR,0.79,0.64,0.224,0.274,0.074,0.0
FAIL_001801,PAY_011822,CUST_0694,SUB_0694,BANK_DECLINED,0.14,0.44,0.224,0.374,0.174,0.0
FAIL_001802,PAY_011823,CUST_0694,SUB_0694,BANK_DECLINED,0.14,0.44,0.224,0.374,0.174,0.0
FAIL_001803,PAY_011826,CUST_0694,SUB_0694,INSUFFICIENT_FUNDS,0.14,0.54,0.324,0.424,0.124,0.0
FAIL_001804,PAY_011827,CUST_0694,SUB_0694,BANK_DECLINED,0.14,0.44,0.224,0.374,0.174,0.0
FAIL_001805,PAY_011830,CUST_0694,SUB_0694,NETWORK_ERROR,0.79,0.64,0.224,0.274,0.074,0.0
FAIL_001806,PAY_011831,CUST_0694,SUB_0694,INSUFFICIENT_FUNDS,0.14,0.54,0.324,0.424,0.124,0.0
FAIL_001807,PAY_011833,CUST_0694,SUB_0694,NETWORK_ERROR,0.79,0.64,0.224,0.274,0.074,0.0
FAIL_001808,PAY_011835,CUST_0695,SUB_0695,INSUFFICIENT_FUNDS,0.2176,0.6176,0.4156,0.5456,0.2456,0.0
FAIL_001809,PAY_011845,CUST_0696,SUB_0696,NETWORK_ERROR,0.8676,0.7176,0.3156,0.3956,0.1956,0.0
FAIL_001810,PAY_011855,CUST_0697,SUB_0697,AUTHENTICATION_FAILED,0.05,0.1,0.362,0.462,0.662,0.0
FAIL_001811,PAY_011860,CUST_0697,SUB_0697,BANK_DECLINED,0.2,0.5,0.262,0.412,0.212,0.0
FAIL_001812,PAY_011861,CUST_0697,SUB_0697,LIMIT_EXCEEDED,0.1,0.25,0.212,0.562,0.362,0.0
FAIL_001813,PAY_011872,CUST_0698,SUB_0698,AUTHENTICATION_FAILED,0.01,0.04,0.324,0.424,0.624,0.0
FAIL_001814,PAY_011875,CUST_0698,SUB_0698,BANK_DECLINED,0.14,0.44,0.224,0.374,0.174,0.0
FAIL_001815,PAY_011882,CUST_0698,SUB_0698,INSUFFICIENT_FUNDS,0.14,0.54,0.324,0.424,0.124,0.0
FAIL_001816,PAY_011883,CUST_0698,SUB_0698,LIMIT_EXCEEDED,0.04,0.19,0.174,0.524,0.324,0.0
FAIL_001817,PAY_011885,CUST_0698,SUB_0698,INSUFFICIENT_FUNDS,0.14,0.54,0.324,0.424,0.124,0.0
FAIL_001818,PAY_011889,CUST_0699,SUB_0699,NETWORK_ERROR,0.8676,0.7176,0.3156,0.3956,0.1956,0.0
FAIL_001819,PAY_011890,CUST_0699,SUB_0699,LIMIT_EXCEEDED,0.1176,0.2676,0.2656,0.6456,0.4456,0.0
FAIL_001820,PAY_011892,CUST_0699,SUB_0699,INSUFFICIENT_FUNDS,0.2176,0.6176,0.4156,0.5456,0.2456,0.0
FAIL_001821,PAY_011893,CUST_0699,SUB_0699,NETWORK_ERROR,0.8676,0.7176,0.3156,0.3956,0.1956,0.0
FAIL_001822,PAY_011894,CUST_0699,SUB_0699,NETWORK_ERROR,0.8676,0.7176,0.3156,0.3956,0.1956,0.0
FAIL_001823,PAY_011897,CUST_0699,SUB_0699,CARD_EXPIRED,0.0676,0.0676,0.2656,0.4456,0.8956,0.0
FAIL_001824,PAY_011902,CUST_0699,SUB_0699,LIMIT_EXCEEDED,0.1176,0.2676,0.2656,0.6456,0.4456,0.0
FAIL_001825,PAY_011904,CUST_0699,SUB_0699,LIMIT_EXCEEDED,0.1176,0.2676,0.2656,0.6456,0.4456,0.0
FAIL_001826,PAY_011941,CUST_0702,SUB_0702,INSUFFICIENT_FUNDS,0.2,0.6,0.362,0.462,0.162,0.0
FAIL_001827,PAY_011942,CUST_0702,SUB_0702,AUTHENTICATION_FAILED,0.05,0.1,0.362,0.462,0.662,0.0
FAIL_001828,PAY_011945,CUST_0702,SUB_0702,INSUFFICIENT_FUNDS,0.2,0.6,0.362,0.462,0.162,0.0
FAIL_001829,PAY_011947,CUST_0702,SUB_0702,AUTHENTICATION_FAILED,0.05,0.1,0.362,0.462,0.662,0.0
FAIL_001830,PAY_011951,CUST_0702,SUB_0702,LIMIT_EXCEEDED,0.1,0.25,0.212,0.562,0.362,0.0
FAIL_001831,PAY_011957,CUST_0702,SUB_0702,BANK_DECLINED,0.2,0.5,0.262,0.412,0.212,0.0
FAIL_001832,PAY_011961,CUST_0702,SUB_0702,BANK_DECLINED,0.2,0.5,0.262,0.412,0.212,0.0
FAIL_001833,PAY_011963,CUST_0703,SUB_0703,AUTHENTICATION_FAILED,0.01,0.04,0.324,0.424,0.624,0.0
FAIL_001834,PAY_011964,CUST_0703,SUB_0703,LIMIT_EXCEEDED,0.04,0.19,0.174,0.524,0.324,0.0
FAIL_001835,PAY_011967,CUST_0703,SUB_0703,AUTHENTICATION_FAILED,0.01,0.04,0.324,0.424,0.624,0.0
FAIL_001836,PAY_011974,CUST_0703,SUB_0703,AUTHENTICATION_FAILED,0.01,0.04,0.324,0.424,0.624,0.0
FAIL_001837,PAY_011975,CUST_0703,SUB_0703,INSUFFICIENT_FUNDS,0.14,0.54,0.324,0.424,0.124,0.0
FAIL_001838,PAY_011978,CUST_0703,SUB_0703,BANK_DECLINED,0.14,0.44,0.224,0.374,0.174,0.0
FAIL_001839,PAY_011984,CUST_0703,SUB_0703,INSUFFICIENT_FUNDS,0.14,0.54,0.324,0.424,0.124,0.0
FAIL_001840,PAY_011987,CUST_0703,SUB_0703,LIMIT_EXCEEDED,0.04,0.19,0.174,0.524,0.324,0.0
FAIL_001841,PAY_011990,CUST_0703,SUB_0703,INSUFFICIENT_FUNDS,0.14,0.54,0.324,0.424,0.124,0.0
FAIL_001842,PAY_011994,CUST_0704,SUB_0704,LIMIT_EXCEEDED,0.04,0.19,0.174,0.524,0.324,0.0
FAIL_001843,PAY_011995,CUST_0704,SUB_0704,BANK_DECLINED,0.14,0.44,0.224,0.374,0.174,0.0
FAIL_001844,PAY_011998,CUST_0704,SUB_0704,BANK_DECLINED,0.14,0.44,0.224,0.374,0.174,0.0
FAIL_001845,PAY_012001,CUST_0704,SUB_0704,AUTHENTICATION_FAILED,0.01,0.04,0.324,0.424,0.624,0.0
FAIL_001846,PAY_012006,CUST_0704,SUB_0704,CARD_EXPIRED,0.01,0.01,0.174,0.324,0.774,0.0
FAIL_001847,PAY_012007,CUST_0704,SUB_0704,BANK_DECLINED,0.14,0.44,0.224,0.374,0.174,0.0
FAIL_001848,PAY_012010,CUST_0704,SUB_0704,INSUFFICIENT_FUNDS,0.14,0.54,0.324,0.424,0.124,0.0
FAIL_001849,PAY_012011,CUST_0704,SUB_0704,INSUFFICIENT_FUNDS,0.14,0.54,0.324,0.424,0.124,0.0
FAIL_001850,PAY_012013,CUST_0704,SUB_0704,INSUFFICIENT_FUNDS,0.14,0.54,0.324,0.424,0.124,0.0
FAIL_001851,PAY_012018,CUST_0704,SUB_0704,BANK_DECLINED,0.14,0.44,0.224,0.374,0.174,0.0
FAIL_001852,PAY_012020,CUST_0704,SUB_0704,INSUFFICIENT_FUNDS,0.14,0.54,0.324,0.424,0.124,0.0
FAIL_001853,PAY_012021,CUST_0704,SUB_0704,INSUFFICIENT_FUNDS,0.14,0.54,0.324,0.424,0.124,0.0
FAIL_001854,PAY_012023,CUST_0704,SUB_0704,NETWORK_ERROR,0.79,0.64,0.224,0.274,0.074,0.0
FAIL_001855,PAY_012025,CUST_0705,SUB_0705,CARD_EXPIRED,0.026,0.026,0.096,0.246,0.696,0.0
FAIL_001856,PAY_012027,CUST_0705,SUB_0705,NETWORK_ERROR,0.826,0.676,0.146,0.196,0.01,0.0
FAIL_001857,PAY_012032,CUST_0705,SUB_0705,CARD_EXPIRED,0.026,0.026,0.096,0.246,0.696,0.0
FAIL_001858,PAY_012034,CUST_0705,SUB_0705,INSUFFICIENT_FUNDS,0.176,0.576,0.246,0.346,0.046,0.0
FAIL_001859,PAY_012036,CUST_0705,SUB_0705,AUTHENTICATION_FAILED,0.026,0.076,0.246,0.346,0.546,0.0
FAIL_001860,PAY_012041,CUST_0705,SUB_0705,AUTHENTICATION_FAILED,0.026,0.076,0.246,0.346,0.546,0.0
FAIL_001861,PAY_012042,CUST_0705,SUB_0705,AUTHENTICATION_FAILED,0.026,0.076,0.246,0.346,0.546,0.0
FAIL_001862,PAY_012043,CUST_0705,SUB_0705,NETWORK_ERROR,0.826,0.676,0.146,0.196,0.01,0.0
FAIL_001863,PAY_012047,CUST_0705,SUB_0705,INSUFFICIENT_FUNDS,0.176,0.576,0.246,0.346,0.046,0.0
FAIL_001864,PAY_012049,CUST_0705,SUB_0705,CARD_EXPIRED,0.026,0.026,0.096,0.246,0.696,0.0
FAIL_001865,PAY_012063,CUST_0706,SUB_0706,INSUFFICIENT_FUNDS,0.2176,0.6176,0.4156,0.5456,0.2456,0.0
FAIL_001866,PAY_012067,CUST_0707,SUB_0707,INSUFFICIENT_FUNDS,0.14,0.54,0.324,0.424,0.124,0.0
FAIL_001867,PAY_012068,CUST_0707,SUB_0707,INSUFFICIENT_FUNDS,0.14,0.54,0.324,0.424,0.124,0.0
FAIL_001868,PAY_012070,CUST_0707,SUB_0707,INSUFFICIENT_FUNDS,0.14,0.54,0.324,0.424,0.124,0.0
FAIL_001869,PAY_012073,CUST_0707,SUB_0707,INSUFFICIENT_FUNDS,0.14,0.54,0.324,0.424,0.124,0.0
FAIL_001870,PAY_012077,CUST_0707,SUB_0707,INSUFFICIENT_FUNDS,0.14,0.54,0.324,0.424,0.124,0.0
FAIL_001871,PAY_012080,CUST_0707,SUB_0707,NETWORK_ERROR,0.79,0.64,0.224,0.274,0.074,0.0
FAIL_001872,PAY_012083,CUST_0707,SUB_0707,LIMIT_EXCEEDED,0.04,0.19,0.174,0.524,0.324,0.0
FAIL_001873,PAY_012085,CUST_0707,SUB_0707,INSUFFICIENT_FUNDS,0.14,0.54,0.324,0.424,0.124,0.0
FAIL_001874,PAY_012086,CUST_0707,SUB_0707,NETWORK_ERROR,0.79,0.64,0.224,0.274,0.074,0.0
FAIL_001875,PAY_012087,CUST_0707,SUB_0707,INSUFFICIENT_FUNDS,0.14,0.54,0.324,0.424,0.124,0.0
FAIL_001876,PAY_012091,CUST_0707,SUB_0707,BANK_DECLINED,0.14,0.44,0.224,0.374,0.174,0.0
FAIL_001877,PAY_012098,CUST_0707,SUB_0707,NETWORK_ERROR,0.79,0.64,0.224,0.274,0.074,0.0
FAIL_001878,PAY_012099,CUST_0708,SUB_0708,INSUFFICIENT_FUNDS,0.2,0.6,0.362,0.462,0.162,0.0
FAIL_001879,PAY_012108,CUST_0708,SUB_0708,INSUFFICIENT_FUNDS,0.2,0.6,0.362,0.462,0.162,0.0
FAIL_001880,PAY_012113,CUST_0708,SUB_0708,INSUFFICIENT_FUNDS,0.2,0.6,0.362,0.462,0.162,0.0
FAIL_001881,PAY_012116,CUST_0708,SUB_0708,BANK_DECLINED,0.2,0.5,0.262,0.412,0.212,0.0
FAIL_001882,PAY_012117,CUST_0708,SUB_0708,BANK_DECLINED,0.2,0.5,0.262,0.412,0.212,0.0
FAIL_001883,PAY_012120,CUST_0708,SUB_0708,AUTHENTICATION_FAILED,0.05,0.1,0.362,0.462,0.662,0.0
FAIL_001884,PAY_012124,CUST_0708,SUB_0708,NETWORK_ERROR,0.85,0.7,0.262,0.312,0.112,0.0
FAIL_001885,PAY_012125,CUST_0708,SUB_0708,INSUFFICIENT_FUNDS,0.2,0.6,0.362,0.462,0.162,0.0
FAIL_001886,PAY_012128,CUST_0708,SUB_0708,INSUFFICIENT_FUNDS,0.2,0.6,0.362,0.462,0.162,0.0
FAIL_001887,PAY_012135,CUST_0710,SUB_0710,AUTHENTICATION_FAILED,0.026,0.076,0.246,0.346,0.546,0.0
FAIL_001888,PAY_012153,CUST_0712,SUB_0712,INSUFFICIENT_FUNDS,0.2,0.6,0.362,0.462,0.162,0.0
FAIL_001889,PAY_012159,CUST_0712,SUB_0712,NETWORK_ERROR,0.85,0.7,0.262,0.312,0.112,0.0
FAIL_001890,PAY_012165,CUST_0712,SUB_0712,INSUFFICIENT_FUNDS,0.2,0.6,0.362,0.462,0.162,0.0
FAIL_001891,PAY_012170,CUST_0712,SUB_0712,INSUFFICIENT_FUNDS,0.2,0.6,0.362,0.462,0.162,0.0
FAIL_001892,PAY_012171,CUST_0712,SUB_0712,INSUFFICIENT_FUNDS,0.2,0.6,0.362,0.462,0.162,0.0
FAIL_001893,PAY_012178,CUST_0712,SUB_0712,NETWORK_ERROR,0.85,0.7,0.262,0.312,0.112,0.0
FAIL_001894,PAY_012179,CUST_0713,SUB_0713,NETWORK_ERROR,0.826,0.676,0.146,0.196,0.01,0.0
FAIL_001895,PAY_012189,CUST_0713,SUB_0713,BANK_DECLINED,0.176,0.476,0.146,0.296,0.096,0.0
FAIL_001896,PAY_012203,CUST_0713,SUB_0713,NETWORK_ERROR,0.826,0.676,0.146,0.196,0.01,0.0
FAIL_001897,PAY_012214,CUST_0715,SUB_0715,BANK_DECLINED,0.246,0.546,0.308,0.458,0.258,0.0
FAIL_001898,PAY_012219,CUST_0715,SUB_0715,NETWORK_ERROR,0.896,0.746,0.308,0.358,0.158,0.0
FAIL_001899,PAY_012226,CUST_0715,SUB_0715,NETWORK_ERROR,0.896,0.746,0.308,0.358,0.158,0.0
FAIL_001900,PAY_012230,CUST_0716,SUB_0716,INSUFFICIENT_FUNDS,0.246,0.646,0.408,0.508,0.208,0.0
FAIL_001901,PAY_012238,CUST_0716,SUB_0716,INSUFFICIENT_FUNDS,0.246,0.646,0.408,0.508,0.208,0.0
FAIL_001902,PAY_012253,CUST_0718,SUB_0718,CARD_EXPIRED,0.026,0.026,0.096,0.246,0.696,0.0
FAIL_001903,PAY_012257,CUST_0718,SUB_0718,AUTHENTICATION_FAILED,0.026,0.076,0.246,0.346,0.546,0.0
FAIL_001904,PAY_012258,CUST_0718,SUB_0718,INSUFFICIENT_FUNDS,0.176,0.576,0.246,0.346,0.046,0.0
FAIL_001905,PAY_012259,CUST_0718,SUB_0718,BANK_DECLINED,0.176,0.476,0.146,0.296,0.096,0.0
FAIL_001906,PAY_012265,CUST_0718,SUB_0718,CARD_EXPIRED,0.026,0.026,0.096,0.246,0.696,0.0
FAIL_001907,PAY_012268,CUST_0718,SUB_0718,INSUFFICIENT_FUNDS,0.176,0.576,0.246,0.346,0.046,0.0
FAIL_001908,PAY_012269,CUST_0718,SUB_0718,NETWORK_ERROR,0.826,0.676,0.146,0.196,0.01,0.0
FAIL_001909,PAY_012270,CUST_0718,SUB_0718,INSUFFICIENT_FUNDS,0.176,0.576,0.246,0.346,0.046,0.0
FAIL_001910,PAY_012271,CUST_0718,SUB_0718,NETWORK_ERROR,0.826,0.676,0.146,0.196,0.01,0.0
FAIL_001911,PAY_012284,CUST_0719,SUB_0719,BANK_DECLINED,0.14,0.44,0.224,0.374,0.174,0.0
FAIL_001912,PAY_012285,CUST_0719,SUB_0719,BANK_DECLINED,0.14,0.44,0.224,0.374,0.174,0.0
FAIL_001913,PAY_012287,CUST_0719,SUB_0719,INSUFFICIENT_FUNDS,0.14,0.54,0.324,0.424,0.124,0.0
FAIL_001914,PAY_012303,CUST_0720,SUB_0720,INSUFFICIENT_FUNDS,0.14,0.54,0.324,0.424,0.124,0.0
FAIL_001915,PAY_012312,CUST_0720,SUB_0720,BANK_DECLINED,0.14,0.44,0.224,0.374,0.174,0.0
FAIL_001916,PAY_012313,CUST_0720,SUB_0720,INSUFFICIENT_FUNDS,0.14,0.54,0.324,0.424,0.124,0.0
FAIL_001917,PAY_012314,CUST_0720,SUB_0720,INSUFFICIENT_FUNDS,0.14,0.54,0.324,0.424,0.124,0.0
FAIL_001918,PAY_012318,CUST_0720,SUB_0720,BANK_DECLINED,0.14,0.44,0.224,0.374,0.174,0.0
FAIL_001919,PAY_012329,CUST_0722,SUB_0722,INSUFFICIENT_FUNDS,0.2,0.6,0.362,0.462,0.162,0.0
FAIL_001920,PAY_012338,CUST_0722,SUB_0722,BANK_DECLINED,0.2,0.5,0.262,0.412,0.212,0.0
FAIL_001921,PAY_012340,CUST_0722,SUB_0722,CARD_EXPIRED,0.05,0.05,0.212,0.362,0.812,0.0
FAIL_001922,PAY_012341,CUST_0722,SUB_0722,BANK_DECLINED,0.2,0.5,0.262,0.412,0.212,0.0
FAIL_001923,PAY_012348,CUST_0722,SUB_0722,BANK_DECLINED,0.2,0.5,0.262,0.412,0.212,0.0
FAIL_001924,PAY_012351,CUST_0722,SUB_0722,BANK_DECLINED,0.2,0.5,0.262,0.412,0.212,0.0
FAIL_001925,PAY_012356,CUST_0722,SUB_0722,INSUFFICIENT_FUNDS,0.2,0.6,0.362,0.462,0.162,0.0
FAIL_001926,PAY_012357,CUST_0722,SUB_0722,BANK_DECLINED,0.2,0.5,0.262,0.412,0.212,0.0
FAIL_001927,PAY_012365,CUST_0723,SUB_0723,AUTHENTICATION_FAILED,0.026,0.076,0.246,0.346,0.546,0.0
FAIL_001928,PAY_012368,CUST_0723,SUB_0723,CARD_EXPIRED,0.026,0.026,0.096,0.246,0.696,0.0
FAIL_001929,PAY_012371,CUST_0723,SUB_0723,BANK_DECLINED,0.176,0.476,0.146,0.296,0.096,0.0
FAIL_001930,PAY_012378,CUST_0723,SUB_0723,AUTHENTICATION_FAILED,0.026,0.076,0.246,0.346,0.546,0.0
FAIL_001931,PAY_012390,CUST_0725,SUB_0725,NETWORK_ERROR,0.85,0.7,0.262,0.312,0.112,0.0
FAIL_001932,PAY_012394,CUST_0725,SUB_0725,BANK_DECLINED,0.2,0.5,0.262,0.412,0.212,0.0
FAIL_001933,PAY_012397,CUST_0725,SUB_0725,INSUFFICIENT_FUNDS,0.2,0.6,0.362,0.462,0.162,0.0
FAIL_001934,PAY_012414,CUST_0728,SUB_0728,INSUFFICIENT_FUNDS,0.14,0.54,0.324,0.424,0.124,0.0
FAIL_001935,PAY_012416,CUST_0728,SUB_0728,INSUFFICIENT_FUNDS,0.14,0.54,0.324,0.424,0.124,0.0
FAIL_001936,PAY_012417,CUST_0728,SUB_0728,LIMIT_EXCEEDED,0.04,0.19,0.174,0.524,0.324,0.0
FAIL_001937,PAY_012424,CUST_0728,SUB_0728,AUTHENTICATION_FAILED,0.01,0.04,0.324,0.424,0.624,0.0
FAIL_001938,PAY_012425,CUST_0728,SUB_0728,INSUFFICIENT_FUNDS,0.14,0.54,0.324,0.424,0.124,0.0
FAIL_001939,PAY_012430,CUST_0728,SUB_0728,AUTHENTICATION_FAILED,0.01,0.04,0.324,0.424,0.624,0.0
FAIL_001940,PAY_012432,CUST_0728,SUB_0728,INSUFFICIENT_FUNDS,0.14,0.54,0.324,0.424,0.124,0.0
FAIL_001941,PAY_012433,CUST_0728,SUB_0728,BANK_DECLINED,0.14,0.44,0.224,0.374,0.174,0.0
FAIL_001942,PAY_012451,CUST_0729,SUB_0729,AUTHENTICATION_FAILED,0.0676,0.1176,0.4156,0.5456,0.7456,0.0
FAIL_001943,PAY_012458,CUST_0729,SUB_0729,AUTHENTICATION_FAILED,0.0676,0.1176,0.4156,0.5456,0.7456,0.0
FAIL_001944,PAY_012474,CUST_0731,SUB_0731,LIMIT_EXCEEDED,0.04,0.19,0.174,0.524,0.324,0.0
FAIL_001945,PAY_012483,CUST_0731,SUB_0731,BANK_DECLINED,0.14,0.44,0.224,0.374,0.174,0.0
FAIL_001946,PAY_012485,CUST_0731,SUB_0731,BANK_DECLINED,0.14,0.44,0.224,0.374,0.174,0.0
FAIL_001947,PAY_012492,CUST_0731,SUB_0731,LIMIT_EXCEEDED,0.04,0.19,0.174,0.524,0.324,0.0
FAIL_001948,PAY_012493,CUST_0731,SUB_0731,INSUFFICIENT_FUNDS,0.14,0.54,0.324,0.424,0.124,0.0
FAIL_001949,PAY_012494,CUST_0731,SUB_0731,CARD_EXPIRED,0.01,0.01,0.174,0.324,0.774,0.0
FAIL_001950,PAY_012497,CUST_0731,SUB_0731,AUTHENTICATION_FAILED,0.01,0.04,0.324,0.424,0.624,0.0
FAIL_001951,PAY_012504,CUST_0732,SUB_0732,BANK_DECLINED,0.2,0.5,0.262,0.412,0.212,0.0
FAIL_001952,PAY_012506,CUST_0732,SUB_0732,NETWORK_ERROR,0.85,0.7,0.262,0.312,0.112,0.0
FAIL_001953,PAY_012520,CUST_0732,SUB_0732,NETWORK_ERROR,0.85,0.7,0.262,0.312,0.112,0.0
FAIL_001954,PAY_012523,CUST_0732,SUB_0732,BANK_DECLINED,0.2,0.5,0.262,0.412,0.212,0.0
FAIL_001955,PAY_012560,CUST_0735,SUB_0735,NETWORK_ERROR,0.8676,0.7176,0.3156,0.3956,0.1956,0.0
FAIL_001956,PAY_012563,CUST_0735,SUB_0735,BANK_DECLINED,0.2176,0.5176,0.3156,0.4956,0.2956,0.0
FAIL_001957,PAY_012578,CUST_0736,SUB_0736,INSUFFICIENT_FUNDS,0.176,0.576,0.246,0.346,0.046,0.0
FAIL_001958,PAY_012586,CUST_0737,SUB_0737,NETWORK_ERROR,0.826,0.676,0.146,0.196,0.01,0.0
FAIL_001959,PAY_012594,CUST_0737,SUB_0737,NETWORK_ERROR,0.826,0.676,0.146,0.196,0.01,0.0
FAIL_001960,PAY_012596,CUST_0737,SUB_0737,CARD_EXPIRED,0.026,0.026,0.096,0.246,0.696,0.0
FAIL_001961,PAY_012597,CUST_0737,SUB_0737,INSUFFICIENT_FUNDS,0.176,0.576,0.246,0.346,0.046,0.0
FAIL_001962,PAY_012608,CUST_0737,SUB_0737,INSUFFICIENT_FUNDS,0.176,0.576,0.246,0.346,0.046,0.0
FAIL_001963,PAY_012609,CUST_0737,SUB_0737,INSUFFICIENT_FUNDS,0.176,0.576,0.246,0.346,0.046,0.0
FAIL_001964,PAY_012612,CUST_0737,SUB_0737,BANK_DECLINED,0.176,0.476,0.146,0.296,0.096,0.0
FAIL_001965,PAY_012613,CUST_0737,SUB_0737,CARD_EXPIRED,0.026,0.026,0.096,0.246,0.696,0.0
FAIL_001966,PAY_012614,CUST_0737,SUB_0737,NETWORK_ERROR,0.826,0.676,0.146,0.196,0.01,0.0
FAIL_001967,PAY_012616,CUST_0737,SUB_0737,NETWORK_ERROR,0.826,0.676,0.146,0.196,0.01,0.0
FAIL_001968,PAY_012617,CUST_0738,SUB_0738,LIMIT_EXCEEDED,0.1176,0.2676,0.2656,0.6456,0.4456,0.0
FAIL_001969,PAY_012624,CUST_0738,SUB_0738,INSUFFICIENT_FUNDS,0.2176,0.6176,0.4156,0.5456,0.2456,0.0
FAIL_001970,PAY_012627,CUST_0739,SUB_0739,INSUFFICIENT_FUNDS,0.14,0.54,0.324,0.424,0.124,0.0
FAIL_001971,PAY_012630,CUST_0739,SUB_0739,INSUFFICIENT_FUNDS,0.14,0.54,0.324,0.424,0.124,0.0
FAIL_001972,PAY_012635,CUST_0739,SUB_0739,AUTHENTICATION_FAILED,0.01,0.04,0.324,0.424,0.624,0.0
FAIL_001973,PAY_012638,CUST_0739,SUB_0739,NETWORK_ERROR,0.79,0.64,0.224,0.274,0.074,0.0
FAIL_001974,PAY_012642,CUST_0739,SUB_0739,INSUFFICIENT_FUNDS,0.14,0.54,0.324,0.424,0.124,0.0
FAIL_001975,PAY_012644,CUST_0739,SUB_0739,CARD_EXPIRED,0.01,0.01,0.174,0.324,0.774,0.0
FAIL_001976,PAY_012655,CUST_0740,SUB_0740,BANK_DECLINED,0.14,0.44,0.224,0.374,0.174,0.0
FAIL_001977,PAY_012657,CUST_0740,SUB_0740,NETWORK_ERROR,0.79,0.64,0.224,0.274,0.074,0.0
FAIL_001978,PAY_012658,CUST_0740,SUB_0740,AUTHENTICATION_FAILED,0.01,0.04,0.324,0.424,0.624,0.0
FAIL_001979,PAY_012659,CUST_0740,SUB_0740,INSUFFICIENT_FUNDS,0.14,0.54,0.324,0.424,0.124,0.0
FAIL_001980,PAY_012662,CUST_0740,SUB_0740,INSUFFICIENT_FUNDS,0.14,0.54,0.324,0.424,0.124,0.0
FAIL_001981,PAY_012669,CUST_0742,SUB_0742,INSUFFICIENT_FUNDS,0.2176,0.6176,0.4156,0.5456,0.2456,0.0
FAIL_001982,PAY_012673,CUST_0742,SUB_0742,INSUFFICIENT_FUNDS,0.2176,0.6176,0.4156,0.5456,0.2456,0.0
FAIL_001983,PAY_012678,CUST_0742,SUB_0742,NETWORK_ERROR,0.8676,0.7176,0.3156,0.3956,0.1956,0.0
FAIL_001984,PAY_012679,CUST_0742,SUB_0742,CARD_EXPIRED,0.0676,0.0676,0.2656,0.4456,0.8956,0.0
FAIL_001985,PAY_012686,CUST_0743,SUB_0743,INSUFFICIENT_FUNDS,0.176,0.576,0.246,0.346,0.046,0.0
FAIL_001986,PAY_012691,CUST_0743,SUB_0743,CARD_EXPIRED,0.026,0.026,0.096,0.246,0.696,0.0
FAIL_001987,PAY_012692,CUST_0743,SUB_0743,BANK_DECLINED,0.176,0.476,0.146,0.296,0.096,0.0
FAIL_001988,PAY_012693,CUST_0744,SUB_0744,INSUFFICIENT_FUNDS,0.176,0.576,0.246,0.346,0.046,0.0
FAIL_001989,PAY_012696,CUST_0744,SUB_0744,INSUFFICIENT_FUNDS,0.176,0.576,0.246,0.346,0.046,0.0
FAIL_001990,PAY_012697,CUST_0744,SUB_0744,AUTHENTICATION_FAILED,0.026,0.076,0.246,0.346,0.546,0.0
FAIL_001991,PAY_012701,CUST_0744,SUB_0744,INSUFFICIENT_FUNDS,0.176,0.576,0.246,0.346,0.046,0.0
FAIL_001992,PAY_012703,CUST_0744,SUB_0744,NETWORK_ERROR,0.826,0.676,0.146,0.196,0.01,0.0
FAIL_001993,PAY_012704,CUST_0744,SUB_0744,INSUFFICIENT_FUNDS,0.176,0.576,0.246,0.346,0.046,0.0
FAIL_001994,PAY_012707,CUST_0744,SUB_0744,AUTHENTICATION_FAILED,0.026,0.076,0.246,0.346,0.546,0.0
FAIL_001995,PAY_012709,CUST_0744,SUB_0744,CARD_EXPIRED,0.026,0.026,0.096,0.246,0.696,0.0
FAIL_001996,PAY_012712,CUST_0744,SUB_0744,BANK_DECLINED,0.176,0.476,0.146,0.296,0.096,0.0
FAIL_001997,PAY_012714,CUST_0744,SUB_0744,NETWORK_ERROR,0.826,0.676,0.146,0.196,0.01,0.0
FAIL_001998,PAY_012722,CUST_0745,SUB_0745,NETWORK_ERROR,0.85,0.7,0.262,0.312,0.112,0.0
FAIL_001999,PAY_012727,CUST_0745,SUB_0745,INSUFFICIENT_FUNDS,0.2,0.6,0.362,0.462,0.162,0.0
FAIL_002000,PAY_012735,CUST_0745,SUB_0745,INSUFFICIENT_FUNDS,0.2,0.6,0.362,0.462,0.162,0.0
FAIL_002001,PAY_012741,CUST_0745,SUB_0745,INSUFFICIENT_FUNDS,0.2,0.6,0.362,0.462,0.162,0.0
FAIL_002002,PAY_012749,CUST_0746,SUB_0746,BANK_DECLINED,0.14,0.44,0.224,0.374,0.174,0.0
FAIL_002003,PAY_012750,CUST_0746,SUB_0746,INSUFFICIENT_FUNDS,0.14,0.54,0.324,0.424,0.124,0.0
FAIL_002004,PAY_012752,CUST_0746,SUB_0746,INSUFFICIENT_FUNDS,0.14,0.54,0.324,0.424,0.124,0.0
FAIL_002005,PAY_012753,CUST_0746,SUB_0746,INSUFFICIENT_FUNDS,0.14,0.54,0.324,0.424,0.124,0.0
FAIL_002006,PAY_012755,CUST_0746,SUB_0746,LIMIT_EXCEEDED,0.04,0.19,0.174,0.524,0.324,0.0
FAIL_002007,PAY_012759,CUST_0746,SUB_0746,AUTHENTICATION_FAILED,0.01,0.04,0.324,0.424,0.624,0.0
FAIL_002008,PAY_012760,CUST_0746,SUB_0746,AUTHENTICATION_FAILED,0.01,0.04,0.324,0.424,0.624,0.0
FAIL_002009,PAY_012761,CUST_0746,SUB_0746,BANK_DECLINED,0.14,0.44,0.224,0.374,0.174,0.0
FAIL_002010,PAY_012763,CUST_0747,SUB_0747,BANK_DECLINED,0.176,0.476,0.146,0.296,0.096,0.0
FAIL_002011,PAY_012764,CUST_0747,SUB_0747,BANK_DECLINED,0.176,0.476,0.146,0.296,0.096,0.0
FAIL_002012,PAY_012766,CUST_0747,SUB_0747,LIMIT_EXCEEDED,0.076,0.226,0.096,0.446,0.246,0.0
FAIL_002013,PAY_012769,CUST_0747,SUB_0747,AUTHENTICATION_FAILED,0.026,0.076,0.246,0.346,0.546,0.0
FAIL_002014,PAY_012771,CUST_0747,SUB_0747,CARD_EXPIRED,0.026,0.026,0.096,0.246,0.696,0.0
FAIL_002015,PAY_012775,CUST_0747,SUB_0747,CARD_EXPIRED,0.026,0.026,0.096,0.246,0.696,0.0
FAIL_002016,PAY_012777,CUST_0747,SUB_0747,BANK_DECLINED,0.176,0.476,0.146,0.296,0.096,0.0
FAIL_002017,PAY_012780,CUST_0747,SUB_0747,BANK_DECLINED,0.176,0.476,0.146,0.296,0.096,0.0
FAIL_002018,PAY_012782,CUST_0747,SUB_0747,INSUFFICIENT_FUNDS,0.176,0.576,0.246,0.346,0.046,0.0
FAIL_002019,PAY_012789,CUST_0747,SUB_0747,BANK_DECLINED,0.176,0.476,0.146,0.296,0.096,0.0
FAIL_002020,PAY_012790,CUST_0747,SUB_0747,CARD_EXPIRED,0.026,0.026,0.096,0.246,0.696,0.0
FAIL_002021,PAY_012791,CUST_0748,SUB_0748,BANK_DECLINED,0.176,0.476,0.146,0.296,0.096,0.0
FAIL_002022,PAY_012793,CUST_0748,SUB_0748,AUTHENTICATION_FAILED,0.026,0.076,0.246,0.346,0.546,0.0
FAIL_002023,PAY_012796,CUST_0749,SUB_0749,INSUFFICIENT_FUNDS,0.14,0.54,0.324,0.424,0.124,0.0
FAIL_002024,PAY_012801,CUST_0750,SUB_0750,NETWORK_ERROR,0.85,0.7,0.262,0.312,0.112,0.0
FAIL_002025,PAY_012817,CUST_0750,SUB_0750,CARD_EXPIRED,0.05,0.05,0.212,0.362,0.812,0.0
FAIL_002026,PAY_012823,CUST_0750,SUB_0750,AUTHENTICATION_FAILED,0.05,0.1,0.362,0.462,0.662,0.0
FAIL_002027,PAY_012825,CUST_0750,SUB_0750,BANK_DECLINED,0.2,0.5,0.262,0.412,0.212,0.0
FAIL_002028,PAY_012833,CUST_0752,SUB_0752,LIMIT_EXCEEDED,0.076,0.226,0.096,0.446,0.246,0.0
FAIL_002029,PAY_012834,CUST_0752,SUB_0752,NETWORK_ERROR,0.826,0.676,0.146,0.196,0.01,0.0
FAIL_002030,PAY_012849,CUST_0753,SUB_0753,INSUFFICIENT_FUNDS,0.246,0.646,0.408,0.508,0.208,0.0
FAIL_002031,PAY_012859,CUST_0753,SUB_0753,INSUFFICIENT_FUNDS,0.246,0.646,0.408,0.508,0.208,0.0
FAIL_002032,PAY_012868,CUST_0754,SUB_0754,INSUFFICIENT_FUNDS,0.2176,0.6176,0.4156,0.5456,0.2456,0.0
FAIL_002033,PAY_012883,CUST_0755,SUB_0755,CARD_EXPIRED,0.026,0.026,0.096,0.246,0.696,0.0
FAIL_002034,PAY_012884,CUST_0755,SUB_0755,AUTHENTICATION_FAILED,0.026,0.076,0.246,0.346,0.546,0.0
FAIL_002035,PAY_012901,CUST_0757,SUB_0757,AUTHENTICATION_FAILED,0.026,0.076,0.246,0.346,0.546,0.0
FAIL_002036,PAY_012904,CUST_0757,SUB_0757,INSUFFICIENT_FUNDS,0.176,0.576,0.246,0.346,0.046,0.0
FAIL_002037,PAY_012906,CUST_0757,SUB_0757,CARD_EXPIRED,0.026,0.026,0.096,0.246,0.696,0.0
FAIL_002038,PAY_012909,CUST_0757,SUB_0757,INSUFFICIENT_FUNDS,0.176,0.576,0.246,0.346,0.046,0.0
FAIL_002039,PAY_012910,CUST_0757,SUB_0757,INSUFFICIENT_FUNDS,0.176,0.576,0.246,0.346,0.046,0.0
FAIL_002040,PAY_012912,CUST_0757,SUB_0757,CARD_EXPIRED,0.026,0.026,0.096,0.246,0.696,0.0
FAIL_002041,PAY_012914,CUST_0757,SUB_0757,NETWORK_ERROR,0.826,0.676,0.146,0.196,0.01,0.0
FAIL_002042,PAY_012916,CUST_0757,SUB_0757,AUTHENTICATION_FAILED,0.026,0.076,0.246,0.346,0.546,0.0
FAIL_002043,PAY_012922,CUST_0757,SUB_0757,INSUFFICIENT_FUNDS,0.176,0.576,0.246,0.346,0.046,0.0
FAIL_002044,PAY_012925,CUST_0758,SUB_0758,NETWORK_ERROR,0.79,0.64,0.224,0.274,0.074,0.0
FAIL_002045,PAY_012938,CUST_0758,SUB_0758,NETWORK_ERROR,0.79,0.64,0.224,0.274,0.074,0.0
FAIL_002046,PAY_012950,CUST_0759,SUB_0759,BANK_DECLINED,0.2,0.5,0.262,0.412,0.212,0.0
FAIL_002047,PAY_012955,CUST_0759,SUB_0759,BANK_DECLINED,0.2,0.5,0.262,0.412,0.212,0.0
FAIL_002048,PAY_012957,CUST_0759,SUB_0759,AUTHENTICATION_FAILED,0.05,0.1,0.362,0.462,0.662,0.0
FAIL_002049,PAY_012980,CUST_0761,SUB_0761,BANK_DECLINED,0.2176,0.5176,0.3156,0.4956,0.2956,0.0
FAIL_002050,PAY_013035,CUST_0763,SUB_0763,LIMIT_EXCEEDED,0.076,0.226,0.096,0.446,0.246,0.0
FAIL_002051,PAY_013036,CUST_0763,SUB_0763,INSUFFICIENT_FUNDS,0.176,0.576,0.246,0.346,0.046,0.0
FAIL_002052,PAY_013037,CUST_0763,SUB_0763,AUTHENTICATION_FAILED,0.026,0.076,0.246,0.346,0.546,0.0
FAIL_002053,PAY_013040,CUST_0763,SUB_0763,LIMIT_EXCEEDED,0.076,0.226,0.096,0.446,0.246,0.0
FAIL_002054,PAY_013041,CUST_0763,SUB_0763,INSUFFICIENT_FUNDS,0.176,0.576,0.246,0.346,0.046,0.0
FAIL_002055,PAY_013043,CUST_0763,SUB_0763,LIMIT_EXCEEDED,0.076,0.226,0.096,0.446,0.246,0.0
FAIL_002056,PAY_013044,CUST_0763,SUB_0763,BANK_DECLINED,0.176,0.476,0.146,0.296,0.096,0.0
FAIL_002057,PAY_013049,CUST_0763,SUB_0763,INSUFFICIENT_FUNDS,0.176,0.576,0.246,0.346,0.046,0.0
FAIL_002058,PAY_013062,CUST_0764,SUB_0764,NETWORK_ERROR,0.826,0.676,0.146,0.196,0.01,0.0
FAIL_002059,PAY_013067,CUST_0764,SUB_0764,INSUFFICIENT_FUNDS,0.176,0.576,0.246,0.346,0.046,0.0
FAIL_002060,PAY_013078,CUST_0764,SUB_0764,AUTHENTICATION_FAILED,0.026,0.076,0.246,0.346,0.546,0.0
FAIL_002061,PAY_013082,CUST_0764,SUB_0764,NETWORK_ERROR,0.826,0.676,0.146,0.196,0.01,0.0
FAIL_002062,PAY_013086,CUST_0766,SUB_0766,NETWORK_ERROR,0.79,0.64,0.224,0.274,0.074,0.0
FAIL_002063,PAY_013092,CUST_0766,SUB_0766,INSUFFICIENT_FUNDS,0.14,0.54,0.324,0.424,0.124,0.0
FAIL_002064,PAY_013093,CUST_0766,SUB_0766,BANK_DECLINED,0.14,0.44,0.224,0.374,0.174,0.0
FAIL_002065,PAY_013094,CUST_0766,SUB_0766,INSUFFICIENT_FUNDS,0.14,0.54,0.324,0.424,0.124,0.0
FAIL_002066,PAY_013096,CUST_0766,SUB_0766,INSUFFICIENT_FUNDS,0.14,0.54,0.324,0.424,0.124,0.0
FAIL_002067,PAY_013097,CUST_0766,SUB_0766,BANK_DECLINED,0.14,0.44,0.224,0.374,0.174,0.0
FAIL_002068,PAY_013098,CUST_0766,SUB_0766,BANK_DECLINED,0.14,0.44,0.224,0.374,0.174,0.0
FAIL_002069,PAY_013099,CUST_0766,SUB_0766,INSUFFICIENT_FUNDS,0.14,0.54,0.324,0.424,0.124,0.0
FAIL_002070,PAY_013100,CUST_0766,SUB_0766,LIMIT_EXCEEDED,0.04,0.19,0.174,0.524,0.324,0.0
FAIL_002071,PAY_013148,CUST_0769,SUB_0769,BANK_DECLINED,0.14,0.44,0.224,0.374,0.174,0.0
FAIL_002072,PAY_013156,CUST_0769,SUB_0769,CARD_EXPIRED,0.01,0.01,0.174,0.324,0.774,0.0
FAIL_002073,PAY_013157,CUST_0770,SUB_0770,AUTHENTICATION_FAILED,0.026,0.076,0.246,0.346,0.546,0.0
FAIL_002074,PAY_013160,CUST_0770,SUB_0770,BANK_DECLINED,0.176,0.476,0.146,0.296,0.096,0.0
FAIL_002075,PAY_013163,CUST_0770,SUB_0770,BANK_DECLINED,0.176,0.476,0.146,0.296,0.096,0.0
FAIL_002076,PAY_013167,CUST_0770,SUB_0770,NETWORK_ERROR,0.826,0.676,0.146,0.196,0.01,0.0
FAIL_002077,PAY_013172,CUST_0770,SUB_0770,INSUFFICIENT_FUNDS,0.176,0.576,0.246,0.346,0.046,0.0
FAIL_002078,PAY_013235,CUST_0774,SUB_0774,INSUFFICIENT_FUNDS,0.176,0.576,0.246,0.346,0.046,0.0
FAIL_002079,PAY_013253,CUST_0774,SUB_0774,INSUFFICIENT_FUNDS,0.176,0.576,0.246,0.346,0.046,0.0
FAIL_002080,PAY_013265,CUST_0777,SUB_0777,LIMIT_EXCEEDED,0.146,0.296,0.258,0.608,0.408,0.0
FAIL_002081,PAY_013271,CUST_0777,SUB_0777,NETWORK_ERROR,0.896,0.746,0.308,0.358,0.158,0.0
FAIL_002082,PAY_013275,CUST_0777,SUB_0777,BANK_DECLINED,0.246,0.546,0.308,0.458,0.258,0.0
FAIL_002083,PAY_013279,CUST_0777,SUB_0777,INSUFFICIENT_FUNDS,0.246,0.646,0.408,0.508,0.208,0.0
FAIL_002084,PAY_013284,CUST_0777,SUB_0777,INSUFFICIENT_FUNDS,0.246,0.646,0.408,0.508,0.208,0.0
FAIL_002085,PAY_013286,CUST_0778,SUB_0778,BANK_DECLINED,0.2,0.5,0.262,0.412,0.212,0.0
FAIL_002086,PAY_013292,CUST_0778,SUB_0778,CARD_EXPIRED,0.05,0.05,0.212,0.362,0.812,0.0
FAIL_002087,PAY_013298,CUST_0778,SUB_0778,BANK_DECLINED,0.2,0.5,0.262,0.412,0.212,0.0
FAIL_002088,PAY_013305,CUST_0778,SUB_0778,NETWORK_ERROR,0.85,0.7,0.262,0.312,0.112,0.0
FAIL_002089,PAY_013310,CUST_0778,SUB_0778,NETWORK_ERROR,0.85,0.7,0.262,0.312,0.112,0.0
FAIL_002090,PAY_013311,CUST_0778,SUB_0778,INSUFFICIENT_FUNDS,0.2,0.6,0.362,0.462,0.162,0.0
FAIL_002091,PAY_013317,CUST_0779,SUB_0779,AUTHENTICATION_FAILED,0.026,0.076,0.246,0.346,0.546,0.0
FAIL_002092,PAY_013321,CUST_0779,SUB_0779,LIMIT_EXCEEDED,0.076,0.226,0.096,0.446,0.246,0.0
FAIL_002093,PAY_013325,CUST_0780,SUB_0780,NETWORK_ERROR,0.85,0.7,0.262,0.312,0.112,0.0
FAIL_002094,PAY_013341,CUST_0780,SUB_0780,BANK_DECLINED,0.2,0.5,0.262,0.412,0.212,0.0
FAIL_002095,PAY_013344,CUST_0780,SUB_0780,INSUFFICIENT_FUNDS,0.2,0.6,0.362,0.462,0.162,0.0
FAIL_002096,PAY_013345,CUST_0780,SUB_0780,CARD_EXPIRED,0.05,0.05,0.212,0.362,0.812,0.0
FAIL_002097,PAY_013352,CUST_0781,SUB_0781,INSUFFICIENT_FUNDS,0.246,0.646,0.408,0.508,0.208,0.0
FAIL_002098,PAY_013371,CUST_0783,SUB_0783,CARD_EXPIRED,0.026,0.026,0.096,0.246,0.696,0.0
FAIL_002099,PAY_013373,CUST_0783,SUB_0783,BANK_DECLINED,0.176,0.476,0.146,0.296,0.096,0.0
FAIL_002100,PAY_013390,CUST_0784,SUB_0784,AUTHENTICATION_FAILED,0.05,0.1,0.362,0.462,0.662,0.0
FAIL_002101,PAY_013400,CUST_0785,SUB_0785,BANK_DECLINED,0.14,0.44,0.224,0.374,0.174,0.0
FAIL_002102,PAY_013401,CUST_0785,SUB_0785,BANK_DECLINED,0.14,0.44,0.224,0.374,0.174,0.0
FAIL_002103,PAY_013404,CUST_0785,SUB_0785,INSUFFICIENT_FUNDS,0.14,0.54,0.324,0.424,0.124,0.0
FAIL_002104,PAY_013407,CUST_0785,SUB_0785,INSUFFICIENT_FUNDS,0.14,0.54,0.324,0.424,0.124,0.0
FAIL_002105,PAY_013408,CUST_0785,SUB_0785,CARD_EXPIRED,0.01,0.01,0.174,0.324,0.774,0.0
FAIL_002106,PAY_013411,CUST_0785,SUB_0785,LIMIT_EXCEEDED,0.04,0.19,0.174,0.524,0.324,0.0
FAIL_002107,PAY_013412,CUST_0786,SUB_0786,CARD_EXPIRED,0.026,0.026,0.096,0.246,0.696,0.0
FAIL_002108,PAY_013423,CUST_0786,SUB_0786,CARD_EXPIRED,0.026,0.026,0.096,0.246,0.696,0.0
FAIL_002109,PAY_013429,CUST_0786,SUB_0786,BANK_DECLINED,0.176,0.476,0.146,0.296,0.096,0.0
FAIL_002110,PAY_013430,CUST_0786,SUB_0786,AUTHENTICATION_FAILED,0.026,0.076,0.246,0.346,0.546,0.0
FAIL_002111,PAY_013435,CUST_0786,SUB_0786,INSUFFICIENT_FUNDS,0.176,0.576,0.246,0.346,0.046,0.0
FAIL_002112,PAY_013438,CUST_0786,SUB_0786,CARD_EXPIRED,0.026,0.026,0.096,0.246,0.696,0.0
FAIL_002113,PAY_013441,CUST_0786,SUB_0786,INSUFFICIENT_FUNDS,0.176,0.576,0.246,0.346,0.046,0.0
FAIL_002114,PAY_013457,CUST_0787,SUB_0787,BANK_DECLINED,0.2,0.5,0.262,0.412,0.212,0.0
FAIL_002115,PAY_013458,CUST_0787,SUB_0787,BANK_DECLINED,0.2,0.5,0.262,0.412,0.212,0.0
FAIL_002116,PAY_013462,CUST_0787,SUB_0787,NETWORK_ERROR,0.85,0.7,0.262,0.312,0.112,0.0
FAIL_002117,PAY_013468,CUST_0787,SUB_0787,NETWORK_ERROR,0.85,0.7,0.262,0.312,0.112,0.0
FAIL_002118,PAY_013469,CUST_0787,SUB_0787,NETWORK_ERROR,0.85,0.7,0.262,0.312,0.112,0.0
FAIL_002119,PAY_013471,CUST_0787,SUB_0787,BANK_DECLINED,0.2,0.5,0.262,0.412,0.212,0.0
FAIL_002120,PAY_013497,CUST_0788,SUB_0788,BANK_DECLINED,0.246,0.546,0.308,0.458,0.258,0.0
FAIL_002121,PAY_013499,CUST_0788,SUB_0788,INSUFFICIENT_FUNDS,0.246,0.646,0.408,0.508,0.208,0.0
FAIL_002122,PAY_013502,CUST_0789,SUB_0789,BANK_DECLINED,0.2,0.5,0.262,0.412,0.212,0.0
FAIL_002123,PAY_013503,CUST_0789,SUB_0789,INSUFFICIENT_FUNDS,0.2,0.6,0.362,0.462,0.162,0.0
FAIL_002124,PAY_013505,CUST_0789,SUB_0789,BANK_DECLINED,0.2,0.5,0.262,0.412,0.212,0.0
FAIL_002125,PAY_013512,CUST_0789,SUB_0789,INSUFFICIENT_FUNDS,0.2,0.6,0.362,0.462,0.162,0.0
FAIL_002126,PAY_013526,CUST_0789,SUB_0789,LIMIT_EXCEEDED,0.1,0.25,0.212,0.562,0.362,0.0
FAIL_002127,PAY_013553,CUST_0791,SUB_0791,INSUFFICIENT_FUNDS,0.14,0.54,0.324,0.424,0.124,0.0
FAIL_002128,PAY_013557,CUST_0791,SUB_0791,CARD_EXPIRED,0.01,0.01,0.174,0.324,0.774,0.0
FAIL_002129,PAY_013604,CUST_0794,SUB_0794,CARD_EXPIRED,0.0676,0.0676,0.2656,0.4456,0.8956,0.0
FAIL_002130,PAY_013614,CUST_0795,SUB_0795,AUTHENTICATION_FAILED,0.026,0.076,0.246,0.346,0.546,0.0
FAIL_002131,PAY_013631,CUST_0797,SUB_0797,AUTHENTICATION_FAILED,0.05,0.1,0.362,0.462,0.662,0.0
FAIL_002132,PAY_013636,CUST_0797,SUB_0797,INSUFFICIENT_FUNDS,0.2,0.6,0.362,0.462,0.162,0.0
FAIL_002133,PAY_013641,CUST_0797,SUB_0797,INSUFFICIENT_FUNDS,0.2,0.6,0.362,0.462,0.162,0.0
FAIL_002134,PAY_013650,CUST_0797,SUB_0797,INSUFFICIENT_FUNDS,0.2,0.6,0.362,0.462,0.162,0.0
FAIL_002135,PAY_013651,CUST_0797,SUB_0797,INSUFFICIENT_FUNDS,0.2,0.6,0.362,0.462,0.162,0.0
FAIL_002136,PAY_013654,CUST_0797,SUB_0797,BANK_DECLINED,0.2,0.5,0.262,0.412,0.212,0.0
FAIL_002137,PAY_013662,CUST_0798,SUB_0798,AUTHENTICATION_FAILED,0.026,0.076,0.246,0.346,0.546,0.0
FAIL_002138,PAY_013669,CUST_0798,SUB_0798,INSUFFICIENT_FUNDS,0.176,0.576,0.246,0.346,0.046,0.0
FAIL_002139,PAY_013672,CUST_0798,SUB_0798,BANK_DECLINED,0.176,0.476,0.146,0.296,0.096,0.0
FAIL_002140,PAY_013682,CUST_0799,SUB_0799,INSUFFICIENT_FUNDS,0.14,0.54,0.324,0.424,0.124,0.0
FAIL_002141,PAY_013683,CUST_0799,SUB_0799,BANK_DECLINED,0.14,0.44,0.224,0.374,0.174,0.0
FAIL_002142,PAY_013691,CUST_0800,SUB_0800,BANK_DECLINED,0.2,0.5,0.262,0.412,0.212,0.0
FAIL_002143,PAY_013702,CUST_0802,SUB_0802,LIMIT_EXCEEDED,0.04,0.19,0.174,0.524,0.324,0.0
FAIL_002144,PAY_013703,CUST_0802,SUB_0802,INSUFFICIENT_FUNDS,0.14,0.54,0.324,0.424,0.124,0.0
FAIL_002145,PAY_013728,CUST_0803,SUB_0803,CARD_EXPIRED,0.026,0.026,0.096,0.246,0.696,0.0
FAIL_002146,PAY_013740,CUST_0804,SUB_0804,CARD_EXPIRED,0.05,0.05,0.212,0.362,0.812,0.0
FAIL_002147,PAY_013744,CUST_0804,SUB_0804,NETWORK_ERROR,0.85,0.7,0.262,0.312,0.112,0.0
FAIL_002148,PAY_013745,CUST_0804,SUB_0804,AUTHENTICATION_FAILED,0.05,0.1,0.362,0.462,0.662,0.0
FAIL_002149,PAY_013746,CUST_0804,SUB_0804,CARD_EXPIRED,0.05,0.05,0.212,0.362,0.812,0.0
FAIL_002150,PAY_013757,CUST_0804,SUB_0804,INSUFFICIENT_FUNDS,0.2,0.6,0.362,0.462,0.162,0.0
FAIL_002151,PAY_013762,CUST_0805,SUB_0805,BANK_DECLINED,0.2,0.5,0.262,0.412,0.212,0.0
FAIL_002152,PAY_013764,CUST_0805,SUB_0805,BANK_DECLINED,0.2,0.5,0.262,0.412,0.212,0.0
FAIL_002153,PAY_013784,CUST_0806,SUB_0806,INSUFFICIENT_FUNDS,0.176,0.576,0.246,0.346,0.046,0.0
FAIL_002154,PAY_013785,CUST_0806,SUB_0806,INSUFFICIENT_FUNDS,0.176,0.576,0.246,0.346,0.046,0.0
FAIL_002155,PAY_013786,CUST_0806,SUB_0806,INSUFFICIENT_FUNDS,0.176,0.576,0.246,0.346,0.046,0.0
FAIL_002156,PAY_013788,CUST_0806,SUB_0806,BANK_DECLINED,0.176,0.476,0.146,0.296,0.096,0.0
FAIL_002157,PAY_013789,CUST_0806,SUB_0806,BANK_DECLINED,0.176,0.476,0.146,0.296,0.096,0.0
FAIL_002158,PAY_013791,CUST_0806,SUB_0806,CARD_EXPIRED,0.026,0.026,0.096,0.246,0.696,0.0
FAIL_002159,PAY_013793,CUST_0806,SUB_0806,NETWORK_ERROR,0.826,0.676,0.146,0.196,0.01,0.0
FAIL_002160,PAY_013796,CUST_0807,SUB_0807,AUTHENTICATION_FAILED,0.026,0.076,0.246,0.346,0.546,0.0
FAIL_002161,PAY_013802,CUST_0807,SUB_0807,INSUFFICIENT_FUNDS,0.176,0.576,0.246,0.346,0.046,0.0
FAIL_002162,PAY_013806,CUST_0807,SUB_0807,NETWORK_ERROR,0.826,0.676,0.146,0.196,0.01,0.0
FAIL_002163,PAY_013810,CUST_0807,SUB_0807,INSUFFICIENT_FUNDS,0.176,0.576,0.246,0.346,0.046,0.0
FAIL_002164,PAY_013813,CUST_0807,SUB_0807,INSUFFICIENT_FUNDS,0.176,0.576,0.246,0.346,0.046,0.0
FAIL_002165,PAY_013818,CUST_0807,SUB_0807,AUTHENTICATION_FAILED,0.026,0.076,0.246,0.346,0.546,0.0
FAIL_002166,PAY_013819,CUST_0807,SUB_0807,AUTHENTICATION_FAILED,0.026,0.076,0.246,0.346,0.546,0.0
FAIL_002167,PAY_013823,CUST_0807,SUB_0807,BANK_DECLINED,0.176,0.476,0.146,0.296,0.096,0.0
FAIL_002168,PAY_013825,CUST_0807,SUB_0807,INSUFFICIENT_FUNDS,0.176,0.576,0.246,0.346,0.046,0.0
FAIL_002169,PAY_013826,CUST_0807,SUB_0807,INSUFFICIENT_FUNDS,0.176,0.576,0.246,0.346,0.046,0.0
FAIL_002170,PAY_013827,CUST_0808,SUB_0808,AUTHENTICATION_FAILED,0.026,0.076,0.246,0.346,0.546,0.0
FAIL_002171,PAY_013830,CUST_0808,SUB_0808,AUTHENTICATION_FAILED,0.026,0.076,0.246,0.346,0.546,0.0
FAIL_002172,PAY_013831,CUST_0808,SUB_0808,NETWORK_ERROR,0.826,0.676,0.146,0.196,0.01,0.0
FAIL_002173,PAY_013836,CUST_0808,SUB_0808,INSUFFICIENT_FUNDS,0.176,0.576,0.246,0.346,0.046,0.0
FAIL_002174,PAY_013847,CUST_0809,SUB_0809,AUTHENTICATION_FAILED,0.096,0.146,0.408,0.508,0.708,0.0
FAIL_002175,PAY_013848,CUST_0809,SUB_0809,INSUFFICIENT_FUNDS,0.246,0.646,0.408,0.508,0.208,0.0
FAIL_002176,PAY_013872,CUST_0810,SUB_0810,LIMIT_EXCEEDED,0.04,0.19,0.174,0.524,0.324,0.0
FAIL_002177,PAY_013874,CUST_0810,SUB_0810,BANK_DECLINED,0.14,0.44,0.224,0.374,0.174,0.0
FAIL_002178,PAY_013878,CUST_0810,SUB_0810,NETWORK_ERROR,0.79,0.64,0.224,0.274,0.074,0.0
FAIL_002179,PAY_013881,CUST_0810,SUB_0810,NETWORK_ERROR,0.79,0.64,0.224,0.274,0.074,0.0
FAIL_002180,PAY_013883,CUST_0810,SUB_0810,BANK_DECLINED,0.14,0.44,0.224,0.374,0.174,0.0
FAIL_002181,PAY_013886,CUST_0810,SUB_0810,INSUFFICIENT_FUNDS,0.14,0.54,0.324,0.424,0.124,0.0
FAIL_002182,PAY_013895,CUST_0810,SUB_0810,INSUFFICIENT_FUNDS,0.14,0.54,0.324,0.424,0.124,0.0
FAIL_002183,PAY_013900,CUST_0811,SUB_0811,INSUFFICIENT_FUNDS,0.176,0.576,0.246,0.346,0.046,0.0
FAIL_002184,PAY_013901,CUST_0811,SUB_0811,AUTHENTICATION_FAILED,0.026,0.076,0.246,0.346,0.546,0.0
FAIL_002185,PAY_013903,CUST_0811,SUB_0811,BANK_DECLINED,0.176,0.476,0.146,0.296,0.096,0.0
FAIL_002186,PAY_013907,CUST_0811,SUB_0811,AUTHENTICATION_FAILED,0.026,0.076,0.246,0.346,0.546,0.0
FAIL_002187,PAY_013910,CUST_0811,SUB_0811,BANK_DECLINED,0.176,0.476,0.146,0.296,0.096,0.0
FAIL_002188,PAY_013912,CUST_0812,SUB_0812,CARD_EXPIRED,0.026,0.026,0.096,0.246,0.696,0.0
FAIL_002189,PAY_013914,CUST_0812,SUB_0812,INSUFFICIENT_FUNDS,0.176,0.576,0.246,0.346,0.046,0.0
FAIL_002190,PAY_013917,CUST_0812,SUB_0812,LIMIT_EXCEEDED,0.076,0.226,0.096,0.446,0.246,0.0
FAIL_002191,PAY_013918,CUST_0812,SUB_0812,CARD_EXPIRED,0.026,0.026,0.096,0.246,0.696,0.0
FAIL_002192,PAY_013919,CUST_0812,SUB_0812,NETWORK_ERROR,0.826,0.676,0.146,0.196,0.01,0.0
FAIL_002193,PAY_013920,CUST_0812,SUB_0812,LIMIT_EXCEEDED,0.076,0.226,0.096,0.446,0.246,0.0
FAIL_002194,PAY_013924,CUST_0814,SUB_0814,INSUFFICIENT_FUNDS,0.176,0.576,0.246,0.346,0.046,0.0
FAIL_002195,PAY_013949,CUST_0815,SUB_0815,BANK_DECLINED,0.2176,0.5176,0.3156,0.4956,0.2956,0.0
FAIL_002196,PAY_013951,CUST_0815,SUB_0815,LIMIT_EXCEEDED,0.1176,0.2676,0.2656,0.6456,0.4456,0.0
FAIL_002197,PAY_013971,CUST_0816,SUB_0816,BANK_DECLINED,0.2176,0.5176,0.3156,0.4956,0.2956,0.0
FAIL_002198,PAY_013974,CUST_0816,SUB_0816,AUTHENTICATION_FAILED,0.0676,0.1176,0.4156,0.5456,0.7456,0.0
FAIL_002199,PAY_014027,CUST_0819,SUB_0819,LIMIT_EXCEEDED,0.146,0.296,0.258,0.608,0.408,0.0
FAIL_002200,PAY_014028,CUST_0819,SUB_0819,BANK_DECLINED,0.246,0.546,0.308,0.458,0.258,0.0
FAIL_002201,PAY_014032,CUST_0819,SUB_0819,CARD_EXPIRED,0.096,0.096,0.258,0.408,0.858,0.0
FAIL_002202,PAY_014046,CUST_0820,SUB_0820,INSUFFICIENT_FUNDS,0.2,0.6,0.362,0.462,0.162,0.0
FAIL_002203,PAY_014047,CUST_0820,SUB_0820,INSUFFICIENT_FUNDS,0.2,0.6,0.362,0.462,0.162,0.0
FAIL_002204,PAY_014057,CUST_0821,SUB_0821,LIMIT_EXCEEDED,0.076,0.226,0.096,0.446,0.246,0.0
FAIL_002205,PAY_014062,CUST_0821,SUB_0821,BANK_DECLINED,0.176,0.476,0.146,0.296,0.096,0.0
FAIL_002206,PAY_014079,CUST_0823,SUB_0823,BANK_DECLINED,0.2176,0.5176,0.3156,0.4956,0.2956,0.0
FAIL_002207,PAY_014085,CUST_0823,SUB_0823,LIMIT_EXCEEDED,0.1176,0.2676,0.2656,0.6456,0.4456,0.0
FAIL_002208,PAY_014093,CUST_0824,SUB_0824,BANK_DECLINED,0.176,0.476,0.146,0.296,0.096,0.0
FAIL_002209,PAY_014096,CUST_0824,SUB_0824,CARD_EXPIRED,0.026,0.026,0.096,0.246,0.696,0.0
FAIL_002210,PAY_014098,CUST_0824,SUB_0824,CARD_EXPIRED,0.026,0.026,0.096,0.246,0.696,0.0
FAIL_002211,PAY_014099,CUST_0824,SUB_0824,INSUFFICIENT_FUNDS,0.176,0.576,0.246,0.346,0.046,0.0
FAIL_002212,PAY_014101,CUST_0824,SUB_0824,NETWORK_ERROR,0.826,0.676,0.146,0.196,0.01,0.0
FAIL_002213,PAY_014105,CUST_0824,SUB_0824,AUTHENTICATION_FAILED,0.026,0.076,0.246,0.346,0.546,0.0
FAIL_002214,PAY_014110,CUST_0824,SUB_0824,CARD_EXPIRED,0.026,0.026,0.096,0.246,0.696,0.0
FAIL_002215,PAY_014117,CUST_0825,SUB_0825,INSUFFICIENT_FUNDS,0.2176,0.6176,0.4156,0.5456,0.2456,0.0
FAIL_002216,PAY_014118,CUST_0825,SUB_0825,INSUFFICIENT_FUNDS,0.2176,0.6176,0.4156,0.5456,0.2456,0.0
FAIL_002217,PAY_014133,CUST_0825,SUB_0825,CARD_EXPIRED,0.0676,0.0676,0.2656,0.4456,0.8956,0.0
FAIL_002218,PAY_014137,CUST_0827,SUB_0827,CARD_EXPIRED,0.026,0.026,0.096,0.246,0.696,0.0
FAIL_002219,PAY_014138,CUST_0827,SUB_0827,CARD_EXPIRED,0.026,0.026,0.096,0.246,0.696,0.0
FAIL_002220,PAY_014139,CUST_0827,SUB_0827,BANK_DECLINED,0.176,0.476,0.146,0.296,0.096,0.0
FAIL_002221,PAY_014145,CUST_0827,SUB_0827,INSUFFICIENT_FUNDS,0.176,0.576,0.246,0.346,0.046,0.0
FAIL_002222,PAY_014146,CUST_0827,SUB_0827,INSUFFICIENT_FUNDS,0.176,0.576,0.246,0.346,0.046,0.0
FAIL_002223,PAY_014150,CUST_0827,SUB_0827,BANK_DECLINED,0.176,0.476,0.146,0.296,0.096,0.0
FAIL_002224,PAY_014160,CUST_0830,SUB_0830,BANK_DECLINED,0.176,0.476,0.146,0.296,0.096,0.0
FAIL_002225,PAY_014173,CUST_0830,SUB_0830,INSUFFICIENT_FUNDS,0.176,0.576,0.246,0.346,0.046,0.0
FAIL_002226,PAY_014174,CUST_0830,SUB_0830,INSUFFICIENT_FUNDS,0.176,0.576,0.246,0.346,0.046,0.0
FAIL_002227,PAY_014178,CUST_0830,SUB_0830,INSUFFICIENT_FUNDS,0.176,0.576,0.246,0.346,0.046,0.0
FAIL_002228,PAY_014187,CUST_0831,SUB_0831,BANK_DECLINED,0.2176,0.5176,0.3156,0.4956,0.2956,0.0
FAIL_002229,PAY_014200,CUST_0831,SUB_0831,NETWORK_ERROR,0.8676,0.7176,0.3156,0.3956,0.1956,0.0
FAIL_002230,PAY_014213,CUST_0832,SUB_0832,BANK_DECLINED,0.2,0.5,0.262,0.412,0.212,0.0
FAIL_002231,PAY_014216,CUST_0832,SUB_0832,INSUFFICIENT_FUNDS,0.2,0.6,0.362,0.462,0.162,0.0
FAIL_002232,PAY_014217,CUST_0832,SUB_0832,BANK_DECLINED,0.2,0.5,0.262,0.412,0.212,0.0
FAIL_002233,PAY_014219,CUST_0832,SUB_0832,INSUFFICIENT_FUNDS,0.2,0.6,0.362,0.462,0.162,0.0
FAIL_002234,PAY_014224,CUST_0832,SUB_0832,BANK_DECLINED,0.2,0.5,0.262,0.412,0.212,0.0
FAIL_002235,PAY_014227,CUST_0832,SUB_0832,INSUFFICIENT_FUNDS,0.2,0.6,0.362,0.462,0.162,0.0
FAIL_002236,PAY_014230,CUST_0832,SUB_0832,BANK_DECLINED,0.2,0.5,0.262,0.412,0.212,0.0
FAIL_002237,PAY_014241,CUST_0835,SUB_0835,INSUFFICIENT_FUNDS,0.2,0.6,0.362,0.462,0.162,0.0
FAIL_002238,PAY_014244,CUST_0835,SUB_0835,BANK_DECLINED,0.2,0.5,0.262,0.412,0.212,0.0
FAIL_002239,PAY_014250,CUST_0835,SUB_0835,INSUFFICIENT_FUNDS,0.2,0.6,0.362,0.462,0.162,0.0
FAIL_002240,PAY_014265,CUST_0836,SUB_0836,AUTHENTICATION_FAILED,0.01,0.04,0.324,0.424,0.624,0.0
FAIL_002241,PAY_014269,CUST_0836,SUB_0836,AUTHENTICATION_FAILED,0.01,0.04,0.324,0.424,0.624,0.0
FAIL_002242,PAY_014271,CUST_0836,SUB_0836,LIMIT_EXCEEDED,0.04,0.19,0.174,0.524,0.324,0.0
FAIL_002243,PAY_014272,CUST_0836,SUB_0836,BANK_DECLINED,0.14,0.44,0.224,0.374,0.174,0.0
FAIL_002244,PAY_014274,CUST_0836,SUB_0836,INSUFFICIENT_FUNDS,0.14,0.54,0.324,0.424,0.124,0.0
FAIL_002245,PAY_014278,CUST_0836,SUB_0836,INSUFFICIENT_FUNDS,0.14,0.54,0.324,0.424,0.124,0.0
FAIL_002246,PAY_014279,CUST_0836,SUB_0836,INSUFFICIENT_FUNDS,0.14,0.54,0.324,0.424,0.124,0.0
FAIL_002247,PAY_014290,CUST_0838,SUB_0838,INSUFFICIENT_FUNDS,0.2,0.6,0.362,0.462,0.162,0.0
FAIL_002248,PAY_014298,CUST_0838,SUB_0838,BANK_DECLINED,0.2,0.5,0.262,0.412,0.212,0.0
FAIL_002249,PAY_014309,CUST_0839,SUB_0839,INSUFFICIENT_FUNDS,0.246,0.646,0.408,0.508,0.208,0.0
FAIL_002250,PAY_014315,CUST_0839,SUB_0839,BANK_DECLINED,0.246,0.546,0.308,0.458,0.258,0.0
FAIL_002251,PAY_014362,CUST_0841,SUB_0841,BANK_DECLINED,0.14,0.44,0.224,0.374,0.174,0.0
FAIL_002252,PAY_014363,CUST_0841,SUB_0841,BANK_DECLINED,0.14,0.44,0.224,0.374,0.174,0.0
FAIL_002253,PAY_014364,CUST_0841,SUB_0841,INSUFFICIENT_FUNDS,0.14,0.54,0.324,0.424,0.124,0.0
FAIL_002254,PAY_014369,CUST_0841,SUB_0841,INSUFFICIENT_FUNDS,0.14,0.54,0.324,0.424,0.124,0.0
FAIL_002255,PAY_014372,CUST_0841,SUB_0841,INSUFFICIENT_FUNDS,0.14,0.54,0.324,0.424,0.124,0.0
FAIL_002256,PAY_014380,CUST_0842,SUB_0842,NETWORK_ERROR,0.8676,0.7176,0.3156,0.3956,0.1956,0.0
FAIL_002257,PAY_014385,CUST_0842,SUB_0842,NETWORK_ERROR,0.8676,0.7176,0.3156,0.3956,0.1956,0.0
FAIL_002258,PAY_014387,CUST_0842,SUB_0842,INSUFFICIENT_FUNDS,0.2176,0.6176,0.4156,0.5456,0.2456,0.0
FAIL_002259,PAY_014390,CUST_0842,SUB_0842,INSUFFICIENT_FUNDS,0.2176,0.6176,0.4156,0.5456,0.2456,0.0
FAIL_002260,PAY_014391,CUST_0842,SUB_0842,BANK_DECLINED,0.2176,0.5176,0.3156,0.4956,0.2956,0.0
FAIL_002261,PAY_014392,CUST_0843,SUB_0843,LIMIT_EXCEEDED,0.076,0.226,0.096,0.446,0.246,0.0
FAIL_002262,PAY_014394,CUST_0843,SUB_0843,BANK_DECLINED,0.176,0.476,0.146,0.296,0.096,0.0
FAIL_002263,PAY_014395,CUST_0843,SUB_0843,NETWORK_ERROR,0.826,0.676,0.146,0.196,0.01,0.0
FAIL_002264,PAY_014397,CUST_0843,SUB_0843,AUTHENTICATION_FAILED,0.026,0.076,0.246,0.346,0.546,0.0
FAIL_002265,PAY_014399,CUST_0843,SUB_0843,BANK_DECLINED,0.176,0.476,0.146,0.296,0.096,0.0
FAIL_002266,PAY_014401,CUST_0843,SUB_0843,BANK_DECLINED,0.176,0.476,0.146,0.296,0.096,0.0
FAIL_002267,PAY_014408,CUST_0843,SUB_0843,AUTHENTICATION_FAILED,0.026,0.076,0.246,0.346,0.546,0.0
FAIL_002268,PAY_014410,CUST_0843,SUB_0843,AUTHENTICATION_FAILED,0.026,0.076,0.246,0.346,0.546,0.0
FAIL_002269,PAY_014413,CUST_0843,SUB_0843,LIMIT_EXCEEDED,0.076,0.226,0.096,0.446,0.246,0.0
FAIL_002270,PAY_014414,CUST_0843,SUB_0843,INSUFFICIENT_FUNDS,0.176,0.576,0.246,0.346,0.046,0.0
FAIL_002271,PAY_014415,CUST_0844,SUB_0844,INSUFFICIENT_FUNDS,0.14,0.54,0.324,0.424,0.124,0.0
FAIL_002272,PAY_014416,CUST_0844,SUB_0844,LIMIT_EXCEEDED,0.04,0.19,0.174,0.524,0.324,0.0
FAIL_002273,PAY_014417,CUST_0844,SUB_0844,INSUFFICIENT_FUNDS,0.14,0.54,0.324,0.424,0.124,0.0
FAIL_002274,PAY_014418,CUST_0844,SUB_0844,INSUFFICIENT_FUNDS,0.14,0.54,0.324,0.424,0.124,0.0
FAIL_002275,PAY_014419,CUST_0845,SUB_0845,LIMIT_EXCEEDED,0.1,0.25,0.212,0.562,0.362,0.0
FAIL_002276,PAY_014421,CUST_0845,SUB_0845,LIMIT_EXCEEDED,0.1,0.25,0.212,0.562,0.362,0.0
FAIL_002277,PAY_014430,CUST_0845,SUB_0845,INSUFFICIENT_FUNDS,0.2,0.6,0.362,0.462,0.162,0.0
FAIL_002278,PAY_014432,CUST_0846,SUB_0846,CARD_EXPIRED,0.026,0.026,0.096,0.246,0.696,0.0
FAIL_002279,PAY_014434,CUST_0846,SUB_0846,BANK_DECLINED,0.176,0.476,0.146,0.296,0.096,0.0
FAIL_002280,PAY_014435,CUST_0846,SUB_0846,NETWORK_ERROR,0.826,0.676,0.146,0.196,0.01,0.0
FAIL_002281,PAY_014437,CUST_0846,SUB_0846,INSUFFICIENT_FUNDS,0.176,0.576,0.246,0.346,0.046,0.0
FAIL_002282,PAY_014438,CUST_0846,SUB_0846,BANK_DECLINED,0.176,0.476,0.146,0.296,0.096,0.0
FAIL_002283,PAY_014439,CUST_0846,SUB_0846,AUTHENTICATION_FAILED,0.026,0.076,0.246,0.346,0.546,0.0
FAIL_002284,PAY_014441,CUST_0846,SUB_0846,BANK_DECLINED,0.176,0.476,0.146,0.296,0.096,0.0
FAIL_002285,PAY_014445,CUST_0847,SUB_0847,INSUFFICIENT_FUNDS,0.14,0.54,0.324,0.424,0.124,0.0
FAIL_002286,PAY_014447,CUST_0847,SUB_0847,BANK_DECLINED,0.14,0.44,0.224,0.374,0.174,0.0
FAIL_002287,PAY_014449,CUST_0847,SUB_0847,BANK_DECLINED,0.14,0.44,0.224,0.374,0.174,0.0
FAIL_002288,PAY_014450,CUST_0847,SUB_0847,BANK_DECLINED,0.14,0.44,0.224,0.374,0.174,0.0
FAIL_002289,PAY_014452,CUST_0847,SUB_0847,NETWORK_ERROR,0.79,0.64,0.224,0.274,0.074,0.0
FAIL_002290,PAY_014458,CUST_0847,SUB_0847,BANK_DECLINED,0.14,0.44,0.224,0.374,0.174,0.0
FAIL_002291,PAY_014463,CUST_0848,SUB_0848,LIMIT_EXCEEDED,0.1176,0.2676,0.2656,0.6456,0.4456,0.0
FAIL_002292,PAY_014464,CUST_0849,SUB_0849,BANK_DECLINED,0.176,0.476,0.146,0.296,0.096,0.0
FAIL_002293,PAY_014465,CUST_0849,SUB_0849,CARD_EXPIRED,0.026,0.026,0.096,0.246,0.696,0.0
FAIL_002294,PAY_014467,CUST_0849,SUB_0849,BANK_DECLINED,0.176,0.476,0.146,0.296,0.096,0.0
FAIL_002295,PAY_014468,CUST_0849,SUB_0849,INSUFFICIENT_FUNDS,0.176,0.576,0.246,0.346,0.046,0.0
FAIL_002296,PAY_014469,CUST_0849,SUB_0849,CARD_EXPIRED,0.026,0.026,0.096,0.246,0.696,0.0
FAIL_002297,PAY_014485,CUST_0851,SUB_0851,CARD_EXPIRED,0.05,0.05,0.212,0.362,0.812,0.0
FAIL_002298,PAY_014489,CUST_0851,SUB_0851,CARD_EXPIRED,0.05,0.05,0.212,0.362,0.812,0.0
FAIL_002299,PAY_014496,CUST_0851,SUB_0851,BANK_DECLINED,0.2,0.5,0.262,0.412,0.212,0.0
FAIL_002300,PAY_014497,CUST_0851,SUB_0851,BANK_DECLINED,0.2,0.5,0.262,0.412,0.212,0.0
FAIL_002301,PAY_014499,CUST_0851,SUB_0851,NETWORK_ERROR,0.85,0.7,0.262,0.312,0.112,0.0
FAIL_002302,PAY_014500,CUST_0851,SUB_0851,INSUFFICIENT_FUNDS,0.2,0.6,0.362,0.462,0.162,0.0
FAIL_002303,PAY_014521,CUST_0853,SUB_0853,CARD_EXPIRED,0.026,0.026,0.096,0.246,0.696,0.0
FAIL_002304,PAY_014523,CUST_0853,SUB_0853,CARD_EXPIRED,0.026,0.026,0.096,0.246,0.696,0.0
FAIL_002305,PAY_014525,CUST_0853,SUB_0853,CARD_EXPIRED,0.026,0.026,0.096,0.246,0.696,0.0
FAIL_002306,PAY_014529,CUST_0853,SUB_0853,INSUFFICIENT_FUNDS,0.176,0.576,0.246,0.346,0.046,0.0
FAIL_002307,PAY_014535,CUST_0853,SUB_0853,LIMIT_EXCEEDED,0.076,0.226,0.096,0.446,0.246,0.0
FAIL_002308,PAY_014539,CUST_0853,SUB_0853,BANK_DECLINED,0.176,0.476,0.146,0.296,0.096,0.0
FAIL_002309,PAY_014540,CUST_0854,SUB_0854,BANK_DECLINED,0.176,0.476,0.146,0.296,0.096,0.0
FAIL_002310,PAY_014541,CUST_0854,SUB_0854,NETWORK_ERROR,0.826,0.676,0.146,0.196,0.01,0.0
FAIL_002311,PAY_014548,CUST_0854,SUB_0854,AUTHENTICATION_FAILED,0.026,0.076,0.246,0.346,0.546,0.0
FAIL_002312,PAY_014553,CUST_0854,SUB_0854,CARD_EXPIRED,0.026,0.026,0.096,0.246,0.696,0.0
FAIL_002313,PAY_014558,CUST_0854,SUB_0854,NETWORK_ERROR,0.826,0.676,0.146,0.196,0.01,0.0
FAIL_002314,PAY_014561,CUST_0854,SUB_0854,CARD_EXPIRED,0.026,0.026,0.096,0.246,0.696,0.0
FAIL_002315,PAY_014562,CUST_0854,SUB_0854,BANK_DECLINED,0.176,0.476,0.146,0.296,0.096,0.0
FAIL_002316,PAY_014565,CUST_0854,SUB_0854,AUTHENTICATION_FAILED,0.026,0.076,0.246,0.346,0.546,0.0
FAIL_002317,PAY_014574,CUST_0855,SUB_0855,BANK_DECLINED,0.14,0.44,0.224,0.374,0.174,0.0
FAIL_002318,PAY_014577,CUST_0855,SUB_0855,BANK_DECLINED,0.14,0.44,0.224,0.374,0.174,0.0
FAIL_002319,PAY_014579,CUST_0855,SUB_0855,INSUFFICIENT_FUNDS,0.14,0.54,0.324,0.424,0.124,0.0
FAIL_002320,PAY_014580,CUST_0855,SUB_0855,NETWORK_ERROR,0.79,0.64,0.224,0.274,0.074,0.0
FAIL_002321,PAY_014590,CUST_0856,SUB_0856,CARD_EXPIRED,0.026,0.026,0.096,0.246,0.696,0.0
FAIL_002322,PAY_014600,CUST_0857,SUB_0857,BANK_DECLINED,0.176,0.476,0.146,0.296,0.096,0.0
FAIL_002323,PAY_014601,CUST_0857,SUB_0857,CARD_EXPIRED,0.026,0.026,0.096,0.246,0.696,0.0
FAIL_002324,PAY_014605,CUST_0857,SUB_0857,INSUFFICIENT_FUNDS,0.176,0.576,0.246,0.346,0.046,0.0
FAIL_002325,PAY_014607,CUST_0857,SUB_0857,LIMIT_EXCEEDED,0.076,0.226,0.096,0.446,0.246,0.0
FAIL_002326,PAY_014610,CUST_0857,SUB_0857,CARD_EXPIRED,0.026,0.026,0.096,0.246,0.696,0.0
FAIL_002327,PAY_014611,CUST_0857,SUB_0857,BANK_DECLINED,0.176,0.476,0.146,0.296,0.096,0.0
FAIL_002328,PAY_014614,CUST_0857,SUB_0857,CARD_EXPIRED,0.026,0.026,0.096,0.246,0.696,0.0
FAIL_002329,PAY_014628,CUST_0860,SUB_0860,LIMIT_EXCEEDED,0.076,0.226,0.096,0.446,0.246,0.0
FAIL_002330,PAY_014630,CUST_0860,SUB_0860,BANK_DECLINED,0.176,0.476,0.146,0.296,0.096,0.0
FAIL_002331,PAY_014665,CUST_0862,SUB_0862,INSUFFICIENT_FUNDS,0.14,0.54,0.324,0.424,0.124,0.0
FAIL_002332,PAY_014668,CUST_0862,SUB_0862,INSUFFICIENT_FUNDS,0.14,0.54,0.324,0.424,0.124,0.0
FAIL_002333,PAY_014672,CUST_0862,SUB_0862,BANK_DECLINED,0.14,0.44,0.224,0.374,0.174,0.0
FAIL_002334,PAY_014673,CUST_0862,SUB_0862,BANK_DECLINED,0.14,0.44,0.224,0.374,0.174,0.0
FAIL_002335,PAY_014680,CUST_0862,SUB_0862,BANK_DECLINED,0.14,0.44,0.224,0.374,0.174,0.0
FAIL_002336,PAY_014687,CUST_0862,SUB_0862,BANK_DECLINED,0.14,0.44,0.224,0.374,0.174,0.0
FAIL_002337,PAY_014689,CUST_0862,SUB_0862,BANK_DECLINED,0.14,0.44,0.224,0.374,0.174,0.0
FAIL_002338,PAY_014691,CUST_0862,SUB_0862,INSUFFICIENT_FUNDS,0.14,0.54,0.324,0.424,0.124,0.0
FAIL_002339,PAY_014722,CUST_0863,SUB_0863,AUTHENTICATION_FAILED,0.0676,0.1176,0.4156,0.5456,0.7456,0.0
FAIL_002340,PAY_014735,CUST_0864,SUB_0864,NETWORK_ERROR,0.8676,0.7176,0.3156,0.3956,0.1956,0.0
FAIL_002341,PAY_014753,CUST_0864,SUB_0864,BANK_DECLINED,0.2176,0.5176,0.3156,0.4956,0.2956,0.0
FAIL_002342,PAY_014755,CUST_0865,SUB_0865,INSUFFICIENT_FUNDS,0.2,0.6,0.362,0.462,0.162,0.0
FAIL_002343,PAY_014757,CUST_0865,SUB_0865,INSUFFICIENT_FUNDS,0.2,0.6,0.362,0.462,0.162,0.0
FAIL_002344,PAY_014763,CUST_0865,SUB_0865,INSUFFICIENT_FUNDS,0.2,0.6,0.362,0.462,0.162,0.0
FAIL_002345,PAY_014765,CUST_0865,SUB_0865,BANK_DECLINED,0.2,0.5,0.262,0.412,0.212,0.0
FAIL_002346,PAY_014769,CUST_0865,SUB_0865,LIMIT_EXCEEDED,0.1,0.25,0.212,0.562,0.362,0.0
FAIL_002347,PAY_014780,CUST_0866,SUB_0866,INSUFFICIENT_FUNDS,0.14,0.54,0.324,0.424,0.124,0.0
FAIL_002348,PAY_014781,CUST_0866,SUB_0866,AUTHENTICATION_FAILED,0.01,0.04,0.324,0.424,0.624,0.0
FAIL_002349,PAY_014786,CUST_0866,SUB_0866,INSUFFICIENT_FUNDS,0.14,0.54,0.324,0.424,0.124,0.0
FAIL_002350,PAY_014792,CUST_0866,SUB_0866,INSUFFICIENT_FUNDS,0.14,0.54,0.324,0.424,0.124,0.0
FAIL_002351,PAY_014793,CUST_0866,SUB_0866,BANK_DECLINED,0.14,0.44,0.224,0.374,0.174,0.0
FAIL_002352,PAY_014794,CUST_0866,SUB_0866,INSUFFICIENT_FUNDS,0.14,0.54,0.324,0.424,0.124,0.0
FAIL_002353,PAY_014795,CUST_0866,SUB_0866,BANK_DECLINED,0.14,0.44,0.224,0.374,0.174,0.0
FAIL_002354,PAY_014796,CUST_0866,SUB_0866,BANK_DECLINED,0.14,0.44,0.224,0.374,0.174,0.0
FAIL_002355,PAY_014799,CUST_0866,SUB_0866,BANK_DECLINED,0.14,0.44,0.224,0.374,0.174,0.0
FAIL_002356,PAY_014806,CUST_0867,SUB_0867,NETWORK_ERROR,0.85,0.7,0.262,0.312,0.112,0.0
FAIL_002357,PAY_014807,CUST_0867,SUB_0867,INSUFFICIENT_FUNDS,0.2,0.6,0.362,0.462,0.162,0.0
FAIL_002358,PAY_014811,CUST_0867,SUB_0867,INSUFFICIENT_FUNDS,0.2,0.6,0.362,0.462,0.162,0.0
FAIL_002359,PAY_014818,CUST_0867,SUB_0867,CARD_EXPIRED,0.05,0.05,0.212,0.362,0.812,0.0
FAIL_002360,PAY_014825,CUST_0867,SUB_0867,INSUFFICIENT_FUNDS,0.2,0.6,0.362,0.462,0.162,0.0
FAIL_002361,PAY_014833,CUST_0868,SUB_0868,CARD_EXPIRED,0.01,0.01,0.174,0.324,0.774,0.0
FAIL_002362,PAY_014852,CUST_0870,SUB_0870,NETWORK_ERROR,0.85,0.7,0.262,0.312,0.112,0.0
FAIL_002363,PAY_014860,CUST_0870,SUB_0870,NETWORK_ERROR,0.85,0.7,0.262,0.312,0.112,0.0
FAIL_002364,PAY_014874,CUST_0872,SUB_0872,INSUFFICIENT_FUNDS,0.176,0.576,0.246,0.346,0.046,0.0
FAIL_002365,PAY_014883,CUST_0872,SUB_0872,LIMIT_EXCEEDED,0.076,0.226,0.096,0.446,0.246,0.0
FAIL_002366,PAY_014887,CUST_0872,SUB_0872,INSUFFICIENT_FUNDS,0.176,0.576,0.246,0.346,0.046,0.0
FAIL_002367,PAY_014889,CUST_0872,SUB_0872,INSUFFICIENT_FUNDS,0.176,0.576,0.246,0.346,0.046,0.0
FAIL_002368,PAY_014898,CUST_0873,SUB_0873,INSUFFICIENT_FUNDS,0.2,0.6,0.362,0.462,0.162,0.0
FAIL_002369,PAY_014900,CUST_0874,SUB_0874,NETWORK_ERROR,0.826,0.676,0.146,0.196,0.01,0.0
FAIL_002370,PAY_014905,CUST_0874,SUB_0874,LIMIT_EXCEEDED,0.076,0.226,0.096,0.446,0.246,0.0
FAIL_002371,PAY_014908,CUST_0874,SUB_0874,INSUFFICIENT_FUNDS,0.176,0.576,0.246,0.346,0.046,0.0
FAIL_002372,PAY_014910,CUST_0874,SUB_0874,BANK_DECLINED,0.176,0.476,0.146,0.296,0.096,0.0
FAIL_002373,PAY_014911,CUST_0874,SUB_0874,INSUFFICIENT_FUNDS,0.176,0.576,0.246,0.346,0.046,0.0
FAIL_002374,PAY_014913,CUST_0874,SUB_0874,CARD_EXPIRED,0.026,0.026,0.096,0.246,0.696,0.0
FAIL_002375,PAY_014917,CUST_0874,SUB_0874,BANK_DECLINED,0.176,0.476,0.146,0.296,0.096,0.0
FAIL_002376,PAY_014918,CUST_0874,SUB_0874,INSUFFICIENT_FUNDS,0.176,0.576,0.246,0.346,0.046,0.0
FAIL_002377,PAY_014922,CUST_0874,SUB_0874,NETWORK_ERROR,0.826,0.676,0.146,0.196,0.01,0.0
FAIL_002378,PAY_014923,CUST_0874,SUB_0874,INSUFFICIENT_FUNDS,0.176,0.576,0.246,0.346,0.046,0.0
FAIL_002379,PAY_014928,CUST_0875,SUB_0875,BANK_DECLINED,0.14,0.44,0.224,0.374,0.174,0.0
FAIL_002380,PAY_014929,CUST_0875,SUB_0875,INSUFFICIENT_FUNDS,0.14,0.54,0.324,0.424,0.124,0.0
FAIL_002381,PAY_014933,CUST_0875,SUB_0875,NETWORK_ERROR,0.79,0.64,0.224,0.274,0.074,0.0
FAIL_002382,PAY_014935,CUST_0875,SUB_0875,INSUFFICIENT_FUNDS,0.14,0.54,0.324,0.424,0.124,0.0
FAIL_002383,PAY_014937,CUST_0875,SUB_0875,NETWORK_ERROR,0.79,0.64,0.224,0.274,0.074,0.0
FAIL_002384,PAY_014938,CUST_0875,SUB_0875,CARD_EXPIRED,0.01,0.01,0.174,0.324,0.774,0.0
FAIL_002385,PAY_014941,CUST_0875,SUB_0875,INSUFFICIENT_FUNDS,0.14,0.54,0.324,0.424,0.124,0.0
FAIL_002386,PAY_014942,CUST_0875,SUB_0875,INSUFFICIENT_FUNDS,0.14,0.54,0.324,0.424,0.124,0.0
FAIL_002387,PAY_014943,CUST_0875,SUB_0875,CARD_EXPIRED,0.01,0.01,0.174,0.324,0.774,0.0
FAIL_002388,PAY_014946,CUST_0875,SUB_0875,INSUFFICIENT_FUNDS,0.14,0.54,0.324,0.424,0.124,0.0
FAIL_002389,PAY_014948,CUST_0875,SUB_0875,INSUFFICIENT_FUNDS,0.14,0.54,0.324,0.424,0.124,0.0
FAIL_002390,PAY_014949,CUST_0875,SUB_0875,BANK_DECLINED,0.14,0.44,0.224,0.374,0.174,0.0
FAIL_002391,PAY_014950,CUST_0875,SUB_0875,INSUFFICIENT_FUNDS,0.14,0.54,0.324,0.424,0.124,0.0
FAIL_002392,PAY_014952,CUST_0875,SUB_0875,CARD_EXPIRED,0.01,0.01,0.174,0.324,0.774,0.0
FAIL_002393,PAY_014953,CUST_0875,SUB_0875,BANK_DECLINED,0.14,0.44,0.224,0.374,0.174,0.0
FAIL_002394,PAY_014954,CUST_0875,SUB_0875,BANK_DECLINED,0.14,0.44,0.224,0.374,0.174,0.0
FAIL_002395,PAY_014955,CUST_0875,SUB_0875,BANK_DECLINED,0.14,0.44,0.224,0.374,0.174,0.0
FAIL_002396,PAY_014956,CUST_0875,SUB_0875,BANK_DECLINED,0.14,0.44,0.224,0.374,0.174,0.0
FAIL_002397,PAY_014957,CUST_0876,SUB_0876,BANK_DECLINED,0.14,0.44,0.224,0.374,0.174,0.0
FAIL_002398,PAY_014958,CUST_0877,SUB_0877,INSUFFICIENT_FUNDS,0.14,0.54,0.324,0.424,0.124,0.0
FAIL_002399,PAY_014959,CUST_0877,SUB_0877,CARD_EXPIRED,0.01,0.01,0.174,0.324,0.774,0.0
FAIL_002400,PAY_014960,CUST_0877,SUB_0877,BANK_DECLINED,0.14,0.44,0.224,0.374,0.174,0.0
FAIL_002401,PAY_014961,CUST_0877,SUB_0877,CARD_EXPIRED,0.01,0.01,0.174,0.324,0.774,0.0
FAIL_002402,PAY_014978,CUST_0879,SUB_0879,CARD_EXPIRED,0.026,0.026,0.096,0.246,0.696,0.0
FAIL_002403,PAY_014988,CUST_0879,SUB_0879,BANK_DECLINED,0.176,0.476,0.146,0.296,0.096,0.0
FAIL_002404,PAY_014994,CUST_0880,SUB_0880,NETWORK_ERROR,0.826,0.676,0.146,0.196,0.01,0.0
FAIL_002405,PAY_014997,CUST_0880,SUB_0880,INSUFFICIENT_FUNDS,0.176,0.576,0.246,0.346,0.046,0.0
FAIL_002406,PAY_014998,CUST_0880,SUB_0880,INSUFFICIENT_FUNDS,0.176,0.576,0.246,0.346,0.046,0.0
FAIL_002407,PAY_015002,CUST_0880,SUB_0880,INSUFFICIENT_FUNDS,0.176,0.576,0.246,0.346,0.046,0.0
FAIL_002408,PAY_015020,CUST_0881,SUB_0881,INSUFFICIENT_FUNDS,0.246,0.646,0.408,0.508,0.208,0.0
FAIL_002409,PAY_015037,CUST_0883,SUB_0883,INSUFFICIENT_FUNDS,0.14,0.54,0.324,0.424,0.124,0.0
FAIL_002410,PAY_015039,CUST_0883,SUB_0883,NETWORK_ERROR,0.79,0.64,0.224,0.274,0.074,0.0
FAIL_002411,PAY_015040,CUST_0883,SUB_0883,BANK_DECLINED,0.14,0.44,0.224,0.374,0.174,0.0
FAIL_002412,PAY_015042,CUST_0883,SUB_0883,BANK_DECLINED,0.14,0.44,0.224,0.374,0.174,0.0
FAIL_002413,PAY_015043,CUST_0883,SUB_0883,INSUFFICIENT_FUNDS,0.14,0.54,0.324,0.424,0.124,0.0
FAIL_002414,PAY_015044,CUST_0883,SUB_0883,INSUFFICIENT_FUNDS,0.14,0.54,0.324,0.424,0.124,0.0
FAIL_002415,PAY_015045,CUST_0883,SUB_0883,INSUFFICIENT_FUNDS,0.14,0.54,0.324,0.424,0.124,0.0
FAIL_002416,PAY_015048,CUST_0883,SUB_0883,BANK_DECLINED,0.14,0.44,0.224,0.374,0.174,0.0
FAIL_002417,PAY_015050,CUST_0883,SUB_0883,NETWORK_ERROR,0.79,0.64,0.224,0.274,0.074,0.0
FAIL_002418,PAY_015051,CUST_0883,SUB_0883,BANK_DECLINED,0.14,0.44,0.224,0.374,0.174,0.0
FAIL_002419,PAY_015054,CUST_0883,SUB_0883,LIMIT_EXCEEDED,0.04,0.19,0.174,0.524,0.324,0.0
FAIL_002420,PAY_015055,CUST_0883,SUB_0883,BANK_DECLINED,0.14,0.44,0.224,0.374,0.174,0.0
FAIL_002421,PAY_015056,CUST_0883,SUB_0883,BANK_DECLINED,0.14,0.44,0.224,0.374,0.174,0.0
FAIL_002422,PAY_015058,CUST_0883,SUB_0883,INSUFFICIENT_FUNDS,0.14,0.54,0.324,0.424,0.124,0.0
FAIL_002423,PAY_015059,CUST_0883,SUB_0883,INSUFFICIENT_FUNDS,0.14,0.54,0.324,0.424,0.124,0.0
FAIL_002424,PAY_015060,CUST_0883,SUB_0883,BANK_DECLINED,0.14,0.44,0.224,0.374,0.174,0.0
FAIL_002425,PAY_015062,CUST_0884,SUB_0884,INSUFFICIENT_FUNDS,0.2,0.6,0.362,0.462,0.162,0.0
FAIL_002426,PAY_015064,CUST_0884,SUB_0884,BANK_DECLINED,0.2,0.5,0.262,0.412,0.212,0.0
FAIL_002427,PAY_015065,CUST_0884,SUB_0884,INSUFFICIENT_FUNDS,0.2,0.6,0.362,0.462,0.162,0.0
FAIL_002428,PAY_015066,CUST_0884,SUB_0884,INSUFFICIENT_FUNDS,0.2,0.6,0.362,0.462,0.162,0.0
FAIL_002429,PAY_015067,CUST_0884,SUB_0884,CARD_EXPIRED,0.05,0.05,0.212,0.362,0.812,0.0
FAIL_002430,PAY_015069,CUST_0884,SUB_0884,LIMIT_EXCEEDED,0.1,0.25,0.212,0.562,0.362,0.0
FAIL_002431,PAY_015071,CUST_0886,SUB_0886,NETWORK_ERROR,0.826,0.676,0.146,0.196,0.01,0.0
FAIL_002432,PAY_015077,CUST_0886,SUB_0886,BANK_DECLINED,0.176,0.476,0.146,0.296,0.096,0.0
FAIL_002433,PAY_015078,CUST_0886,SUB_0886,CARD_EXPIRED,0.026,0.026,0.096,0.246,0.696,0.0
FAIL_002434,PAY_015080,CUST_0886,SUB_0886,BANK_DECLINED,0.176,0.476,0.146,0.296,0.096,0.0
FAIL_002435,PAY_015087,CUST_0886,SUB_0886,AUTHENTICATION_FAILED,0.026,0.076,0.246,0.346,0.546,0.0
FAIL_002436,PAY_015120,CUST_0887,SUB_0887,BANK_DECLINED,0.2176,0.5176,0.3156,0.4956,0.2956,0.0
FAIL_002437,PAY_015126,CUST_0888,SUB_0888,INSUFFICIENT_FUNDS,0.2176,0.6176,0.4156,0.5456,0.2456,0.0
FAIL_002438,PAY_015129,CUST_0888,SUB_0888,INSUFFICIENT_FUNDS,0.2176,0.6176,0.4156,0.5456,0.2456,0.0
FAIL_002439,PAY_015134,CUST_0888,SUB_0888,AUTHENTICATION_FAILED,0.0676,0.1176,0.4156,0.5456,0.7456,0.0
FAIL_002440,PAY_015136,CUST_0888,SUB_0888,BANK_DECLINED,0.2176,0.5176,0.3156,0.4956,0.2956,0.0
FAIL_002441,PAY_015138,CUST_0888,SUB_0888,INSUFFICIENT_FUNDS,0.2176,0.6176,0.4156,0.5456,0.2456,0.0
FAIL_002442,PAY_015141,CUST_0889,SUB_0889,BANK_DECLINED,0.14,0.44,0.224,0.374,0.174,0.0
FAIL_002443,PAY_015144,CUST_0889,SUB_0889,INSUFFICIENT_FUNDS,0.14,0.54,0.324,0.424,0.124,0.0
FAIL_002444,PAY_015145,CUST_0889,SUB_0889,BANK_DECLINED,0.14,0.44,0.224,0.374,0.174,0.0
FAIL_002445,PAY_015146,CUST_0889,SUB_0889,NETWORK_ERROR,0.79,0.64,0.224,0.274,0.074,0.0
FAIL_002446,PAY_015152,CUST_0889,SUB_0889,NETWORK_ERROR,0.79,0.64,0.224,0.274,0.074,0.0
FAIL_002447,PAY_015153,CUST_0889,SUB_0889,BANK_DECLINED,0.14,0.44,0.224,0.374,0.174,0.0
FAIL_002448,PAY_015157,CUST_0889,SUB_0889,INSUFFICIENT_FUNDS,0.14,0.54,0.324,0.424,0.124,0.0
FAIL_002449,PAY_015161,CUST_0889,SUB_0889,INSUFFICIENT_FUNDS,0.14,0.54,0.324,0.424,0.124,0.0
FAIL_002450,PAY_015164,CUST_0889,SUB_0889,NETWORK_ERROR,0.79,0.64,0.224,0.274,0.074,0.0
FAIL_002451,PAY_015165,CUST_0889,SUB_0889,CARD_EXPIRED,0.01,0.01,0.174,0.324,0.774,0.0
FAIL_002452,PAY_015167,CUST_0889,SUB_0889,INSUFFICIENT_FUNDS,0.14,0.54,0.324,0.424,0.124,0.0
FAIL_002453,PAY_015169,CUST_0890,SUB_0890,CARD_EXPIRED,0.05,0.05,0.212,0.362,0.812,0.0
FAIL_002454,PAY_015172,CUST_0890,SUB_0890,INSUFFICIENT_FUNDS,0.2,0.6,0.362,0.462,0.162,0.0
FAIL_002455,PAY_015178,CUST_0890,SUB_0890,NETWORK_ERROR,0.85,0.7,0.262,0.312,0.112,0.0
FAIL_002456,PAY_015181,CUST_0890,SUB_0890,BANK_DECLINED,0.2,0.5,0.262,0.412,0.212,0.0
FAIL_002457,PAY_015182,CUST_0890,SUB_0890,LIMIT_EXCEEDED,0.1,0.25,0.212,0.562,0.362,0.0
FAIL_002458,PAY_015183,CUST_0890,SUB_0890,INSUFFICIENT_FUNDS,0.2,0.6,0.362,0.462,0.162,0.0
FAIL_002459,PAY_015186,CUST_0890,SUB_0890,CARD_EXPIRED,0.05,0.05,0.212,0.362,0.812,0.0
FAIL_002460,PAY_015188,CUST_0890,SUB_0890,CARD_EXPIRED,0.05,0.05,0.212,0.362,0.812,0.0
FAIL_002461,PAY_015190,CUST_0891,SUB_0891,BANK_DECLINED,0.2176,0.5176,0.3156,0.4956,0.2956,0.0
FAIL_002462,PAY_015191,CUST_0891,SUB_0891,LIMIT_EXCEEDED,0.1176,0.2676,0.2656,0.6456,0.4456,0.0
FAIL_002463,PAY_015197,CUST_0891,SUB_0891,BANK_DECLINED,0.2176,0.5176,0.3156,0.4956,0.2956,0.0
FAIL_002464,PAY_015202,CUST_0892,SUB_0892,INSUFFICIENT_FUNDS,0.14,0.54,0.324,0.424,0.124,0.0
FAIL_002465,PAY_015206,CUST_0892,SUB_0892,CARD_EXPIRED,0.01,0.01,0.174,0.324,0.774,0.0
FAIL_002466,PAY_015207,CUST_0892,SUB_0892,BANK_DECLINED,0.14,0.44,0.224,0.374,0.174,0.0
FAIL_002467,PAY_015209,CUST_0892,SUB_0892,LIMIT_EXCEEDED,0.04,0.19,0.174,0.524,0.324,0.0
FAIL_002468,PAY_015210,CUST_0892,SUB_0892,NETWORK_ERROR,0.79,0.64,0.224,0.274,0.074,0.0
FAIL_002469,PAY_015216,CUST_0892,SUB_0892,INSUFFICIENT_FUNDS,0.14,0.54,0.324,0.424,0.124,0.0
FAIL_002470,PAY_015217,CUST_0892,SUB_0892,CARD_EXPIRED,0.01,0.01,0.174,0.324,0.774,0.0
FAIL_002471,PAY_015219,CUST_0892,SUB_0892,BANK_DECLINED,0.14,0.44,0.224,0.374,0.174,0.0
FAIL_002472,PAY_015224,CUST_0892,SUB_0892,INSUFFICIENT_FUNDS,0.14,0.54,0.324,0.424,0.124,0.0
FAIL_002473,PAY_015227,CUST_0893,SUB_0893,NETWORK_ERROR,0.85,0.7,0.262,0.312,0.112,0.0
FAIL_002474,PAY_015228,CUST_0894,SUB_0894,NETWORK_ERROR,0.85,0.7,0.262,0.312,0.112,0.0
FAIL_002475,PAY_015238,CUST_0896,SUB_0896,INSUFFICIENT_FUNDS,0.14,0.54,0.324,0.424,0.124,0.0
FAIL_002476,PAY_015243,CUST_0896,SUB_0896,INSUFFICIENT_FUNDS,0.14,0.54,0.324,0.424,0.124,0.0
FAIL_002477,PAY_015244,CUST_0896,SUB_0896,INSUFFICIENT_FUNDS,0.14,0.54,0.324,0.424,0.124,0.0
FAIL_002478,PAY_015245,CUST_0896,SUB_0896,INSUFFICIENT_FUNDS,0.14,0.54,0.324,0.424,0.124,0.0
FAIL_002479,PAY_015248,CUST_0896,SUB_0896,INSUFFICIENT_FUNDS,0.14,0.54,0.324,0.424,0.124,0.0
FAIL_002480,PAY_015249,CUST_0896,SUB_0896,INSUFFICIENT_FUNDS,0.14,0.54,0.324,0.424,0.124,0.0
FAIL_002481,PAY_015250,CUST_0896,SUB_0896,INSUFFICIENT_FUNDS,0.14,0.54,0.324,0.424,0.124,0.0
FAIL_002482,PAY_015254,CUST_0896,SUB_0896,BANK_DECLINED,0.14,0.44,0.224,0.374,0.174,0.0
FAIL_002483,PAY_015255,CUST_0896,SUB_0896,INSUFFICIENT_FUNDS,0.14,0.54,0.324,0.424,0.124,0.0
FAIL_002484,PAY_015264,CUST_0896,SUB_0896,NETWORK_ERROR,0.79,0.64,0.224,0.274,0.074,0.0
FAIL_002485,PAY_015272,CUST_0897,SUB_0897,INSUFFICIENT_FUNDS,0.2,0.6,0.362,0.462,0.162,0.0
FAIL_002486,PAY_015280,CUST_0897,SUB_0897,INSUFFICIENT_FUNDS,0.2,0.6,0.362,0.462,0.162,0.0
FAIL_002487,PAY_015286,CUST_0897,SUB_0897,AUTHENTICATION_FAILED,0.05,0.1,0.362,0.462,0.662,0.0
FAIL_002488,PAY_015312,CUST_0900,SUB_0900,LIMIT_EXCEEDED,0.1,0.25,0.212,0.562,0.362,0.0
FAIL_002489,PAY_015315,CUST_0900,SUB_0900,NETWORK_ERROR,0.85,0.7,0.262,0.312,0.112,0.0
FAIL_002490,PAY_015321,CUST_0900,SUB_0900,INSUFFICIENT_FUNDS,0.2,0.6,0.362,0.462,0.162,0.0
FAIL_002491,PAY_015339,CUST_0901,SUB_0901,LIMIT_EXCEEDED,0.1,0.25,0.212,0.562,0.362,0.0
FAIL_002492,PAY_015341,CUST_0901,SUB_0901,CARD_EXPIRED,0.05,0.05,0.212,0.362,0.812,0.0
FAIL_002493,PAY_015350,CUST_0901,SUB_0901,AUTHENTICATION_FAILED,0.05,0.1,0.362,0.462,0.662,0.0
FAIL_002494,PAY_015352,CUST_0902,SUB_0902,LIMIT_EXCEEDED,0.04,0.19,0.174,0.524,0.324,0.0
FAIL_002495,PAY_015353,CUST_0902,SUB_0902,CARD_EXPIRED,0.01,0.01,0.174,0.324,0.774,0.0
FAIL_002496,PAY_015360,CUST_0902,SUB_0902,INSUFFICIENT_FUNDS,0.14,0.54,0.324,0.424,0.124,0.0
FAIL_002497,PAY_015364,CUST_0903,SUB_0903,LIMIT_EXCEEDED,0.1176,0.2676,0.2656,0.6456,0.4456,0.0
FAIL_002498,PAY_015367,CUST_0903,SUB_0903,INSUFFICIENT_FUNDS,0.2176,0.6176,0.4156,0.5456,0.2456,0.0
FAIL_002499,PAY_015371,CUST_0903,SUB_0903,CARD_EXPIRED,0.0676,0.0676,0.2656,0.4456,0.8956,0.0
FAIL_002500,PAY_015373,CUST_0904,SUB_0904,AUTHENTICATION_FAILED,0.05,0.1,0.362,0.462,0.662,0.0
FAIL_002501,PAY_015379,CUST_0904,SUB_0904,CARD_EXPIRED,0.05,0.05,0.212,0.362,0.812,0.0
FAIL_002502,PAY_015383,CUST_0904,SUB_0904,NETWORK_ERROR,0.85,0.7,0.262,0.312,0.112,0.0
FAIL_002503,PAY_015385,CUST_0904,SUB_0904,BANK_DECLINED,0.2,0.5,0.262,0.412,0.212,0.0
FAIL_002504,PAY_015387,CUST_0904,SUB_0904,NETWORK_ERROR,0.85,0.7,0.262,0.312,0.112,0.0
FAIL_002505,PAY_015389,CUST_0904,SUB_0904,INSUFFICIENT_FUNDS,0.2,0.6,0.362,0.462,0.162,0.0
FAIL_002506,PAY_015397,CUST_0904,SUB_0904,BANK_DECLINED,0.2,0.5,0.262,0.412,0.212,0.0
FAIL_002507,PAY_015404,CUST_0905,SUB_0905,BANK_DECLINED,0.246,0.546,0.308,0.458,0.258,0.0
FAIL_002508,PAY_015405,CUST_0905,SUB_0905,NETWORK_ERROR,0.896,0.746,0.308,0.358,0.158,0.0
FAIL_002509,PAY_015425,CUST_0906,SUB_0906,AUTHENTICATION_FAILED,0.026,0.076,0.246,0.346,0.546,0.0
FAIL_002510,PAY_015429,CUST_0906,SUB_0906,INSUFFICIENT_FUNDS,0.176,0.576,0.246,0.346,0.046,0.0
FAIL_002511,PAY_015437,CUST_0906,SUB_0906,NETWORK_ERROR,0.826,0.676,0.146,0.196,0.01,0.0
FAIL_002512,PAY_015470,CUST_0908,SUB_0908,INSUFFICIENT_FUNDS,0.14,0.54,0.324,0.424,0.124,0.0
FAIL_002513,PAY_015472,CUST_0908,SUB_0908,AUTHENTICATION_FAILED,0.01,0.04,0.324,0.424,0.624,0.0
FAIL_002514,PAY_015477,CUST_0908,SUB_0908,INSUFFICIENT_FUNDS,0.14,0.54,0.324,0.424,0.124,0.0
FAIL_002515,PAY_015478,CUST_0908,SUB_0908,LIMIT_EXCEEDED,0.04,0.19,0.174,0.524,0.324,0.0
FAIL_002516,PAY_015497,CUST_0909,SUB_0909,INSUFFICIENT_FUNDS,0.2,0.6,0.362,0.462,0.162,0.0
FAIL_002517,PAY_015504,CUST_0910,SUB_0910,INSUFFICIENT_FUNDS,0.2,0.6,0.362,0.462,0.162,0.0
FAIL_002518,PAY_015505,CUST_0910,SUB_0910,CARD_EXPIRED,0.05,0.05,0.212,0.362,0.812,0.0
FAIL_002519,PAY_015506,CUST_0910,SUB_0910,NETWORK_ERROR,0.85,0.7,0.262,0.312,0.112,0.0
FAIL_002520,PAY_015507,CUST_0910,SUB_0910,NETWORK_ERROR,0.85,0.7,0.262,0.312,0.112,0.0
FAIL_002521,PAY_015511,CUST_0910,SUB_0910,BANK_DECLINED,0.2,0.5,0.262,0.412,0.212,0.0
FAIL_002522,PAY_015512,CUST_0910,SUB_0910,NETWORK_ERROR,0.85,0.7,0.262,0.312,0.112,0.0
FAIL_002523,PAY_015514,CUST_0910,SUB_0910,BANK_DECLINED,0.2,0.5,0.262,0.412,0.212,0.0
FAIL_002524,PAY_015519,CUST_0910,SUB_0910,INSUFFICIENT_FUNDS,0.2,0.6,0.362,0.462,0.162,0.0
FAIL_002525,PAY_015522,CUST_0911,SUB_0911,BANK_DECLINED,0.2,0.5,0.262,0.412,0.212,0.0
FAIL_002526,PAY_015540,CUST_0911,SUB_0911,INSUFFICIENT_FUNDS,0.2,0.6,0.362,0.462,0.162,0.0
FAIL_002527,PAY_015544,CUST_0911,SUB_0911,BANK_DECLINED,0.2,0.5,0.262,0.412,0.212,0.0
FAIL_002528,PAY_015549,CUST_0911,SUB_0911,INSUFFICIENT_FUNDS,0.2,0.6,0.362,0.462,0.162,0.0
FAIL_002529,PAY_015555,CUST_0912,SUB_0912,INSUFFICIENT_FUNDS,0.176,0.576,0.246,0.346,0.046,0.0
FAIL_002530,PAY_015559,CUST_0912,SUB_0912,AUTHENTICATION_FAILED,0.026,0.076,0.246,0.346,0.546,0.0
FAIL_002531,PAY_015561,CUST_0912,SUB_0912,BANK_DECLINED,0.176,0.476,0.146,0.296,0.096,0.0
FAIL_002532,PAY_015564,CUST_0912,SUB_0912,NETWORK_ERROR,0.826,0.676,0.146,0.196,0.01,0.0
FAIL_002533,PAY_015565,CUST_0912,SUB_0912,NETWORK_ERROR,0.826,0.676,0.146,0.196,0.01,0.0
FAIL_002534,PAY_015570,CUST_0913,SUB_0913,BANK_DECLINED,0.176,0.476,0.146,0.296,0.096,0.0
FAIL_002535,PAY_015589,CUST_0913,SUB_0913,BANK_DECLINED,0.176,0.476,0.146,0.296,0.096,0.0
FAIL_002536,PAY_015597,CUST_0914,SUB_0914,NETWORK_ERROR,0.85,0.7,0.262,0.312,0.112,0.0
FAIL_002537,PAY_015598,CUST_0914,SUB_0914,INSUFFICIENT_FUNDS,0.2,0.6,0.362,0.462,0.162,0.0
FAIL_002538,PAY_015605,CUST_0914,SUB_0914,INSUFFICIENT_FUNDS,0.2,0.6,0.362,0.462,0.162,0.0
FAIL_002539,PAY_015615,CUST_0915,SUB_0915,NETWORK_ERROR,0.79,0.64,0.224,0.274,0.074,0.0
FAIL_002540,PAY_015617,CUST_0915,SUB_0915,BANK_DECLINED,0.14,0.44,0.224,0.374,0.174,0.0
FAIL_002541,PAY_015618,CUST_0915,SUB_0915,INSUFFICIENT_FUNDS,0.14,0.54,0.324,0.424,0.124,0.0
FAIL_002542,PAY_015619,CUST_0915,SUB_0915,CARD_EXPIRED,0.01,0.01,0.174,0.324,0.774,0.0
FAIL_002543,PAY_015620,CUST_0915,SUB_0915,BANK_DECLINED,0.14,0.44,0.224,0.374,0.174,0.0
FAIL_002544,PAY_015621,CUST_0915,SUB_0915,INSUFFICIENT_FUNDS,0.14,0.54,0.324,0.424,0.124,0.0
FAIL_002545,PAY_015622,CUST_0915,SUB_0915,LIMIT_EXCEEDED,0.04,0.19,0.174,0.524,0.324,0.0
FAIL_002546,PAY_015623,CUST_0915,SUB_0915,INSUFFICIENT_FUNDS,0.14,0.54,0.324,0.424,0.124,0.0
FAIL_002547,PAY_015628,CUST_0915,SUB_0915,NETWORK_ERROR,0.79,0.64,0.224,0.274,0.074,0.0
FAIL_002548,PAY_015629,CUST_0915,SUB_0915,INSUFFICIENT_FUNDS,0.14,0.54,0.324,0.424,0.124,0.0
FAIL_002549,PAY_015630,CUST_0915,SUB_0915,BANK_DECLINED,0.14,0.44,0.224,0.374,0.174,0.0
FAIL_002550,PAY_015631,CUST_0915,SUB_0915,INSUFFICIENT_FUNDS,0.14,0.54,0.324,0.424,0.124,0.0
FAIL_002551,PAY_015632,CUST_0915,SUB_0915,AUTHENTICATION_FAILED,0.01,0.04,0.324,0.424,0.624,0.0
FAIL_002552,PAY_015645,CUST_0916,SUB_0916,INSUFFICIENT_FUNDS,0.2176,0.6176,0.4156,0.5456,0.2456,0.0
FAIL_002553,PAY_015657,CUST_0916,SUB_0916,NETWORK_ERROR,0.8676,0.7176,0.3156,0.3956,0.1956,0.0
FAIL_002554,PAY_015661,CUST_0917,SUB_0917,INSUFFICIENT_FUNDS,0.176,0.576,0.246,0.346,0.046,0.0
FAIL_002555,PAY_015662,CUST_0917,SUB_0917,BANK_DECLINED,0.176,0.476,0.146,0.296,0.096,0.0
FAIL_002556,PAY_015663,CUST_0917,SUB_0917,AUTHENTICATION_FAILED,0.026,0.076,0.246,0.346,0.546,0.0
FAIL_002557,PAY_015664,CUST_0917,SUB_0917,INSUFFICIENT_FUNDS,0.176,0.576,0.246,0.346,0.046,0.0
FAIL_002558,PAY_015667,CUST_0918,SUB_0918,BANK_DECLINED,0.14,0.44,0.224,0.374,0.174,0.0
FAIL_002559,PAY_015668,CUST_0918,SUB_0918,INSUFFICIENT_FUNDS,0.14,0.54,0.324,0.424,0.124,0.0
FAIL_002560,PAY_015675,CUST_0918,SUB_0918,NETWORK_ERROR,0.79,0.64,0.224,0.274,0.074,0.0
FAIL_002561,PAY_015681,CUST_0918,SUB_0918,INSUFFICIENT_FUNDS,0.14,0.54,0.324,0.424,0.124,0.0
FAIL_002562,PAY_015685,CUST_0918,SUB_0918,BANK_DECLINED,0.14,0.44,0.224,0.374,0.174,0.0
FAIL_002563,PAY_015688,CUST_0918,SUB_0918,NETWORK_ERROR,0.79,0.64,0.224,0.274,0.074,0.0
FAIL_002564,PAY_015694,CUST_0919,SUB_0919,INSUFFICIENT_FUNDS,0.2,0.6,0.362,0.462,0.162,0.0
FAIL_002565,PAY_015697,CUST_0919,SUB_0919,BANK_DECLINED,0.2,0.5,0.262,0.412,0.212,0.0
FAIL_002566,PAY_015701,CUST_0919,SUB_0919,INSUFFICIENT_FUNDS,0.2,0.6,0.362,0.462,0.162,0.0
FAIL_002567,PAY_015702,CUST_0919,SUB_0919,INSUFFICIENT_FUNDS,0.2,0.6,0.362,0.462,0.162,0.0
FAIL_002568,PAY_015718,CUST_0919,SUB_0919,NETWORK_ERROR,0.85,0.7,0.262,0.312,0.112,0.0
FAIL_002569,PAY_015735,CUST_0921,SUB_0921,INSUFFICIENT_FUNDS,0.14,0.54,0.324,0.424,0.124,0.0
FAIL_002570,PAY_015739,CUST_0921,SUB_0921,NETWORK_ERROR,0.79,0.64,0.224,0.274,0.074,0.0
FAIL_002571,PAY_015740,CUST_0921,SUB_0921,CARD_EXPIRED,0.01,0.01,0.174,0.324,0.774,0.0
FAIL_002572,PAY_015747,CUST_0921,SUB_0921,LIMIT_EXCEEDED,0.04,0.19,0.174,0.524,0.324,0.0
FAIL_002573,PAY_015757,CUST_0921,SUB_0921,BANK_DECLINED,0.14,0.44,0.224,0.374,0.174,0.0
FAIL_002574,PAY_015782,CUST_0923,SUB_0923,INSUFFICIENT_FUNDS,0.176,0.576,0.246,0.346,0.046,0.0
FAIL_002575,PAY_015784,CUST_0923,SUB_0923,INSUFFICIENT_FUNDS,0.176,0.576,0.246,0.346,0.046,0.0
FAIL_002576,PAY_015810,CUST_0924,SUB_0924,BANK_DECLINED,0.2,0.5,0.262,0.412,0.212,0.0
FAIL_002577,PAY_015816,CUST_0925,SUB_0925,CARD_EXPIRED,0.026,0.026,0.096,0.246,0.696,0.0
FAIL_002578,PAY_015818,CUST_0925,SUB_0925,INSUFFICIENT_FUNDS,0.176,0.576,0.246,0.346,0.046,0.0
FAIL_002579,PAY_015819,CUST_0925,SUB_0925,BANK_DECLINED,0.176,0.476,0.146,0.296,0.096,0.0
FAIL_002580,PAY_015820,CUST_0925,SUB_0925,AUTHENTICATION_FAILED,0.026,0.076,0.246,0.346,0.546,0.0
FAIL_002581,PAY_015822,CUST_0925,SUB_0925,INSUFFICIENT_FUNDS,0.176,0.576,0.246,0.346,0.046,0.0
FAIL_002582,PAY_015823,CUST_0925,SUB_0925,CARD_EXPIRED,0.026,0.026,0.096,0.246,0.696,0.0
FAIL_002583,PAY_015824,CUST_0925,SUB_0925,CARD_EXPIRED,0.026,0.026,0.096,0.246,0.696,0.0
FAIL_002584,PAY_015826,CUST_0925,SUB_0925,INSUFFICIENT_FUNDS,0.176,0.576,0.246,0.346,0.046,0.0
FAIL_002585,PAY_015829,CUST_0925,SUB_0925,LIMIT_EXCEEDED,0.076,0.226,0.096,0.446,0.246,0.0
FAIL_002586,PAY_015833,CUST_0925,SUB_0925,INSUFFICIENT_FUNDS,0.176,0.576,0.246,0.346,0.046,0.0
FAIL_002587,PAY_015841,CUST_0926,SUB_0926,NETWORK_ERROR,0.896,0.746,0.308,0.358,0.158,0.0
FAIL_002588,PAY_015844,CUST_0926,SUB_0926,INSUFFICIENT_FUNDS,0.246,0.646,0.408,0.508,0.208,0.0
FAIL_002589,PAY_015848,CUST_0926,SUB_0926,NETWORK_ERROR,0.896,0.746,0.308,0.358,0.158,0.0
FAIL_002590,PAY_015849,CUST_0926,SUB_0926,BANK_DECLINED,0.246,0.546,0.308,0.458,0.258,0.0
FAIL_002591,PAY_015859,CUST_0926,SUB_0926,NETWORK_ERROR,0.896,0.746,0.308,0.358,0.158,0.0
FAIL_002592,PAY_015867,CUST_0928,SUB_0928,BANK_DECLINED,0.14,0.44,0.224,0.374,0.174,0.0
FAIL_002593,PAY_015870,CUST_0929,SUB_0929,INSUFFICIENT_FUNDS,0.14,0.54,0.324,0.424,0.124,0.0
FAIL_002594,PAY_015880,CUST_0929,SUB_0929,BANK_DECLINED,0.14,0.44,0.224,0.374,0.174,0.0
FAIL_002595,PAY_015883,CUST_0929,SUB_0929,NETWORK_ERROR,0.79,0.64,0.224,0.274,0.074,0.0
FAIL_002596,PAY_015886,CUST_0929,SUB_0929,CARD_EXPIRED,0.01,0.01,0.174,0.324,0.774,0.0
FAIL_002597,PAY_015891,CUST_0929,SUB_0929,INSUFFICIENT_FUNDS,0.14,0.54,0.324,0.424,0.124,0.0
FAIL_002598,PAY_015908,CUST_0930,SUB_0930,INSUFFICIENT_FUNDS,0.176,0.576,0.246,0.346,0.046,0.0
FAIL_002599,PAY_015925,CUST_0931,SUB_0931,CARD_EXPIRED,0.05,0.05,0.212,0.362,0.812,0.0
FAIL_002600,PAY_015936,CUST_0931,SUB_0931,BANK_DECLINED,0.2,0.5,0.262,0.412,0.212,0.0
FAIL_002601,PAY_015975,CUST_0932,SUB_0932,BANK_DECLINED,0.2,0.5,0.262,0.412,0.212,0.0
FAIL_002602,PAY_016001,CUST_0934,SUB_0934,LIMIT_EXCEEDED,0.076,0.226,0.096,0.446,0.246,0.0
FAIL_002603,PAY_016014,CUST_0934,SUB_0934,BANK_DECLINED,0.176,0.476,0.146,0.296,0.096,0.0
FAIL_002604,PAY_016036,CUST_0935,SUB_0935,INSUFFICIENT_FUNDS,0.176,0.576,0.246,0.346,0.046,0.0
FAIL_002605,PAY_016037,CUST_0935,SUB_0935,INSUFFICIENT_FUNDS,0.176,0.576,0.246,0.346,0.046,0.0
FAIL_002606,PAY_016041,CUST_0935,SUB_0935,INSUFFICIENT_FUNDS,0.176,0.576,0.246,0.346,0.046,0.0
FAIL_002607,PAY_016042,CUST_0935,SUB_0935,NETWORK_ERROR,0.826,0.676,0.146,0.196,0.01,0.0
FAIL_002608,PAY_016046,CUST_0935,SUB_0935,NETWORK_ERROR,0.826,0.676,0.146,0.196,0.01,0.0
FAIL_002609,PAY_016049,CUST_0935,SUB_0935,NETWORK_ERROR,0.826,0.676,0.146,0.196,0.01,0.0
FAIL_002610,PAY_016054,CUST_0935,SUB_0935,CARD_EXPIRED,0.026,0.026,0.096,0.246,0.696,0.0
FAIL_002611,PAY_016073,CUST_0937,SUB_0937,NETWORK_ERROR,0.896,0.746,0.308,0.358,0.158,0.0
FAIL_002612,PAY_016079,CUST_0939,SUB_0939,AUTHENTICATION_FAILED,0.026,0.076,0.246,0.346,0.546,0.0
FAIL_002613,PAY_016080,CUST_0939,SUB_0939,CARD_EXPIRED,0.026,0.026,0.096,0.246,0.696,0.0
FAIL_002614,PAY_016084,CUST_0939,SUB_0939,BANK_DECLINED,0.176,0.476,0.146,0.296,0.096,0.0
FAIL_002615,PAY_016085,CUST_0939,SUB_0939,NETWORK_ERROR,0.826,0.676,0.146,0.196,0.01,0.0
FAIL_002616,PAY_016088,CUST_0939,SUB_0939,NETWORK_ERROR,0.826,0.676,0.146,0.196,0.01,0.0
FAIL_002617,PAY_016089,CUST_0939,SUB_0939,CARD_EXPIRED,0.026,0.026,0.096,0.246,0.696,0.0
FAIL_002618,PAY_016090,CUST_0939,SUB_0939,BANK_DECLINED,0.176,0.476,0.146,0.296,0.096,0.0
FAIL_002619,PAY_016127,CUST_0942,SUB_0942,INSUFFICIENT_FUNDS,0.14,0.54,0.324,0.424,0.124,0.0
FAIL_002620,PAY_016129,CUST_0942,SUB_0942,AUTHENTICATION_FAILED,0.01,0.04,0.324,0.424,0.624,0.0
FAIL_002621,PAY_016131,CUST_0942,SUB_0942,LIMIT_EXCEEDED,0.04,0.19,0.174,0.524,0.324,0.0
FAIL_002622,PAY_016132,CUST_0942,SUB_0942,BANK_DECLINED,0.14,0.44,0.224,0.374,0.174,0.0
FAIL_002623,PAY_016133,CUST_0942,SUB_0942,INSUFFICIENT_FUNDS,0.14,0.54,0.324,0.424,0.124,0.0
FAIL_002624,PAY_016134,CUST_0942,SUB_0942,BANK_DECLINED,0.14,0.44,0.224,0.374,0.174,0.0
FAIL_002625,PAY_016138,CUST_0942,SUB_0942,BANK_DECLINED,0.14,0.44,0.224,0.374,0.174,0.0
FAIL_002626,PAY_016140,CUST_0942,SUB_0942,BANK_DECLINED,0.14,0.44,0.224,0.374,0.174,0.0
FAIL_002627,PAY_016141,CUST_0942,SUB_0942,LIMIT_EXCEEDED,0.04,0.19,0.174,0.524,0.324,0.0
FAIL_002628,PAY_016145,CUST_0942,SUB_0942,LIMIT_EXCEEDED,0.04,0.19,0.174,0.524,0.324,0.0
FAIL_002629,PAY_016149,CUST_0942,SUB_0942,AUTHENTICATION_FAILED,0.01,0.04,0.324,0.424,0.624,0.0
FAIL_002630,PAY_016150,CUST_0942,SUB_0942,INSUFFICIENT_FUNDS,0.14,0.54,0.324,0.424,0.124,0.0
FAIL_002631,PAY_016155,CUST_0942,SUB_0942,CARD_EXPIRED,0.01,0.01,0.174,0.324,0.774,0.0
FAIL_002632,PAY_016179,CUST_0943,SUB_0943,NETWORK_ERROR,0.896,0.746,0.308,0.358,0.158,0.0
FAIL_002633,PAY_016198,CUST_0945,SUB_0945,BANK_DECLINED,0.2176,0.5176,0.3156,0.4956,0.2956,0.0
FAIL_002634,PAY_016214,CUST_0947,SUB_0947,CARD_EXPIRED,0.026,0.026,0.096,0.246,0.696,0.0
FAIL_002635,PAY_016215,CUST_0947,SUB_0947,CARD_EXPIRED,0.026,0.026,0.096,0.246,0.696,0.0
FAIL_002636,PAY_016216,CUST_0947,SUB_0947,LIMIT_EXCEEDED,0.076,0.226,0.096,0.446,0.246,0.0
FAIL_002637,PAY_016221,CUST_0947,SUB_0947,CARD_EXPIRED,0.026,0.026,0.096,0.246,0.696,0.0
FAIL_002638,PAY_016223,CUST_0947,SUB_0947,INSUFFICIENT_FUNDS,0.176,0.576,0.246,0.346,0.046,0.0
FAIL_002639,PAY_016229,CUST_0947,SUB_0947,INSUFFICIENT_FUNDS,0.176,0.576,0.246,0.346,0.046,0.0
FAIL_002640,PAY_016232,CUST_0947,SUB_0947,INSUFFICIENT_FUNDS,0.176,0.576,0.246,0.346,0.046,0.0
FAIL_002641,PAY_016266,CUST_0949,SUB_0949,INSUFFICIENT_FUNDS,0.176,0.576,0.246,0.346,0.046,0.0
FAIL_002642,PAY_016268,CUST_0949,SUB_0949,INSUFFICIENT_FUNDS,0.176,0.576,0.246,0.346,0.046,0.0
FAIL_002643,PAY_016270,CUST_0949,SUB_0949,CARD_EXPIRED,0.026,0.026,0.096,0.246,0.696,0.0
FAIL_002644,PAY_016272,CUST_0949,SUB_0949,NETWORK_ERROR,0.826,0.676,0.146,0.196,0.01,0.0
FAIL_002645,PAY_016278,CUST_0949,SUB_0949,CARD_EXPIRED,0.026,0.026,0.096,0.246,0.696,0.0
FAIL_002646,PAY_016282,CUST_0949,SUB_0949,NETWORK_ERROR,0.826,0.676,0.146,0.196,0.01,0.0
FAIL_002647,PAY_016285,CUST_0949,SUB_0949,BANK_DECLINED,0.176,0.476,0.146,0.296,0.096,0.0
FAIL_002648,PAY_016332,CUST_0954,SUB_0954,CARD_EXPIRED,0.026,0.026,0.096,0.246,0.696,0.0
FAIL_002649,PAY_016348,CUST_0954,SUB_0954,INSUFFICIENT_FUNDS,0.176,0.576,0.246,0.346,0.046,0.0
FAIL_002650,PAY_016354,CUST_0955,SUB_0955,NETWORK_ERROR,0.826,0.676,0.146,0.196,0.01,0.0
FAIL_002651,PAY_016355,CUST_0955,SUB_0955,NETWORK_ERROR,0.826,0.676,0.146,0.196,0.01,0.0
FAIL_002652,PAY_016358,CUST_0955,SUB_0955,INSUFFICIENT_FUNDS,0.176,0.576,0.246,0.346,0.046,0.0
FAIL_002653,PAY_016360,CUST_0955,SUB_0955,BANK_DECLINED,0.176,0.476,0.146,0.296,0.096,0.0
FAIL_002654,PAY_016361,CUST_0955,SUB_0955,NETWORK_ERROR,0.826,0.676,0.146,0.196,0.01,0.0
FAIL_002655,PAY_016362,CUST_0955,SUB_0955,INSUFFICIENT_FUNDS,0.176,0.576,0.246,0.346,0.046,0.0
FAIL_002656,PAY_016363,CUST_0955,SUB_0955,AUTHENTICATION_FAILED,0.026,0.076,0.246,0.346,0.546,0.0
FAIL_002657,PAY_016379,CUST_0956,SUB_0956,BANK_DECLINED,0.14,0.44,0.224,0.374,0.174,0.0
FAIL_002658,PAY_016382,CUST_0956,SUB_0956,INSUFFICIENT_FUNDS,0.14,0.54,0.324,0.424,0.124,0.0
FAIL_002659,PAY_016394,CUST_0956,SUB_0956,BANK_DECLINED,0.14,0.44,0.224,0.374,0.174,0.0
FAIL_002660,PAY_016396,CUST_0956,SUB_0956,CARD_EXPIRED,0.01,0.01,0.174,0.324,0.774,0.0
FAIL_002661,PAY_016402,CUST_0956,SUB_0956,NETWORK_ERROR,0.79,0.64,0.224,0.274,0.074,0.0
FAIL_002662,PAY_016408,CUST_0958,SUB_0958,INSUFFICIENT_FUNDS,0.2,0.6,0.362,0.462,0.162,0.0
FAIL_002663,PAY_016410,CUST_0958,SUB_0958,NETWORK_ERROR,0.85,0.7,0.262,0.312,0.112,0.0
FAIL_002664,PAY_016413,CUST_0958,SUB_0958,NETWORK_ERROR,0.85,0.7,0.262,0.312,0.112,0.0
FAIL_002665,PAY_016419,CUST_0958,SUB_0958,CARD_EXPIRED,0.05,0.05,0.212,0.362,0.812,0.0
FAIL_002666,PAY_016426,CUST_0958,SUB_0958,INSUFFICIENT_FUNDS,0.2,0.6,0.362,0.462,0.162,0.0
FAIL_002667,PAY_016439,CUST_0959,SUB_0959,INSUFFICIENT_FUNDS,0.176,0.576,0.246,0.346,0.046,0.0
FAIL_002668,PAY_016491,CUST_0964,SUB_0964,BANK_DECLINED,0.14,0.44,0.224,0.374,0.174,0.0
FAIL_002669,PAY_016492,CUST_0964,SUB_0964,BANK_DECLINED,0.14,0.44,0.224,0.374,0.174,0.0
FAIL_002670,PAY_016494,CUST_0964,SUB_0964,BANK_DECLINED,0.14,0.44,0.224,0.374,0.174,0.0
FAIL_002671,PAY_016495,CUST_0964,SUB_0964,INSUFFICIENT_FUNDS,0.14,0.54,0.324,0.424,0.124,0.0
FAIL_002672,PAY_016500,CUST_0964,SUB_0964,NETWORK_ERROR,0.79,0.64,0.224,0.274,0.074,0.0
FAIL_002673,PAY_016502,CUST_0964,SUB_0964,NETWORK_ERROR,0.79,0.64,0.224,0.274,0.074,0.0
FAIL_002674,PAY_016503,CUST_0964,SUB_0964,INSUFFICIENT_FUNDS,0.14,0.54,0.324,0.424,0.124,0.0
FAIL_002675,PAY_016505,CUST_0964,SUB_0964,NETWORK_ERROR,0.79,0.64,0.224,0.274,0.074,0.0
FAIL_002676,PAY_016508,CUST_0964,SUB_0964,NETWORK_ERROR,0.79,0.64,0.224,0.274,0.074,0.0
FAIL_002677,PAY_016510,CUST_0964,SUB_0964,INSUFFICIENT_FUNDS,0.14,0.54,0.324,0.424,0.124,0.0
FAIL_002678,PAY_016511,CUST_0964,SUB_0964,LIMIT_EXCEEDED,0.04,0.19,0.174,0.524,0.324,0.0
FAIL_002679,PAY_016513,CUST_0964,SUB_0964,BANK_DECLINED,0.14,0.44,0.224,0.374,0.174,0.0
FAIL_002680,PAY_016514,CUST_0964,SUB_0964,NETWORK_ERROR,0.79,0.64,0.224,0.274,0.074,0.0
FAIL_002681,PAY_016515,CUST_0964,SUB_0964,NETWORK_ERROR,0.79,0.64,0.224,0.274,0.074,0.0
FAIL_002682,PAY_016516,CUST_0964,SUB_0964,INSUFFICIENT_FUNDS,0.14,0.54,0.324,0.424,0.124,0.0
FAIL_002683,PAY_016522,CUST_0965,SUB_0965,INSUFFICIENT_FUNDS,0.2,0.6,0.362,0.462,0.162,0.0
FAIL_002684,PAY_016527,CUST_0965,SUB_0965,CARD_EXPIRED,0.05,0.05,0.212,0.362,0.812,0.0
FAIL_002685,PAY_016528,CUST_0965,SUB_0965,INSUFFICIENT_FUNDS,0.2,0.6,0.362,0.462,0.162,0.0
FAIL_002686,PAY_016551,CUST_0966,SUB_0966,AUTHENTICATION_FAILED,0.026,0.076,0.246,0.346,0.546,0.0
FAIL_002687,PAY_016552,CUST_0966,SUB_0966,CARD_EXPIRED,0.026,0.026,0.096,0.246,0.696,0.0
FAIL_002688,PAY_016553,CUST_0966,SUB_0966,INSUFFICIENT_FUNDS,0.176,0.576,0.246,0.346,0.046,0.0
FAIL_002689,PAY_016559,CUST_0966,SUB_0966,AUTHENTICATION_FAILED,0.026,0.076,0.246,0.346,0.546,0.0
FAIL_002690,PAY_016560,CUST_0966,SUB_0966,INSUFFICIENT_FUNDS,0.176,0.576,0.246,0.346,0.046,0.0
FAIL_002691,PAY_016562,CUST_0966,SUB_0966,INSUFFICIENT_FUNDS,0.176,0.576,0.246,0.346,0.046,0.0
FAIL_002692,PAY_016587,CUST_0967,SUB_0967,CARD_EXPIRED,0.0676,0.0676,0.2656,0.4456,0.8956,0.0
FAIL_002693,PAY_016588,CUST_0967,SUB_0967,NETWORK_ERROR,0.8676,0.7176,0.3156,0.3956,0.1956,0.0
FAIL_002694,PAY_016593,CUST_0967,SUB_0967,INSUFFICIENT_FUNDS,0.2176,0.6176,0.4156,0.5456,0.2456,0.0
FAIL_002695,PAY_016595,CUST_0967,SUB_0967,BANK_DECLINED,0.2176,0.5176,0.3156,0.4956,0.2956,0.0
FAIL_002696,PAY_016600,CUST_0967,SUB_0967,BANK_DECLINED,0.2176,0.5176,0.3156,0.4956,0.2956,0.0
FAIL_002697,PAY_016638,CUST_0969,SUB_0969,BANK_DECLINED,0.176,0.476,0.146,0.296,0.096,0.0
FAIL_002698,PAY_016642,CUST_0969,SUB_0969,NETWORK_ERROR,0.826,0.676,0.146,0.196,0.01,0.0
FAIL_002699,PAY_016644,CUST_0969,SUB_0969,BANK_DECLINED,0.176,0.476,0.146,0.296,0.096,0.0
FAIL_002700,PAY_016650,CUST_0969,SUB_0969,INSUFFICIENT_FUNDS,0.176,0.576,0.246,0.346,0.046,0.0
FAIL_002701,PAY_016655,CUST_0969,SUB_0969,INSUFFICIENT_FUNDS,0.176,0.576,0.246,0.346,0.046,0.0
FAIL_002702,PAY_016656,CUST_0969,SUB_0969,NETWORK_ERROR,0.826,0.676,0.146,0.196,0.01,0.0
FAIL_002703,PAY_016663,CUST_0970,SUB_0970,CARD_EXPIRED,0.026,0.026,0.096,0.246,0.696,0.0
FAIL_002704,PAY_016669,CUST_0970,SUB_0970,INSUFFICIENT_FUNDS,0.176,0.576,0.246,0.346,0.046,0.0
FAIL_002705,PAY_016673,CUST_0970,SUB_0970,NETWORK_ERROR,0.826,0.676,0.146,0.196,0.01,0.0
FAIL_002706,PAY_016674,CUST_0970,SUB_0970,INSUFFICIENT_FUNDS,0.176,0.576,0.246,0.346,0.046,0.0
FAIL_002707,PAY_016677,CUST_0970,SUB_0970,AUTHENTICATION_FAILED,0.026,0.076,0.246,0.346,0.546,0.0
FAIL_002708,PAY_016681,CUST_0970,SUB_0970,INSUFFICIENT_FUNDS,0.176,0.576,0.246,0.346,0.046,0.0
FAIL_002709,PAY_016695,CUST_0971,SUB_0971,BANK_DECLINED,0.14,0.44,0.224,0.374,0.174,0.0
FAIL_002710,PAY_016697,CUST_0971,SUB_0971,INSUFFICIENT_FUNDS,0.14,0.54,0.324,0.424,0.124,0.0
FAIL_002711,PAY_016698,CUST_0971,SUB_0971,INSUFFICIENT_FUNDS,0.14,0.54,0.324,0.424,0.124,0.0
FAIL_002712,PAY_016703,CUST_0971,SUB_0971,AUTHENTICATION_FAILED,0.01,0.04,0.324,0.424,0.624,0.0
FAIL_002713,PAY_016706,CUST_0971,SUB_0971,CARD_EXPIRED,0.01,0.01,0.174,0.324,0.774,0.0
FAIL_002714,PAY_016707,CUST_0971,SUB_0971,BANK_DECLINED,0.14,0.44,0.224,0.374,0.174,0.0
FAIL_002715,PAY_016708,CUST_0971,SUB_0971,AUTHENTICATION_FAILED,0.01,0.04,0.324,0.424,0.624,0.0
FAIL_002716,PAY_016711,CUST_0971,SUB_0971,NETWORK_ERROR,0.79,0.64,0.224,0.274,0.074,0.0
FAIL_002717,PAY_016714,CUST_0971,SUB_0971,BANK_DECLINED,0.14,0.44,0.224,0.374,0.174,0.0
FAIL_002718,PAY_016720,CUST_0972,SUB_0972,BANK_DECLINED,0.2176,0.5176,0.3156,0.4956,0.2956,0.0
FAIL_002719,PAY_016731,CUST_0972,SUB_0972,BANK_DECLINED,0.2176,0.5176,0.3156,0.4956,0.2956,0.0
FAIL_002720,PAY_016734,CUST_0972,SUB_0972,CARD_EXPIRED,0.0676,0.0676,0.2656,0.4456,0.8956,0.0
FAIL_002721,PAY_016742,CUST_0972,SUB_0972,INSUFFICIENT_FUNDS,0.2176,0.6176,0.4156,0.5456,0.2456,0.0
FAIL_002722,PAY_016758,CUST_0973,SUB_0973,INSUFFICIENT_FUNDS,0.2176,0.6176,0.4156,0.5456,0.2456,0.0
FAIL_002723,PAY_016762,CUST_0973,SUB_0973,BANK_DECLINED,0.2176,0.5176,0.3156,0.4956,0.2956,0.0
FAIL_002724,PAY_016773,CUST_0974,SUB_0974,BANK_DECLINED,0.14,0.44,0.224,0.374,0.174,0.0
FAIL_002725,PAY_016777,CUST_0974,SUB_0974,AUTHENTICATION_FAILED,0.01,0.04,0.324,0.424,0.624,0.0
FAIL_002726,PAY_016779,CUST_0974,SUB_0974,INSUFFICIENT_FUNDS,0.14,0.54,0.324,0.424,0.124,0.0
FAIL_002727,PAY_016818,CUST_0977,SUB_0977,CARD_EXPIRED,0.05,0.05,0.212,0.362,0.812,0.0
FAIL_002728,PAY_016819,CUST_0977,SUB_0977,LIMIT_EXCEEDED,0.1,0.25,0.212,0.562,0.362,0.0
FAIL_002729,PAY_016820,CUST_0977,SUB_0977,LIMIT_EXCEEDED,0.1,0.25,0.212,0.562,0.362,0.0
FAIL_002730,PAY_016827,CUST_0977,SUB_0977,INSUFFICIENT_FUNDS,0.2,0.6,0.362,0.462,0.162,0.0
FAIL_002731,PAY_016830,CUST_0978,SUB_0978,BANK_DECLINED,0.14,0.44,0.224,0.374,0.174,0.0
FAIL_002732,PAY_016832,CUST_0978,SUB_0978,INSUFFICIENT_FUNDS,0.14,0.54,0.324,0.424,0.124,0.0
FAIL_002733,PAY_016833,CUST_0978,SUB_0978,CARD_EXPIRED,0.01,0.01,0.174,0.324,0.774,0.0
FAIL_002734,PAY_016835,CUST_0978,SUB_0978,INSUFFICIENT_FUNDS,0.14,0.54,0.324,0.424,0.124,0.0
FAIL_002735,PAY_016839,CUST_0978,SUB_0978,BANK_DECLINED,0.14,0.44,0.224,0.374,0.174,0.0
FAIL_002736,PAY_016842,CUST_0978,SUB_0978,INSUFFICIENT_FUNDS,0.14,0.54,0.324,0.424,0.124,0.0
FAIL_002737,PAY_016843,CUST_0978,SUB_0978,INSUFFICIENT_FUNDS,0.14,0.54,0.324,0.424,0.124,0.0
FAIL_002738,PAY_016852,CUST_0978,SUB_0978,BANK_DECLINED,0.14,0.44,0.224,0.374,0.174,0.0
FAIL_002739,PAY_016855,CUST_0978,SUB_0978,INSUFFICIENT_FUNDS,0.14,0.54,0.324,0.424,0.124,0.0
FAIL_002740,PAY_016872,CUST_0981,SUB_0981,BANK_DECLINED,0.14,0.44,0.224,0.374,0.174,0.0
FAIL_002741,PAY_016873,CUST_0981,SUB_0981,BANK_DECLINED,0.14,0.44,0.224,0.374,0.174,0.0
FAIL_002742,PAY_016875,CUST_0981,SUB_0981,BANK_DECLINED,0.14,0.44,0.224,0.374,0.174,0.0
FAIL_002743,PAY_016876,CUST_0981,SUB_0981,BANK_DECLINED,0.14,0.44,0.224,0.374,0.174,0.0
FAIL_002744,PAY_016877,CUST_0981,SUB_0981,NETWORK_ERROR,0.79,0.64,0.224,0.274,0.074,0.0
FAIL_002745,PAY_016913,CUST_0984,SUB_0984,INSUFFICIENT_FUNDS,0.176,0.576,0.246,0.346,0.046,0.0
FAIL_002746,PAY_016914,CUST_0984,SUB_0984,AUTHENTICATION_FAILED,0.026,0.076,0.246,0.346,0.546,0.0
FAIL_002747,PAY_016915,CUST_0984,SUB_0984,CARD_EXPIRED,0.026,0.026,0.096,0.246,0.696,0.0
FAIL_002748,PAY_016959,CUST_0987,SUB_0987,INSUFFICIENT_FUNDS,0.246,0.646,0.408,0.508,0.208,0.0
FAIL_002749,PAY_016984,CUST_0988,SUB_0988,INSUFFICIENT_FUNDS,0.176,0.576,0.246,0.346,0.046,0.0
FAIL_002750,PAY_016989,CUST_0988,SUB_0988,BANK_DECLINED,0.176,0.476,0.146,0.296,0.096,0.0
FAIL_002751,PAY_016995,CUST_0988,SUB_0988,INSUFFICIENT_FUNDS,0.176,0.576,0.246,0.346,0.046,0.0
FAIL_002752,PAY_016996,CUST_0988,SUB_0988,BANK_DECLINED,0.176,0.476,0.146,0.296,0.096,0.0
FAIL_002753,PAY_017004,CUST_0989,SUB_0989,CARD_EXPIRED,0.01,0.01,0.174,0.324,0.774,0.0
FAIL_002754,PAY_017006,CUST_0989,SUB_0989,AUTHENTICATION_FAILED,0.01,0.04,0.324,0.424,0.624,0.0
FAIL_002755,PAY_017007,CUST_0989,SUB_0989,LIMIT_EXCEEDED,0.04,0.19,0.174,0.524,0.324,0.0
FAIL_002756,PAY_017008,CUST_0989,SUB_0989,INSUFFICIENT_FUNDS,0.14,0.54,0.324,0.424,0.124,0.0
FAIL_002757,PAY_017010,CUST_0989,SUB_0989,BANK_DECLINED,0.14,0.44,0.224,0.374,0.174,0.0
FAIL_002758,PAY_017011,CUST_0989,SUB_0989,CARD_EXPIRED,0.01,0.01,0.174,0.324,0.774,0.0
FAIL_002759,PAY_017012,CUST_0989,SUB_0989,NETWORK_ERROR,0.79,0.64,0.224,0.274,0.074,0.0
FAIL_002760,PAY_017013,CUST_0989,SUB_0989,INSUFFICIENT_FUNDS,0.14,0.54,0.324,0.424,0.124,0.0
FAIL_002761,PAY_017021,CUST_0990,SUB_0990,BANK_DECLINED,0.2,0.5,0.262,0.412,0.212,0.0
FAIL_002762,PAY_017023,CUST_0990,SUB_0990,INSUFFICIENT_FUNDS,0.2,0.6,0.362,0.462,0.162,0.0
FAIL_002763,PAY_017030,CUST_0990,SUB_0990,BANK_DECLINED,0.2,0.5,0.262,0.412,0.212,0.0
FAIL_002764,PAY_017031,CUST_0990,SUB_0990,INSUFFICIENT_FUNDS,0.2,0.6,0.362,0.462,0.162,0.0
FAIL_002765,PAY_017039,CUST_0991,SUB_0991,LIMIT_EXCEEDED,0.04,0.19,0.174,0.524,0.324,0.0
FAIL_002766,PAY_017040,CUST_0991,SUB_0991,NETWORK_ERROR,0.79,0.64,0.224,0.274,0.074,0.0
FAIL_002767,PAY_017041,CUST_0991,SUB_0991,INSUFFICIENT_FUNDS,0.14,0.54,0.324,0.424,0.124,0.0
FAIL_002768,PAY_017044,CUST_0991,SUB_0991,AUTHENTICATION_FAILED,0.01,0.04,0.324,0.424,0.624,0.0
FAIL_002769,PAY_017045,CUST_0991,SUB_0991,AUTHENTICATION_FAILED,0.01,0.04,0.324,0.424,0.624,0.0
FAIL_002770,PAY_017055,CUST_0992,SUB_0992,NETWORK_ERROR,0.8676,0.7176,0.3156,0.3956,0.1956,0.0
FAIL_002771,PAY_017074,CUST_0993,SUB_0993,CARD_EXPIRED,0.0676,0.0676,0.2656,0.4456,0.8956,0.0
FAIL_002772,PAY_017079,CUST_0993,SUB_0993,BANK_DECLINED,0.2176,0.5176,0.3156,0.4956,0.2956,0.0
FAIL_002773,PAY_017095,CUST_0995,SUB_0995,LIMIT_EXCEEDED,0.04,0.19,0.174,0.524,0.324,0.0
FAIL_002774,PAY_017102,CUST_0995,SUB_0995,INSUFFICIENT_FUNDS,0.14,0.54,0.324,0.424,0.124,0.0
FAIL_002775,PAY_017103,CUST_0995,SUB_0995,INSUFFICIENT_FUNDS,0.14,0.54,0.324,0.424,0.124,0.0
FAIL_002776,PAY_017105,CUST_0995,SUB_0995,INSUFFICIENT_FUNDS,0.14,0.54,0.324,0.424,0.124,0.0
FAIL_002777,PAY_017107,CUST_0995,SUB_0995,CARD_EXPIRED,0.01,0.01,0.174,0.324,0.774,0.0
FAIL_002778,PAY_017114,CUST_0997,SUB_0997,INSUFFICIENT_FUNDS,0.14,0.54,0.324,0.424,0.124,0.0
FAIL_002779,PAY_017117,CUST_0997,SUB_0997,BANK_DECLINED,0.14,0.44,0.224,0.374,0.174,0.0
FAIL_002780,PAY_017119,CUST_0998,SUB_0998,BANK_DECLINED,0.2,0.5,0.262,0.412,0.212,0.0
FAIL_002781,PAY_017123,CUST_0998,SUB_0998,LIMIT_EXCEEDED,0.1,0.25,0.212,0.562,0.362,0.0
FAIL_002782,PAY_017128,CUST_0998,SUB_0998,INSUFFICIENT_FUNDS,0.2,0.6,0.362,0.462,0.162,0.0
FAIL_002783,PAY_017131,CUST_0998,SUB_0998,INSUFFICIENT_FUNDS,0.2,0.6,0.362,0.462,0.162,0.0
FAIL_002784,PAY_017132,CUST_0998,SUB_0998,INSUFFICIENT_FUNDS,0.2,0.6,0.362,0.462,0.162,0.0
FAIL_002785,PAY_017135,CUST_0998,SUB_0998,CARD_EXPIRED,0.05,0.05,0.212,0.362,0.812,0.0
FAIL_002786,PAY_017137,CUST_0998,SUB_0998,NETWORK_ERROR,0.85,0.7,0.262,0.312,0.112,0.0
FAIL_002787,PAY_017139,CUST_0998,SUB_0998,NETWORK_ERROR,0.85,0.7,0.262,0.312,0.112,0.0
FAIL_002788,PAY_017140,CUST_0998,SUB_0998,INSUFFICIENT_FUNDS,0.2,0.6,0.362,0.462,0.162,0.0
FAIL_002789,PAY_017176,CUST_1000,SUB_1000,INSUFFICIENT_FUNDS,0.176,0.576,0.246,0.346,0.046,0.0
FAIL_002790,PAY_017177,CUST_1000,SUB_1000,INSUFFICIENT_FUNDS,0.176,0.576,0.246,0.346,0.046,0.0
FAIL_002791,PAY_017179,CUST_1000,SUB_1000,INSUFFICIENT_FUNDS,0.176,0.576,0.246,0.346,0.046,0.0
FAIL_002792,PAY_017184,CUST_1000,SUB_1000,CARD_EXPIRED,0.026,0.026,0.096,0.246,0.696,0.0
FAIL_002793,PAY_017192,CUST_1000,SUB_1000,NETWORK_ERROR,0.826,0.676,0.146,0.196,0.01,0.0
FAIL_002794,PAY_017200,CUST_1000,SUB_1000,INSUFFICIENT_FUNDS,0.176,0.576,0.246,0.346,0.046,0.0
FAIL_002795,PAY_017204,CUST_1000,SUB_1000,INSUFFICIENT_FUNDS,0.176,0.576,0.246,0.346,0.046,0.0
